#include "joy_tears_240_rgb565.h"
#include <pgmspace.h>

static const uint8_t PROGMEM brick_joy_tears_240_data[] = {
    0x89, 0x43, 0x89, 0x43, 0x89, 0x43, 0x89, 0x43, 0x89, 0x43, 0x89, 0x43, 0x89, 0x43, 0x89, 0x43, 0x89, 0x43, 0x89,
    0x43, 0x89, 0x43, 0x89, 0x43, 0x89, 0x43, 0x89, 0x43, 0x89, 0x43, 0x89, 0x43, 0x89, 0x43, 0x89, 0x43, 0x89, 0x43,
    0x89, 0x43, 0x89, 0x43, 0x89, 0x43, 0x89, 0x43, 0x89, 0x43, 0x89, 0x43, 0x89, 0x43, 0x89, 0x43, 0x89, 0x43, 0x89,
    0x43, 0x89, 0x43, 0x89, 0x43, 0x89, 0x43, 0x89, 0x43, 0x89, 0x43, 0x89, 0x43, 0x89, 0x43, 0x89, 0x43, 0x89, 0x43,
    0x89, 0x43, 0x89, 0x43, 0x89, 0x43, 0x89, 0x43, 0x89, 0x43, 0x89, 0x43, 0x89, 0x43, 0x89, 0x43, 0x89, 0x43, 0x89,
    0x43, 0x89, 0x43, 0x89, 0x43, 0x89, 0x43, 0x89, 0x43, 0x89, 0x43, 0x89, 0x43, 0x89, 0x43, 0x89, 0x43, 0x89, 0x43,
    0x89, 0x43, 0x89, 0x43, 0x89, 0x43, 0x89, 0x43, 0x89, 0x43, 0x89, 0x43, 0x89, 0x43, 0x89, 0x43, 0x89, 0x43, 0x89,
    0x43, 0x89, 0x43, 0x89, 0x43, 0x89, 0x43, 0x89, 0x43, 0x89, 0x43, 0x89, 0x43, 0x89, 0x43, 0x89, 0x43, 0x89, 0x43,
    0x89, 0x43, 0x89, 0x43, 0x89, 0x43, 0x89, 0x43, 0x89, 0x43, 0x89, 0x43, 0x89, 0x43, 0x89, 0x43, 0x89, 0x43, 0x89,
    0x43, 0x89, 0x43, 0x89, 0x43, 0x89, 0x43, 0x89, 0x43, 0x69, 0xFE, 0x69, 0xFE, 0x69, 0xFE, 0x69, 0xFE, 0x69, 0xFE,
    0x69, 0xFE, 0x69, 0xFE, 0x69, 0xFE, 0x69, 0xFE, 0x69, 0xFE, 0x69, 0xFE, 0x69, 0xFE, 0x69, 0xFE, 0x69, 0xFE, 0x69,
    0xFE, 0x69, 0xFE, 0x69, 0xFE, 0x69, 0xFE, 0x69, 0xFE, 0x69, 0xFE, 0x69, 0xFE, 0x69, 0xFE, 0x69, 0xFE, 0x69, 0xFE,
    0x69, 0xFE, 0x69, 0xFE, 0x69, 0xFE, 0x69, 0xFE, 0x69, 0xFE, 0x69, 0xFE, 0x69, 0xFE, 0x69, 0xFE, 0x69, 0xFE, 0x69,
    0xFE, 0x69, 0xFE, 0x69, 0xFE, 0x69, 0xFE, 0x69, 0xFE, 0x69, 0xFE, 0x69, 0xFE, 0x69, 0xFE, 0x69, 0xFE, 0x69, 0xFE,
    0x69, 0xFE, 0x69, 0xFE, 0x69, 0xFE, 0x69, 0xFE, 0x69, 0xFE, 0x69, 0xFE, 0x69, 0xFE, 0x69, 0xFE, 0x69, 0xFE, 0x69,
    0xFE, 0x69, 0xFE, 0x69, 0xFE, 0x69, 0xFE, 0x69, 0xFE, 0x69, 0xFE, 0x69, 0xFE, 0x69, 0xFE, 0x89, 0x43, 0x89, 0x43,
    0x89, 0x43, 0x89, 0x43, 0x89, 0x43, 0x89, 0x43, 0x89, 0x43, 0x89, 0x43, 0x89, 0x43, 0x89, 0x43, 0x89, 0x43, 0x89,
    0x43, 0x89, 0x43, 0x89, 0x43, 0x89, 0x43, 0x89, 0x43, 0x89, 0x43, 0x89, 0x43, 0x89, 0x43, 0x89, 0x43, 0x89, 0x43,
    0x89, 0x43, 0x89, 0x43, 0x89, 0x43, 0x89, 0x43, 0x89, 0x43, 0x89, 0x43, 0x89, 0x43, 0x89, 0x43, 0x89, 0x43, 0x89,
    0x43, 0x89, 0x43, 0x89, 0x43, 0x89, 0x43, 0x89, 0x43, 0x89, 0x43, 0x89, 0x43, 0x89, 0x43, 0x89, 0x43, 0x89, 0x43,
    0x89, 0x43, 0x89, 0x43, 0x89, 0x43, 0x89, 0x43, 0x89, 0x43, 0x89, 0x43, 0x89, 0x43, 0x89, 0x43, 0x89, 0x43, 0x89,
    0x43, 0x89, 0x43, 0x89, 0x43, 0x89, 0x43, 0x89, 0x43, 0x89, 0x43, 0x89, 0x43, 0x89, 0x43, 0x89, 0x43, 0x89, 0x43,
    0x89, 0x43, 0x89, 0x43, 0x89, 0x43, 0x89, 0x43, 0x89, 0x43, 0x89, 0x43, 0x89, 0x43, 0x89, 0x43, 0x89, 0x43, 0x89,
    0x43, 0x89, 0x43, 0x89, 0x43, 0x89, 0x43, 0x89, 0x43, 0x89, 0x43, 0x89, 0x43, 0x89, 0x43, 0x89, 0x43, 0x89, 0x43,
    0x89, 0x43, 0x89, 0x43, 0x89, 0x43, 0x89, 0x43, 0x89, 0x43, 0x89, 0x43, 0x89, 0x43, 0x89, 0x43, 0x89, 0x43, 0x89,
    0x43, 0x89, 0x43, 0x89, 0x43, 0x89, 0x43, 0x89, 0x43, 0x89, 0x43, 0x89, 0x43, 0x89, 0x43, 0x89, 0x43, 0x89, 0x43,
    0x89, 0x43, 0x89, 0x43, 0x89, 0x43, 0x89, 0x43, 0x89, 0x43, 0x89, 0x43, 0x89, 0x43, 0x89, 0x43, 0x89, 0x43, 0x89,
    0x43, 0x89, 0x43, 0x89, 0x43, 0x89, 0x43, 0x89, 0x43, 0x89, 0x43, 0x89, 0x43, 0x89, 0x43, 0x89, 0x43, 0x89, 0x43,
    0x89, 0x43, 0x89, 0x43, 0x89, 0x43, 0x89, 0x43, 0x89, 0x43, 0x89, 0x43, 0x89, 0x43, 0x89, 0x43, 0x89, 0x43, 0x89,
    0x43, 0x89, 0x43, 0x89, 0x43, 0x89, 0x43, 0x89, 0x43, 0x89, 0x43, 0x89, 0x43, 0x89, 0x43, 0x89, 0x43, 0x89, 0x43,
    0x89, 0x43, 0x89, 0x43, 0x89, 0x43, 0x89, 0x43, 0x89, 0x43, 0x89, 0x43, 0x89, 0x43, 0x89, 0x43, 0x89, 0x43, 0x89,
    0x43, 0x89, 0x43, 0x89, 0x43, 0x89, 0x43, 0x89, 0x43, 0x89, 0x43, 0x89, 0x43, 0x89, 0x43, 0x89, 0x43, 0x89, 0x43,
    0x89, 0x43, 0x89, 0x43, 0x89, 0x43, 0x89, 0x43, 0x89, 0x43, 0x89, 0x43, 0x89, 0x43, 0x89, 0x43, 0x89, 0x43, 0x89,
    0x43, 0x89, 0x43, 0x89, 0x43, 0x89, 0x43, 0x89, 0x43, 0x89, 0x43, 0x89, 0x43, 0x89, 0x43, 0x89, 0x43, 0x89, 0x43,
    0x89, 0x43, 0x89, 0x43, 0x89, 0x43, 0x89, 0x43, 0x89, 0x43, 0x89, 0x43, 0x89, 0x43, 0x69, 0xFE, 0x69, 0xFE, 0x69,
    0xFE, 0x69, 0xFE, 0x69, 0xFE, 0x69, 0xFE, 0x69, 0xFE, 0x69, 0xFE, 0x69, 0xFE, 0x69, 0xFE, 0x69, 0xFE, 0x69, 0xFE,
    0x69, 0xFE, 0x69, 0xFE, 0x69, 0xFE, 0x69, 0xFE, 0x69, 0xFE, 0x69, 0xFE, 0x69, 0xFE, 0x69, 0xFE, 0x69, 0xFE, 0x69,
    0xFE, 0x69, 0xFE, 0x69, 0xFE, 0x69, 0xFE, 0x69, 0xFE, 0x69, 0xFE, 0x69, 0xFE, 0x69, 0xFE, 0x69, 0xFE, 0x69, 0xFE,
    0x69, 0xFE, 0x69, 0xFE, 0x69, 0xFE, 0x69, 0xFE, 0x69, 0xFE, 0x69, 0xFE, 0x69, 0xFE, 0x69, 0xFE, 0x69, 0xFE, 0x69,
    0xFE, 0x69, 0xFE, 0x69, 0xFE, 0x69, 0xFE, 0x69, 0xFE, 0x69, 0xFE, 0x69, 0xFE, 0x69, 0xFE, 0x69, 0xFE, 0x69, 0xFE,
    0x69, 0xFE, 0x69, 0xFE, 0x69, 0xFE, 0x69, 0xFE, 0x69, 0xFE, 0x69, 0xFE, 0x69, 0xFE, 0x69, 0xFE, 0x69, 0xFE, 0x69,
    0xFE, 0x89, 0x43, 0x89, 0x43, 0x89, 0x43, 0x89, 0x43, 0x89, 0x43, 0x89, 0x43, 0x89, 0x43, 0x89, 0x43, 0x89, 0x43,
    0x89, 0x43, 0x89, 0x43, 0x89, 0x43, 0x89, 0x43, 0x89, 0x43, 0x89, 0x43, 0x89, 0x43, 0x89, 0x43, 0x89, 0x43, 0x89,
    0x43, 0x89, 0x43, 0x89, 0x43, 0x89, 0x43, 0x89, 0x43, 0x89, 0x43, 0x89, 0x43, 0x89, 0x43, 0x89, 0x43, 0x89, 0x43,
    0x89, 0x43, 0x89, 0x43, 0x89, 0x43, 0x89, 0x43, 0x89, 0x43, 0x89, 0x43, 0x89, 0x43, 0x89, 0x43, 0x89, 0x43, 0x89,
    0x43, 0x89, 0x43, 0x89, 0x43, 0x89, 0x43, 0x89, 0x43, 0x89, 0x43, 0x89, 0x43, 0x89, 0x43, 0x89, 0x43, 0x89, 0x43,
    0x89, 0x43, 0x89, 0x43, 0x89, 0x43, 0x89, 0x43, 0x89, 0x43, 0x89, 0x43, 0x89, 0x43, 0x89, 0x43, 0x89, 0x43, 0x89,
    0x43, 0x89, 0x43, 0x89, 0x43, 0x89, 0x43, 0x89, 0x43, 0x89, 0x43, 0x89, 0x43, 0x89, 0x43, 0x89, 0x43, 0x89, 0x43,
    0x89, 0x43, 0x89, 0x43, 0x89, 0x43, 0x89, 0x43, 0x89, 0x43, 0x89, 0x43, 0x89, 0x43, 0x89, 0x43, 0x89, 0x43, 0x89,
    0x43, 0x89, 0x43, 0x89, 0x43, 0x89, 0x43, 0x89, 0x43, 0x89, 0x43, 0x89, 0x43, 0x89, 0x43, 0x89, 0x43, 0x89, 0x43,
    0x89, 0x43, 0x89, 0x43, 0x89, 0x43, 0x89, 0x43, 0x89, 0x43, 0x89, 0x43, 0x89, 0x43, 0x89, 0x43, 0x89, 0x43, 0x89,
    0x43, 0x89, 0x43, 0x89, 0x43, 0x89, 0x43, 0x89, 0x43, 0x89, 0x43, 0x89, 0x43, 0x89, 0x43, 0x89, 0x43, 0x89, 0x43,
    0x89, 0x43, 0x89, 0x43, 0x89, 0x43, 0x89, 0x43, 0x89, 0x43, 0x89, 0x43, 0x89, 0x43, 0x89, 0x43, 0x89, 0x43, 0x89,
    0x43, 0x89, 0x43, 0x89, 0x43, 0x89, 0x43, 0x89, 0x43, 0x89, 0x43, 0x89, 0x43, 0x89, 0x43, 0x89, 0x43, 0x89, 0x43,
    0x89, 0x43, 0x89, 0x43, 0x89, 0x43, 0x89, 0x43, 0x89, 0x43, 0x89, 0x43, 0x89, 0x43, 0x89, 0x43, 0x89, 0x43, 0x89,
    0x43, 0x89, 0x43, 0x89, 0x43, 0x89, 0x43, 0x89, 0x43, 0x89, 0x43, 0x89, 0x43, 0x89, 0x43, 0x89, 0x43, 0x89, 0x43,
    0x89, 0x43, 0x89, 0x43, 0x89, 0x43, 0x89, 0x43, 0x89, 0x43, 0x89, 0x43, 0x89, 0x43, 0x89, 0x43, 0x89, 0x43, 0x89,
    0x43, 0x89, 0x43, 0x89, 0x43, 0x89, 0x43, 0x89, 0x43, 0x89, 0x43, 0x89, 0x43, 0x89, 0x43, 0x89, 0x43, 0x89, 0x43,
    0x89, 0x43, 0x89, 0x43, 0x89, 0x43, 0x89, 0x43, 0x89, 0x43, 0x89, 0x43, 0x89, 0x43, 0x89, 0x43, 0x89, 0x43, 0x89,
    0x43, 0x89, 0x43, 0x89, 0x43, 0x89, 0x43, 0x89, 0x43, 0x89, 0x43, 0x89, 0x43, 0x89, 0x43, 0x89, 0x43, 0x89, 0x43,
    0x69, 0xFE, 0x69, 0xFE, 0x69, 0xFE, 0x69, 0xFE, 0x69, 0xFE, 0x69, 0xFE, 0x69, 0xFE, 0x69, 0xFE, 0x69, 0xFE, 0x69,
    0xFE, 0x69, 0xFE, 0x69, 0xFE, 0x69, 0xFE, 0x69, 0xFE, 0x69, 0xFE, 0x69, 0xFE, 0x69, 0xFE, 0x69, 0xFE, 0x69, 0xFE,
    0x69, 0xFE, 0x69, 0xFE, 0x69, 0xFE, 0x69, 0xFE, 0x69, 0xFE, 0x69, 0xFE, 0x69, 0xFE, 0x69, 0xFE, 0x69, 0xFE, 0x69,
    0xFE, 0x69, 0xFE, 0x69, 0xFE, 0x69, 0xFE, 0x69, 0xFE, 0x69, 0xFE, 0x69, 0xFE, 0x69, 0xFE, 0x69, 0xFE, 0x69, 0xFE,
    0x69, 0xFE, 0x69, 0xFE, 0x69, 0xFE, 0x69, 0xFE, 0x69, 0xFE, 0x69, 0xFE, 0x69, 0xFE, 0x69, 0xFE, 0x69, 0xFE, 0x69,
    0xFE, 0x69, 0xFE, 0x69, 0xFE, 0x69, 0xFE, 0x69, 0xFE, 0x69, 0xFE, 0x69, 0xFE, 0x69, 0xFE, 0x69, 0xFE, 0x69, 0xFE,
    0x69, 0xFE, 0x69, 0xFE, 0x69, 0xFE, 0x89, 0x43, 0x89, 0x43, 0x89, 0x43, 0x89, 0x43, 0x89, 0x43, 0x89, 0x43, 0x89,
    0x43, 0x89, 0x43, 0x89, 0x43, 0x89, 0x43, 0x89, 0x43, 0x89, 0x43, 0x89, 0x43, 0x89, 0x43, 0x89, 0x43, 0x89, 0x43,
    0x89, 0x43, 0x89, 0x43, 0x89, 0x43, 0x89, 0x43, 0x89, 0x43, 0x89, 0x43, 0x89, 0x43, 0x89, 0x43, 0x89, 0x43, 0x89,
    0x43, 0x89, 0x43, 0x89, 0x43, 0x89, 0x43, 0x89, 0x43, 0x89, 0x43, 0x89, 0x43, 0x89, 0x43, 0x89, 0x43, 0x89, 0x43,
    0x89, 0x43, 0x89, 0x43, 0x89, 0x43, 0x89, 0x43, 0x89, 0x43, 0x89, 0x43, 0x89, 0x43, 0x89, 0x43, 0x89, 0x43, 0x89,
    0x43, 0x89, 0x43, 0x89, 0x43, 0x89, 0x43, 0x89, 0x43, 0x89, 0x43, 0x89, 0x43, 0x89, 0x43, 0x89, 0x43, 0x89, 0x43,
    0x89, 0x43, 0x89, 0x43, 0x89, 0x43, 0x89, 0x43, 0x89, 0x43, 0x89, 0x43, 0x89, 0x43, 0x89, 0x43, 0x89, 0x43, 0x89,
    0x43, 0x89, 0x43, 0x89, 0x43, 0x89, 0x43, 0x89, 0x43, 0x89, 0x43, 0x89, 0x43, 0x89, 0x43, 0x89, 0x43, 0x89, 0x43,
    0x89, 0x43, 0x89, 0x43, 0x89, 0x43, 0x89, 0x43, 0x89, 0x43, 0x89, 0x43, 0x89, 0x43, 0x89, 0x43, 0x89, 0x43, 0x89,
    0x43, 0x89, 0x43, 0x89, 0x43, 0x89, 0x43, 0x89, 0x43, 0x89, 0x43, 0x89, 0x43, 0x89, 0x43, 0x89, 0x43, 0x89, 0x43,
    0x89, 0x43, 0x89, 0x43, 0x89, 0x43, 0x89, 0x43, 0x89, 0x43, 0x89, 0x43, 0x89, 0x43, 0x89, 0x43, 0x89, 0x43, 0x89,
    0x43, 0x89, 0x43, 0x89, 0x43, 0x89, 0x43, 0x89, 0x43, 0x89, 0x43, 0x89, 0x43, 0x89, 0x43, 0x89, 0x43, 0x89, 0x43,
    0x89, 0x43, 0x89, 0x43, 0x89, 0x43, 0x89, 0x43, 0x89, 0x43, 0x89, 0x43, 0x89, 0x43, 0x89, 0x43, 0x89, 0x43, 0x89,
    0x43, 0x89, 0x43, 0x89, 0x43, 0x89, 0x43, 0x89, 0x43, 0x89, 0x43, 0x89, 0x43, 0x89, 0x43, 0x89, 0x43, 0x89, 0x43,
    0x89, 0x43, 0x89, 0x43, 0x89, 0x43, 0x89, 0x43, 0x89, 0x43, 0x89, 0x43, 0x89, 0x43, 0x89, 0x43, 0x89, 0x43, 0x89,
    0x43, 0x89, 0x43, 0x89, 0x43, 0x89, 0x43, 0x89, 0x43, 0x89, 0x43, 0x89, 0x43, 0x89, 0x43, 0x89, 0x43, 0x89, 0x43,
    0x89, 0x43, 0x89, 0x43, 0x89, 0x43, 0x89, 0x43, 0x89, 0x43, 0x89, 0x43, 0x89, 0x43, 0x89, 0x43, 0x89, 0x43, 0x89,
    0x43, 0x89, 0x43, 0x89, 0x43, 0x89, 0x43, 0x89, 0x43, 0x89, 0x43, 0x89, 0x43, 0x89, 0x43, 0x89, 0x43, 0x89, 0x43,
    0x89, 0x43, 0x89, 0x43, 0x69, 0xFE, 0x69, 0xFE, 0x69, 0xFE, 0x69, 0xFE, 0x69, 0xFE, 0x69, 0xFE, 0x69, 0xFE, 0x69,
    0xFE, 0x69, 0xFE, 0x69, 0xFE, 0x69, 0xFE, 0x69, 0xFE, 0x69, 0xFE, 0x69, 0xFE, 0x69, 0xFE, 0x69, 0xFE, 0x69, 0xFE,
    0x69, 0xFE, 0x69, 0xFE, 0x69, 0xFE, 0x69, 0xFE, 0x69, 0xFE, 0x69, 0xFE, 0x69, 0xFE, 0x69, 0xFE, 0x69, 0xFE, 0x69,
    0xFE, 0x69, 0xFE, 0x69, 0xFE, 0x69, 0xFE, 0x69, 0xFE, 0x69, 0xFE, 0x69, 0xFE, 0x69, 0xFE, 0x69, 0xFE, 0x69, 0xFE,
    0x69, 0xFE, 0x69, 0xFE, 0x69, 0xFE, 0x69, 0xFE, 0x69, 0xFE, 0x69, 0xFE, 0x69, 0xFE, 0x69, 0xFE, 0x69, 0xFE, 0x69,
    0xFE, 0x69, 0xFE, 0x69, 0xFE, 0x69, 0xFE, 0x69, 0xFE, 0x69, 0xFE, 0x69, 0xFE, 0x69, 0xFE, 0x69, 0xFE, 0x69, 0xFE,
    0x69, 0xFE, 0x69, 0xFE, 0x69, 0xFE, 0x69, 0xFE, 0x69, 0xFE, 0x69, 0xFE, 0x69, 0xFE, 0x69, 0xFE, 0x69, 0xFE, 0x69,
    0xFE, 0x69, 0xFE, 0x69, 0xFE, 0x69, 0xFE, 0x69, 0xFE, 0x69, 0xFE, 0x69, 0xFE, 0x69, 0xFE, 0x69, 0xFE, 0x69, 0xFE,
    0x69, 0xFE, 0x69, 0xFE, 0x69, 0xFE, 0x69, 0xFE, 0x69, 0xFE, 0x69, 0xFE, 0x89, 0x43, 0x89, 0x43, 0x89, 0x43, 0x89,
    0x43, 0x89, 0x43, 0x89, 0x43, 0x89, 0x43, 0x89, 0x43, 0x89, 0x43, 0x89, 0x43, 0x89, 0x43, 0x89, 0x43, 0x89, 0x43,
    0x89, 0x43, 0x89, 0x43, 0x89, 0x43, 0x89, 0x43, 0x89, 0x43, 0x89, 0x43, 0x89, 0x43, 0x89, 0x43, 0x89, 0x43, 0x89,
    0x43, 0x89, 0x43, 0x89, 0x43, 0x89, 0x43, 0x89, 0x43, 0x89, 0x43, 0x89, 0x43, 0x89, 0x43, 0x89, 0x43, 0x89, 0x43,
    0x89, 0x43, 0x89, 0x43, 0x89, 0x43, 0x89, 0x43, 0x89, 0x43, 0x89, 0x43, 0x89, 0x43, 0x89, 0x43, 0x89, 0x43, 0x89,
    0x43, 0x89, 0x43, 0x89, 0x43, 0x89, 0x43, 0x89, 0x43, 0x89, 0x43, 0x89, 0x43, 0x89, 0x43, 0x89, 0x43, 0x89, 0x43,
    0x89, 0x43, 0x89, 0x43, 0x89, 0x43, 0x89, 0x43, 0x89, 0x43, 0x89, 0x43, 0x89, 0x43, 0x89, 0x43, 0x89, 0x43, 0x89,
    0x43, 0x89, 0x43, 0x89, 0x43, 0x89, 0x43, 0x89, 0x43, 0x89, 0x43, 0x89, 0x43, 0x89, 0x43, 0x89, 0x43, 0x89, 0x43,
    0x89, 0x43, 0x89, 0x43, 0x89, 0x43, 0x89, 0x43, 0x89, 0x43, 0x89, 0x43, 0x89, 0x43, 0x89, 0x43, 0x89, 0x43, 0x89,
    0x43, 0x89, 0x43, 0x89, 0x43, 0x89, 0x43, 0x89, 0x43, 0x89, 0x43, 0x89, 0x43, 0x89, 0x43, 0x89, 0x43, 0x89, 0x43,
    0x89, 0x43, 0x89, 0x43, 0x89, 0x43, 0x89, 0x43, 0x89, 0x43, 0x89, 0x43, 0x89, 0x43, 0x89, 0x43, 0x89, 0x43, 0x89,
    0x43, 0x89, 0x43, 0x89, 0x43, 0x89, 0x43, 0x89, 0x43, 0x89, 0x43, 0x89, 0x43, 0x89, 0x43, 0x89, 0x43, 0x89, 0x43,
    0x89, 0x43, 0x89, 0x43, 0x89, 0x43, 0x89, 0x43, 0x89, 0x43, 0x89, 0x43, 0x89, 0x43, 0x89, 0x43, 0x89, 0x43, 0x89,
    0x43, 0x89, 0x43, 0x89, 0x43, 0x89, 0x43, 0x89, 0x43, 0x89, 0x43, 0x89, 0x43, 0x89, 0x43, 0x89, 0x43, 0x89, 0x43,
    0x89, 0x43, 0x89, 0x43, 0x89, 0x43, 0x89, 0x43, 0x89, 0x43, 0x89, 0x43, 0x89, 0x43, 0x89, 0x43, 0x89, 0x43, 0x89,
    0x43, 0x89, 0x43, 0x89, 0x43, 0x89, 0x43, 0x89, 0x43, 0x89, 0x43, 0x89, 0x43, 0x89, 0x43, 0x89, 0x43, 0x89, 0x43,
    0x89, 0x43, 0x89, 0x43, 0x89, 0x43, 0x89, 0x43, 0x89, 0x43, 0x89, 0x43, 0x89, 0x43, 0x89, 0x43, 0x89, 0x43, 0x89,
    0x43, 0x89, 0x43, 0x89, 0x43, 0x89, 0x43, 0x89, 0x43, 0x69, 0xFE, 0x69, 0xFE, 0x69, 0xFE, 0x69, 0xFE, 0x69, 0xFE,
    0x69, 0xFE, 0x69, 0xFE, 0x69, 0xFE, 0x69, 0xFE, 0x69, 0xFE, 0x69, 0xFE, 0x69, 0xFE, 0x69, 0xFE, 0x69, 0xFE, 0x69,
    0xFE, 0x69, 0xFE, 0x69, 0xFE, 0x69, 0xFE, 0x69, 0xFE, 0x69, 0xFE, 0x69, 0xFE, 0x69, 0xFE, 0x69, 0xFE, 0x69, 0xFE,
    0x69, 0xFE, 0x69, 0xFE, 0x69, 0xFE, 0x69, 0xFE, 0x69, 0xFE, 0x69, 0xFE, 0x69, 0xFE, 0x69, 0xFE, 0x69, 0xFE, 0x69,
    0xFE, 0x69, 0xFE, 0x69, 0xFE, 0x69, 0xFE, 0x69, 0xFE, 0x69, 0xFE, 0x69, 0xFE, 0x69, 0xFE, 0x69, 0xFE, 0x69, 0xFE,
    0x69, 0xFE, 0x69, 0xFE, 0x69, 0xFE, 0x69, 0xFE, 0x69, 0xFE, 0x69, 0xFE, 0x69, 0xFE, 0x69, 0xFE, 0x69, 0xFE, 0x69,
    0xFE, 0x69, 0xFE, 0x69, 0xFE, 0x69, 0xFE, 0x69, 0xFE, 0x69, 0xFE, 0x69, 0xFE, 0x69, 0xFE, 0x69, 0xFE, 0x69, 0xFE,
    0x69, 0xFE, 0x69, 0xFE, 0x69, 0xFE, 0x69, 0xFE, 0x69, 0xFE, 0x69, 0xFE, 0x69, 0xFE, 0x69, 0xFE, 0x69, 0xFE, 0x69,
    0xFE, 0x69, 0xFE, 0x69, 0xFE, 0x69, 0xFE, 0x69, 0xFE, 0x69, 0xFE, 0x69, 0xFE, 0x69, 0xFE, 0x69, 0xFE, 0x89, 0x43,
    0x89, 0x43, 0x89, 0x43, 0x89, 0x43, 0x89, 0x43, 0x89, 0x43, 0x89, 0x43, 0x89, 0x43, 0x89, 0x43, 0x89, 0x43, 0x89,
    0x43, 0x89, 0x43, 0x89, 0x43, 0x89, 0x43, 0x89, 0x43, 0x89, 0x43, 0x89, 0x43, 0x89, 0x43, 0x89, 0x43, 0x89, 0x43,
    0x89, 0x43, 0x89, 0x43, 0x89, 0x43, 0x89, 0x43, 0x89, 0x43, 0x89, 0x43, 0x89, 0x43, 0x89, 0x43, 0x89, 0x43, 0x89,
    0x43, 0x89, 0x43, 0x89, 0x43, 0x89, 0x43, 0x89, 0x43, 0x89, 0x43, 0x89, 0x43, 0x89, 0x43, 0x89, 0x43, 0x89, 0x43,
    0x89, 0x43, 0x89, 0x43, 0x89, 0x43, 0x89, 0x43, 0x89, 0x43, 0x89, 0x43, 0x89, 0x43, 0x89, 0x43, 0x89, 0x43, 0x89,
    0x43, 0x89, 0x43, 0x89, 0x43, 0x89, 0x43, 0x89, 0x43, 0x89, 0x43, 0x89, 0x43, 0x89, 0x43, 0x89, 0x43, 0x89, 0x43,
    0x89, 0x43, 0x89, 0x43, 0x89, 0x43, 0x89, 0x43, 0x89, 0x43, 0x89, 0x43, 0x89, 0x43, 0x89, 0x43, 0x89, 0x43, 0x89,
    0x43, 0x89, 0x43, 0x89, 0x43, 0x89, 0x43, 0x89, 0x43, 0x89, 0x43, 0x89, 0x43, 0x89, 0x43, 0x89, 0x43, 0x89, 0x43,
    0x89, 0x43, 0x89, 0x43, 0x89, 0x43, 0x89, 0x43, 0x89, 0x43, 0x89, 0x43, 0x89, 0x43, 0x89, 0x43, 0x89, 0x43, 0x89,
    0x43, 0x89, 0x43, 0x89, 0x43, 0x89, 0x43, 0x89, 0x43, 0x89, 0x43, 0x89, 0x43, 0x89, 0x43, 0x89, 0x43, 0x89, 0x43,
    0x89, 0x43, 0x89, 0x43, 0x89, 0x43, 0x89, 0x43, 0x89, 0x43, 0x89, 0x43, 0x89, 0x43, 0x89, 0x43, 0x89, 0x43, 0x89,
    0x43, 0x89, 0x43, 0x89, 0x43, 0x89, 0x43, 0x89, 0x43, 0x89, 0x43, 0x89, 0x43, 0x89, 0x43, 0x89, 0x43, 0x89, 0x43,
    0x89, 0x43, 0x89, 0x43, 0x89, 0x43, 0x89, 0x43, 0x89, 0x43, 0x89, 0x43, 0x89, 0x43, 0x89, 0x43, 0x89, 0x43, 0x89,
    0x43, 0x89, 0x43, 0x89, 0x43, 0x89, 0x43, 0x89, 0x43, 0x89, 0x43, 0x89, 0x43, 0x89, 0x43, 0x89, 0x43, 0x89, 0x43,
    0x89, 0x43, 0x89, 0x43, 0x89, 0x43, 0x89, 0x43, 0x89, 0x43, 0x89, 0x43, 0x89, 0x43, 0x89, 0x43, 0x89, 0x43, 0x89,
    0x43, 0x89, 0x43, 0x89, 0x43, 0x89, 0x43, 0x89, 0x43, 0x89, 0x43, 0x89, 0x43, 0x89, 0x43, 0x89, 0x43, 0x89, 0x43,
    0x89, 0x43, 0x89, 0x43, 0x89, 0x43, 0x89, 0x43, 0x89, 0x43, 0x89, 0x43, 0x89, 0x43, 0x69, 0xFE, 0x69, 0xFE, 0x69,
    0xFE, 0x69, 0xFE, 0x69, 0xFE, 0x69, 0xFE, 0x69, 0xFE, 0x69, 0xFE, 0x69, 0xFE, 0x69, 0xFE, 0x69, 0xFE, 0x69, 0xFE,
    0x69, 0xFE, 0x69, 0xFE, 0x69, 0xFE, 0x69, 0xFE, 0x69, 0xFE, 0x69, 0xFE, 0x69, 0xFE, 0x69, 0xFE, 0x69, 0xFE, 0x69,
    0xFE, 0x69, 0xFE, 0x69, 0xFE, 0x69, 0xFE, 0x69, 0xFE, 0x69, 0xFE, 0x69, 0xFE, 0x69, 0xFE, 0x69, 0xFE, 0x69, 0xFE,
    0x69, 0xFE, 0x69, 0xFE, 0x69, 0xFE, 0x69, 0xFE, 0x69, 0xFE, 0x69, 0xFE, 0x69, 0xFE, 0x69, 0xFE, 0x69, 0xFE, 0x69,
    0xFE, 0x69, 0xFE, 0x69, 0xFE, 0x69, 0xFE, 0x69, 0xFE, 0x69, 0xFE, 0x69, 0xFE, 0x69, 0xFE, 0x69, 0xFE, 0x69, 0xFE,
    0x69, 0xFE, 0x69, 0xFE, 0x69, 0xFE, 0x69, 0xFE, 0x69, 0xFE, 0x69, 0xFE, 0x69, 0xFE, 0x69, 0xFE, 0x69, 0xFE, 0x69,
    0xFE, 0x69, 0xFE, 0x69, 0xFE, 0x69, 0xFE, 0x69, 0xFE, 0x69, 0xFE, 0x69, 0xFE, 0x69, 0xFE, 0x69, 0xFE, 0x69, 0xFE,
    0x69, 0xFE, 0x69, 0xFE, 0x69, 0xFE, 0x69, 0xFE, 0x69, 0xFE, 0x69, 0xFE, 0x69, 0xFE, 0x69, 0xFE, 0x69, 0xFE, 0x69,
    0xFE, 0x69, 0xFE, 0x89, 0x43, 0x89, 0x43, 0x89, 0x43, 0x89, 0x43, 0x89, 0x43, 0x89, 0x43, 0x89, 0x43, 0x89, 0x43,
    0x89, 0x43, 0x89, 0x43, 0x89, 0x43, 0x89, 0x43, 0x89, 0x43, 0x89, 0x43, 0x89, 0x43, 0x89, 0x43, 0x89, 0x43, 0x89,
    0x43, 0x89, 0x43, 0x89, 0x43, 0x89, 0x43, 0x89, 0x43, 0x89, 0x43, 0x89, 0x43, 0x89, 0x43, 0x89, 0x43, 0x89, 0x43,
    0x89, 0x43, 0x89, 0x43, 0x89, 0x43, 0x89, 0x43, 0x89, 0x43, 0x89, 0x43, 0x89, 0x43, 0x89, 0x43, 0x89, 0x43, 0x89,
    0x43, 0x89, 0x43, 0x89, 0x43, 0x89, 0x43, 0x89, 0x43, 0x89, 0x43, 0x89, 0x43, 0x89, 0x43, 0x89, 0x43, 0x89, 0x43,
    0x89, 0x43, 0x89, 0x43, 0x89, 0x43, 0x89, 0x43, 0x89, 0x43, 0x89, 0x43, 0x89, 0x43, 0x89, 0x43, 0x89, 0x43, 0x89,
    0x43, 0x89, 0x43, 0x89, 0x43, 0x89, 0x43, 0x89, 0x43, 0x89, 0x43, 0x89, 0x43, 0x89, 0x43, 0x89, 0x43, 0x89, 0x43,
    0x89, 0x43, 0x89, 0x43, 0x89, 0x43, 0x89, 0x43, 0x89, 0x43, 0x89, 0x43, 0x89, 0x43, 0x89, 0x43, 0x89, 0x43, 0x89,
    0x43, 0x89, 0x43, 0x89, 0x43, 0x89, 0x43, 0x89, 0x43, 0x89, 0x43, 0x89, 0x43, 0x89, 0x43, 0x89, 0x43, 0x89, 0x43,
    0x89, 0x43, 0x89, 0x43, 0x89, 0x43, 0x89, 0x43, 0x89, 0x43, 0x89, 0x43, 0x89, 0x43, 0x89, 0x43, 0x89, 0x43, 0x89,
    0x43, 0x89, 0x43, 0x89, 0x43, 0x89, 0x43, 0x89, 0x43, 0x89, 0x43, 0x89, 0x43, 0x89, 0x43, 0x89, 0x43, 0x89, 0x43,
    0x89, 0x43, 0x89, 0x43, 0x89, 0x43, 0x89, 0x43, 0x89, 0x43, 0x89, 0x43, 0x89, 0x43, 0x89, 0x43, 0x89, 0x43, 0x89,
    0x43, 0x89, 0x43, 0x89, 0x43, 0x89, 0x43, 0x89, 0x43, 0x89, 0x43, 0x89, 0x43, 0x89, 0x43, 0x89, 0x43, 0x89, 0x43,
    0x89, 0x43, 0x89, 0x43, 0x89, 0x43, 0x89, 0x43, 0x89, 0x43, 0x89, 0x43, 0x89, 0x43, 0x89, 0x43, 0x89, 0x43, 0x89,
    0x43, 0x89, 0x43, 0x89, 0x43, 0x89, 0x43, 0x89, 0x43, 0x89, 0x43, 0x89, 0x43, 0x89, 0x43, 0x89, 0x43, 0x89, 0x43,
    0x89, 0x43, 0x89, 0x43, 0x89, 0x43, 0x89, 0x43, 0x89, 0x43, 0x89, 0x43, 0x89, 0x43, 0x89, 0x43, 0x89, 0x43, 0x89,
    0x43, 0x89, 0x43, 0x89, 0x43, 0x89, 0x43, 0x89, 0x43, 0x89, 0x43, 0x89, 0x43, 0x89, 0x43, 0x89, 0x43, 0x89, 0x43,
    0x69, 0xFE, 0x69, 0xFE, 0x69, 0xFE, 0x69, 0xFE, 0x69, 0xFE, 0x69, 0xFE, 0x69, 0xFE, 0x69, 0xFE, 0x69, 0xFE, 0x69,
    0xFE, 0x69, 0xFE, 0x69, 0xFE, 0x69, 0xFE, 0x69, 0xFE, 0x69, 0xFE, 0x69, 0xFE, 0x69, 0xFE, 0x69, 0xFE, 0x69, 0xFE,
    0x69, 0xFE, 0x69, 0xFE, 0x69, 0xFE, 0x69, 0xFE, 0x69, 0xFE, 0x69, 0xFE, 0x69, 0xFE, 0x69, 0xFE, 0x69, 0xFE, 0x69,
    0xFE, 0x69, 0xFE, 0x69, 0xFE, 0x69, 0xFE, 0x69, 0xFE, 0x69, 0xFE, 0x69, 0xFE, 0x69, 0xFE, 0x69, 0xFE, 0x69, 0xFE,
    0x69, 0xFE, 0x69, 0xFE, 0x69, 0xFE, 0x69, 0xFE, 0x69, 0xFE, 0x69, 0xFE, 0x69, 0xFE, 0x69, 0xFE, 0x69, 0xFE, 0x69,
    0xFE, 0x69, 0xFE, 0x69, 0xFE, 0x69, 0xFE, 0x69, 0xFE, 0x69, 0xFE, 0x69, 0xFE, 0x69, 0xFE, 0x69, 0xFE, 0x69, 0xFE,
    0x69, 0xFE, 0x69, 0xFE, 0x69, 0xFE, 0x69, 0xFE, 0x69, 0xFE, 0x69, 0xFE, 0x69, 0xFE, 0x69, 0xFE, 0x69, 0xFE, 0x69,
    0xFE, 0x69, 0xFE, 0x69, 0xFE, 0x69, 0xFE, 0x69, 0xFE, 0x69, 0xFE, 0x69, 0xFE, 0x69, 0xFE, 0x69, 0xFE, 0x69, 0xFE,
    0x69, 0xFE, 0x69, 0xFE, 0x69, 0xFE, 0x69, 0xFE, 0x89, 0x43, 0x89, 0x43, 0x89, 0x43, 0x89, 0x43, 0x89, 0x43, 0x89,
    0x43, 0x89, 0x43, 0x89, 0x43, 0x89, 0x43, 0x89, 0x43, 0x89, 0x43, 0x89, 0x43, 0x89, 0x43, 0x89, 0x43, 0x89, 0x43,
    0x89, 0x43, 0x89, 0x43, 0x89, 0x43, 0x89, 0x43, 0x89, 0x43, 0x89, 0x43, 0x89, 0x43, 0x89, 0x43, 0x89, 0x43, 0x89,
    0x43, 0x89, 0x43, 0x89, 0x43, 0x89, 0x43, 0x89, 0x43, 0x89, 0x43, 0x89, 0x43, 0x89, 0x43, 0x89, 0x43, 0x89, 0x43,
    0x89, 0x43, 0x89, 0x43, 0x89, 0x43, 0x89, 0x43, 0x89, 0x43, 0x89, 0x43, 0x89, 0x43, 0x89, 0x43, 0x89, 0x43, 0x89,
    0x43, 0x89, 0x43, 0x89, 0x43, 0x89, 0x43, 0x89, 0x43, 0x89, 0x43, 0x89, 0x43, 0x89, 0x43, 0x89, 0x43, 0x89, 0x43,
    0x89, 0x43, 0x89, 0x43, 0x89, 0x43, 0x89, 0x43, 0x89, 0x43, 0x89, 0x43, 0x89, 0x43, 0x89, 0x43, 0x89, 0x43, 0x89,
    0x43, 0x89, 0x43, 0x89, 0x43, 0x89, 0x43, 0x89, 0x43, 0x89, 0x43, 0x89, 0x43, 0x89, 0x43, 0x89, 0x43, 0x89, 0x43,
    0x89, 0x43, 0x89, 0x43, 0x89, 0x43, 0x89, 0x43, 0x89, 0x43, 0x89, 0x43, 0x89, 0x43, 0x89, 0x43, 0x89, 0x43, 0x89,
    0x43, 0x89, 0x43, 0x89, 0x43, 0x89, 0x43, 0x89, 0x43, 0x89, 0x43, 0x89, 0x43, 0x89, 0x43, 0x89, 0x43, 0x89, 0x43,
    0x89, 0x43, 0x89, 0x43, 0x89, 0x43, 0x89, 0x43, 0x89, 0x43, 0x89, 0x43, 0x89, 0x43, 0x89, 0x43, 0x89, 0x43, 0x89,
    0x43, 0x89, 0x43, 0x89, 0x43, 0x89, 0x43, 0x89, 0x43, 0x89, 0x43, 0x89, 0x43, 0x89, 0x43, 0x89, 0x43, 0x89, 0x43,
    0x89, 0x43, 0x89, 0x43, 0x89, 0x43, 0x89, 0x43, 0x89, 0x43, 0x89, 0x43, 0x89, 0x43, 0x89, 0x43, 0x89, 0x43, 0x89,
    0x43, 0x89, 0x43, 0x89, 0x43, 0x89, 0x43, 0x89, 0x43, 0x89, 0x43, 0x89, 0x43, 0x89, 0x43, 0x89, 0x43, 0x89, 0x43,
    0x89, 0x43, 0x89, 0x43, 0x89, 0x43, 0x89, 0x43, 0x89, 0x43, 0x89, 0x43, 0x89, 0x43, 0x89, 0x43, 0x89, 0x43, 0x89,
    0x43, 0x89, 0x43, 0x89, 0x43, 0x89, 0x43, 0x89, 0x43, 0x89, 0x43, 0x89, 0x43, 0x89, 0x43, 0x89, 0x43, 0x89, 0x43,
    0x89, 0x43, 0x89, 0x43, 0x69, 0xFE, 0x69, 0xFE, 0x69, 0xFE, 0x69, 0xFE, 0x69, 0xFE, 0x69, 0xFE, 0x69, 0xFE, 0x69,
    0xFE, 0x69, 0xFE, 0x69, 0xFE, 0x69, 0xFE, 0x69, 0xFE, 0x69, 0xFE, 0x69, 0xFE, 0x69, 0xFE, 0x69, 0xFE, 0x69, 0xFE,
    0x69, 0xFE, 0x69, 0xFE, 0x69, 0xFE, 0x69, 0xFE, 0x69, 0xFE, 0x69, 0xFE, 0x69, 0xFE, 0x69, 0xFE, 0x69, 0xFE, 0x69,
    0xFE, 0x69, 0xFE, 0x69, 0xFE, 0x69, 0xFE, 0x69, 0xFE, 0x69, 0xFE, 0x69, 0xFE, 0x69, 0xFE, 0x69, 0xFE, 0x69, 0xFE,
    0x69, 0xFE, 0x69, 0xFE, 0x69, 0xFE, 0x69, 0xFE, 0x69, 0xFE, 0x69, 0xFE, 0x69, 0xFE, 0x69, 0xFE, 0x69, 0xFE, 0x69,
    0xFE, 0x69, 0xFE, 0x69, 0xFE, 0x69, 0xFE, 0x69, 0xFE, 0x69, 0xFE, 0x69, 0xFE, 0x69, 0xFE, 0x69, 0xFE, 0x69, 0xFE,
    0x69, 0xFE, 0x69, 0xFE, 0x69, 0xFE, 0x69, 0xFE, 0x69, 0xFE, 0x69, 0xFE, 0x69, 0xFE, 0x69, 0xFE, 0x69, 0xFE, 0x69,
    0xFE, 0x69, 0xFE, 0x69, 0xFE, 0x69, 0xFE, 0x69, 0xFE, 0x69, 0xFE, 0x69, 0xFE, 0x69, 0xFE, 0x69, 0xFE, 0x69, 0xFE,
    0x69, 0xFE, 0x69, 0xFE, 0x69, 0xFE, 0x69, 0xFE, 0x69, 0xFE, 0x69, 0xFE, 0x69, 0xFE, 0x69, 0xFE, 0x69, 0xFE, 0x69,
    0xFE, 0x69, 0xFE, 0x69, 0xFE, 0x69, 0xFE, 0x69, 0xFE, 0x69, 0xFE, 0x69, 0xFE, 0x69, 0xFE, 0x69, 0xFE, 0x69, 0xFE,
    0x69, 0xFE, 0x69, 0xFE, 0x69, 0xFE, 0x69, 0xFE, 0x69, 0xFE, 0x69, 0xFE, 0x69, 0xFE, 0x89, 0x43, 0x89, 0x43, 0x89,
    0x43, 0x89, 0x43, 0x89, 0x43, 0x89, 0x43, 0x89, 0x43, 0x89, 0x43, 0x89, 0x43, 0x89, 0x43, 0x89, 0x43, 0x89, 0x43,
    0x89, 0x43, 0x89, 0x43, 0x89, 0x43, 0x89, 0x43, 0x89, 0x43, 0x89, 0x43, 0x89, 0x43, 0x89, 0x43, 0x89, 0x43, 0x89,
    0x43, 0x89, 0x43, 0x89, 0x43, 0x89, 0x43, 0x89, 0x43, 0x89, 0x43, 0x89, 0x43, 0x89, 0x43, 0x89, 0x43, 0x89, 0x43,
    0x89, 0x43, 0x89, 0x43, 0x89, 0x43, 0x89, 0x43, 0x89, 0x43, 0x89, 0x43, 0x89, 0x43, 0x89, 0x43, 0x89, 0x43, 0x89,
    0x43, 0x89, 0x43, 0x89, 0x43, 0x89, 0x43, 0x89, 0x43, 0x89, 0x43, 0x89, 0x43, 0x89, 0x43, 0x89, 0x43, 0x89, 0x43,
    0x89, 0x43, 0x89, 0x43, 0x89, 0x43, 0x89, 0x43, 0x89, 0x43, 0x89, 0x43, 0x89, 0x43, 0x89, 0x43, 0x89, 0x43, 0x89,
    0x43, 0x89, 0x43, 0x89, 0x43, 0x89, 0x43, 0x89, 0x43, 0x89, 0x43, 0x89, 0x43, 0x89, 0x43, 0x89, 0x43, 0x89, 0x43,
    0x89, 0x43, 0x89, 0x43, 0x89, 0x43, 0x89, 0x43, 0x89, 0x43, 0x89, 0x43, 0x89, 0x43, 0x89, 0x43, 0x89, 0x43, 0x89,
    0x43, 0x89, 0x43, 0x89, 0x43, 0x89, 0x43, 0x89, 0x43, 0x89, 0x43, 0x89, 0x43, 0x89, 0x43, 0x89, 0x43, 0x89, 0x43,
    0x89, 0x43, 0x89, 0x43, 0x89, 0x43, 0x89, 0x43, 0x89, 0x43, 0x89, 0x43, 0x89, 0x43, 0x89, 0x43, 0x89, 0x43, 0x89,
    0x43, 0x89, 0x43, 0x89, 0x43, 0x89, 0x43, 0x89, 0x43, 0x89, 0x43, 0x89, 0x43, 0x89, 0x43, 0x89, 0x43, 0x89, 0x43,
    0x89, 0x43, 0x89, 0x43, 0x89, 0x43, 0x89, 0x43, 0x89, 0x43, 0x89, 0x43, 0x89, 0x43, 0x89, 0x43, 0x89, 0x43, 0x89,
    0x43, 0x89, 0x43, 0x89, 0x43, 0x89, 0x43, 0x89, 0x43, 0x89, 0x43, 0x89, 0x43, 0x89, 0x43, 0x89, 0x43, 0x89, 0x43,
    0x89, 0x43, 0x89, 0x43, 0x89, 0x43, 0x89, 0x43, 0x89, 0x43, 0x89, 0x43, 0x89, 0x43, 0x89, 0x43, 0x89, 0x43, 0x89,
    0x43, 0x89, 0x43, 0x89, 0x43, 0x89, 0x43, 0x89, 0x43, 0x69, 0xFE, 0x69, 0xFE, 0x69, 0xFE, 0x69, 0xFE, 0x69, 0xFE,
    0x69, 0xFE, 0x69, 0xFE, 0x69, 0xFE, 0x69, 0xFE, 0x69, 0xFE, 0x69, 0xFE, 0x69, 0xFE, 0x69, 0xFE, 0x69, 0xFE, 0x69,
    0xFE, 0x69, 0xFE, 0x69, 0xFE, 0x69, 0xFE, 0x69, 0xFE, 0x69, 0xFE, 0x69, 0xFE, 0x69, 0xFE, 0x69, 0xFE, 0x69, 0xFE,
    0x69, 0xFE, 0x69, 0xFE, 0x69, 0xFE, 0x69, 0xFE, 0x69, 0xFE, 0x69, 0xFE, 0x69, 0xFE, 0x69, 0xFE, 0x69, 0xFE, 0x69,
    0xFE, 0x69, 0xFE, 0x69, 0xFE, 0x69, 0xFE, 0x69, 0xFE, 0x69, 0xFE, 0x69, 0xFE, 0x69, 0xFE, 0x69, 0xFE, 0x69, 0xFE,
    0x69, 0xFE, 0x69, 0xFE, 0x69, 0xFE, 0x69, 0xFE, 0x69, 0xFE, 0x69, 0xFE, 0x69, 0xFE, 0x69, 0xFE, 0x69, 0xFE, 0x69,
    0xFE, 0x69, 0xFE, 0x69, 0xFE, 0x69, 0xFE, 0x69, 0xFE, 0x69, 0xFE, 0x69, 0xFE, 0x69, 0xFE, 0x69, 0xFE, 0x69, 0xFE,
    0x69, 0xFE, 0x69, 0xFE, 0x69, 0xFE, 0x69, 0xFE, 0x69, 0xFE, 0x69, 0xFE, 0x69, 0xFE, 0x69, 0xFE, 0x69, 0xFE, 0x69,
    0xFE, 0x69, 0xFE, 0x69, 0xFE, 0x69, 0xFE, 0x69, 0xFE, 0x69, 0xFE, 0x69, 0xFE, 0x69, 0xFE, 0x69, 0xFE, 0x69, 0xFE,
    0x69, 0xFE, 0x69, 0xFE, 0x69, 0xFE, 0x69, 0xFE, 0x69, 0xFE, 0x69, 0xFE, 0x69, 0xFE, 0x69, 0xFE, 0x69, 0xFE, 0x69,
    0xFE, 0x69, 0xFE, 0x69, 0xFE, 0x69, 0xFE, 0x69, 0xFE, 0x69, 0xFE, 0x69, 0xFE, 0x69, 0xFE, 0x69, 0xFE, 0x69, 0xFE,
    0x89, 0x43, 0x89, 0x43, 0x89, 0x43, 0x89, 0x43, 0x89, 0x43, 0x89, 0x43, 0x89, 0x43, 0x89, 0x43, 0x89, 0x43, 0x89,
    0x43, 0x89, 0x43, 0x89, 0x43, 0x89, 0x43, 0x89, 0x43, 0x89, 0x43, 0x89, 0x43, 0x89, 0x43, 0x89, 0x43, 0x89, 0x43,
    0x89, 0x43, 0x89, 0x43, 0x89, 0x43, 0x89, 0x43, 0x89, 0x43, 0x89, 0x43, 0x89, 0x43, 0x89, 0x43, 0x89, 0x43, 0x89,
    0x43, 0x89, 0x43, 0x89, 0x43, 0x89, 0x43, 0x89, 0x43, 0x89, 0x43, 0x89, 0x43, 0x89, 0x43, 0x89, 0x43, 0x89, 0x43,
    0x89, 0x43, 0x89, 0x43, 0x89, 0x43, 0x89, 0x43, 0x89, 0x43, 0x89, 0x43, 0x89, 0x43, 0x89, 0x43, 0x89, 0x43, 0x89,
    0x43, 0x89, 0x43, 0x89, 0x43, 0x89, 0x43, 0x89, 0x43, 0x89, 0x43, 0x89, 0x43, 0x89, 0x43, 0x89, 0x43, 0x89, 0x43,
    0x89, 0x43, 0x89, 0x43, 0x89, 0x43, 0x89, 0x43, 0x89, 0x43, 0x89, 0x43, 0x89, 0x43, 0x89, 0x43, 0x89, 0x43, 0x89,
    0x43, 0x89, 0x43, 0x89, 0x43, 0x89, 0x43, 0x89, 0x43, 0x89, 0x43, 0x89, 0x43, 0x89, 0x43, 0x89, 0x43, 0x89, 0x43,
    0x89, 0x43, 0x89, 0x43, 0x89, 0x43, 0x89, 0x43, 0x89, 0x43, 0x89, 0x43, 0x89, 0x43, 0x89, 0x43, 0x89, 0x43, 0x89,
    0x43, 0x89, 0x43, 0x89, 0x43, 0x89, 0x43, 0x89, 0x43, 0x89, 0x43, 0x89, 0x43, 0x89, 0x43, 0x89, 0x43, 0x89, 0x43,
    0x89, 0x43, 0x89, 0x43, 0x89, 0x43, 0x89, 0x43, 0x89, 0x43, 0x89, 0x43, 0x89, 0x43, 0x89, 0x43, 0x89, 0x43, 0x89,
    0x43, 0x89, 0x43, 0x89, 0x43, 0x89, 0x43, 0x89, 0x43, 0x89, 0x43, 0x89, 0x43, 0x89, 0x43, 0x89, 0x43, 0x89, 0x43,
    0x89, 0x43, 0x89, 0x43, 0x89, 0x43, 0x89, 0x43, 0x89, 0x43, 0x89, 0x43, 0x89, 0x43, 0x89, 0x43, 0x89, 0x43, 0x89,
    0x43, 0x89, 0x43, 0x89, 0x43, 0x89, 0x43, 0x89, 0x43, 0x89, 0x43, 0x89, 0x43, 0x89, 0x43, 0x89, 0x43, 0x89, 0x43,
    0x89, 0x43, 0x89, 0x43, 0x89, 0x43, 0x89, 0x43, 0x89, 0x43, 0x89, 0x43, 0x89, 0x43, 0x69, 0xFE, 0x69, 0xFE, 0x69,
    0xFE, 0x69, 0xFE, 0x69, 0xFE, 0x69, 0xFE, 0x69, 0xFE, 0x69, 0xFE, 0x69, 0xFE, 0x69, 0xFE, 0x69, 0xFE, 0x69, 0xFE,
    0x69, 0xFE, 0x69, 0xFE, 0x69, 0xFE, 0x69, 0xFE, 0x69, 0xFE, 0x69, 0xFE, 0x69, 0xFE, 0x69, 0xFE, 0x69, 0xFE, 0x69,
    0xFE, 0x69, 0xFE, 0x69, 0xFE, 0x69, 0xFE, 0x69, 0xFE, 0x69, 0xFE, 0x69, 0xFE, 0x69, 0xFE, 0x69, 0xFE, 0x69, 0xFE,
    0x69, 0xFE, 0x69, 0xFE, 0x69, 0xFE, 0x69, 0xFE, 0x69, 0xFE, 0x69, 0xFE, 0x69, 0xFE, 0x69, 0xFE, 0x69, 0xFE, 0x69,
    0xFE, 0x69, 0xFE, 0x69, 0xFE, 0x69, 0xFE, 0x69, 0xFE, 0x69, 0xFE, 0x69, 0xFE, 0x69, 0xFE, 0x69, 0xFE, 0x69, 0xFE,
    0x69, 0xFE, 0x69, 0xFE, 0x69, 0xFE, 0x69, 0xFE, 0x69, 0xFE, 0x69, 0xFE, 0x69, 0xFE, 0x69, 0xFE, 0x69, 0xFE, 0x69,
    0xFE, 0x69, 0xFE, 0x69, 0xFE, 0x69, 0xFE, 0x69, 0xFE, 0x69, 0xFE, 0x69, 0xFE, 0x69, 0xFE, 0x69, 0xFE, 0x69, 0xFE,
    0x69, 0xFE, 0x69, 0xFE, 0x69, 0xFE, 0x69, 0xFE, 0x69, 0xFE, 0x69, 0xFE, 0x69, 0xFE, 0x69, 0xFE, 0x69, 0xFE, 0x69,
    0xFE, 0x69, 0xFE, 0x69, 0xFE, 0x69, 0xFE, 0x69, 0xFE, 0x69, 0xFE, 0x69, 0xFE, 0x69, 0xFE, 0x69, 0xFE, 0x69, 0xFE,
    0x69, 0xFE, 0x69, 0xFE, 0x69, 0xFE, 0x69, 0xFE, 0x69, 0xFE, 0x69, 0xFE, 0x69, 0xFE, 0x69, 0xFE, 0x69, 0xFE, 0x69,
    0xFE, 0x69, 0xFE, 0x69, 0xFE, 0x89, 0x43, 0x89, 0x43, 0x89, 0x43, 0x89, 0x43, 0x89, 0x43, 0x89, 0x43, 0x89, 0x43,
    0x89, 0x43, 0x89, 0x43, 0x89, 0x43, 0x89, 0x43, 0x89, 0x43, 0x89, 0x43, 0x89, 0x43, 0x89, 0x43, 0x89, 0x43, 0x89,
    0x43, 0x89, 0x43, 0x89, 0x43, 0x89, 0x43, 0x89, 0x43, 0x89, 0x43, 0x89, 0x43, 0x89, 0x43, 0x89, 0x43, 0x89, 0x43,
    0x89, 0x43, 0x89, 0x43, 0x89, 0x43, 0x89, 0x43, 0x89, 0x43, 0x89, 0x43, 0x89, 0x43, 0x89, 0x43, 0x89, 0x43, 0x89,
    0x43, 0x89, 0x43, 0x89, 0x43, 0x89, 0x43, 0x89, 0x43, 0x89, 0x43, 0x89, 0x43, 0x89, 0x43, 0x89, 0x43, 0x89, 0x43,
    0x89, 0x43, 0x89, 0x43, 0x89, 0x43, 0x89, 0x43, 0x89, 0x43, 0x89, 0x43, 0x89, 0x43, 0x89, 0x43, 0x89, 0x43, 0x89,
    0x43, 0x89, 0x43, 0x89, 0x43, 0x89, 0x43, 0x89, 0x43, 0x89, 0x43, 0x89, 0x43, 0x89, 0x43, 0x89, 0x43, 0x89, 0x43,
    0x89, 0x43, 0x89, 0x43, 0x89, 0x43, 0x89, 0x43, 0x89, 0x43, 0x89, 0x43, 0x89, 0x43, 0x89, 0x43, 0x89, 0x43, 0x89,
    0x43, 0x89, 0x43, 0x89, 0x43, 0x89, 0x43, 0x89, 0x43, 0x89, 0x43, 0x89, 0x43, 0x89, 0x43, 0x89, 0x43, 0x89, 0x43,
    0x89, 0x43, 0x89, 0x43, 0x89, 0x43, 0x89, 0x43, 0x89, 0x43, 0x89, 0x43, 0x89, 0x43, 0x89, 0x43, 0x89, 0x43, 0x89,
    0x43, 0x89, 0x43, 0x89, 0x43, 0x89, 0x43, 0x89, 0x43, 0x89, 0x43, 0x89, 0x43, 0x89, 0x43, 0x89, 0x43, 0x89, 0x43,
    0x89, 0x43, 0x89, 0x43, 0x89, 0x43, 0x89, 0x43, 0x89, 0x43, 0x89, 0x43, 0x89, 0x43, 0x89, 0x43, 0x89, 0x43, 0x89,
    0x43, 0x89, 0x43, 0x89, 0x43, 0x89, 0x43, 0x89, 0x43, 0x89, 0x43, 0x89, 0x43, 0x89, 0x43, 0x89, 0x43, 0x89, 0x43,
    0x89, 0x43, 0x89, 0x43, 0x89, 0x43, 0x89, 0x43, 0x89, 0x43, 0x89, 0x43, 0x89, 0x43, 0x89, 0x43, 0x89, 0x43, 0x89,
    0x43, 0x89, 0x43, 0x89, 0x43, 0x69, 0xFE, 0x69, 0xFE, 0x69, 0xFE, 0x69, 0xFE, 0x69, 0xFE, 0x69, 0xFE, 0x69, 0xFE,
    0x69, 0xFE, 0x69, 0xFE, 0x69, 0xFE, 0x69, 0xFE, 0x69, 0xFE, 0x69, 0xFE, 0x69, 0xFE, 0x69, 0xFE, 0x69, 0xFE, 0x69,
    0xFE, 0x69, 0xFE, 0x69, 0xFE, 0x69, 0xFE, 0x69, 0xFE, 0x69, 0xFE, 0x69, 0xFE, 0x69, 0xFE, 0x69, 0xFE, 0x69, 0xFE,
    0x69, 0xFE, 0x69, 0xFE, 0x69, 0xFE, 0x69, 0xFE, 0x69, 0xFE, 0x69, 0xFE, 0x69, 0xFE, 0x69, 0xFE, 0x69, 0xFE, 0x69,
    0xFE, 0x69, 0xFE, 0x69, 0xFE, 0x69, 0xFE, 0x69, 0xFE, 0x69, 0xFE, 0x69, 0xFE, 0x69, 0xFE, 0x69, 0xFE, 0x69, 0xFE,
    0x69, 0xFE, 0x69, 0xFE, 0x69, 0xFE, 0x69, 0xFE, 0x69, 0xFE, 0x69, 0xFE, 0x69, 0xFE, 0x69, 0xFE, 0x69, 0xFE, 0x69,
    0xFE, 0x69, 0xFE, 0x69, 0xFE, 0x69, 0xFE, 0x69, 0xFE, 0x69, 0xFE, 0x69, 0xFE, 0x69, 0xFE, 0x69, 0xFE, 0x69, 0xFE,
    0x69, 0xFE, 0x69, 0xFE, 0x69, 0xFE, 0x69, 0xFE, 0x69, 0xFE, 0x69, 0xFE, 0x69, 0xFE, 0x69, 0xFE, 0x69, 0xFE, 0x69,
    0xFE, 0x69, 0xFE, 0x69, 0xFE, 0x69, 0xFE, 0x69, 0xFE, 0x69, 0xFE, 0x69, 0xFE, 0x69, 0xFE, 0x69, 0xFE, 0x69, 0xFE,
    0x69, 0xFE, 0x69, 0xFE, 0x69, 0xFE, 0x69, 0xFE, 0x69, 0xFE, 0x69, 0xFE, 0x69, 0xFE, 0x69, 0xFE, 0x69, 0xFE, 0x69,
    0xFE, 0x69, 0xFE, 0x69, 0xFE, 0x69, 0xFE, 0x69, 0xFE, 0x69, 0xFE, 0x69, 0xFE, 0x69, 0xFE, 0x69, 0xFE, 0x69, 0xFE,
    0x69, 0xFE, 0x69, 0xFE, 0x69, 0xFE, 0x69, 0xFE, 0x69, 0xFE, 0x69, 0xFE, 0x69, 0xFE, 0x69, 0xFE, 0x69, 0xFE, 0x69,
    0xFE, 0x69, 0xFE, 0x69, 0xFE, 0x89, 0x43, 0x89, 0x43, 0x89, 0x43, 0x89, 0x43, 0x89, 0x43, 0x89, 0x43, 0x89, 0x43,
    0x89, 0x43, 0x89, 0x43, 0x89, 0x43, 0x89, 0x43, 0x89, 0x43, 0x89, 0x43, 0x89, 0x43, 0x89, 0x43, 0x89, 0x43, 0x89,
    0x43, 0x89, 0x43, 0x89, 0x43, 0x89, 0x43, 0x89, 0x43, 0x89, 0x43, 0x89, 0x43, 0x89, 0x43, 0x89, 0x43, 0x89, 0x43,
    0x89, 0x43, 0x89, 0x43, 0x89, 0x43, 0x89, 0x43, 0x89, 0x43, 0x89, 0x43, 0x89, 0x43, 0x89, 0x43, 0x89, 0x43, 0x89,
    0x43, 0x89, 0x43, 0x89, 0x43, 0x89, 0x43, 0x89, 0x43, 0x89, 0x43, 0x89, 0x43, 0x89, 0x43, 0x89, 0x43, 0x89, 0x43,
    0x89, 0x43, 0x89, 0x43, 0x89, 0x43, 0x89, 0x43, 0x89, 0x43, 0x89, 0x43, 0x89, 0x43, 0x89, 0x43, 0x89, 0x43, 0x89,
    0x43, 0x89, 0x43, 0x89, 0x43, 0x89, 0x43, 0x89, 0x43, 0x89, 0x43, 0x89, 0x43, 0x89, 0x43, 0x89, 0x43, 0x89, 0x43,
    0x89, 0x43, 0x89, 0x43, 0x89, 0x43, 0x89, 0x43, 0x89, 0x43, 0x89, 0x43, 0x89, 0x43, 0x89, 0x43, 0x89, 0x43, 0x89,
    0x43, 0x89, 0x43, 0x89, 0x43, 0x89, 0x43, 0x89, 0x43, 0x89, 0x43, 0x89, 0x43, 0x89, 0x43, 0x89, 0x43, 0x89, 0x43,
    0x89, 0x43, 0x89, 0x43, 0x89, 0x43, 0x89, 0x43, 0x89, 0x43, 0x89, 0x43, 0x89, 0x43, 0x89, 0x43, 0x89, 0x43, 0x89,
    0x43, 0x89, 0x43, 0x89, 0x43, 0x89, 0x43, 0x89, 0x43, 0x89, 0x43, 0x89, 0x43, 0x89, 0x43, 0x89, 0x43, 0x89, 0x43,
    0x89, 0x43, 0x89, 0x43, 0x89, 0x43, 0x89, 0x43, 0x89, 0x43, 0x89, 0x43, 0x89, 0x43, 0x89, 0x43, 0x89, 0x43, 0x89,
    0x43, 0x89, 0x43, 0x89, 0x43, 0x89, 0x43, 0x89, 0x43, 0x89, 0x43, 0x89, 0x43, 0x89, 0x43, 0x89, 0x43, 0x89, 0x43,
    0x89, 0x43, 0x89, 0x43, 0x89, 0x43, 0x89, 0x43, 0x89, 0x43, 0x69, 0xFE, 0x69, 0xFE, 0x69, 0xFE, 0x69, 0xFE, 0x69,
    0xFE, 0x69, 0xFE, 0x69, 0xFE, 0x69, 0xFE, 0x69, 0xFE, 0x69, 0xFE, 0x69, 0xFE, 0x69, 0xFE, 0x69, 0xFE, 0x69, 0xFE,
    0x69, 0xFE, 0x69, 0xFE, 0x69, 0xFE, 0x69, 0xFE, 0x69, 0xFE, 0x69, 0xFE, 0x69, 0xFE, 0x69, 0xFE, 0x69, 0xFE, 0x69,
    0xFE, 0x69, 0xFE, 0x69, 0xFE, 0x69, 0xFE, 0x69, 0xFE, 0x69, 0xFE, 0x69, 0xFE, 0x69, 0xFE, 0x69, 0xFE, 0x69, 0xFE,
    0x69, 0xFE, 0x69, 0xFE, 0x69, 0xFE, 0x69, 0xFE, 0x69, 0xFE, 0x69, 0xFE, 0x69, 0xFE, 0x69, 0xFE, 0x69, 0xFE, 0x69,
    0xFE, 0x69, 0xFE, 0x69, 0xFE, 0x69, 0xFE, 0x69, 0xFE, 0x69, 0xFE, 0x69, 0xFE, 0x69, 0xFE, 0x69, 0xFE, 0x69, 0xFE,
    0x69, 0xFE, 0x69, 0xFE, 0x69, 0xFE, 0x69, 0xFE, 0x69, 0xFE, 0x69, 0xFE, 0x69, 0xFE, 0x69, 0xFE, 0x69, 0xFE, 0x69,
    0xFE, 0x69, 0xFE, 0x69, 0xFE, 0x69, 0xFE, 0x69, 0xFE, 0x69, 0xFE, 0x69, 0xFE, 0x69, 0xFE, 0x69, 0xFE, 0x69, 0xFE,
    0x69, 0xFE, 0x69, 0xFE, 0x69, 0xFE, 0x69, 0xFE, 0x69, 0xFE, 0x69, 0xFE, 0x69, 0xFE, 0x69, 0xFE, 0x69, 0xFE, 0x69,
    0xFE, 0x69, 0xFE, 0x69, 0xFE, 0x69, 0xFE, 0x69, 0xFE, 0x69, 0xFE, 0x69, 0xFE, 0x69, 0xFE, 0x69, 0xFE, 0x69, 0xFE,
    0x69, 0xFE, 0x69, 0xFE, 0x69, 0xFE, 0x69, 0xFE, 0x69, 0xFE, 0x69, 0xFE, 0x69, 0xFE, 0x69, 0xFE, 0x69, 0xFE, 0x69,
    0xFE, 0x69, 0xFE, 0x69, 0xFE, 0x69, 0xFE, 0x69, 0xFE, 0x69, 0xFE, 0x69, 0xFE, 0x69, 0xFE, 0x69, 0xFE, 0x69, 0xFE,
    0x69, 0xFE, 0x69, 0xFE, 0x69, 0xFE, 0x69, 0xFE, 0x69, 0xFE, 0x89, 0x43, 0x89, 0x43, 0x89, 0x43, 0x89, 0x43, 0x89,
    0x43, 0x89, 0x43, 0x89, 0x43, 0x89, 0x43, 0x89, 0x43, 0x89, 0x43, 0x89, 0x43, 0x89, 0x43, 0x89, 0x43, 0x89, 0x43,
    0x89, 0x43, 0x89, 0x43, 0x89, 0x43, 0x89, 0x43, 0x89, 0x43, 0x89, 0x43, 0x89, 0x43, 0x89, 0x43, 0x89, 0x43, 0x89,
    0x43, 0x89, 0x43, 0x89, 0x43, 0x89, 0x43, 0x89, 0x43, 0x89, 0x43, 0x89, 0x43, 0x89, 0x43, 0x89, 0x43, 0x89, 0x43,
    0x89, 0x43, 0x89, 0x43, 0x89, 0x43, 0x89, 0x43, 0x89, 0x43, 0x89, 0x43, 0x89, 0x43, 0x89, 0x43, 0x89, 0x43, 0x89,
    0x43, 0x89, 0x43, 0x89, 0x43, 0x89, 0x43, 0x89, 0x43, 0x89, 0x43, 0x89, 0x43, 0x89, 0x43, 0x89, 0x43, 0x89, 0x43,
    0x89, 0x43, 0x89, 0x43, 0x89, 0x43, 0x89, 0x43, 0x89, 0x43, 0x89, 0x43, 0x89, 0x43, 0x89, 0x43, 0x89, 0x43, 0x89,
    0x43, 0x89, 0x43, 0x89, 0x43, 0x89, 0x43, 0x89, 0x43, 0x89, 0x43, 0x89, 0x43, 0x89, 0x43, 0x89, 0x43, 0x89, 0x43,
    0x89, 0x43, 0x89, 0x43, 0x89, 0x43, 0x89, 0x43, 0x89, 0x43, 0x89, 0x43, 0x89, 0x43, 0x89, 0x43, 0x89, 0x43, 0x89,
    0x43, 0x89, 0x43, 0x89, 0x43, 0x89, 0x43, 0x89, 0x43, 0x89, 0x43, 0x89, 0x43, 0x89, 0x43, 0x89, 0x43, 0x89, 0x43,
    0x89, 0x43, 0x89, 0x43, 0x89, 0x43, 0x89, 0x43, 0x89, 0x43, 0x89, 0x43, 0x89, 0x43, 0x89, 0x43, 0x89, 0x43, 0x89,
    0x43, 0x89, 0x43, 0x89, 0x43, 0x89, 0x43, 0x89, 0x43, 0x89, 0x43, 0x89, 0x43, 0x89, 0x43, 0x89, 0x43, 0x89, 0x43,
    0x89, 0x43, 0x89, 0x43, 0x89, 0x43, 0x89, 0x43, 0x89, 0x43, 0x89, 0x43, 0x89, 0x43, 0x89, 0x43, 0x89, 0x43, 0x89,
    0x43, 0x89, 0x43, 0x89, 0x43, 0x89, 0x43, 0x89, 0x43, 0x89, 0x43, 0x89, 0x43, 0x89, 0x43, 0x69, 0xFE, 0x69, 0xFE,
    0x69, 0xFE, 0x69, 0xFE, 0x69, 0xFE, 0x69, 0xFE, 0x69, 0xFE, 0x69, 0xFE, 0x69, 0xFE, 0x69, 0xFE, 0x69, 0xFE, 0x69,
    0xFE, 0x69, 0xFE, 0x69, 0xFE, 0x69, 0xFE, 0x69, 0xFE, 0x69, 0xFE, 0x69, 0xFE, 0x69, 0xFE, 0x69, 0xFE, 0x69, 0xFE,
    0x69, 0xFE, 0x69, 0xFE, 0x69, 0xFE, 0x69, 0xFE, 0x69, 0xFE, 0x69, 0xFE, 0x69, 0xFE, 0x69, 0xFE, 0x69, 0xFE, 0x69,
    0xFE, 0x69, 0xFE, 0x69, 0xFE, 0x69, 0xFE, 0x69, 0xFE, 0x69, 0xFE, 0x69, 0xFE, 0x69, 0xFE, 0x69, 0xFE, 0x69, 0xFE,
    0x69, 0xFE, 0x69, 0xFE, 0x69, 0xFE, 0x69, 0xFE, 0x69, 0xFE, 0x69, 0xFE, 0x69, 0xFE, 0x69, 0xFE, 0x69, 0xFE, 0x69,
    0xFE, 0x69, 0xFE, 0x69, 0xFE, 0x69, 0xFE, 0x69, 0xFE, 0x69, 0xFE, 0x69, 0xFE, 0x69, 0xFE, 0x69, 0xFE, 0x69, 0xFE,
    0x69, 0xFE, 0x69, 0xFE, 0x69, 0xFE, 0x69, 0xFE, 0x69, 0xFE, 0x69, 0xFE, 0x69, 0xFE, 0x69, 0xFE, 0x69, 0xFE, 0x69,
    0xFE, 0x69, 0xFE, 0x69, 0xFE, 0x69, 0xFE, 0x69, 0xFE, 0x69, 0xFE, 0x69, 0xFE, 0x69, 0xFE, 0x69, 0xFE, 0x69, 0xFE,
    0x69, 0xFE, 0x69, 0xFE, 0x69, 0xFE, 0x69, 0xFE, 0x69, 0xFE, 0x69, 0xFE, 0x69, 0xFE, 0x69, 0xFE, 0x69, 0xFE, 0x69,
    0xFE, 0x69, 0xFE, 0x69, 0xFE, 0x69, 0xFE, 0x69, 0xFE, 0x69, 0xFE, 0x69, 0xFE, 0x69, 0xFE, 0x69, 0xFE, 0x69, 0xFE,
    0x69, 0xFE, 0x69, 0xFE, 0x69, 0xFE, 0x69, 0xFE, 0x69, 0xFE, 0x69, 0xFE, 0x69, 0xFE, 0x69, 0xFE, 0x69, 0xFE, 0x69,
    0xFE, 0x69, 0xFE, 0x69, 0xFE, 0x69, 0xFE, 0x69, 0xFE, 0x69, 0xFE, 0x69, 0xFE, 0x69, 0xFE, 0x89, 0x43, 0x89, 0x43,
    0x89, 0x43, 0x89, 0x43, 0x89, 0x43, 0x89, 0x43, 0x89, 0x43, 0x89, 0x43, 0x89, 0x43, 0x89, 0x43, 0x89, 0x43, 0x89,
    0x43, 0x89, 0x43, 0x89, 0x43, 0x89, 0x43, 0x89, 0x43, 0x89, 0x43, 0x89, 0x43, 0x89, 0x43, 0x89, 0x43, 0x89, 0x43,
    0x89, 0x43, 0x89, 0x43, 0x89, 0x43, 0x89, 0x43, 0x89, 0x43, 0x89, 0x43, 0x89, 0x43, 0x89, 0x43, 0x89, 0x43, 0x89,
    0x43, 0x89, 0x43, 0x89, 0x43, 0x89, 0x43, 0x89, 0x43, 0x89, 0x43, 0x89, 0x43, 0x89, 0x43, 0x89, 0x43, 0x89, 0x43,
    0x89, 0x43, 0x89, 0x43, 0x89, 0x43, 0x89, 0x43, 0x89, 0x43, 0x89, 0x43, 0x89, 0x43, 0x89, 0x43, 0x89, 0x43, 0x89,
    0x43, 0x89, 0x43, 0x89, 0x43, 0x89, 0x43, 0x89, 0x43, 0x89, 0x43, 0x89, 0x43, 0x89, 0x43, 0x89, 0x43, 0x89, 0x43,
    0x89, 0x43, 0x89, 0x43, 0x89, 0x43, 0x89, 0x43, 0x89, 0x43, 0x89, 0x43, 0x89, 0x43, 0x89, 0x43, 0x89, 0x43, 0x89,
    0x43, 0x89, 0x43, 0x89, 0x43, 0x89, 0x43, 0x89, 0x43, 0x89, 0x43, 0x89, 0x43, 0x89, 0x43, 0x89, 0x43, 0x89, 0x43,
    0x89, 0x43, 0x89, 0x43, 0x89, 0x43, 0x89, 0x43, 0x89, 0x43, 0x89, 0x43, 0x89, 0x43, 0x89, 0x43, 0x89, 0x43, 0x89,
    0x43, 0x89, 0x43, 0x89, 0x43, 0x89, 0x43, 0x89, 0x43, 0x89, 0x43, 0x89, 0x43, 0x89, 0x43, 0x89, 0x43, 0x89, 0x43,
    0x89, 0x43, 0x89, 0x43, 0x89, 0x43, 0x89, 0x43, 0x89, 0x43, 0x89, 0x43, 0x89, 0x43, 0x89, 0x43, 0x89, 0x43, 0x89,
    0x43, 0x89, 0x43, 0x89, 0x43, 0x89, 0x43, 0x89, 0x43, 0x89, 0x43, 0x89, 0x43, 0x89, 0x43, 0x89, 0x43, 0x89, 0x43,
    0x89, 0x43, 0x89, 0x43, 0x89, 0x43, 0x89, 0x43, 0x69, 0xFE, 0x69, 0xFE, 0x69, 0xFE, 0x69, 0xFE, 0x69, 0xFE, 0x69,
    0xFE, 0x69, 0xFE, 0x69, 0xFE, 0x69, 0xFE, 0x69, 0xFE, 0x69, 0xFE, 0x69, 0xFE, 0x69, 0xFE, 0x69, 0xFE, 0x69, 0xFE,
    0x69, 0xFE, 0x69, 0xFE, 0x69, 0xFE, 0x69, 0xFE, 0x69, 0xFE, 0x69, 0xFE, 0x69, 0xFE, 0x69, 0xFE, 0x69, 0xFE, 0x69,
    0xFE, 0x69, 0xFE, 0x69, 0xFE, 0x69, 0xFE, 0x69, 0xFE, 0x69, 0xFE, 0x69, 0xFE, 0x69, 0xFE, 0x69, 0xFE, 0x69, 0xFE,
    0x69, 0xFE, 0x69, 0xFE, 0x69, 0xFE, 0x69, 0xFE, 0x69, 0xFE, 0x69, 0xFE, 0x69, 0xFE, 0x69, 0xFE, 0x69, 0xFE, 0x69,
    0xFE, 0x69, 0xFE, 0x69, 0xFE, 0x69, 0xFE, 0x69, 0xFE, 0x69, 0xFE, 0x69, 0xFE, 0x69, 0xFE, 0x69, 0xFE, 0x69, 0xFE,
    0x69, 0xFE, 0x69, 0xFE, 0x69, 0xFE, 0x69, 0xFE, 0x69, 0xFE, 0x69, 0xFE, 0x69, 0xFE, 0x69, 0xFE, 0x69, 0xFE, 0x69,
    0xFE, 0x69, 0xFE, 0x69, 0xFE, 0x69, 0xFE, 0x69, 0xFE, 0x69, 0xFE, 0x69, 0xFE, 0x69, 0xFE, 0x69, 0xFE, 0x69, 0xFE,
    0x69, 0xFE, 0x69, 0xFE, 0x69, 0xFE, 0x69, 0xFE, 0x69, 0xFE, 0x69, 0xFE, 0x69, 0xFE, 0x69, 0xFE, 0x69, 0xFE, 0x69,
    0xFE, 0x69, 0xFE, 0x69, 0xFE, 0x69, 0xFE, 0x69, 0xFE, 0x69, 0xFE, 0x69, 0xFE, 0x69, 0xFE, 0x69, 0xFE, 0x69, 0xFE,
    0x69, 0xFE, 0x69, 0xFE, 0x69, 0xFE, 0x69, 0xFE, 0x69, 0xFE, 0x69, 0xFE, 0x69, 0xFE, 0x69, 0xFE, 0x69, 0xFE, 0x69,
    0xFE, 0x69, 0xFE, 0x69, 0xFE, 0x69, 0xFE, 0x69, 0xFE, 0x69, 0xFE, 0x69, 0xFE, 0x69, 0xFE, 0x69, 0xFE, 0x69, 0xFE,
    0x69, 0xFE, 0x69, 0xFE, 0x69, 0xFE, 0x69, 0xFE, 0x69, 0xFE, 0x69, 0xFE, 0x69, 0xFE, 0x69, 0xFE, 0x69, 0xFE, 0x69,
    0xFE, 0x69, 0xFE, 0x69, 0xFE, 0x69, 0xFE, 0x69, 0xFE, 0x69, 0xFE, 0x69, 0xFE, 0x89, 0x43, 0x89, 0x43, 0x89, 0x43,
    0x89, 0x43, 0x89, 0x43, 0x89, 0x43, 0x89, 0x43, 0x89, 0x43, 0x89, 0x43, 0x89, 0x43, 0x89, 0x43, 0x89, 0x43, 0x89,
    0x43, 0x89, 0x43, 0x89, 0x43, 0x89, 0x43, 0x89, 0x43, 0x89, 0x43, 0x89, 0x43, 0x89, 0x43, 0x89, 0x43, 0x89, 0x43,
    0x89, 0x43, 0x89, 0x43, 0x89, 0x43, 0x89, 0x43, 0x89, 0x43, 0x89, 0x43, 0x89, 0x43, 0x89, 0x43, 0x89, 0x43, 0x89,
    0x43, 0x89, 0x43, 0x89, 0x43, 0x89, 0x43, 0x89, 0x43, 0x89, 0x43, 0x89, 0x43, 0x89, 0x43, 0x89, 0x43, 0x89, 0x43,
    0x89, 0x43, 0x89, 0x43, 0x89, 0x43, 0x89, 0x43, 0x89, 0x43, 0x89, 0x43, 0x89, 0x43, 0x89, 0x43, 0x89, 0x43, 0x89,
    0x43, 0x89, 0x43, 0x89, 0x43, 0x89, 0x43, 0x89, 0x43, 0x89, 0x43, 0x89, 0x43, 0x89, 0x43, 0x89, 0x43, 0x89, 0x43,
    0x89, 0x43, 0x89, 0x43, 0x89, 0x43, 0x89, 0x43, 0x89, 0x43, 0x89, 0x43, 0x89, 0x43, 0x89, 0x43, 0x89, 0x43, 0x89,
    0x43, 0x89, 0x43, 0x89, 0x43, 0x89, 0x43, 0x89, 0x43, 0x89, 0x43, 0x89, 0x43, 0x89, 0x43, 0x89, 0x43, 0x89, 0x43,
    0x89, 0x43, 0x89, 0x43, 0x89, 0x43, 0x89, 0x43, 0x89, 0x43, 0x89, 0x43, 0x89, 0x43, 0x89, 0x43, 0x89, 0x43, 0x89,
    0x43, 0x89, 0x43, 0x89, 0x43, 0x89, 0x43, 0x89, 0x43, 0x89, 0x43, 0x89, 0x43, 0x89, 0x43, 0x89, 0x43, 0x89, 0x43,
    0x89, 0x43, 0x89, 0x43, 0x89, 0x43, 0x89, 0x43, 0x89, 0x43, 0x89, 0x43, 0x89, 0x43, 0x89, 0x43, 0x89, 0x43, 0x89,
    0x43, 0x89, 0x43, 0x89, 0x43, 0x89, 0x43, 0x89, 0x43, 0x89, 0x43, 0x89, 0x43, 0x69, 0xFE, 0x69, 0xFE, 0x69, 0xFE,
    0x69, 0xFE, 0x69, 0xFE, 0x69, 0xFE, 0x69, 0xFE, 0x69, 0xFE, 0x69, 0xFE, 0x69, 0xFE, 0x69, 0xFE, 0x69, 0xFE, 0x69,
    0xFE, 0x69, 0xFE, 0x69, 0xFE, 0x69, 0xFE, 0x69, 0xFE, 0x69, 0xFE, 0x69, 0xFE, 0x69, 0xFE, 0x69, 0xFE, 0x69, 0xFE,
    0x69, 0xFE, 0x69, 0xFE, 0x69, 0xFE, 0x69, 0xFE, 0x69, 0xFE, 0x69, 0xFE, 0x69, 0xFE, 0x69, 0xFE, 0x69, 0xFE, 0x69,
    0xFE, 0x69, 0xFE, 0x69, 0xFE, 0x69, 0xFE, 0x69, 0xFE, 0x69, 0xFE, 0x69, 0xFE, 0x69, 0xFE, 0x69, 0xFE, 0x69, 0xFE,
    0x69, 0xFE, 0x69, 0xFE, 0x69, 0xFE, 0x69, 0xFE, 0x69, 0xFE, 0x69, 0xFE, 0x69, 0xFE, 0x69, 0xFE, 0x69, 0xFE, 0x69,
    0xFE, 0x69, 0xFE, 0x69, 0xFE, 0x69, 0xFE, 0x69, 0xFE, 0x69, 0xFE, 0x69, 0xFE, 0x69, 0xFE, 0x69, 0xFE, 0x69, 0xFE,
    0x69, 0xFE, 0x69, 0xFE, 0x69, 0xFE, 0x69, 0xFE, 0x69, 0xFE, 0x69, 0xFE, 0x69, 0xFE, 0x69, 0xFE, 0x69, 0xFE, 0x69,
    0xFE, 0x69, 0xFE, 0x69, 0xFE, 0x69, 0xFE, 0x69, 0xFE, 0x69, 0xFE, 0x69, 0xFE, 0x69, 0xFE, 0x69, 0xFE, 0x69, 0xFE,
    0x69, 0xFE, 0x69, 0xFE, 0x69, 0xFE, 0x69, 0xFE, 0x69, 0xFE, 0x69, 0xFE, 0x69, 0xFE, 0x69, 0xFE, 0x69, 0xFE, 0x69,
    0xFE, 0x69, 0xFE, 0x69, 0xFE, 0x69, 0xFE, 0x69, 0xFE, 0x69, 0xFE, 0x69, 0xFE, 0x69, 0xFE, 0x69, 0xFE, 0x69, 0xFE,
    0x69, 0xFE, 0x69, 0xFE, 0x69, 0xFE, 0x69, 0xFE, 0x69, 0xFE, 0x69, 0xFE, 0x69, 0xFE, 0x69, 0xFE, 0x69, 0xFE, 0x69,
    0xFE, 0x69, 0xFE, 0x69, 0xFE, 0x69, 0xFE, 0x69, 0xFE, 0x69, 0xFE, 0x69, 0xFE, 0x69, 0xFE, 0x69, 0xFE, 0x69, 0xFE,
    0x69, 0xFE, 0x69, 0xFE, 0x69, 0xFE, 0x69, 0xFE, 0x69, 0xFE, 0x69, 0xFE, 0x69, 0xFE, 0x69, 0xFE, 0x69, 0xFE, 0x89,
    0x43, 0x89, 0x43, 0x89, 0x43, 0x89, 0x43, 0x89, 0x43, 0x89, 0x43, 0x89, 0x43, 0x89, 0x43, 0x89, 0x43, 0x89, 0x43,
    0x89, 0x43, 0x89, 0x43, 0x89, 0x43, 0x89, 0x43, 0x89, 0x43, 0x89, 0x43, 0x89, 0x43, 0x89, 0x43, 0x89, 0x43, 0x89,
    0x43, 0x89, 0x43, 0x89, 0x43, 0x89, 0x43, 0x89, 0x43, 0x89, 0x43, 0x89, 0x43, 0x89, 0x43, 0x89, 0x43, 0x89, 0x43,
    0x89, 0x43, 0x89, 0x43, 0x89, 0x43, 0x89, 0x43, 0x89, 0x43, 0x89, 0x43, 0x89, 0x43, 0x89, 0x43, 0x89, 0x43, 0x89,
    0x43, 0x89, 0x43, 0x89, 0x43, 0x89, 0x43, 0x89, 0x43, 0x89, 0x43, 0x89, 0x43, 0x89, 0x43, 0x89, 0x43, 0x89, 0x43,
    0x89, 0x43, 0x89, 0x43, 0x89, 0x43, 0x89, 0x43, 0x89, 0x43, 0x89, 0x43, 0x89, 0x43, 0x89, 0x43, 0x89, 0x43, 0x89,
    0x43, 0x89, 0x43, 0x89, 0x43, 0x89, 0x43, 0x89, 0x43, 0x89, 0x43, 0x89, 0x43, 0x89, 0x43, 0x89, 0x43, 0x89, 0x43,
    0x89, 0x43, 0x89, 0x43, 0x89, 0x43, 0x89, 0x43, 0x89, 0x43, 0x89, 0x43, 0x89, 0x43, 0x89, 0x43, 0x89, 0x43, 0x89,
    0x43, 0x89, 0x43, 0x89, 0x43, 0x89, 0x43, 0x89, 0x43, 0x89, 0x43, 0x89, 0x43, 0x89, 0x43, 0x89, 0x43, 0x89, 0x43,
    0x89, 0x43, 0x89, 0x43, 0x89, 0x43, 0x89, 0x43, 0x89, 0x43, 0x89, 0x43, 0x89, 0x43, 0x89, 0x43, 0x89, 0x43, 0x89,
    0x43, 0x89, 0x43, 0x89, 0x43, 0x89, 0x43, 0x89, 0x43, 0x89, 0x43, 0x89, 0x43, 0x89, 0x43, 0x89, 0x43, 0x89, 0x43,
    0x89, 0x43, 0x89, 0x43, 0x89, 0x43, 0x89, 0x43, 0x89, 0x43, 0x89, 0x43, 0x89, 0x43, 0x89, 0x43, 0x89, 0x43, 0x69,
    0xFE, 0x69, 0xFE, 0x69, 0xFE, 0x69, 0xFE, 0x69, 0xFE, 0x69, 0xFE, 0x69, 0xFE, 0x69, 0xFE, 0x69, 0xFE, 0x69, 0xFE,
    0x69, 0xFE, 0x69, 0xFE, 0x69, 0xFE, 0x69, 0xFE, 0x69, 0xFE, 0x69, 0xFE, 0x69, 0xFE, 0x69, 0xFE, 0x69, 0xFE, 0x69,
    0xFE, 0x69, 0xFE, 0x69, 0xFE, 0x69, 0xFE, 0x69, 0xFE, 0x69, 0xFE, 0x69, 0xFE, 0x69, 0xFE, 0x69, 0xFE, 0x69, 0xFE,
    0x69, 0xFE, 0x69, 0xFE, 0x69, 0xFE, 0x69, 0xFE, 0x69, 0xFE, 0x69, 0xFE, 0x69, 0xFE, 0x69, 0xFE, 0x69, 0xFE, 0x69,
    0xFE, 0x69, 0xFE, 0x69, 0xFE, 0x69, 0xFE, 0x69, 0xFE, 0x69, 0xFE, 0x69, 0xFE, 0x69, 0xFE, 0x69, 0xFE, 0x69, 0xFE,
    0x69, 0xFE, 0x69, 0xFE, 0x69, 0xFE, 0x69, 0xFE, 0x69, 0xFE, 0x69, 0xFE, 0x69, 0xFE, 0x69, 0xFE, 0x69, 0xFE, 0x69,
    0xFE, 0x69, 0xFE, 0x69, 0xFE, 0x69, 0xFE, 0x69, 0xFE, 0x69, 0xFE, 0x69, 0xFE, 0x69, 0xFE, 0x69, 0xFE, 0x69, 0xFE,
    0x69, 0xFE, 0x69, 0xFE, 0x69, 0xFE, 0x69, 0xFE, 0x69, 0xFE, 0x69, 0xFE, 0x69, 0xFE, 0x69, 0xFE, 0x69, 0xFE, 0x69,
    0xFE, 0x69, 0xFE, 0x69, 0xFE, 0x69, 0xFE, 0x69, 0xFE, 0x69, 0xFE, 0x69, 0xFE, 0x69, 0xFE, 0x69, 0xFE, 0x69, 0xFE,
    0x69, 0xFE, 0x69, 0xFE, 0x69, 0xFE, 0x69, 0xFE, 0x69, 0xFE, 0x69, 0xFE, 0x69, 0xFE, 0x69, 0xFE, 0x69, 0xFE, 0x69,
    0xFE, 0x69, 0xFE, 0x69, 0xFE, 0x69, 0xFE, 0x69, 0xFE, 0x69, 0xFE, 0x69, 0xFE, 0x69, 0xFE, 0x69, 0xFE, 0x69, 0xFE,
    0x69, 0xFE, 0x69, 0xFE, 0x69, 0xFE, 0x69, 0xFE, 0x69, 0xFE, 0x69, 0xFE, 0x69, 0xFE, 0x69, 0xFE, 0x69, 0xFE, 0x69,
    0xFE, 0x69, 0xFE, 0x69, 0xFE, 0x69, 0xFE, 0x69, 0xFE, 0x69, 0xFE, 0x69, 0xFE, 0x69, 0xFE, 0x69, 0xFE, 0x69, 0xFE,
    0x69, 0xFE, 0x69, 0xFE, 0x89, 0x43, 0x89, 0x43, 0x89, 0x43, 0x89, 0x43, 0x89, 0x43, 0x89, 0x43, 0x89, 0x43, 0x89,
    0x43, 0x89, 0x43, 0x89, 0x43, 0x89, 0x43, 0x89, 0x43, 0x89, 0x43, 0x89, 0x43, 0x89, 0x43, 0x89, 0x43, 0x89, 0x43,
    0x89, 0x43, 0x89, 0x43, 0x89, 0x43, 0x89, 0x43, 0x89, 0x43, 0x89, 0x43, 0x89, 0x43, 0x89, 0x43, 0x89, 0x43, 0x89,
    0x43, 0x89, 0x43, 0x89, 0x43, 0x89, 0x43, 0x89, 0x43, 0x89, 0x43, 0x89, 0x43, 0x89, 0x43, 0x89, 0x43, 0x89, 0x43,
    0x89, 0x43, 0x89, 0x43, 0x89, 0x43, 0x89, 0x43, 0x89, 0x43, 0x89, 0x43, 0x89, 0x43, 0x89, 0x43, 0x89, 0x43, 0x89,
    0x43, 0x89, 0x43, 0x89, 0x43, 0x89, 0x43, 0x89, 0x43, 0x89, 0x43, 0x89, 0x43, 0x89, 0x43, 0x89, 0x43, 0x89, 0x43,
    0x89, 0x43, 0x89, 0x43, 0x89, 0x43, 0x89, 0x43, 0x89, 0x43, 0x89, 0x43, 0x89, 0x43, 0x89, 0x43, 0x89, 0x43, 0x89,
    0x43, 0x89, 0x43, 0x89, 0x43, 0x89, 0x43, 0x89, 0x43, 0x89, 0x43, 0x89, 0x43, 0x89, 0x43, 0x89, 0x43, 0x89, 0x43,
    0x89, 0x43, 0x89, 0x43, 0x89, 0x43, 0x89, 0x43, 0x89, 0x43, 0x89, 0x43, 0x89, 0x43, 0x89, 0x43, 0x89, 0x43, 0x89,
    0x43, 0x89, 0x43, 0x89, 0x43, 0x89, 0x43, 0x89, 0x43, 0x89, 0x43, 0x89, 0x43, 0x89, 0x43, 0x89, 0x43, 0x89, 0x43,
    0x89, 0x43, 0x89, 0x43, 0x89, 0x43, 0x89, 0x43, 0x89, 0x43, 0x89, 0x43, 0x89, 0x43, 0x89, 0x43, 0x89, 0x43, 0x89,
    0x43, 0x89, 0x43, 0x89, 0x43, 0x89, 0x43, 0x89, 0x43, 0x89, 0x43, 0x89, 0x43, 0x89, 0x43, 0x89, 0x43, 0x89, 0x43,
    0x89, 0x43, 0x89, 0x43, 0x69, 0xFE, 0x69, 0xFE, 0x69, 0xFE, 0x69, 0xFE, 0x69, 0xFE, 0x69, 0xFE, 0x69, 0xFE, 0x69,
    0xFE, 0x69, 0xFE, 0x69, 0xFE, 0x69, 0xFE, 0x69, 0xFE, 0x69, 0xFE, 0x69, 0xFE, 0x69, 0xFE, 0x69, 0xFE, 0x69, 0xFE,
    0x69, 0xFE, 0x69, 0xFE, 0x69, 0xFE, 0x69, 0xFE, 0x69, 0xFE, 0x69, 0xFE, 0x69, 0xFE, 0x69, 0xFE, 0x69, 0xFE, 0x69,
    0xFE, 0x69, 0xFE, 0x69, 0xFE, 0x69, 0xFE, 0x69, 0xFE, 0x69, 0xFE, 0x69, 0xFE, 0x69, 0xFE, 0x69, 0xFE, 0x69, 0xFE,
    0x69, 0xFE, 0x69, 0xFE, 0x69, 0xFE, 0x69, 0xFE, 0x69, 0xFE, 0x69, 0xFE, 0x69, 0xFE, 0x69, 0xFE, 0x69, 0xFE, 0x69,
    0xFE, 0x69, 0xFE, 0x69, 0xFE, 0x69, 0xFE, 0x69, 0xFE, 0x69, 0xFE, 0x69, 0xFE, 0x69, 0xFE, 0x69, 0xFE, 0x69, 0xFE,
    0x69, 0xFE, 0x69, 0xFE, 0x69, 0xFE, 0x69, 0xFE, 0x69, 0xFE, 0x69, 0xFE, 0x69, 0xFE, 0x69, 0xFE, 0x69, 0xFE, 0x69,
    0xFE, 0x69, 0xFE, 0x69, 0xFE, 0x69, 0xFE, 0x69, 0xFE, 0x69, 0xFE, 0x69, 0xFE, 0x69, 0xFE, 0x69, 0xFE, 0x69, 0xFE,
    0x69, 0xFE, 0x69, 0xFE, 0x69, 0xFE, 0x69, 0xFE, 0x69, 0xFE, 0x69, 0xFE, 0x69, 0xFE, 0x69, 0xFE, 0x69, 0xFE, 0x69,
    0xFE, 0x69, 0xFE, 0x69, 0xFE, 0x69, 0xFE, 0x69, 0xFE, 0x69, 0xFE, 0x69, 0xFE, 0x69, 0xFE, 0x69, 0xFE, 0x69, 0xFE,
    0x69, 0xFE, 0x69, 0xFE, 0x69, 0xFE, 0x69, 0xFE, 0x69, 0xFE, 0x69, 0xFE, 0x69, 0xFE, 0x69, 0xFE, 0x69, 0xFE, 0x69,
    0xFE, 0x69, 0xFE, 0x69, 0xFE, 0x69, 0xFE, 0x69, 0xFE, 0x69, 0xFE, 0x69, 0xFE, 0x69, 0xFE, 0x69, 0xFE, 0x69, 0xFE,
    0x69, 0xFE, 0x69, 0xFE, 0x69, 0xFE, 0x69, 0xFE, 0x69, 0xFE, 0x69, 0xFE, 0x69, 0xFE, 0x69, 0xFE, 0x69, 0xFE, 0x69,
    0xFE, 0x69, 0xFE, 0x69, 0xFE, 0x69, 0xFE, 0x69, 0xFE, 0x89, 0x43, 0x89, 0x43, 0x89, 0x43, 0x89, 0x43, 0x89, 0x43,
    0x89, 0x43, 0x89, 0x43, 0x89, 0x43, 0x89, 0x43, 0x89, 0x43, 0x89, 0x43, 0x89, 0x43, 0x89, 0x43, 0x89, 0x43, 0x89,
    0x43, 0x89, 0x43, 0x89, 0x43, 0x89, 0x43, 0x89, 0x43, 0x89, 0x43, 0x89, 0x43, 0x89, 0x43, 0x89, 0x43, 0x89, 0x43,
    0x89, 0x43, 0x89, 0x43, 0x89, 0x43, 0x89, 0x43, 0x89, 0x43, 0x89, 0x43, 0x89, 0x43, 0x89, 0x43, 0x89, 0x43, 0x89,
    0x43, 0x89, 0x43, 0x89, 0x43, 0x89, 0x43, 0x89, 0x43, 0x89, 0x43, 0x89, 0x43, 0x89, 0x43, 0x89, 0x43, 0x89, 0x43,
    0x89, 0x43, 0x89, 0x43, 0x89, 0x43, 0x89, 0x43, 0x89, 0x43, 0x89, 0x43, 0x89, 0x43, 0x89, 0x43, 0x89, 0x43, 0x89,
    0x43, 0x89, 0x43, 0x89, 0x43, 0x89, 0x43, 0x89, 0x43, 0x89, 0x43, 0x89, 0x43, 0x89, 0x43, 0x89, 0x43, 0x89, 0x43,
    0x89, 0x43, 0x89, 0x43, 0x89, 0x43, 0x89, 0x43, 0x89, 0x43, 0x89, 0x43, 0x89, 0x43, 0x89, 0x43, 0x89, 0x43, 0x89,
    0x43, 0x89, 0x43, 0x89, 0x43, 0x89, 0x43, 0x89, 0x43, 0x89, 0x43, 0x89, 0x43, 0x89, 0x43, 0x89, 0x43, 0x89, 0x43,
    0x89, 0x43, 0x89, 0x43, 0x89, 0x43, 0x89, 0x43, 0x89, 0x43, 0x89, 0x43, 0x89, 0x43, 0x89, 0x43, 0x89, 0x43, 0x89,
    0x43, 0x89, 0x43, 0x89, 0x43, 0x89, 0x43, 0x89, 0x43, 0x89, 0x43, 0x89, 0x43, 0x89, 0x43, 0x89, 0x43, 0x89, 0x43,
    0x89, 0x43, 0x89, 0x43, 0x89, 0x43, 0x89, 0x43, 0x89, 0x43, 0x89, 0x43, 0x89, 0x43, 0x89, 0x43, 0x89, 0x43, 0x89,
    0x43, 0x69, 0xFE, 0x69, 0xFE, 0x69, 0xFE, 0x69, 0xFE, 0x69, 0xFE, 0x69, 0xFE, 0x69, 0xFE, 0x69, 0xFE, 0x69, 0xFE,
    0x69, 0xFE, 0x69, 0xFE, 0x69, 0xFE, 0x69, 0xFE, 0x69, 0xFE, 0x69, 0xFE, 0x69, 0xFE, 0x69, 0xFE, 0x69, 0xFE, 0x69,
    0xFE, 0x69, 0xFE, 0x69, 0xFE, 0x69, 0xFE, 0x69, 0xFE, 0x69, 0xFE, 0x69, 0xFE, 0x69, 0xFE, 0x69, 0xFE, 0x69, 0xFE,
    0x69, 0xFE, 0x69, 0xFE, 0x69, 0xFE, 0x69, 0xFE, 0x69, 0xFE, 0x69, 0xFE, 0x69, 0xFE, 0x69, 0xFE, 0x69, 0xFE, 0x69,
    0xFE, 0x69, 0xFE, 0x69, 0xFE, 0x69, 0xFE, 0x69, 0xFE, 0x69, 0xFE, 0x69, 0xFE, 0x69, 0xFE, 0x69, 0xFE, 0x69, 0xFE,
    0x69, 0xFE, 0x69, 0xFE, 0x69, 0xFE, 0x69, 0xFE, 0x69, 0xFE, 0x69, 0xFE, 0x69, 0xFE, 0x69, 0xFE, 0x69, 0xFE, 0x69,
    0xFE, 0x69, 0xFE, 0x69, 0xFE, 0x69, 0xFE, 0x69, 0xFE, 0x69, 0xFE, 0x69, 0xFE, 0x69, 0xFE, 0x69, 0xFE, 0x69, 0xFE,
    0x69, 0xFE, 0x69, 0xFE, 0x69, 0xFE, 0x69, 0xFE, 0x69, 0xFE, 0x69, 0xFE, 0x69, 0xFE, 0x69, 0xFE, 0x69, 0xFE, 0x69,
    0xFE, 0x69, 0xFE, 0x69, 0xFE, 0x69, 0xFE, 0x69, 0xFE, 0x69, 0xFE, 0x69, 0xFE, 0x69, 0xFE, 0x69, 0xFE, 0x69, 0xFE,
    0x69, 0xFE, 0x69, 0xFE, 0x69, 0xFE, 0x69, 0xFE, 0x69, 0xFE, 0x69, 0xFE, 0x69, 0xFE, 0x69, 0xFE, 0x69, 0xFE, 0x69,
    0xFE, 0x69, 0xFE, 0x69, 0xFE, 0x69, 0xFE, 0x69, 0xFE, 0x69, 0xFE, 0x69, 0xFE, 0x69, 0xFE, 0x69, 0xFE, 0x69, 0xFE,
    0x69, 0xFE, 0x69, 0xFE, 0x69, 0xFE, 0x69, 0xFE, 0x69, 0xFE, 0x69, 0xFE, 0x69, 0xFE, 0x69, 0xFE, 0x69, 0xFE, 0x69,
    0xFE, 0x69, 0xFE, 0x69, 0xFE, 0x69, 0xFE, 0x69, 0xFE, 0x69, 0xFE, 0x69, 0xFE, 0x69, 0xFE, 0x69, 0xFE, 0x69, 0xFE,
    0x69, 0xFE, 0x69, 0xFE, 0x69, 0xFE, 0x69, 0xFE, 0x69, 0xFE, 0x69, 0xFE, 0x69, 0xFE, 0x69, 0xFE, 0x69, 0xFE, 0x69,
    0xFE, 0x69, 0xFE, 0x89, 0x43, 0x89, 0x43, 0x89, 0x43, 0x89, 0x43, 0x89, 0x43, 0x89, 0x43, 0x89, 0x43, 0x89, 0x43,
    0x89, 0x43, 0x89, 0x43, 0x89, 0x43, 0x89, 0x43, 0x89, 0x43, 0x89, 0x43, 0x89, 0x43, 0x89, 0x43, 0x89, 0x43, 0x89,
    0x43, 0x89, 0x43, 0x89, 0x43, 0x89, 0x43, 0x89, 0x43, 0x89, 0x43, 0x89, 0x43, 0x89, 0x43, 0x89, 0x43, 0x89, 0x43,
    0x89, 0x43, 0x89, 0x43, 0x89, 0x43, 0x89, 0x43, 0x89, 0x43, 0x89, 0x43, 0x89, 0x43, 0x89, 0x43, 0x89, 0x43, 0x89,
    0x43, 0x89, 0x43, 0x89, 0x43, 0x89, 0x43, 0x89, 0x43, 0x89, 0x43, 0x89, 0x43, 0x89, 0x43, 0x89, 0x43, 0x89, 0x43,
    0x89, 0x43, 0x89, 0x43, 0x89, 0x43, 0x89, 0x43, 0x89, 0x43, 0x89, 0x43, 0x89, 0x43, 0x89, 0x43, 0x89, 0x43, 0x89,
    0x43, 0x89, 0x43, 0x89, 0x43, 0x89, 0x43, 0x89, 0x43, 0x89, 0x43, 0x89, 0x43, 0x89, 0x43, 0x89, 0x43, 0x89, 0x43,
    0x89, 0x43, 0x89, 0x43, 0x89, 0x43, 0x89, 0x43, 0x89, 0x43, 0x89, 0x43, 0x89, 0x43, 0x89, 0x43, 0x89, 0x43, 0x89,
    0x43, 0x89, 0x43, 0x89, 0x43, 0x89, 0x43, 0x89, 0x43, 0x89, 0x43, 0x89, 0x43, 0x89, 0x43, 0x89, 0x43, 0x89, 0x43,
    0x89, 0x43, 0x89, 0x43, 0x89, 0x43, 0x89, 0x43, 0x89, 0x43, 0x89, 0x43, 0x89, 0x43, 0x89, 0x43, 0x89, 0x43, 0x89,
    0x43, 0x89, 0x43, 0x89, 0x43, 0x89, 0x43, 0x89, 0x43, 0x89, 0x43, 0x89, 0x43, 0x89, 0x43, 0x89, 0x43, 0x89, 0x43,
    0x89, 0x43, 0x89, 0x43, 0x89, 0x43, 0x69, 0xFE, 0x69, 0xFE, 0x69, 0xFE, 0x69, 0xFE, 0x69, 0xFE, 0x69, 0xFE, 0x69,
    0xFE, 0x69, 0xFE, 0x69, 0xFE, 0x69, 0xFE, 0x69, 0xFE, 0x69, 0xFE, 0x69, 0xFE, 0x69, 0xFE, 0x69, 0xFE, 0x69, 0xFE,
    0x69, 0xFE, 0x69, 0xFE, 0x69, 0xFE, 0x69, 0xFE, 0x69, 0xFE, 0x69, 0xFE, 0x69, 0xFE, 0x69, 0xFE, 0x69, 0xFE, 0x69,
    0xFE, 0x69, 0xFE, 0x69, 0xFE, 0x69, 0xFE, 0x69, 0xFE, 0x69, 0xFE, 0x69, 0xFE, 0x69, 0xFE, 0x69, 0xFE, 0x69, 0xFE,
    0x69, 0xFE, 0x69, 0xFE, 0x69, 0xFE, 0x69, 0xFE, 0x69, 0xFE, 0x69, 0xFE, 0x69, 0xFE, 0x69, 0xFE, 0x69, 0xFE, 0x69,
    0xFE, 0x69, 0xFE, 0x69, 0xFE, 0x69, 0xFE, 0x69, 0xFE, 0x69, 0xFE, 0x69, 0xFE, 0x69, 0xFE, 0x69, 0xFE, 0x69, 0xFE,
    0x69, 0xFE, 0x69, 0xFE, 0x69, 0xFE, 0x69, 0xFE, 0x69, 0xFE, 0x69, 0xFE, 0x69, 0xFE, 0x69, 0xFE, 0x69, 0xFE, 0x69,
    0xFE, 0x69, 0xFE, 0x69, 0xFE, 0x69, 0xFE, 0x69, 0xFE, 0x69, 0xFE, 0x69, 0xFE, 0x69, 0xFE, 0x69, 0xFE, 0x69, 0xFE,
    0x69, 0xFE, 0x69, 0xFE, 0x69, 0xFE, 0x69, 0xFE, 0x69, 0xFE, 0x69, 0xFE, 0x69, 0xFE, 0x69, 0xFE, 0x69, 0xFE, 0x69,
    0xFE, 0x69, 0xFE, 0x69, 0xFE, 0x69, 0xFE, 0x69, 0xFE, 0x69, 0xFE, 0x69, 0xFE, 0x69, 0xFE, 0x69, 0xFE, 0x69, 0xFE,
    0x69, 0xFE, 0x69, 0xFE, 0x69, 0xFE, 0x69, 0xFE, 0x69, 0xFE, 0x69, 0xFE, 0x69, 0xFE, 0x69, 0xFE, 0x69, 0xFE, 0x69,
    0xFE, 0x69, 0xFE, 0x69, 0xFE, 0x69, 0xFE, 0x69, 0xFE, 0x69, 0xFE, 0x69, 0xFE, 0x69, 0xFE, 0x69, 0xFE, 0x69, 0xFE,
    0x69, 0xFE, 0x69, 0xFE, 0x69, 0xFE, 0x69, 0xFE, 0x69, 0xFE, 0x69, 0xFE, 0x69, 0xFE, 0x69, 0xFE, 0x69, 0xFE, 0x69,
    0xFE, 0x69, 0xFE, 0x69, 0xFE, 0x69, 0xFE, 0x69, 0xFE, 0x69, 0xFE, 0x69, 0xFE, 0x69, 0xFE, 0x69, 0xFE, 0x69, 0xFE,
    0x69, 0xFE, 0x69, 0xFE, 0x69, 0xFE, 0x69, 0xFE, 0x89, 0x43, 0x89, 0x43, 0x89, 0x43, 0x89, 0x43, 0x89, 0x43, 0x89,
    0x43, 0x89, 0x43, 0x89, 0x43, 0x89, 0x43, 0x89, 0x43, 0x89, 0x43, 0x89, 0x43, 0x89, 0x43, 0x89, 0x43, 0x89, 0x43,
    0x89, 0x43, 0x89, 0x43, 0x89, 0x43, 0x89, 0x43, 0x89, 0x43, 0x89, 0x43, 0x89, 0x43, 0x89, 0x43, 0x89, 0x43, 0x89,
    0x43, 0x89, 0x43, 0x89, 0x43, 0x89, 0x43, 0x89, 0x43, 0x89, 0x43, 0x89, 0x43, 0x89, 0x43, 0x89, 0x43, 0x89, 0x43,
    0x89, 0x43, 0x89, 0x43, 0x89, 0x43, 0x89, 0x43, 0x89, 0x43, 0x89, 0x43, 0x89, 0x43, 0x89, 0x43, 0x89, 0x43, 0x89,
    0x43, 0x89, 0x43, 0x89, 0x43, 0x89, 0x43, 0x89, 0x43, 0x89, 0x43, 0x89, 0x43, 0x89, 0x43, 0x89, 0x43, 0x89, 0x43,
    0x89, 0x43, 0x89, 0x43, 0x89, 0x43, 0x89, 0x43, 0x89, 0x43, 0x89, 0x43, 0x89, 0x43, 0x89, 0x43, 0x89, 0x43, 0x89,
    0x43, 0x89, 0x43, 0x89, 0x43, 0x89, 0x43, 0x89, 0x43, 0x89, 0x43, 0x89, 0x43, 0x89, 0x43, 0x89, 0x43, 0x89, 0x43,
    0x89, 0x43, 0x89, 0x43, 0x89, 0x43, 0x89, 0x43, 0x89, 0x43, 0x89, 0x43, 0x89, 0x43, 0x89, 0x43, 0x89, 0x43, 0x89,
    0x43, 0x89, 0x43, 0x89, 0x43, 0x89, 0x43, 0x89, 0x43, 0x89, 0x43, 0x89, 0x43, 0x89, 0x43, 0x89, 0x43, 0x89, 0x43,
    0x89, 0x43, 0x89, 0x43, 0x89, 0x43, 0x89, 0x43, 0x89, 0x43, 0x89, 0x43, 0x89, 0x43, 0x89, 0x43, 0x89, 0x43, 0x89,
    0x43, 0x89, 0x43, 0x89, 0x43, 0x89, 0x43, 0x89, 0x43, 0x89, 0x43, 0x69, 0xFE, 0x69, 0xFE, 0x69, 0xFE, 0x69, 0xFE,
    0x69, 0xFE, 0x69, 0xFE, 0x69, 0xFE, 0x69, 0xFE, 0x69, 0xFE, 0x69, 0xFE, 0x69, 0xFE, 0x69, 0xFE, 0x69, 0xFE, 0x69,
    0xFE, 0x69, 0xFE, 0x69, 0xFE, 0x69, 0xFE, 0x69, 0xFE, 0x69, 0xFE, 0x69, 0xFE, 0x69, 0xFE, 0x69, 0xFE, 0x69, 0xFE,
    0x69, 0xFE, 0x69, 0xFE, 0x69, 0xFE, 0x69, 0xFE, 0x69, 0xFE, 0x69, 0xFE, 0x69, 0xFE, 0x69, 0xFE, 0x69, 0xFE, 0x69,
    0xFE, 0x69, 0xFE, 0x69, 0xFE, 0x69, 0xFE, 0x69, 0xFE, 0x69, 0xFE, 0x69, 0xFE, 0x69, 0xFE, 0x69, 0xFE, 0x69, 0xFE,
    0x69, 0xFE, 0x69, 0xFE, 0x69, 0xFE, 0x69, 0xFE, 0x69, 0xFE, 0x69, 0xFE, 0x69, 0xFE, 0x69, 0xFE, 0x69, 0xFE, 0x69,
    0xFE, 0x69, 0xFE, 0x69, 0xFE, 0x69, 0xFE, 0x69, 0xFE, 0x69, 0xFE, 0x69, 0xFE, 0x69, 0xFE, 0x69, 0xFE, 0x69, 0xFE,
    0x69, 0xFE, 0x69, 0xFE, 0x69, 0xFE, 0x69, 0xFE, 0x69, 0xFE, 0x69, 0xFE, 0x69, 0xFE, 0x69, 0xFE, 0x69, 0xFE, 0x69,
    0xFE, 0x69, 0xFE, 0x69, 0xFE, 0x69, 0xFE, 0x69, 0xFE, 0x69, 0xFE, 0x69, 0xFE, 0x69, 0xFE, 0x69, 0xFE, 0x69, 0xFE,
    0x69, 0xFE, 0x69, 0xFE, 0x69, 0xFE, 0x69, 0xFE, 0x69, 0xFE, 0x69, 0xFE, 0x69, 0xFE, 0x69, 0xFE, 0x69, 0xFE, 0x69,
    0xFE, 0x69, 0xFE, 0x69, 0xFE, 0x69, 0xFE, 0x69, 0xFE, 0x69, 0xFE, 0x69, 0xFE, 0x69, 0xFE, 0x69, 0xFE, 0x69, 0xFE,
    0x69, 0xFE, 0x69, 0xFE, 0x69, 0xFE, 0x69, 0xFE, 0x69, 0xFE, 0x69, 0xFE, 0x69, 0xFE, 0x69, 0xFE, 0x69, 0xFE, 0x69,
    0xFE, 0x69, 0xFE, 0x69, 0xFE, 0x69, 0xFE, 0x69, 0xFE, 0x69, 0xFE, 0x69, 0xFE, 0x69, 0xFE, 0x69, 0xFE, 0x69, 0xFE,
    0x69, 0xFE, 0x69, 0xFE, 0x69, 0xFE, 0x69, 0xFE, 0x69, 0xFE, 0x69, 0xFE, 0x69, 0xFE, 0x69, 0xFE, 0x69, 0xFE, 0x69,
    0xFE, 0x69, 0xFE, 0x69, 0xFE, 0x69, 0xFE, 0x69, 0xFE, 0x69, 0xFE, 0x69, 0xFE, 0x89, 0x43, 0x89, 0x43, 0x89, 0x43,
    0x89, 0x43, 0x89, 0x43, 0x89, 0x43, 0x89, 0x43, 0x89, 0x43, 0x89, 0x43, 0x89, 0x43, 0x89, 0x43, 0x89, 0x43, 0x89,
    0x43, 0x89, 0x43, 0x89, 0x43, 0x89, 0x43, 0x89, 0x43, 0x89, 0x43, 0x89, 0x43, 0x89, 0x43, 0x89, 0x43, 0x89, 0x43,
    0x89, 0x43, 0x89, 0x43, 0x89, 0x43, 0x89, 0x43, 0x89, 0x43, 0x89, 0x43, 0x89, 0x43, 0x89, 0x43, 0x89, 0x43, 0x89,
    0x43, 0x89, 0x43, 0x89, 0x43, 0x89, 0x43, 0x89, 0x43, 0x89, 0x43, 0x89, 0x43, 0x89, 0x43, 0x89, 0x43, 0x89, 0x43,
    0x89, 0x43, 0x89, 0x43, 0x89, 0x43, 0x89, 0x43, 0x89, 0x43, 0x89, 0x43, 0x89, 0x43, 0x89, 0x43, 0x89, 0x43, 0x89,
    0x43, 0x89, 0x43, 0x89, 0x43, 0x89, 0x43, 0x89, 0x43, 0x89, 0x43, 0x89, 0x43, 0x89, 0x43, 0x89, 0x43, 0x89, 0x43,
    0x89, 0x43, 0x89, 0x43, 0x89, 0x43, 0x89, 0x43, 0x89, 0x43, 0x89, 0x43, 0x89, 0x43, 0x89, 0x43, 0x89, 0x43, 0x89,
    0x43, 0x89, 0x43, 0x89, 0x43, 0x89, 0x43, 0x89, 0x43, 0x89, 0x43, 0x89, 0x43, 0x89, 0x43, 0x89, 0x43, 0x89, 0x43,
    0x89, 0x43, 0x89, 0x43, 0x89, 0x43, 0x89, 0x43, 0x89, 0x43, 0x89, 0x43, 0x89, 0x43, 0x89, 0x43, 0x89, 0x43, 0x89,
    0x43, 0x89, 0x43, 0x89, 0x43, 0x89, 0x43, 0x89, 0x43, 0x89, 0x43, 0x89, 0x43, 0x89, 0x43, 0x89, 0x43, 0x89, 0x43,
    0x89, 0x43, 0x89, 0x43, 0x69, 0xFE, 0x69, 0xFE, 0x69, 0xFE, 0x69, 0xFE, 0x69, 0xFE, 0x69, 0xFE, 0x69, 0xFE, 0x69,
    0xFE, 0x69, 0xFE, 0x69, 0xFE, 0x69, 0xFE, 0x69, 0xFE, 0x69, 0xFE, 0x69, 0xFE, 0x69, 0xFE, 0x69, 0xFE, 0x69, 0xFE,
    0x69, 0xFE, 0x69, 0xFE, 0x69, 0xFE, 0x69, 0xFE, 0x69, 0xFE, 0x69, 0xFE, 0x69, 0xFE, 0x69, 0xFE, 0x69, 0xFE, 0x69,
    0xFE, 0x69, 0xFE, 0x69, 0xFE, 0x69, 0xFE, 0x69, 0xFE, 0x69, 0xFE, 0x69, 0xFE, 0x69, 0xFE, 0x69, 0xFE, 0x69, 0xFE,
    0x69, 0xFE, 0x69, 0xFE, 0x69, 0xFE, 0x69, 0xFE, 0x69, 0xFE, 0x69, 0xFE, 0x69, 0xFE, 0x69, 0xFE, 0x69, 0xFE, 0x69,
    0xFE, 0x69, 0xFE, 0x69, 0xFE, 0x69, 0xFE, 0x69, 0xFE, 0x69, 0xFE, 0x69, 0xFE, 0x69, 0xFE, 0x69, 0xFE, 0x69, 0xFE,
    0x69, 0xFE, 0x69, 0xFE, 0x69, 0xFE, 0x69, 0xFE, 0x69, 0xFE, 0x69, 0xFE, 0x69, 0xFE, 0x69, 0xFE, 0x69, 0xFE, 0x69,
    0xFE, 0x69, 0xFE, 0x69, 0xFE, 0x69, 0xFE, 0x69, 0xFE, 0x69, 0xFE, 0x69, 0xFE, 0x69, 0xFE, 0x69, 0xFE, 0x69, 0xFE,
    0x69, 0xFE, 0x69, 0xFE, 0x69, 0xFE, 0x69, 0xFE, 0x69, 0xFE, 0x69, 0xFE, 0x69, 0xFE, 0x69, 0xFE, 0x69, 0xFE, 0x69,
    0xFE, 0x69, 0xFE, 0x69, 0xFE, 0x69, 0xFE, 0x69, 0xFE, 0x69, 0xFE, 0x69, 0xFE, 0x69, 0xFE, 0x69, 0xFE, 0x69, 0xFE,
    0x69, 0xFE, 0x69, 0xFE, 0x69, 0xFE, 0x69, 0xFE, 0x69, 0xFE, 0x69, 0xFE, 0x69, 0xFE, 0x69, 0xFE, 0x69, 0xFE, 0x69,
    0xFE, 0x69, 0xFE, 0x69, 0xFE, 0x69, 0xFE, 0x69, 0xFE, 0x69, 0xFE, 0x69, 0xFE, 0x69, 0xFE, 0x69, 0xFE, 0x69, 0xFE,
    0x69, 0xFE, 0x69, 0xFE, 0x69, 0xFE, 0x69, 0xFE, 0x69, 0xFE, 0x69, 0xFE, 0x69, 0xFE, 0x69, 0xFE, 0x69, 0xFE, 0x69,
    0xFE, 0x69, 0xFE, 0x69, 0xFE, 0x69, 0xFE, 0x69, 0xFE, 0x69, 0xFE, 0x69, 0xFE, 0x69, 0xFE, 0x69, 0xFE, 0x69, 0xFE,
    0x69, 0xFE, 0x69, 0xFE, 0x69, 0xFE, 0x69, 0xFE, 0x69, 0xFE, 0x69, 0xFE, 0x69, 0xFE, 0x69, 0xFE, 0x69, 0xFE, 0x69,
    0xFE, 0x69, 0xFE, 0x69, 0xFE, 0x69, 0xFE, 0x69, 0xFE, 0x69, 0xFE, 0x89, 0x43, 0x89, 0x43, 0x89, 0x43, 0x89, 0x43,
    0x89, 0x43, 0x89, 0x43, 0x89, 0x43, 0x89, 0x43, 0x89, 0x43, 0x89, 0x43, 0x89, 0x43, 0x89, 0x43, 0x89, 0x43, 0x89,
    0x43, 0x89, 0x43, 0x89, 0x43, 0x89, 0x43, 0x89, 0x43, 0x89, 0x43, 0x89, 0x43, 0x89, 0x43, 0x89, 0x43, 0x89, 0x43,
    0x89, 0x43, 0x89, 0x43, 0x89, 0x43, 0x89, 0x43, 0x89, 0x43, 0x89, 0x43, 0x89, 0x43, 0x89, 0x43, 0x89, 0x43, 0x89,
    0x43, 0x89, 0x43, 0x89, 0x43, 0x89, 0x43, 0x89, 0x43, 0x89, 0x43, 0x89, 0x43, 0x89, 0x43, 0x89, 0x43, 0x89, 0x43,
    0x89, 0x43, 0x89, 0x43, 0x89, 0x43, 0x89, 0x43, 0x89, 0x43, 0x89, 0x43, 0x89, 0x43, 0x89, 0x43, 0x89, 0x43, 0x89,
    0x43, 0x89, 0x43, 0x89, 0x43, 0x89, 0x43, 0x89, 0x43, 0x89, 0x43, 0x89, 0x43, 0x89, 0x43, 0x89, 0x43, 0x89, 0x43,
    0x89, 0x43, 0x89, 0x43, 0x89, 0x43, 0x89, 0x43, 0x89, 0x43, 0x89, 0x43, 0x89, 0x43, 0x89, 0x43, 0x89, 0x43, 0x89,
    0x43, 0x89, 0x43, 0x89, 0x43, 0x89, 0x43, 0x89, 0x43, 0x89, 0x43, 0x89, 0x43, 0x89, 0x43, 0x89, 0x43, 0x89, 0x43,
    0x89, 0x43, 0x89, 0x43, 0x89, 0x43, 0x89, 0x43, 0x89, 0x43, 0x89, 0x43, 0x89, 0x43, 0x89, 0x43, 0x89, 0x43, 0x89,
    0x43, 0x89, 0x43, 0x89, 0x43, 0x89, 0x43, 0x89, 0x43, 0x69, 0xFE, 0x69, 0xFE, 0x69, 0xFE, 0x69, 0xFE, 0x69, 0xFE,
    0x69, 0xFE, 0x69, 0xFE, 0x69, 0xFE, 0x69, 0xFE, 0x69, 0xFE, 0x69, 0xFE, 0x69, 0xFE, 0x69, 0xFE, 0x69, 0xFE, 0x69,
    0xFE, 0x69, 0xFE, 0x69, 0xFE, 0x69, 0xFE, 0x69, 0xFE, 0x69, 0xFE, 0x69, 0xFE, 0x69, 0xFE, 0x69, 0xFE, 0x69, 0xFE,
    0x69, 0xFE, 0x69, 0xFE, 0x69, 0xFE, 0x69, 0xFE, 0x69, 0xFE, 0x69, 0xFE, 0x69, 0xFE, 0x69, 0xFE, 0x69, 0xFE, 0x69,
    0xFE, 0x69, 0xFE, 0x69, 0xFE, 0x69, 0xFE, 0x69, 0xFE, 0x69, 0xFE, 0x69, 0xFE, 0x69, 0xFE, 0x69, 0xFE, 0x69, 0xFE,
    0x69, 0xFE, 0x69, 0xFE, 0x69, 0xFE, 0x69, 0xFE, 0x69, 0xFE, 0x69, 0xFE, 0x69, 0xFE, 0x69, 0xFE, 0x69, 0xFE, 0x69,
    0xFE, 0x69, 0xFE, 0x69, 0xFE, 0x69, 0xFE, 0x69, 0xFE, 0x69, 0xFE, 0x69, 0xFE, 0x69, 0xFE, 0x69, 0xFE, 0x69, 0xFE,
    0x69, 0xFE, 0x69, 0xFE, 0x69, 0xFE, 0x69, 0xFE, 0x69, 0xFE, 0x69, 0xFE, 0x69, 0xFE, 0x69, 0xFE, 0x69, 0xFE, 0x69,
    0xFE, 0x69, 0xFE, 0x69, 0xFE, 0x69, 0xFE, 0x69, 0xFE, 0x69, 0xFE, 0x69, 0xFE, 0x69, 0xFE, 0x69, 0xFE, 0x69, 0xFE,
    0x69, 0xFE, 0x69, 0xFE, 0x69, 0xFE, 0x69, 0xFE, 0x69, 0xFE, 0x69, 0xFE, 0x69, 0xFE, 0x69, 0xFE, 0x69, 0xFE, 0x69,
    0xFE, 0x69, 0xFE, 0x69, 0xFE, 0x69, 0xFE, 0x69, 0xFE, 0x69, 0xFE, 0x69, 0xFE, 0x69, 0xFE, 0x69, 0xFE, 0x69, 0xFE,
    0x69, 0xFE, 0x69, 0xFE, 0x69, 0xFE, 0x69, 0xFE, 0x69, 0xFE, 0x69, 0xFE, 0x69, 0xFE, 0x69, 0xFE, 0x69, 0xFE, 0x69,
    0xFE, 0x69, 0xFE, 0x69, 0xFE, 0x69, 0xFE, 0x69, 0xFE, 0x69, 0xFE, 0x69, 0xFE, 0x69, 0xFE, 0x69, 0xFE, 0x69, 0xFE,
    0x69, 0xFE, 0x69, 0xFE, 0x69, 0xFE, 0x69, 0xFE, 0x69, 0xFE, 0x69, 0xFE, 0x69, 0xFE, 0x69, 0xFE, 0x69, 0xFE, 0x69,
    0xFE, 0x69, 0xFE, 0x69, 0xFE, 0x69, 0xFE, 0x69, 0xFE, 0x69, 0xFE, 0x69, 0xFE, 0x69, 0xFE, 0x69, 0xFE, 0x69, 0xFE,
    0x69, 0xFE, 0x69, 0xFE, 0x69, 0xFE, 0x69, 0xFE, 0x69, 0xFE, 0x69, 0xFE, 0x69, 0xFE, 0x69, 0xFE, 0x89, 0x43, 0x89,
    0x43, 0x89, 0x43, 0x89, 0x43, 0x89, 0x43, 0x89, 0x43, 0x89, 0x43, 0x89, 0x43, 0x89, 0x43, 0x89, 0x43, 0x89, 0x43,
    0x89, 0x43, 0x89, 0x43, 0x89, 0x43, 0x89, 0x43, 0x89, 0x43, 0x89, 0x43, 0x89, 0x43, 0x89, 0x43, 0x89, 0x43, 0x89,
    0x43, 0x89, 0x43, 0x89, 0x43, 0x89, 0x43, 0x89, 0x43, 0x89, 0x43, 0x89, 0x43, 0x89, 0x43, 0x89, 0x43, 0x89, 0x43,
    0x89, 0x43, 0x89, 0x43, 0x89, 0x43, 0x89, 0x43, 0x89, 0x43, 0x89, 0x43, 0x89, 0x43, 0x89, 0x43, 0x89, 0x43, 0x89,
    0x43, 0x89, 0x43, 0x89, 0x43, 0x89, 0x43, 0x89, 0x43, 0x89, 0x43, 0x89, 0x43, 0x89, 0x43, 0x89, 0x43, 0x89, 0x43,
    0x89, 0x43, 0x89, 0x43, 0x89, 0x43, 0x89, 0x43, 0x89, 0x43, 0x89, 0x43, 0x89, 0x43, 0x89, 0x43, 0x89, 0x43, 0x89,
    0x43, 0x89, 0x43, 0x89, 0x43, 0x89, 0x43, 0x89, 0x43, 0x89, 0x43, 0x89, 0x43, 0x89, 0x43, 0x89, 0x43, 0x89, 0x43,
    0x89, 0x43, 0x89, 0x43, 0x89, 0x43, 0x89, 0x43, 0x89, 0x43, 0x89, 0x43, 0x89, 0x43, 0x89, 0x43, 0x89, 0x43, 0x89,
    0x43, 0x89, 0x43, 0x89, 0x43, 0x89, 0x43, 0x89, 0x43, 0x89, 0x43, 0x89, 0x43, 0x89, 0x43, 0x89, 0x43, 0x89, 0x43,
    0x89, 0x43, 0x89, 0x43, 0x89, 0x43, 0x89, 0x43, 0x89, 0x43, 0x89, 0x43, 0x89, 0x43, 0x69, 0xFE, 0x69, 0xFE, 0x69,
    0xFE, 0x69, 0xFE, 0x69, 0xFE, 0x69, 0xFE, 0x69, 0xFE, 0x69, 0xFE, 0x69, 0xFE, 0x69, 0xFE, 0x69, 0xFE, 0x69, 0xFE,
    0x69, 0xFE, 0x69, 0xFE, 0x69, 0xFE, 0x69, 0xFE, 0x69, 0xFE, 0x69, 0xFE, 0x69, 0xFE, 0x69, 0xFE, 0x69, 0xFE, 0x69,
    0xFE, 0x69, 0xFE, 0x69, 0xFE, 0x69, 0xFE, 0x69, 0xFE, 0x69, 0xFE, 0x69, 0xFE, 0x69, 0xFE, 0x69, 0xFE, 0x69, 0xFE,
    0x69, 0xFE, 0x69, 0xFE, 0x69, 0xFE, 0x69, 0xFE, 0x69, 0xFE, 0x69, 0xFE, 0x69, 0xFE, 0x69, 0xFE, 0x69, 0xFE, 0x69,
    0xFE, 0x69, 0xFE, 0x69, 0xFE, 0x69, 0xFE, 0x69, 0xFE, 0x69, 0xFE, 0x69, 0xFE, 0x69, 0xFE, 0x69, 0xFE, 0x69, 0xFE,
    0x69, 0xFE, 0x69, 0xFE, 0x69, 0xFE, 0x69, 0xFE, 0x69, 0xFE, 0x69, 0xFE, 0x69, 0xFE, 0x69, 0xFE, 0x69, 0xFE, 0x69,
    0xFE, 0x69, 0xFE, 0x69, 0xFE, 0x69, 0xFE, 0x69, 0xFE, 0x69, 0xFE, 0x69, 0xFE, 0x69, 0xFE, 0x69, 0xFE, 0x69, 0xFE,
    0x69, 0xFE, 0x69, 0xFE, 0x69, 0xFE, 0x69, 0xFE, 0x69, 0xFE, 0x69, 0xFE, 0x69, 0xFE, 0x69, 0xFE, 0x69, 0xFE, 0x69,
    0xFE, 0x69, 0xFE, 0x69, 0xFE, 0x69, 0xFE, 0x69, 0xFE, 0x69, 0xFE, 0x69, 0xFE, 0x69, 0xFE, 0x69, 0xFE, 0x69, 0xFE,
    0x69, 0xFE, 0x69, 0xFE, 0x69, 0xFE, 0x69, 0xFE, 0x69, 0xFE, 0x69, 0xFE, 0x69, 0xFE, 0x69, 0xFE, 0x69, 0xFE, 0x69,
    0xFE, 0x69, 0xFE, 0x69, 0xFE, 0x69, 0xFE, 0x69, 0xFE, 0x69, 0xFE, 0x69, 0xFE, 0x69, 0xFE, 0x69, 0xFE, 0x69, 0xFE,
    0x69, 0xFE, 0x69, 0xFE, 0x69, 0xFE, 0x69, 0xFE, 0x69, 0xFE, 0x69, 0xFE, 0x69, 0xFE, 0x69, 0xFE, 0x69, 0xFE, 0x69,
    0xFE, 0x69, 0xFE, 0x69, 0xFE, 0x69, 0xFE, 0x69, 0xFE, 0x69, 0xFE, 0x69, 0xFE, 0x69, 0xFE, 0x69, 0xFE, 0x69, 0xFE,
    0x69, 0xFE, 0x69, 0xFE, 0x69, 0xFE, 0x69, 0xFE, 0x69, 0xFE, 0x69, 0xFE, 0x69, 0xFE, 0x69, 0xFE, 0x69, 0xFE, 0x69,
    0xFE, 0x69, 0xFE, 0x69, 0xFE, 0x69, 0xFE, 0x69, 0xFE, 0x69, 0xFE, 0x69, 0xFE, 0x69, 0xFE, 0x69, 0xFE, 0x69, 0xFE,
    0x69, 0xFE, 0x89, 0x43, 0x89, 0x43, 0x89, 0x43, 0x89, 0x43, 0x89, 0x43, 0x89, 0x43, 0x89, 0x43, 0x89, 0x43, 0x89,
    0x43, 0x89, 0x43, 0x89, 0x43, 0x89, 0x43, 0x89, 0x43, 0x89, 0x43, 0x89, 0x43, 0x89, 0x43, 0x89, 0x43, 0x89, 0x43,
    0x89, 0x43, 0x89, 0x43, 0x89, 0x43, 0x89, 0x43, 0x89, 0x43, 0x89, 0x43, 0x89, 0x43, 0x89, 0x43, 0x89, 0x43, 0x89,
    0x43, 0x89, 0x43, 0x89, 0x43, 0x89, 0x43, 0x89, 0x43, 0x89, 0x43, 0x89, 0x43, 0x89, 0x43, 0x89, 0x43, 0x89, 0x43,
    0x89, 0x43, 0x89, 0x43, 0x89, 0x43, 0x89, 0x43, 0x89, 0x43, 0x89, 0x43, 0x89, 0x43, 0x89, 0x43, 0x89, 0x43, 0x89,
    0x43, 0x89, 0x43, 0x89, 0x43, 0x89, 0x43, 0x89, 0x43, 0x89, 0x43, 0x89, 0x43, 0x89, 0x43, 0x89, 0x43, 0x89, 0x43,
    0x89, 0x43, 0x89, 0x43, 0x89, 0x43, 0x89, 0x43, 0x89, 0x43, 0x89, 0x43, 0x89, 0x43, 0x89, 0x43, 0x89, 0x43, 0x89,
    0x43, 0x89, 0x43, 0x89, 0x43, 0x89, 0x43, 0x89, 0x43, 0x89, 0x43, 0x89, 0x43, 0x89, 0x43, 0x89, 0x43, 0x89, 0x43,
    0x89, 0x43, 0x89, 0x43, 0x89, 0x43, 0x89, 0x43, 0x89, 0x43, 0x89, 0x43, 0x89, 0x43, 0x89, 0x43, 0x89, 0x43, 0x89,
    0x43, 0x89, 0x43, 0x89, 0x43, 0x89, 0x43, 0x89, 0x43, 0x89, 0x43, 0x69, 0xFE, 0x69, 0xFE, 0x69, 0xFE, 0x69, 0xFE,
    0x69, 0xFE, 0x69, 0xFE, 0x69, 0xFE, 0x69, 0xFE, 0x69, 0xFE, 0x69, 0xFE, 0x69, 0xFE, 0x69, 0xFE, 0x69, 0xFE, 0x69,
    0xFE, 0x69, 0xFE, 0x69, 0xFE, 0x69, 0xFE, 0x69, 0xFE, 0x69, 0xFE, 0x69, 0xFE, 0x69, 0xFE, 0x69, 0xFE, 0x69, 0xFE,
    0x69, 0xFE, 0x69, 0xFE, 0x69, 0xFE, 0x69, 0xFE, 0x69, 0xFE, 0x69, 0xFE, 0x69, 0xFE, 0x69, 0xFE, 0x69, 0xFE, 0x69,
    0xFE, 0x69, 0xFE, 0x69, 0xFE, 0x69, 0xFE, 0x69, 0xFE, 0x69, 0xFE, 0x69, 0xFE, 0x69, 0xFE, 0x69, 0xFE, 0x69, 0xFE,
    0x69, 0xFE, 0x69, 0xFE, 0x69, 0xFE, 0x69, 0xFE, 0x69, 0xFE, 0x69, 0xFE, 0x69, 0xFE, 0x69, 0xFE, 0x69, 0xFE, 0x69,
    0xFE, 0x69, 0xFE, 0x69, 0xFE, 0x69, 0xFE, 0x69, 0xFE, 0x69, 0xFE, 0x69, 0xFE, 0x69, 0xFE, 0x69, 0xFE, 0x69, 0xFE,
    0x69, 0xFE, 0x69, 0xFE, 0x69, 0xFE, 0x69, 0xFE, 0x69, 0xFE, 0x69, 0xFE, 0x69, 0xFE, 0x69, 0xFE, 0x69, 0xFE, 0x69,
    0xFE, 0x69, 0xFE, 0x69, 0xFE, 0x69, 0xFE, 0x69, 0xFE, 0x69, 0xFE, 0x69, 0xFE, 0x69, 0xFE, 0x69, 0xFE, 0x69, 0xFE,
    0x69, 0xFE, 0x69, 0xFE, 0x69, 0xFE, 0x69, 0xFE, 0x69, 0xFE, 0x69, 0xFE, 0x69, 0xFE, 0x69, 0xFE, 0x69, 0xFE, 0x69,
    0xFE, 0x69, 0xFE, 0x69, 0xFE, 0x69, 0xFE, 0x69, 0xFE, 0x69, 0xFE, 0x69, 0xFE, 0x69, 0xFE, 0x69, 0xFE, 0x69, 0xFE,
    0x69, 0xFE, 0x69, 0xFE, 0x69, 0xFE, 0x69, 0xFE, 0x69, 0xFE, 0x69, 0xFE, 0x69, 0xFE, 0x69, 0xFE, 0x69, 0xFE, 0x69,
    0xFE, 0x69, 0xFE, 0x69, 0xFE, 0x69, 0xFE, 0x69, 0xFE, 0x69, 0xFE, 0x69, 0xFE, 0x69, 0xFE, 0x69, 0xFE, 0x69, 0xFE,
    0x69, 0xFE, 0x69, 0xFE, 0x69, 0xFE, 0x69, 0xFE, 0x69, 0xFE, 0x69, 0xFE, 0x69, 0xFE, 0x69, 0xFE, 0x69, 0xFE, 0x69,
    0xFE, 0x69, 0xFE, 0x69, 0xFE, 0x69, 0xFE, 0x69, 0xFE, 0x69, 0xFE, 0x69, 0xFE, 0x69, 0xFE, 0x69, 0xFE, 0x69, 0xFE,
    0x69, 0xFE, 0x69, 0xFE, 0x69, 0xFE, 0x69, 0xFE, 0x69, 0xFE, 0x69, 0xFE, 0x69, 0xFE, 0x69, 0xFE, 0x69, 0xFE, 0x69,
    0xFE, 0x69, 0xFE, 0x69, 0xFE, 0x69, 0xFE, 0x69, 0xFE, 0x69, 0xFE, 0x69, 0xFE, 0x69, 0xFE, 0x89, 0x43, 0x89, 0x43,
    0x89, 0x43, 0x89, 0x43, 0x89, 0x43, 0x89, 0x43, 0x89, 0x43, 0x89, 0x43, 0x89, 0x43, 0x89, 0x43, 0x89, 0x43, 0x89,
    0x43, 0x89, 0x43, 0x89, 0x43, 0x89, 0x43, 0x89, 0x43, 0x89, 0x43, 0x89, 0x43, 0x89, 0x43, 0x89, 0x43, 0x89, 0x43,
    0x89, 0x43, 0x89, 0x43, 0x89, 0x43, 0x89, 0x43, 0x89, 0x43, 0x89, 0x43, 0x89, 0x43, 0x89, 0x43, 0x89, 0x43, 0x89,
    0x43, 0x89, 0x43, 0x89, 0x43, 0x89, 0x43, 0x89, 0x43, 0x89, 0x43, 0x89, 0x43, 0x89, 0x43, 0x89, 0x43, 0x89, 0x43,
    0x89, 0x43, 0x89, 0x43, 0x89, 0x43, 0x89, 0x43, 0x89, 0x43, 0x89, 0x43, 0x89, 0x43, 0x89, 0x43, 0x89, 0x43, 0x89,
    0x43, 0x89, 0x43, 0x89, 0x43, 0x89, 0x43, 0x89, 0x43, 0x89, 0x43, 0x89, 0x43, 0x89, 0x43, 0x89, 0x43, 0x89, 0x43,
    0x89, 0x43, 0x89, 0x43, 0x89, 0x43, 0x89, 0x43, 0x89, 0x43, 0x89, 0x43, 0x89, 0x43, 0x89, 0x43, 0x89, 0x43, 0x89,
    0x43, 0x89, 0x43, 0x89, 0x43, 0x89, 0x43, 0x89, 0x43, 0x89, 0x43, 0x89, 0x43, 0x89, 0x43, 0x89, 0x43, 0x89, 0x43,
    0x89, 0x43, 0x89, 0x43, 0x89, 0x43, 0x89, 0x43, 0x89, 0x43, 0x89, 0x43, 0x89, 0x43, 0x89, 0x43, 0x69, 0xFE, 0x69,
    0xFE, 0x69, 0xFE, 0x69, 0xFE, 0x69, 0xFE, 0x69, 0xFE, 0x69, 0xFE, 0x69, 0xFE, 0x69, 0xFE, 0x69, 0xFE, 0x69, 0xFE,
    0x69, 0xFE, 0x69, 0xFE, 0x69, 0xFE, 0x69, 0xFE, 0x69, 0xFE, 0x69, 0xFE, 0x69, 0xFE, 0x69, 0xFE, 0x69, 0xFE, 0x69,
    0xFE, 0x69, 0xFE, 0x69, 0xFE, 0x69, 0xFE, 0x69, 0xFE, 0x69, 0xFE, 0x69, 0xFE, 0x69, 0xFE, 0x69, 0xFE, 0x69, 0xFE,
    0x69, 0xFE, 0x69, 0xFE, 0x69, 0xFE, 0x69, 0xFE, 0x69, 0xFE, 0x69, 0xFE, 0x69, 0xFE, 0x69, 0xFE, 0x69, 0xFE, 0x69,
    0xFE, 0x69, 0xFE, 0x69, 0xFE, 0x69, 0xFE, 0x69, 0xFE, 0x69, 0xFE, 0x69, 0xFE, 0x69, 0xFE, 0x69, 0xFE, 0x69, 0xFE,
    0x69, 0xFE, 0x69, 0xFE, 0x69, 0xFE, 0x69, 0xFE, 0x69, 0xFE, 0x69, 0xFE, 0x69, 0xFE, 0x69, 0xFE, 0x69, 0xFE, 0x69,
    0xFE, 0x69, 0xFE, 0x69, 0xFE, 0x69, 0xFE, 0x69, 0xFE, 0x69, 0xFE, 0x69, 0xFE, 0x69, 0xFE, 0x69, 0xFE, 0x69, 0xFE,
    0x69, 0xFE, 0x69, 0xFE, 0x69, 0xFE, 0x69, 0xFE, 0x69, 0xFE, 0x69, 0xFE, 0x69, 0xFE, 0x69, 0xFE, 0x69, 0xFE, 0x69,
    0xFE, 0x69, 0xFE, 0x69, 0xFE, 0x69, 0xFE, 0x69, 0xFE, 0x69, 0xFE, 0x69, 0xFE, 0x69, 0xFE, 0x69, 0xFE, 0x69, 0xFE,
    0x69, 0xFE, 0x69, 0xFE, 0x69, 0xFE, 0x69, 0xFE, 0x69, 0xFE, 0x69, 0xFE, 0x69, 0xFE, 0x69, 0xFE, 0x69, 0xFE, 0x69,
    0xFE, 0x69, 0xFE, 0x69, 0xFE, 0x69, 0xFE, 0x69, 0xFE, 0x69, 0xFE, 0x69, 0xFE, 0x69, 0xFE, 0x69, 0xFE, 0x69, 0xFE,
    0x69, 0xFE, 0x69, 0xFE, 0x69, 0xFE, 0x69, 0xFE, 0x69, 0xFE, 0x69, 0xFE, 0x69, 0xFE, 0x69, 0xFE, 0x69, 0xFE, 0x69,
    0xFE, 0x69, 0xFE, 0x69, 0xFE, 0x69, 0xFE, 0x69, 0xFE, 0x69, 0xFE, 0x69, 0xFE, 0x69, 0xFE, 0x69, 0xFE, 0x69, 0xFE,
    0x69, 0xFE, 0x69, 0xFE, 0x69, 0xFE, 0x69, 0xFE, 0x69, 0xFE, 0x69, 0xFE, 0x69, 0xFE, 0x69, 0xFE, 0x69, 0xFE, 0x69,
    0xFE, 0x69, 0xFE, 0x69, 0xFE, 0x69, 0xFE, 0x69, 0xFE, 0x69, 0xFE, 0x69, 0xFE, 0x69, 0xFE, 0x69, 0xFE, 0x69, 0xFE,
    0x69, 0xFE, 0x69, 0xFE, 0x69, 0xFE, 0x69, 0xFE, 0x69, 0xFE, 0x69, 0xFE, 0x69, 0xFE, 0x69, 0xFE, 0x69, 0xFE, 0x69,
    0xFE, 0x89, 0x43, 0x89, 0x43, 0x89, 0x43, 0x89, 0x43, 0x89, 0x43, 0x89, 0x43, 0x89, 0x43, 0x89, 0x43, 0x89, 0x43,
    0x89, 0x43, 0x89, 0x43, 0x89, 0x43, 0x89, 0x43, 0x89, 0x43, 0x89, 0x43, 0x89, 0x43, 0x89, 0x43, 0x89, 0x43, 0x89,
    0x43, 0x89, 0x43, 0x89, 0x43, 0x89, 0x43, 0x89, 0x43, 0x89, 0x43, 0x89, 0x43, 0x89, 0x43, 0x89, 0x43, 0x89, 0x43,
    0x89, 0x43, 0x89, 0x43, 0x89, 0x43, 0x89, 0x43, 0x89, 0x43, 0x89, 0x43, 0x89, 0x43, 0x89, 0x43, 0x89, 0x43, 0x89,
    0x43, 0x89, 0x43, 0x89, 0x43, 0x89, 0x43, 0x89, 0x43, 0x89, 0x43, 0x89, 0x43, 0x89, 0x43, 0x89, 0x43, 0x89, 0x43,
    0x89, 0x43, 0x89, 0x43, 0x89, 0x43, 0x89, 0x43, 0x89, 0x43, 0x89, 0x43, 0x89, 0x43, 0x89, 0x43, 0x89, 0x43, 0x89,
    0x43, 0x89, 0x43, 0x89, 0x43, 0x89, 0x43, 0x89, 0x43, 0x89, 0x43, 0x89, 0x43, 0x89, 0x43, 0x89, 0x43, 0x89, 0x43,
    0x89, 0x43, 0x89, 0x43, 0x89, 0x43, 0x89, 0x43, 0x89, 0x43, 0x89, 0x43, 0x89, 0x43, 0x89, 0x43, 0x89, 0x43, 0x89,
    0x43, 0x89, 0x43, 0x89, 0x43, 0x89, 0x43, 0x89, 0x43, 0x89, 0x43, 0x89, 0x43, 0x89, 0x43, 0x89, 0x43, 0x89, 0x43,
    0x89, 0x43, 0x69, 0xFE, 0x69, 0xFE, 0x69, 0xFE, 0x69, 0xFE, 0x69, 0xFE, 0x69, 0xFE, 0x69, 0xFE, 0x69, 0xFE, 0x69,
    0xFE, 0x69, 0xFE, 0x69, 0xFE, 0x69, 0xFE, 0x69, 0xFE, 0x69, 0xFE, 0x69, 0xFE, 0x69, 0xFE, 0x69, 0xFE, 0x69, 0xFE,
    0x69, 0xFE, 0x69, 0xFE, 0x69, 0xFE, 0x69, 0xFE, 0x69, 0xFE, 0x69, 0xFE, 0x69, 0xFE, 0x69, 0xFE, 0x69, 0xFE, 0x69,
    0xFE, 0x69, 0xFE, 0x69, 0xFE, 0x69, 0xFE, 0x69, 0xFE, 0x69, 0xFE, 0x69, 0xFE, 0x69, 0xFE, 0x69, 0xFE, 0x69, 0xFE,
    0x69, 0xFE, 0x69, 0xFE, 0x69, 0xFE, 0x69, 0xFE, 0x69, 0xFE, 0x69, 0xFE, 0x69, 0xFE, 0x69, 0xFE, 0x69, 0xFE, 0x69,
    0xFE, 0x69, 0xFE, 0x69, 0xFE, 0x69, 0xFE, 0x69, 0xFE, 0x69, 0xFE, 0x69, 0xFE, 0x69, 0xFE, 0x69, 0xFE, 0x69, 0xFE,
    0x69, 0xFE, 0x69, 0xFE, 0x69, 0xFE, 0x69, 0xFE, 0x69, 0xFE, 0x69, 0xFE, 0x69, 0xFE, 0x69, 0xFE, 0x69, 0xFE, 0x69,
    0xFE, 0x69, 0xFE, 0x69, 0xFE, 0x69, 0xFE, 0x69, 0xFE, 0x69, 0xFE, 0x69, 0xFE, 0x69, 0xFE, 0x69, 0xFE, 0x69, 0xFE,
    0x69, 0xFE, 0x69, 0xFE, 0x69, 0xFE, 0x69, 0xFE, 0x69, 0xFE, 0x69, 0xFE, 0x69, 0xFE, 0x69, 0xFE, 0x69, 0xFE, 0x69,
    0xFE, 0x69, 0xFE, 0x69, 0xFE, 0x69, 0xFE, 0x69, 0xFE, 0x69, 0xFE, 0x69, 0xFE, 0x69, 0xFE, 0x69, 0xFE, 0x69, 0xFE,
    0x69, 0xFE, 0x69, 0xFE, 0x69, 0xFE, 0x69, 0xFE, 0x69, 0xFE, 0x69, 0xFE, 0x69, 0xFE, 0x69, 0xFE, 0x69, 0xFE, 0x69,
    0xFE, 0x69, 0xFE, 0x69, 0xFE, 0x69, 0xFE, 0x69, 0xFE, 0x69, 0xFE, 0x69, 0xFE, 0x69, 0xFE, 0x69, 0xFE, 0x69, 0xFE,
    0x69, 0xFE, 0x69, 0xFE, 0x69, 0xFE, 0x69, 0xFE, 0x69, 0xFE, 0x69, 0xFE, 0x69, 0xFE, 0x69, 0xFE, 0x69, 0xFE, 0x69,
    0xFE, 0x69, 0xFE, 0x69, 0xFE, 0x69, 0xFE, 0x69, 0xFE, 0x69, 0xFE, 0x69, 0xFE, 0x69, 0xFE, 0x69, 0xFE, 0x69, 0xFE,
    0x69, 0xFE, 0x69, 0xFE, 0x69, 0xFE, 0x69, 0xFE, 0x69, 0xFE, 0x69, 0xFE, 0x69, 0xFE, 0x69, 0xFE, 0x69, 0xFE, 0x69,
    0xFE, 0x69, 0xFE, 0x69, 0xFE, 0x69, 0xFE, 0x69, 0xFE, 0x69, 0xFE, 0x69, 0xFE, 0x69, 0xFE, 0x69, 0xFE, 0x69, 0xFE,
    0x69, 0xFE, 0x69, 0xFE, 0x69, 0xFE, 0x89, 0x43, 0x89, 0x43, 0x89, 0x43, 0x89, 0x43, 0x89, 0x43, 0x89, 0x43, 0x89,
    0x43, 0x89, 0x43, 0x89, 0x43, 0x89, 0x43, 0x89, 0x43, 0x89, 0x43, 0x89, 0x43, 0x89, 0x43, 0x89, 0x43, 0x89, 0x43,
    0x89, 0x43, 0x89, 0x43, 0x89, 0x43, 0x89, 0x43, 0x89, 0x43, 0x89, 0x43, 0x89, 0x43, 0x89, 0x43, 0x89, 0x43, 0x89,
    0x43, 0x89, 0x43, 0x89, 0x43, 0x89, 0x43, 0x89, 0x43, 0x89, 0x43, 0x89, 0x43, 0x89, 0x43, 0x89, 0x43, 0x89, 0x43,
    0x89, 0x43, 0x89, 0x43, 0x89, 0x43, 0x89, 0x43, 0x89, 0x43, 0x89, 0x43, 0x89, 0x43, 0x89, 0x43, 0x89, 0x43, 0x89,
    0x43, 0x89, 0x43, 0x89, 0x43, 0x89, 0x43, 0x89, 0x43, 0x89, 0x43, 0x89, 0x43, 0x89, 0x43, 0x89, 0x43, 0x89, 0x43,
    0x89, 0x43, 0x89, 0x43, 0x89, 0x43, 0x89, 0x43, 0x89, 0x43, 0x89, 0x43, 0x89, 0x43, 0x89, 0x43, 0x89, 0x43, 0x89,
    0x43, 0x89, 0x43, 0x89, 0x43, 0x89, 0x43, 0x89, 0x43, 0x89, 0x43, 0x89, 0x43, 0x89, 0x43, 0x89, 0x43, 0x89, 0x43,
    0x89, 0x43, 0x89, 0x43, 0x89, 0x43, 0x89, 0x43, 0x89, 0x43, 0x89, 0x43, 0x89, 0x43, 0x89, 0x43, 0x89, 0x43, 0x89,
    0x43, 0x89, 0x43, 0x89, 0x43, 0x89, 0x43, 0x69, 0xFE, 0x69, 0xFE, 0x69, 0xFE, 0x69, 0xFE, 0x69, 0xFE, 0x69, 0xFE,
    0x69, 0xFE, 0x69, 0xFE, 0x69, 0xFE, 0x69, 0xFE, 0x69, 0xFE, 0x69, 0xFE, 0x69, 0xFE, 0x69, 0xFE, 0x69, 0xFE, 0x69,
    0xFE, 0x69, 0xFE, 0x69, 0xFE, 0x69, 0xFE, 0x69, 0xFE, 0x69, 0xFE, 0x69, 0xFE, 0x69, 0xFE, 0x69, 0xFE, 0x69, 0xFE,
    0x69, 0xFE, 0x69, 0xFE, 0x69, 0xFE, 0x69, 0xFE, 0x69, 0xFE, 0x69, 0xFE, 0x69, 0xFE, 0x69, 0xFE, 0x69, 0xFE, 0x69,
    0xFE, 0x69, 0xFE, 0x69, 0xFE, 0x69, 0xFE, 0x69, 0xFE, 0x69, 0xFE, 0x69, 0xFE, 0x69, 0xFE, 0x69, 0xFE, 0x69, 0xFE,
    0x69, 0xFE, 0x69, 0xFE, 0x69, 0xFE, 0x69, 0xFE, 0x69, 0xFE, 0x69, 0xFE, 0x69, 0xFE, 0x69, 0xFE, 0x69, 0xFE, 0x69,
    0xFE, 0x69, 0xFE, 0x69, 0xFE, 0x69, 0xFE, 0x69, 0xFE, 0x69, 0xFE, 0x69, 0xFE, 0x69, 0xFE, 0x69, 0xFE, 0x69, 0xFE,
    0x69, 0xFE, 0x69, 0xFE, 0x69, 0xFE, 0x69, 0xFE, 0x69, 0xFE, 0x69, 0xFE, 0x69, 0xFE, 0x69, 0xFE, 0x69, 0xFE, 0x69,
    0xFE, 0x69, 0xFE, 0x69, 0xFE, 0x69, 0xFE, 0x69, 0xFE, 0x69, 0xFE, 0x69, 0xFE, 0x69, 0xFE, 0x69, 0xFE, 0x69, 0xFE,
    0x69, 0xFE, 0x69, 0xFE, 0x69, 0xFE, 0x69, 0xFE, 0x69, 0xFE, 0x69, 0xFE, 0x69, 0xFE, 0x69, 0xFE, 0x69, 0xFE, 0x69,
    0xFE, 0x69, 0xFE, 0x69, 0xFE, 0x69, 0xFE, 0x69, 0xFE, 0x69, 0xFE, 0x69, 0xFE, 0x69, 0xFE, 0x69, 0xFE, 0x69, 0xFE,
    0x69, 0xFE, 0x69, 0xFE, 0x69, 0xFE, 0x69, 0xFE, 0x69, 0xFE, 0x69, 0xFE, 0x69, 0xFE, 0x69, 0xFE, 0x69, 0xFE, 0x69,
    0xFE, 0x69, 0xFE, 0x69, 0xFE, 0x69, 0xFE, 0x69, 0xFE, 0x69, 0xFE, 0x69, 0xFE, 0x69, 0xFE, 0x69, 0xFE, 0x69, 0xFE,
    0x69, 0xFE, 0x69, 0xFE, 0x69, 0xFE, 0x69, 0xFE, 0x69, 0xFE, 0x69, 0xFE, 0x69, 0xFE, 0x69, 0xFE, 0x69, 0xFE, 0x69,
    0xFE, 0x69, 0xFE, 0x69, 0xFE, 0x69, 0xFE, 0x69, 0xFE, 0x69, 0xFE, 0x69, 0xFE, 0x69, 0xFE, 0x69, 0xFE, 0x69, 0xFE,
    0x69, 0xFE, 0x69, 0xFE, 0x69, 0xFE, 0x69, 0xFE, 0x69, 0xFE, 0x69, 0xFE, 0x69, 0xFE, 0x69, 0xFE, 0x69, 0xFE, 0x69,
    0xFE, 0x69, 0xFE, 0x69, 0xFE, 0x69, 0xFE, 0x69, 0xFE, 0x69, 0xFE, 0x89, 0x43, 0x89, 0x43, 0x89, 0x43, 0x89, 0x43,
    0x89, 0x43, 0x89, 0x43, 0x89, 0x43, 0x89, 0x43, 0x89, 0x43, 0x89, 0x43, 0x89, 0x43, 0x89, 0x43, 0x89, 0x43, 0x89,
    0x43, 0x89, 0x43, 0x89, 0x43, 0x89, 0x43, 0x89, 0x43, 0x89, 0x43, 0x89, 0x43, 0x89, 0x43, 0x89, 0x43, 0x89, 0x43,
    0x89, 0x43, 0x89, 0x43, 0x89, 0x43, 0x89, 0x43, 0x89, 0x43, 0x89, 0x43, 0x89, 0x43, 0x89, 0x43, 0x89, 0x43, 0x89,
    0x43, 0x89, 0x43, 0x89, 0x43, 0x89, 0x43, 0x89, 0x43, 0x89, 0x43, 0x89, 0x43, 0x89, 0x43, 0x89, 0x43, 0x89, 0x43,
    0x89, 0x43, 0x89, 0x43, 0x89, 0x43, 0x89, 0x43, 0x89, 0x43, 0x89, 0x43, 0x89, 0x43, 0x89, 0x43, 0x89, 0x43, 0x89,
    0x43, 0x89, 0x43, 0x89, 0x43, 0x89, 0x43, 0x89, 0x43, 0x89, 0x43, 0x89, 0x43, 0x89, 0x43, 0x89, 0x43, 0x89, 0x43,
    0x89, 0x43, 0x89, 0x43, 0x89, 0x43, 0x89, 0x43, 0x89, 0x43, 0x89, 0x43, 0x89, 0x43, 0x89, 0x43, 0x89, 0x43, 0x89,
    0x43, 0x89, 0x43, 0x89, 0x43, 0x89, 0x43, 0x89, 0x43, 0x89, 0x43, 0x89, 0x43, 0x89, 0x43, 0x89, 0x43, 0x89, 0x43,
    0x89, 0x43, 0x89, 0x43, 0x89, 0x43, 0x69, 0xFE, 0x69, 0xFE, 0x69, 0xFE, 0x69, 0xFE, 0x69, 0xFE, 0x69, 0xFE, 0x69,
    0xFE, 0x69, 0xFE, 0x69, 0xFE, 0x69, 0xFE, 0x69, 0xFE, 0x69, 0xFE, 0x69, 0xFE, 0x69, 0xFE, 0x69, 0xFE, 0x69, 0xFE,
    0x69, 0xFE, 0x69, 0xFE, 0x69, 0xFE, 0x69, 0xFE, 0x69, 0xFE, 0x69, 0xFE, 0x69, 0xFE, 0x69, 0xFE, 0x69, 0xFE, 0x69,
    0xFE, 0x69, 0xFE, 0x69, 0xFE, 0x69, 0xFE, 0x69, 0xFE, 0x69, 0xFE, 0x69, 0xFE, 0x69, 0xFE, 0x69, 0xFE, 0x69, 0xFE,
    0x69, 0xFE, 0x69, 0xFE, 0x69, 0xFE, 0x69, 0xFE, 0x69, 0xFE, 0x69, 0xFE, 0x69, 0xFE, 0x69, 0xFE, 0x69, 0xFE, 0x69,
    0xFE, 0x69, 0xFE, 0x69, 0xFE, 0x69, 0xFE, 0x69, 0xFE, 0x69, 0xFE, 0x69, 0xFE, 0x69, 0xFE, 0x69, 0xFE, 0x69, 0xFE,
    0x69, 0xFE, 0x69, 0xFE, 0x69, 0xFE, 0x69, 0xFE, 0x69, 0xFE, 0x69, 0xFE, 0x69, 0xFE, 0x69, 0xFE, 0x69, 0xFE, 0x69,
    0xFE, 0x69, 0xFE, 0x69, 0xFE, 0x69, 0xFE, 0x69, 0xFE, 0x69, 0xFE, 0x69, 0xFE, 0x69, 0xFE, 0x69, 0xFE, 0x69, 0xFE,
    0x69, 0xFE, 0x69, 0xFE, 0x69, 0xFE, 0x69, 0xFE, 0x69, 0xFE, 0x69, 0xFE, 0x69, 0xFE, 0x69, 0xFE, 0x69, 0xFE, 0x69,
    0xFE, 0x69, 0xFE, 0x69, 0xFE, 0x69, 0xFE, 0x69, 0xFE, 0x69, 0xFE, 0x69, 0xFE, 0x69, 0xFE, 0x69, 0xFE, 0x69, 0xFE,
    0x69, 0xFE, 0x69, 0xFE, 0x69, 0xFE, 0x69, 0xFE, 0x69, 0xFE, 0x69, 0xFE, 0x69, 0xFE, 0x69, 0xFE, 0x69, 0xFE, 0x69,
    0xFE, 0x69, 0xFE, 0x69, 0xFE, 0x69, 0xFE, 0x69, 0xFE, 0x69, 0xFE, 0x69, 0xFE, 0x69, 0xFE, 0x69, 0xFE, 0x69, 0xFE,
    0x69, 0xFE, 0x69, 0xFE, 0x69, 0xFE, 0x69, 0xFE, 0x69, 0xFE, 0x69, 0xFE, 0x69, 0xFE, 0x69, 0xFE, 0x69, 0xFE, 0x69,
    0xFE, 0x69, 0xFE, 0x69, 0xFE, 0x69, 0xFE, 0x69, 0xFE, 0x69, 0xFE, 0x69, 0xFE, 0x69, 0xFE, 0x69, 0xFE, 0x69, 0xFE,
    0x69, 0xFE, 0x69, 0xFE, 0x69, 0xFE, 0x69, 0xFE, 0x69, 0xFE, 0x69, 0xFE, 0x69, 0xFE, 0x69, 0xFE, 0x69, 0xFE, 0x69,
    0xFE, 0x69, 0xFE, 0x69, 0xFE, 0x69, 0xFE, 0x69, 0xFE, 0x69, 0xFE, 0x69, 0xFE, 0x69, 0xFE, 0x69, 0xFE, 0x69, 0xFE,
    0x69, 0xFE, 0x69, 0xFE, 0x69, 0xFE, 0x69, 0xFE, 0x69, 0xFE, 0x69, 0xFE, 0x69, 0xFE, 0x69, 0xFE, 0x69, 0xFE, 0x69,
    0xFE, 0x69, 0xFE, 0x89, 0x43, 0x89, 0x43, 0x89, 0x43, 0x89, 0x43, 0x89, 0x43, 0x89, 0x43, 0x89, 0x43, 0x89, 0x43,
    0x89, 0x43, 0x89, 0x43, 0x89, 0x43, 0x89, 0x43, 0x89, 0x43, 0x89, 0x43, 0x89, 0x43, 0x89, 0x43, 0x89, 0x43, 0x89,
    0x43, 0x89, 0x43, 0x89, 0x43, 0x89, 0x43, 0x89, 0x43, 0x89, 0x43, 0x89, 0x43, 0x89, 0x43, 0x89, 0x43, 0x89, 0x43,
    0x89, 0x43, 0x89, 0x43, 0x89, 0x43, 0x89, 0x43, 0x89, 0x43, 0x89, 0x43, 0x89, 0x43, 0x89, 0x43, 0x89, 0x43, 0x89,
    0x43, 0x89, 0x43, 0x89, 0x43, 0x89, 0x43, 0x89, 0x43, 0x89, 0x43, 0x89, 0x43, 0x89, 0x43, 0x89, 0x43, 0x89, 0x43,
    0x89, 0x43, 0x89, 0x43, 0x89, 0x43, 0x89, 0x43, 0x89, 0x43, 0x89, 0x43, 0x89, 0x43, 0x89, 0x43, 0x89, 0x43, 0x89,
    0x43, 0x89, 0x43, 0x89, 0x43, 0x89, 0x43, 0x89, 0x43, 0x89, 0x43, 0x89, 0x43, 0x89, 0x43, 0x89, 0x43, 0x89, 0x43,
    0x89, 0x43, 0x89, 0x43, 0x89, 0x43, 0x89, 0x43, 0x89, 0x43, 0x89, 0x43, 0x89, 0x43, 0x89, 0x43, 0x89, 0x43, 0x89,
    0x43, 0x89, 0x43, 0x89, 0x43, 0x89, 0x43, 0x89, 0x43, 0x89, 0x43, 0x69, 0xFE, 0x69, 0xFE, 0x69, 0xFE, 0x69, 0xFE,
    0x69, 0xFE, 0x69, 0xFE, 0x69, 0xFE, 0x69, 0xFE, 0x69, 0xFE, 0x69, 0xFE, 0x69, 0xFE, 0x69, 0xFE, 0x69, 0xFE, 0x69,
    0xFE, 0x69, 0xFE, 0x69, 0xFE, 0x69, 0xFE, 0x69, 0xFE, 0x69, 0xFE, 0x69, 0xFE, 0x69, 0xFE, 0x69, 0xFE, 0x69, 0xFE,
    0x69, 0xFE, 0x69, 0xFE, 0x69, 0xFE, 0x69, 0xFE, 0x69, 0xFE, 0x69, 0xFE, 0x69, 0xFE, 0x69, 0xFE, 0x69, 0xFE, 0x69,
    0xFE, 0x69, 0xFE, 0x69, 0xFE, 0x69, 0xFE, 0x69, 0xFE, 0x69, 0xFE, 0x69, 0xFE, 0x69, 0xFE, 0x69, 0xFE, 0x69, 0xFE,
    0x69, 0xFE, 0x69, 0xFE, 0x69, 0xFE, 0x69, 0xFE, 0x69, 0xFE, 0x69, 0xFE, 0x69, 0xFE, 0x69, 0xFE, 0x69, 0xFE, 0x69,
    0xFE, 0x69, 0xFE, 0x69, 0xFE, 0x69, 0xFE, 0x69, 0xFE, 0x69, 0xFE, 0x69, 0xFE, 0x69, 0xFE, 0x69, 0xFE, 0x69, 0xFE,
    0x69, 0xFE, 0x69, 0xFE, 0x69, 0xFE, 0x69, 0xFE, 0x69, 0xFE, 0x69, 0xFE, 0x69, 0xFE, 0x69, 0xFE, 0x69, 0xFE, 0x69,
    0xFE, 0x69, 0xFE, 0x69, 0xFE, 0x69, 0xFE, 0x69, 0xFE, 0x69, 0xFE, 0x69, 0xFE, 0x69, 0xFE, 0x69, 0xFE, 0x69, 0xFE,
    0x69, 0xFE, 0x69, 0xFE, 0x69, 0xFE, 0x69, 0xFE, 0x69, 0xFE, 0x69, 0xFE, 0x69, 0xFE, 0x69, 0xFE, 0x69, 0xFE, 0x69,
    0xFE, 0x69, 0xFE, 0x69, 0xFE, 0x69, 0xFE, 0x69, 0xFE, 0x69, 0xFE, 0x69, 0xFE, 0x69, 0xFE, 0x69, 0xFE, 0x69, 0xFE,
    0x69, 0xFE, 0x69, 0xFE, 0x69, 0xFE, 0x69, 0xFE, 0x69, 0xFE, 0x69, 0xFE, 0x69, 0xFE, 0x69, 0xFE, 0x69, 0xFE, 0x69,
    0xFE, 0x69, 0xFE, 0x69, 0xFE, 0x69, 0xFE, 0x69, 0xFE, 0x69, 0xFE, 0x69, 0xFE, 0x69, 0xFE, 0x69, 0xFE, 0x69, 0xFE,
    0x69, 0xFE, 0x69, 0xFE, 0x69, 0xFE, 0x69, 0xFE, 0x69, 0xFE, 0x69, 0xFE, 0x69, 0xFE, 0x69, 0xFE, 0x69, 0xFE, 0x69,
    0xFE, 0x69, 0xFE, 0x69, 0xFE, 0x69, 0xFE, 0x69, 0xFE, 0x69, 0xFE, 0x69, 0xFE, 0x69, 0xFE, 0x69, 0xFE, 0x69, 0xFE,
    0x69, 0xFE, 0x69, 0xFE, 0x69, 0xFE, 0x69, 0xFE, 0x69, 0xFE, 0x69, 0xFE, 0x69, 0xFE, 0x69, 0xFE, 0x69, 0xFE, 0x69,
    0xFE, 0x69, 0xFE, 0x69, 0xFE, 0x69, 0xFE, 0x69, 0xFE, 0x69, 0xFE, 0x69, 0xFE, 0x69, 0xFE, 0x69, 0xFE, 0x69, 0xFE,
    0x69, 0xFE, 0x69, 0xFE, 0x69, 0xFE, 0x69, 0xFE, 0x89, 0x43, 0x89, 0x43, 0x89, 0x43, 0x89, 0x43, 0x89, 0x43, 0x89,
    0x43, 0x89, 0x43, 0x89, 0x43, 0x89, 0x43, 0x89, 0x43, 0x89, 0x43, 0x89, 0x43, 0x89, 0x43, 0x89, 0x43, 0x89, 0x43,
    0x89, 0x43, 0x89, 0x43, 0x89, 0x43, 0x89, 0x43, 0x89, 0x43, 0x89, 0x43, 0x89, 0x43, 0x89, 0x43, 0x89, 0x43, 0x89,
    0x43, 0x89, 0x43, 0x89, 0x43, 0x89, 0x43, 0x89, 0x43, 0x89, 0x43, 0x89, 0x43, 0x89, 0x43, 0x89, 0x43, 0x89, 0x43,
    0x89, 0x43, 0x89, 0x43, 0x89, 0x43, 0x89, 0x43, 0x89, 0x43, 0x89, 0x43, 0x89, 0x43, 0x89, 0x43, 0x89, 0x43, 0x89,
    0x43, 0x89, 0x43, 0x89, 0x43, 0x89, 0x43, 0x89, 0x43, 0x89, 0x43, 0x89, 0x43, 0x89, 0x43, 0x89, 0x43, 0x89, 0x43,
    0x89, 0x43, 0x89, 0x43, 0x89, 0x43, 0x89, 0x43, 0x89, 0x43, 0x89, 0x43, 0x89, 0x43, 0x89, 0x43, 0x89, 0x43, 0x89,
    0x43, 0x89, 0x43, 0x89, 0x43, 0x89, 0x43, 0x89, 0x43, 0x89, 0x43, 0x89, 0x43, 0x89, 0x43, 0x89, 0x43, 0x89, 0x43,
    0x89, 0x43, 0x89, 0x43, 0x89, 0x43, 0x89, 0x43, 0x89, 0x43, 0x89, 0x43, 0x89, 0x43, 0x89, 0x43, 0x69, 0xFE, 0x69,
    0xFE, 0x69, 0xFE, 0x69, 0xFE, 0x69, 0xFE, 0x69, 0xFE, 0x69, 0xFE, 0x69, 0xFE, 0x69, 0xFE, 0x69, 0xFE, 0x69, 0xFE,
    0x69, 0xFE, 0x69, 0xFE, 0x69, 0xFE, 0x69, 0xFE, 0x69, 0xFE, 0x69, 0xFE, 0x69, 0xFE, 0x69, 0xFE, 0x69, 0xFE, 0x69,
    0xFE, 0x69, 0xFE, 0x69, 0xFE, 0x69, 0xFE, 0x69, 0xFE, 0x69, 0xFE, 0x69, 0xFE, 0x69, 0xFE, 0x69, 0xFE, 0x69, 0xFE,
    0x69, 0xFE, 0x69, 0xFE, 0x69, 0xFE, 0x69, 0xFE, 0x69, 0xFE, 0x69, 0xFE, 0x69, 0xFE, 0x69, 0xFE, 0x69, 0xFE, 0x69,
    0xFE, 0x69, 0xFE, 0x69, 0xFE, 0x69, 0xFE, 0x69, 0xFE, 0x69, 0xFE, 0x69, 0xFE, 0x69, 0xFE, 0x69, 0xFE, 0x69, 0xFE,
    0x69, 0xFE, 0x69, 0xFE, 0x69, 0xFE, 0x69, 0xFE, 0x69, 0xFE, 0x69, 0xFE, 0x69, 0xFE, 0x69, 0xFE, 0x69, 0xFE, 0x69,
    0xFE, 0x69, 0xFE, 0x69, 0xFE, 0x69, 0xFE, 0x69, 0xFE, 0x69, 0xFE, 0x69, 0xFE, 0x69, 0xFE, 0x69, 0xFE, 0x69, 0xFE,
    0x69, 0xFE, 0x69, 0xFE, 0x69, 0xFE, 0x69, 0xFE, 0x69, 0xFE, 0x69, 0xFE, 0x69, 0xFE, 0x69, 0xFE, 0x69, 0xFE, 0x69,
    0xFE, 0x69, 0xFE, 0x69, 0xFE, 0x69, 0xFE, 0x69, 0xFE, 0x69, 0xFE, 0x69, 0xFE, 0x69, 0xFE, 0x69, 0xFE, 0x69, 0xFE,
    0x69, 0xFE, 0x69, 0xFE, 0x69, 0xFE, 0x69, 0xFE, 0x69, 0xFE, 0x69, 0xFE, 0x69, 0xFE, 0x69, 0xFE, 0x69, 0xFE, 0x69,
    0xFE, 0x69, 0xFE, 0x69, 0xFE, 0x69, 0xFE, 0x69, 0xFE, 0x69, 0xFE, 0x69, 0xFE, 0x69, 0xFE, 0x69, 0xFE, 0x69, 0xFE,
    0x69, 0xFE, 0x69, 0xFE, 0x69, 0xFE, 0x69, 0xFE, 0x69, 0xFE, 0x69, 0xFE, 0x69, 0xFE, 0x69, 0xFE, 0x69, 0xFE, 0x69,
    0xFE, 0x69, 0xFE, 0x69, 0xFE, 0x69, 0xFE, 0x69, 0xFE, 0x69, 0xFE, 0x69, 0xFE, 0x69, 0xFE, 0x69, 0xFE, 0x69, 0xFE,
    0x69, 0xFE, 0x69, 0xFE, 0x69, 0xFE, 0x69, 0xFE, 0x69, 0xFE, 0x69, 0xFE, 0x69, 0xFE, 0x69, 0xFE, 0x69, 0xFE, 0x69,
    0xFE, 0x69, 0xFE, 0x69, 0xFE, 0x69, 0xFE, 0x69, 0xFE, 0x69, 0xFE, 0x69, 0xFE, 0x69, 0xFE, 0x69, 0xFE, 0x69, 0xFE,
    0x69, 0xFE, 0x69, 0xFE, 0x69, 0xFE, 0x69, 0xFE, 0x69, 0xFE, 0x69, 0xFE, 0x69, 0xFE, 0x69, 0xFE, 0x69, 0xFE, 0x69,
    0xFE, 0x69, 0xFE, 0x69, 0xFE, 0x69, 0xFE, 0x69, 0xFE, 0x69, 0xFE, 0x69, 0xFE, 0x89, 0x43, 0x89, 0x43, 0x89, 0x43,
    0x89, 0x43, 0x89, 0x43, 0x89, 0x43, 0x89, 0x43, 0x89, 0x43, 0x89, 0x43, 0x89, 0x43, 0x89, 0x43, 0x89, 0x43, 0x89,
    0x43, 0x89, 0x43, 0x89, 0x43, 0x89, 0x43, 0x89, 0x43, 0x89, 0x43, 0x89, 0x43, 0x89, 0x43, 0x89, 0x43, 0x89, 0x43,
    0x89, 0x43, 0x89, 0x43, 0x89, 0x43, 0x89, 0x43, 0x89, 0x43, 0x89, 0x43, 0x89, 0x43, 0x89, 0x43, 0x89, 0x43, 0x89,
    0x43, 0x89, 0x43, 0x89, 0x43, 0x89, 0x43, 0x89, 0x43, 0x89, 0x43, 0x89, 0x43, 0x89, 0x43, 0x89, 0x43, 0x89, 0x43,
    0x89, 0x43, 0x89, 0x43, 0x89, 0x43, 0x89, 0x43, 0x89, 0x43, 0x89, 0x43, 0x89, 0x43, 0x89, 0x43, 0x89, 0x43, 0x89,
    0x43, 0x89, 0x43, 0x89, 0x43, 0x89, 0x43, 0x89, 0x43, 0x89, 0x43, 0x89, 0x43, 0x89, 0x43, 0x89, 0x43, 0x89, 0x43,
    0x89, 0x43, 0x89, 0x43, 0x89, 0x43, 0x89, 0x43, 0x89, 0x43, 0x89, 0x43, 0x89, 0x43, 0x89, 0x43, 0x89, 0x43, 0x89,
    0x43, 0x89, 0x43, 0x89, 0x43, 0x89, 0x43, 0x89, 0x43, 0x89, 0x43, 0x89, 0x43, 0x89, 0x43, 0x69, 0xFE, 0x69, 0xFE,
    0x69, 0xFE, 0x69, 0xFE, 0x69, 0xFE, 0x69, 0xFE, 0x69, 0xFE, 0x69, 0xFE, 0x69, 0xFE, 0x69, 0xFE, 0x69, 0xFE, 0x69,
    0xFE, 0x69, 0xFE, 0x69, 0xFE, 0x69, 0xFE, 0x69, 0xFE, 0x69, 0xFE, 0x69, 0xFE, 0x69, 0xFE, 0x69, 0xFE, 0x69, 0xFE,
    0x69, 0xFE, 0x69, 0xFE, 0x69, 0xFE, 0x69, 0xFE, 0x69, 0xFE, 0x69, 0xFE, 0x69, 0xFE, 0x69, 0xFE, 0x69, 0xFE, 0x69,
    0xFE, 0x69, 0xFE, 0x69, 0xFE, 0x69, 0xFE, 0x69, 0xFE, 0x69, 0xFE, 0x69, 0xFE, 0x69, 0xFE, 0x69, 0xFE, 0x69, 0xFE,
    0x69, 0xFE, 0x69, 0xFE, 0x69, 0xFE, 0x69, 0xFE, 0x69, 0xFE, 0x69, 0xFE, 0x69, 0xFE, 0x69, 0xFE, 0x69, 0xFE, 0x69,
    0xFE, 0x69, 0xFE, 0x69, 0xFE, 0x69, 0xFE, 0x69, 0xFE, 0x69, 0xFE, 0x69, 0xFE, 0x69, 0xFE, 0x69, 0xFE, 0x69, 0xFE,
    0x69, 0xFE, 0x69, 0xFE, 0x69, 0xFE, 0x69, 0xFE, 0x69, 0xFE, 0x69, 0xFE, 0x69, 0xFE, 0x69, 0xFE, 0x69, 0xFE, 0x69,
    0xFE, 0x69, 0xFE, 0x69, 0xFE, 0x69, 0xFE, 0x69, 0xFE, 0x69, 0xFE, 0x69, 0xFE, 0x69, 0xFE, 0x69, 0xFE, 0x69, 0xFE,
    0x69, 0xFE, 0x69, 0xFE, 0x69, 0xFE, 0x69, 0xFE, 0x69, 0xFE, 0x69, 0xFE, 0x69, 0xFE, 0x69, 0xFE, 0x69, 0xFE, 0x69,
    0xFE, 0x69, 0xFE, 0x69, 0xFE, 0x69, 0xFE, 0x69, 0xFE, 0x69, 0xFE, 0x69, 0xFE, 0x69, 0xFE, 0x69, 0xFE, 0x69, 0xFE,
    0x69, 0xFE, 0x69, 0xFE, 0x69, 0xFE, 0x69, 0xFE, 0x69, 0xFE, 0x69, 0xFE, 0x69, 0xFE, 0x69, 0xFE, 0x69, 0xFE, 0x69,
    0xFE, 0x69, 0xFE, 0x69, 0xFE, 0x69, 0xFE, 0x69, 0xFE, 0x69, 0xFE, 0x69, 0xFE, 0x69, 0xFE, 0x69, 0xFE, 0x69, 0xFE,
    0x69, 0xFE, 0x69, 0xFE, 0x69, 0xFE, 0x69, 0xFE, 0x69, 0xFE, 0x69, 0xFE, 0x69, 0xFE, 0x69, 0xFE, 0x69, 0xFE, 0x69,
    0xFE, 0x69, 0xFE, 0x69, 0xFE, 0x69, 0xFE, 0x69, 0xFE, 0x69, 0xFE, 0x69, 0xFE, 0x69, 0xFE, 0x69, 0xFE, 0x69, 0xFE,
    0x69, 0xFE, 0x69, 0xFE, 0x69, 0xFE, 0x69, 0xFE, 0x69, 0xFE, 0x69, 0xFE, 0x69, 0xFE, 0x69, 0xFE, 0x69, 0xFE, 0x69,
    0xFE, 0x69, 0xFE, 0x69, 0xFE, 0x69, 0xFE, 0x69, 0xFE, 0x69, 0xFE, 0x69, 0xFE, 0x69, 0xFE, 0x69, 0xFE, 0x69, 0xFE,
    0x69, 0xFE, 0x69, 0xFE, 0x69, 0xFE, 0x69, 0xFE, 0x69, 0xFE, 0x69, 0xFE, 0x69, 0xFE, 0x69, 0xFE, 0x69, 0xFE, 0x69,
    0xFE, 0x69, 0xFE, 0x69, 0xFE, 0x89, 0x43, 0x89, 0x43, 0x89, 0x43, 0x89, 0x43, 0x89, 0x43, 0x89, 0x43, 0x89, 0x43,
    0x89, 0x43, 0x89, 0x43, 0x89, 0x43, 0x89, 0x43, 0x89, 0x43, 0x89, 0x43, 0x89, 0x43, 0x89, 0x43, 0x89, 0x43, 0x89,
    0x43, 0x89, 0x43, 0x89, 0x43, 0x89, 0x43, 0x89, 0x43, 0x89, 0x43, 0x89, 0x43, 0x89, 0x43, 0x89, 0x43, 0x89, 0x43,
    0x89, 0x43, 0x89, 0x43, 0x89, 0x43, 0x89, 0x43, 0x89, 0x43, 0x89, 0x43, 0x89, 0x43, 0x89, 0x43, 0x89, 0x43, 0x89,
    0x43, 0x89, 0x43, 0x89, 0x43, 0x89, 0x43, 0x89, 0x43, 0x89, 0x43, 0x89, 0x43, 0x89, 0x43, 0x89, 0x43, 0x89, 0x43,
    0x89, 0x43, 0x89, 0x43, 0x89, 0x43, 0x89, 0x43, 0x89, 0x43, 0x89, 0x43, 0x89, 0x43, 0x89, 0x43, 0x89, 0x43, 0x89,
    0x43, 0x89, 0x43, 0x89, 0x43, 0x89, 0x43, 0x89, 0x43, 0x89, 0x43, 0x89, 0x43, 0x89, 0x43, 0x89, 0x43, 0x89, 0x43,
    0x89, 0x43, 0x89, 0x43, 0x89, 0x43, 0x89, 0x43, 0x89, 0x43, 0x89, 0x43, 0x89, 0x43, 0x89, 0x43, 0x89, 0x43, 0x89,
    0x43, 0x69, 0xFE, 0x69, 0xFE, 0x69, 0xFE, 0x69, 0xFE, 0x69, 0xFE, 0x69, 0xFE, 0x69, 0xFE, 0x69, 0xFE, 0x69, 0xFE,
    0x69, 0xFE, 0x69, 0xFE, 0x69, 0xFE, 0x69, 0xFE, 0x69, 0xFE, 0x69, 0xFE, 0x69, 0xFE, 0x69, 0xFE, 0x69, 0xFE, 0x69,
    0xFE, 0x69, 0xFE, 0x69, 0xFE, 0x69, 0xFE, 0x69, 0xFE, 0x69, 0xFE, 0x69, 0xFE, 0x69, 0xFE, 0x69, 0xFE, 0x69, 0xFE,
    0x69, 0xFE, 0x69, 0xFE, 0x69, 0xFE, 0x69, 0xFE, 0x69, 0xFE, 0x69, 0xFE, 0x69, 0xFE, 0x69, 0xFE, 0x69, 0xFE, 0x69,
    0xFE, 0x69, 0xFE, 0x69, 0xFE, 0x69, 0xFE, 0x69, 0xFE, 0x69, 0xFE, 0x69, 0xFE, 0x69, 0xFE, 0x69, 0xFE, 0x69, 0xFE,
    0x69, 0xFE, 0x69, 0xFE, 0x69, 0xFE, 0x69, 0xFE, 0x69, 0xFE, 0x69, 0xFE, 0x69, 0xFE, 0x69, 0xFE, 0x69, 0xFE, 0x69,
    0xFE, 0x69, 0xFE, 0x69, 0xFE, 0x69, 0xFE, 0x69, 0xFE, 0x69, 0xFE, 0x69, 0xFE, 0x69, 0xFE, 0x69, 0xFE, 0x69, 0xFE,
    0x69, 0xFE, 0x69, 0xFE, 0x69, 0xFE, 0x69, 0xFE, 0x69, 0xFE, 0x69, 0xFE, 0x69, 0xFE, 0x69, 0xFE, 0x69, 0xFE, 0x69,
    0xFE, 0x69, 0xFE, 0x69, 0xFE, 0x69, 0xFE, 0x69, 0xFE, 0x69, 0xFE, 0x69, 0xFE, 0x69, 0xFE, 0x69, 0xFE, 0x69, 0xFE,
    0x69, 0xFE, 0x69, 0xFE, 0x69, 0xFE, 0x69, 0xFE, 0x69, 0xFE, 0x69, 0xFE, 0x69, 0xFE, 0x69, 0xFE, 0x69, 0xFE, 0x69,
    0xFE, 0x69, 0xFE, 0x69, 0xFE, 0x69, 0xFE, 0x69, 0xFE, 0x69, 0xFE, 0x69, 0xFE, 0x69, 0xFE, 0x69, 0xFE, 0x69, 0xFE,
    0x69, 0xFE, 0x69, 0xFE, 0x69, 0xFE, 0x69, 0xFE, 0x69, 0xFE, 0x69, 0xFE, 0x69, 0xFE, 0x69, 0xFE, 0x69, 0xFE, 0x69,
    0xFE, 0x69, 0xFE, 0x69, 0xFE, 0x69, 0xFE, 0x69, 0xFE, 0x69, 0xFE, 0x69, 0xFE, 0x69, 0xFE, 0x69, 0xFE, 0x69, 0xFE,
    0x69, 0xFE, 0x69, 0xFE, 0x69, 0xFE, 0x69, 0xFE, 0x69, 0xFE, 0x69, 0xFE, 0x69, 0xFE, 0x69, 0xFE, 0x69, 0xFE, 0x69,
    0xFE, 0x69, 0xFE, 0x69, 0xFE, 0x69, 0xFE, 0x69, 0xFE, 0x69, 0xFE, 0x69, 0xFE, 0x69, 0xFE, 0x69, 0xFE, 0x69, 0xFE,
    0x69, 0xFE, 0x69, 0xFE, 0x69, 0xFE, 0x69, 0xFE, 0x69, 0xFE, 0x69, 0xFE, 0x69, 0xFE, 0x69, 0xFE, 0x69, 0xFE, 0x69,
    0xFE, 0x69, 0xFE, 0x69, 0xFE, 0x69, 0xFE, 0x69, 0xFE, 0x69, 0xFE, 0x69, 0xFE, 0x69, 0xFE, 0x69, 0xFE, 0x69, 0xFE,
    0x69, 0xFE, 0x69, 0xFE, 0x69, 0xFE, 0x69, 0xFE, 0x69, 0xFE, 0x89, 0x43, 0x89, 0x43, 0x89, 0x43, 0x89, 0x43, 0x89,
    0x43, 0x89, 0x43, 0x89, 0x43, 0x89, 0x43, 0x89, 0x43, 0x89, 0x43, 0x89, 0x43, 0x89, 0x43, 0x89, 0x43, 0x89, 0x43,
    0x89, 0x43, 0x89, 0x43, 0x89, 0x43, 0x89, 0x43, 0x89, 0x43, 0x89, 0x43, 0x89, 0x43, 0x89, 0x43, 0x89, 0x43, 0x89,
    0x43, 0x89, 0x43, 0x89, 0x43, 0x89, 0x43, 0x89, 0x43, 0x89, 0x43, 0x89, 0x43, 0x89, 0x43, 0x89, 0x43, 0x89, 0x43,
    0x89, 0x43, 0x89, 0x43, 0x89, 0x43, 0x89, 0x43, 0x89, 0x43, 0x89, 0x43, 0x89, 0x43, 0x89, 0x43, 0x89, 0x43, 0x89,
    0x43, 0x89, 0x43, 0x89, 0x43, 0x89, 0x43, 0x89, 0x43, 0x89, 0x43, 0x89, 0x43, 0x89, 0x43, 0x89, 0x43, 0x89, 0x43,
    0x89, 0x43, 0x89, 0x43, 0x89, 0x43, 0x89, 0x43, 0x89, 0x43, 0x89, 0x43, 0x89, 0x43, 0x89, 0x43, 0x89, 0x43, 0x89,
    0x43, 0x89, 0x43, 0x89, 0x43, 0x89, 0x43, 0x89, 0x43, 0x89, 0x43, 0x89, 0x43, 0x89, 0x43, 0x89, 0x43, 0x89, 0x43,
    0x89, 0x43, 0x89, 0x43, 0x89, 0x43, 0x69, 0xFE, 0x69, 0xFE, 0x69, 0xFE, 0x69, 0xFE, 0x69, 0xFE, 0x69, 0xFE, 0x69,
    0xFE, 0x69, 0xFE, 0x69, 0xFE, 0x69, 0xFE, 0x69, 0xFE, 0x69, 0xFE, 0x69, 0xFE, 0x69, 0xFE, 0x69, 0xFE, 0x69, 0xFE,
    0x69, 0xFE, 0x69, 0xFE, 0x69, 0xFE, 0x69, 0xFE, 0x69, 0xFE, 0x69, 0xFE, 0x69, 0xFE, 0x69, 0xFE, 0x69, 0xFE, 0x69,
    0xFE, 0x69, 0xFE, 0x69, 0xFE, 0x69, 0xFE, 0x69, 0xFE, 0x69, 0xFE, 0x69, 0xFE, 0x69, 0xFE, 0x69, 0xFE, 0x69, 0xFE,
    0x69, 0xFE, 0x69, 0xFE, 0x69, 0xFE, 0x69, 0xFE, 0x69, 0xFE, 0x69, 0xFE, 0x69, 0xFE, 0x69, 0xFE, 0x69, 0xFE, 0x69,
    0xFE, 0x69, 0xFE, 0x69, 0xFE, 0x69, 0xFE, 0x69, 0xFE, 0x69, 0xFE, 0x69, 0xFE, 0x69, 0xFE, 0x69, 0xFE, 0x69, 0xFE,
    0x69, 0xFE, 0x69, 0xFE, 0x69, 0xFE, 0x69, 0xFE, 0x69, 0xFE, 0x69, 0xFE, 0x69, 0xFE, 0x69, 0xFE, 0x69, 0xFE, 0x69,
    0xFE, 0x69, 0xFE, 0x69, 0xFE, 0x69, 0xFE, 0x69, 0xFE, 0x69, 0xFE, 0x69, 0xFE, 0x69, 0xFE, 0x69, 0xFE, 0x69, 0xFE,
    0x69, 0xFE, 0x69, 0xFE, 0x69, 0xFE, 0x69, 0xFE, 0x69, 0xFE, 0x69, 0xFE, 0x69, 0xFE, 0x69, 0xFE, 0x69, 0xFE, 0x69,
    0xFE, 0x69, 0xFE, 0x69, 0xFE, 0x69, 0xFE, 0x69, 0xFE, 0x69, 0xFE, 0x69, 0xFE, 0x69, 0xFE, 0x69, 0xFE, 0x69, 0xFE,
    0x69, 0xFE, 0x69, 0xFE, 0x69, 0xFE, 0x69, 0xFE, 0x69, 0xFE, 0x69, 0xFE, 0x69, 0xFE, 0x69, 0xFE, 0x69, 0xFE, 0x69,
    0xFE, 0x69, 0xFE, 0x69, 0xFE, 0x69, 0xFE, 0x69, 0xFE, 0x69, 0xFE, 0x69, 0xFE, 0x69, 0xFE, 0x69, 0xFE, 0x69, 0xFE,
    0x69, 0xFE, 0x69, 0xFE, 0x69, 0xFE, 0x69, 0xFE, 0x69, 0xFE, 0x69, 0xFE, 0x69, 0xFE, 0x69, 0xFE, 0x69, 0xFE, 0x69,
    0xFE, 0x69, 0xFE, 0x69, 0xFE, 0x69, 0xFE, 0x69, 0xFE, 0x69, 0xFE, 0x69, 0xFE, 0x69, 0xFE, 0x69, 0xFE, 0x69, 0xFE,
    0x69, 0xFE, 0x69, 0xFE, 0x69, 0xFE, 0x69, 0xFE, 0x69, 0xFE, 0x69, 0xFE, 0x69, 0xFE, 0x69, 0xFE, 0x69, 0xFE, 0x69,
    0xFE, 0x69, 0xFE, 0x69, 0xFE, 0x69, 0xFE, 0x69, 0xFE, 0x69, 0xFE, 0x69, 0xFE, 0x69, 0xFE, 0x69, 0xFE, 0x69, 0xFE,
    0x69, 0xFE, 0x69, 0xFE, 0x69, 0xFE, 0x69, 0xFE, 0x69, 0xFE, 0x69, 0xFE, 0x69, 0xFE, 0x69, 0xFE, 0x69, 0xFE, 0x69,
    0xFE, 0x69, 0xFE, 0x69, 0xFE, 0x69, 0xFE, 0x69, 0xFE, 0x69, 0xFE, 0x69, 0xFE, 0x69, 0xFE, 0x89, 0x43, 0x89, 0x43,
    0x89, 0x43, 0x89, 0x43, 0x89, 0x43, 0x89, 0x43, 0x89, 0x43, 0x89, 0x43, 0x89, 0x43, 0x89, 0x43, 0x89, 0x43, 0x89,
    0x43, 0x89, 0x43, 0x89, 0x43, 0x89, 0x43, 0x89, 0x43, 0x89, 0x43, 0x89, 0x43, 0x89, 0x43, 0x89, 0x43, 0x89, 0x43,
    0x89, 0x43, 0x89, 0x43, 0x89, 0x43, 0x89, 0x43, 0x89, 0x43, 0x89, 0x43, 0x89, 0x43, 0x89, 0x43, 0x89, 0x43, 0x89,
    0x43, 0x89, 0x43, 0x89, 0x43, 0x89, 0x43, 0x89, 0x43, 0x89, 0x43, 0x89, 0x43, 0x89, 0x43, 0x89, 0x43, 0x89, 0x43,
    0x89, 0x43, 0x89, 0x43, 0x89, 0x43, 0x89, 0x43, 0x89, 0x43, 0x89, 0x43, 0x89, 0x43, 0x89, 0x43, 0x89, 0x43, 0x89,
    0x43, 0x89, 0x43, 0x89, 0x43, 0x89, 0x43, 0x89, 0x43, 0x89, 0x43, 0x89, 0x43, 0x89, 0x43, 0x89, 0x43, 0x89, 0x43,
    0x89, 0x43, 0x89, 0x43, 0x89, 0x43, 0x89, 0x43, 0x89, 0x43, 0x89, 0x43, 0x89, 0x43, 0x89, 0x43, 0x89, 0x43, 0x89,
    0x43, 0x89, 0x43, 0x69, 0xFE, 0x69, 0xFE, 0x69, 0xFE, 0x69, 0xFE, 0x69, 0xFE, 0x69, 0xFE, 0x69, 0xFE, 0x69, 0xFE,
    0x69, 0xFE, 0x69, 0xFE, 0x69, 0xFE, 0x69, 0xFE, 0x69, 0xFE, 0x69, 0xFE, 0x69, 0xFE, 0x69, 0xFE, 0x69, 0xFE, 0x69,
    0xFE, 0x69, 0xFE, 0x69, 0xFE, 0x69, 0xFE, 0x69, 0xFE, 0x69, 0xFE, 0x69, 0xFE, 0x69, 0xFE, 0x69, 0xFE, 0x69, 0xFE,
    0x69, 0xFE, 0x69, 0xFE, 0x69, 0xFE, 0x69, 0xFE, 0x69, 0xFE, 0x69, 0xFE, 0x69, 0xFE, 0x69, 0xFE, 0x69, 0xFE, 0x69,
    0xFE, 0x69, 0xFE, 0x69, 0xFE, 0x69, 0xFE, 0x69, 0xFE, 0x69, 0xFE, 0x69, 0xFE, 0x69, 0xFE, 0x69, 0xFE, 0x69, 0xFE,
    0x69, 0xFE, 0x69, 0xFE, 0x69, 0xFE, 0x69, 0xFE, 0x69, 0xFE, 0x69, 0xFE, 0x69, 0xFE, 0x69, 0xFE, 0x69, 0xFE, 0x69,
    0xFE, 0x69, 0xFE, 0x69, 0xFE, 0x69, 0xFE, 0x69, 0xFE, 0x69, 0xFE, 0x69, 0xFE, 0x69, 0xFE, 0x69, 0xFE, 0x69, 0xFE,
    0x69, 0xFE, 0x69, 0xFE, 0x69, 0xFE, 0x69, 0xFE, 0x69, 0xFE, 0x69, 0xFE, 0x69, 0xFE, 0x69, 0xFE, 0x69, 0xFE, 0x69,
    0xFE, 0x69, 0xFE, 0x69, 0xFE, 0x69, 0xFE, 0x69, 0xFE, 0x69, 0xFE, 0x69, 0xFE, 0x69, 0xFE, 0x69, 0xFE, 0x69, 0xFE,
    0x69, 0xFE, 0x69, 0xFE, 0x69, 0xFE, 0x69, 0xFE, 0x69, 0xFE, 0x69, 0xFE, 0x69, 0xFE, 0x69, 0xFE, 0x69, 0xFE, 0x69,
    0xFE, 0x69, 0xFE, 0x69, 0xFE, 0x69, 0xFE, 0x69, 0xFE, 0x69, 0xFE, 0x69, 0xFE, 0x69, 0xFE, 0x69, 0xFE, 0x69, 0xFE,
    0x69, 0xFE, 0x69, 0xFE, 0x69, 0xFE, 0x69, 0xFE, 0x69, 0xFE, 0x69, 0xFE, 0x69, 0xFE, 0x69, 0xFE, 0x69, 0xFE, 0x69,
    0xFE, 0x69, 0xFE, 0x69, 0xFE, 0x69, 0xFE, 0x69, 0xFE, 0x69, 0xFE, 0x69, 0xFE, 0x69, 0xFE, 0x69, 0xFE, 0x69, 0xFE,
    0x69, 0xFE, 0x69, 0xFE, 0x69, 0xFE, 0x69, 0xFE, 0x69, 0xFE, 0x69, 0xFE, 0x69, 0xFE, 0x69, 0xFE, 0x69, 0xFE, 0x69,
    0xFE, 0x69, 0xFE, 0x69, 0xFE, 0x69, 0xFE, 0x69, 0xFE, 0x69, 0xFE, 0x69, 0xFE, 0x69, 0xFE, 0x69, 0xFE, 0x69, 0xFE,
    0x69, 0xFE, 0x69, 0xFE, 0x69, 0xFE, 0x69, 0xFE, 0x69, 0xFE, 0x69, 0xFE, 0x69, 0xFE, 0x69, 0xFE, 0x69, 0xFE, 0x69,
    0xFE, 0x69, 0xFE, 0x69, 0xFE, 0x69, 0xFE, 0x69, 0xFE, 0x69, 0xFE, 0x69, 0xFE, 0x69, 0xFE, 0x69, 0xFE, 0x69, 0xFE,
    0x69, 0xFE, 0x69, 0xFE, 0x69, 0xFE, 0x69, 0xFE, 0x69, 0xFE, 0x69, 0xFE, 0x69, 0xFE, 0x69, 0xFE, 0x69, 0xFE, 0x69,
    0xFE, 0x69, 0xFE, 0x69, 0xFE, 0x69, 0xFE, 0x69, 0xFE, 0x89, 0x43, 0x89, 0x43, 0x89, 0x43, 0x89, 0x43, 0x89, 0x43,
    0x89, 0x43, 0x89, 0x43, 0x89, 0x43, 0x89, 0x43, 0x89, 0x43, 0x89, 0x43, 0x89, 0x43, 0x89, 0x43, 0x89, 0x43, 0x89,
    0x43, 0x89, 0x43, 0x89, 0x43, 0x89, 0x43, 0x89, 0x43, 0x89, 0x43, 0x89, 0x43, 0x89, 0x43, 0x89, 0x43, 0x89, 0x43,
    0x89, 0x43, 0x89, 0x43, 0x89, 0x43, 0x89, 0x43, 0x89, 0x43, 0x89, 0x43, 0x89, 0x43, 0x89, 0x43, 0x89, 0x43, 0x89,
    0x43, 0x89, 0x43, 0x89, 0x43, 0x89, 0x43, 0x89, 0x43, 0x89, 0x43, 0x89, 0x43, 0x89, 0x43, 0x89, 0x43, 0x89, 0x43,
    0x89, 0x43, 0x89, 0x43, 0x89, 0x43, 0x89, 0x43, 0x89, 0x43, 0x89, 0x43, 0x89, 0x43, 0x89, 0x43, 0x89, 0x43, 0x89,
    0x43, 0x89, 0x43, 0x89, 0x43, 0x89, 0x43, 0x89, 0x43, 0x89, 0x43, 0x89, 0x43, 0x89, 0x43, 0x89, 0x43, 0x89, 0x43,
    0x89, 0x43, 0x89, 0x43, 0x89, 0x43, 0x89, 0x43, 0x69, 0xFE, 0x69, 0xFE, 0x69, 0xFE, 0x69, 0xFE, 0x69, 0xFE, 0x69,
    0xFE, 0x69, 0xFE, 0x69, 0xFE, 0x69, 0xFE, 0x69, 0xFE, 0x69, 0xFE, 0x69, 0xFE, 0x69, 0xFE, 0x69, 0xFE, 0x69, 0xFE,
    0x69, 0xFE, 0x69, 0xFE, 0x69, 0xFE, 0x69, 0xFE, 0x69, 0xFE, 0x69, 0xFE, 0x69, 0xFE, 0x69, 0xFE, 0x69, 0xFE, 0x69,
    0xFE, 0x69, 0xFE, 0x69, 0xFE, 0x69, 0xFE, 0x69, 0xFE, 0x69, 0xFE, 0x69, 0xFE, 0x69, 0xFE, 0x69, 0xFE, 0x69, 0xFE,
    0x69, 0xFE, 0x69, 0xFE, 0x69, 0xFE, 0x69, 0xFE, 0x69, 0xFE, 0x69, 0xFE, 0x69, 0xFE, 0x69, 0xFE, 0x69, 0xFE, 0x69,
    0xFE, 0x69, 0xFE, 0x69, 0xFE, 0x69, 0xFE, 0x69, 0xFE, 0x69, 0xFE, 0x69, 0xFE, 0x69, 0xFE, 0x69, 0xFE, 0x69, 0xFE,
    0x69, 0xFE, 0x69, 0xFE, 0x69, 0xFE, 0x69, 0xFE, 0x69, 0xFE, 0x69, 0xFE, 0x69, 0xFE, 0x69, 0xFE, 0x69, 0xFE, 0x69,
    0xFE, 0x69, 0xFE, 0x69, 0xFE, 0x69, 0xFE, 0x69, 0xFE, 0x69, 0xFE, 0x69, 0xFE, 0x69, 0xFE, 0x69, 0xFE, 0x69, 0xFE,
    0x69, 0xFE, 0x69, 0xFE, 0x69, 0xFE, 0x69, 0xFE, 0x69, 0xFE, 0x69, 0xFE, 0x69, 0xFE, 0x69, 0xFE, 0x69, 0xFE, 0x69,
    0xFE, 0x69, 0xFE, 0x69, 0xFE, 0x69, 0xFE, 0x69, 0xFE, 0x69, 0xFE, 0x69, 0xFE, 0x69, 0xFE, 0x69, 0xFE, 0x69, 0xFE,
    0x69, 0xFE, 0x69, 0xFE, 0x69, 0xFE, 0x69, 0xFE, 0x69, 0xFE, 0x69, 0xFE, 0x69, 0xFE, 0x69, 0xFE, 0x69, 0xFE, 0x69,
    0xFE, 0x69, 0xFE, 0x69, 0xFE, 0x69, 0xFE, 0x69, 0xFE, 0x69, 0xFE, 0x69, 0xFE, 0x69, 0xFE, 0x69, 0xFE, 0x69, 0xFE,
    0x69, 0xFE, 0x69, 0xFE, 0x69, 0xFE, 0x69, 0xFE, 0x69, 0xFE, 0x69, 0xFE, 0x69, 0xFE, 0x69, 0xFE, 0x69, 0xFE, 0x69,
    0xFE, 0x69, 0xFE, 0x69, 0xFE, 0x69, 0xFE, 0x69, 0xFE, 0x69, 0xFE, 0x69, 0xFE, 0x69, 0xFE, 0x69, 0xFE, 0x69, 0xFE,
    0x69, 0xFE, 0x69, 0xFE, 0x69, 0xFE, 0x69, 0xFE, 0x69, 0xFE, 0x69, 0xFE, 0x69, 0xFE, 0x69, 0xFE, 0x69, 0xFE, 0x69,
    0xFE, 0x69, 0xFE, 0x69, 0xFE, 0x69, 0xFE, 0x69, 0xFE, 0x69, 0xFE, 0x69, 0xFE, 0x69, 0xFE, 0x69, 0xFE, 0x69, 0xFE,
    0x69, 0xFE, 0x69, 0xFE, 0x69, 0xFE, 0x69, 0xFE, 0x69, 0xFE, 0x69, 0xFE, 0x69, 0xFE, 0x69, 0xFE, 0x69, 0xFE, 0x69,
    0xFE, 0x69, 0xFE, 0x69, 0xFE, 0x69, 0xFE, 0x69, 0xFE, 0x69, 0xFE, 0x69, 0xFE, 0x69, 0xFE, 0x69, 0xFE, 0x69, 0xFE,
    0x69, 0xFE, 0x69, 0xFE, 0x69, 0xFE, 0x69, 0xFE, 0x69, 0xFE, 0x69, 0xFE, 0x69, 0xFE, 0x89, 0x43, 0x89, 0x43, 0x89,
    0x43, 0x89, 0x43, 0x89, 0x43, 0x89, 0x43, 0x89, 0x43, 0x89, 0x43, 0x89, 0x43, 0x89, 0x43, 0x89, 0x43, 0x89, 0x43,
    0x89, 0x43, 0x89, 0x43, 0x89, 0x43, 0x89, 0x43, 0x89, 0x43, 0x89, 0x43, 0x89, 0x43, 0x89, 0x43, 0x89, 0x43, 0x89,
    0x43, 0x89, 0x43, 0x89, 0x43, 0x89, 0x43, 0x89, 0x43, 0x89, 0x43, 0x89, 0x43, 0x89, 0x43, 0x89, 0x43, 0x89, 0x43,
    0x89, 0x43, 0x89, 0x43, 0x89, 0x43, 0x89, 0x43, 0x89, 0x43, 0x89, 0x43, 0x89, 0x43, 0x89, 0x43, 0x89, 0x43, 0x89,
    0x43, 0x89, 0x43, 0x89, 0x43, 0x89, 0x43, 0x89, 0x43, 0x89, 0x43, 0x89, 0x43, 0x89, 0x43, 0x89, 0x43, 0x89, 0x43,
    0x89, 0x43, 0x89, 0x43, 0x89, 0x43, 0x89, 0x43, 0x89, 0x43, 0x89, 0x43, 0x89, 0x43, 0x89, 0x43, 0x89, 0x43, 0x89,
    0x43, 0x89, 0x43, 0x89, 0x43, 0x89, 0x43, 0x89, 0x43, 0x89, 0x43, 0x89, 0x43, 0x69, 0xFE, 0x69, 0xFE, 0x69, 0xFE,
    0x69, 0xFE, 0x69, 0xFE, 0x69, 0xFE, 0x69, 0xFE, 0x69, 0xFE, 0x69, 0xFE, 0x69, 0xFE, 0x69, 0xFE, 0x69, 0xFE, 0x69,
    0xFE, 0x69, 0xFE, 0x69, 0xFE, 0x69, 0xFE, 0x69, 0xFE, 0x69, 0xFE, 0x69, 0xFE, 0x69, 0xFE, 0x69, 0xFE, 0x69, 0xFE,
    0x69, 0xFE, 0x69, 0xFE, 0x69, 0xFE, 0x69, 0xFE, 0x69, 0xFE, 0x69, 0xFE, 0x69, 0xFE, 0x69, 0xFE, 0x69, 0xFE, 0x69,
    0xFE, 0x69, 0xFE, 0x69, 0xFE, 0x69, 0xFE, 0x69, 0xFE, 0x69, 0xFE, 0x69, 0xFE, 0x69, 0xFE, 0x69, 0xFE, 0x69, 0xFE,
    0x69, 0xFE, 0x69, 0xFE, 0x69, 0xFE, 0x69, 0xFE, 0x69, 0xFE, 0x69, 0xFE, 0x69, 0xFE, 0x69, 0xFE, 0x69, 0xFE, 0x69,
    0xFE, 0x69, 0xFE, 0x69, 0xFE, 0x69, 0xFE, 0x69, 0xFE, 0x69, 0xFE, 0x69, 0xFE, 0x69, 0xFE, 0x69, 0xFE, 0x69, 0xFE,
    0x69, 0xFE, 0x69, 0xFE, 0x69, 0xFE, 0x69, 0xFE, 0x69, 0xFE, 0x69, 0xFE, 0x69, 0xFE, 0x69, 0xFE, 0x69, 0xFE, 0x69,
    0xFE, 0x69, 0xFE, 0x69, 0xFE, 0x69, 0xFE, 0x69, 0xFE, 0x69, 0xFE, 0x69, 0xFE, 0x69, 0xFE, 0x69, 0xFE, 0x69, 0xFE,
    0x69, 0xFE, 0x69, 0xFE, 0x69, 0xFE, 0x69, 0xFE, 0x69, 0xFE, 0x69, 0xFE, 0x69, 0xFE, 0x69, 0xFE, 0x69, 0xFE, 0x69,
    0xFE, 0x69, 0xFE, 0x69, 0xFE, 0x69, 0xFE, 0x69, 0xFE, 0x69, 0xFE, 0x69, 0xFE, 0x69, 0xFE, 0x69, 0xFE, 0x69, 0xFE,
    0x69, 0xFE, 0x69, 0xFE, 0x69, 0xFE, 0x69, 0xFE, 0x69, 0xFE, 0x69, 0xFE, 0x69, 0xFE, 0x69, 0xFE, 0x69, 0xFE, 0x69,
    0xFE, 0x69, 0xFE, 0x69, 0xFE, 0x69, 0xFE, 0x69, 0xFE, 0x69, 0xFE, 0x69, 0xFE, 0x69, 0xFE, 0x69, 0xFE, 0x69, 0xFE,
    0x69, 0xFE, 0x69, 0xFE, 0x69, 0xFE, 0x69, 0xFE, 0x69, 0xFE, 0x69, 0xFE, 0x69, 0xFE, 0x69, 0xFE, 0x69, 0xFE, 0x69,
    0xFE, 0x69, 0xFE, 0x69, 0xFE, 0x69, 0xFE, 0x69, 0xFE, 0x69, 0xFE, 0x69, 0xFE, 0x69, 0xFE, 0x69, 0xFE, 0x69, 0xFE,
    0x69, 0xFE, 0x69, 0xFE, 0x69, 0xFE, 0x69, 0xFE, 0x69, 0xFE, 0x69, 0xFE, 0x69, 0xFE, 0x69, 0xFE, 0x69, 0xFE, 0x69,
    0xFE, 0x69, 0xFE, 0x69, 0xFE, 0x69, 0xFE, 0x69, 0xFE, 0x69, 0xFE, 0x69, 0xFE, 0x69, 0xFE, 0x69, 0xFE, 0x69, 0xFE,
    0x69, 0xFE, 0x69, 0xFE, 0x69, 0xFE, 0x69, 0xFE, 0x69, 0xFE, 0x69, 0xFE, 0x69, 0xFE, 0x69, 0xFE, 0x69, 0xFE, 0x69,
    0xFE, 0x69, 0xFE, 0x69, 0xFE, 0x69, 0xFE, 0x69, 0xFE, 0x69, 0xFE, 0x69, 0xFE, 0x69, 0xFE, 0x69, 0xFE, 0x69, 0xFE,
    0x89, 0x43, 0x89, 0x43, 0x89, 0x43, 0x89, 0x43, 0x89, 0x43, 0x89, 0x43, 0x89, 0x43, 0x89, 0x43, 0x89, 0x43, 0x89,
    0x43, 0x89, 0x43, 0x89, 0x43, 0x89, 0x43, 0x89, 0x43, 0x89, 0x43, 0x89, 0x43, 0x89, 0x43, 0x89, 0x43, 0x89, 0x43,
    0x89, 0x43, 0x89, 0x43, 0x89, 0x43, 0x89, 0x43, 0x89, 0x43, 0x89, 0x43, 0x89, 0x43, 0x89, 0x43, 0x89, 0x43, 0x89,
    0x43, 0x89, 0x43, 0x89, 0x43, 0x89, 0x43, 0x89, 0x43, 0x89, 0x43, 0x89, 0x43, 0x89, 0x43, 0x89, 0x43, 0x89, 0x43,
    0x89, 0x43, 0x89, 0x43, 0x89, 0x43, 0x89, 0x43, 0x89, 0x43, 0x89, 0x43, 0x89, 0x43, 0x89, 0x43, 0x89, 0x43, 0x89,
    0x43, 0x89, 0x43, 0x89, 0x43, 0x89, 0x43, 0x89, 0x43, 0x89, 0x43, 0x89, 0x43, 0x89, 0x43, 0x89, 0x43, 0x89, 0x43,
    0x89, 0x43, 0x89, 0x43, 0x89, 0x43, 0x89, 0x43, 0x89, 0x43, 0x89, 0x43, 0x89, 0x43, 0x89, 0x43, 0x89, 0x43, 0x69,
    0xFE, 0x69, 0xFE, 0x69, 0xFE, 0x69, 0xFE, 0x69, 0xFE, 0x69, 0xFE, 0x69, 0xFE, 0x69, 0xFE, 0x69, 0xFE, 0x69, 0xFE,
    0x69, 0xFE, 0x69, 0xFE, 0x69, 0xFE, 0x69, 0xFE, 0x69, 0xFE, 0x69, 0xFE, 0x69, 0xFE, 0x69, 0xFE, 0x69, 0xFE, 0x69,
    0xFE, 0x69, 0xFE, 0x69, 0xFE, 0x69, 0xFE, 0x69, 0xFE, 0x69, 0xFE, 0x69, 0xFE, 0x69, 0xFE, 0x69, 0xFE, 0x69, 0xFE,
    0x69, 0xFE, 0x69, 0xFE, 0x69, 0xFE, 0x69, 0xFE, 0x69, 0xFE, 0x69, 0xFE, 0x69, 0xFE, 0x69, 0xFE, 0x69, 0xFE, 0x69,
    0xFE, 0x69, 0xFE, 0x69, 0xFE, 0x69, 0xFE, 0x69, 0xFE, 0x69, 0xFE, 0x69, 0xFE, 0x69, 0xFE, 0x69, 0xFE, 0x69, 0xFE,
    0x69, 0xFE, 0x69, 0xFE, 0x69, 0xFE, 0x69, 0xFE, 0x69, 0xFE, 0x69, 0xFE, 0x69, 0xFE, 0x69, 0xFE, 0x69, 0xFE, 0x69,
    0xFE, 0x69, 0xFE, 0x69, 0xFE, 0x69, 0xFE, 0x69, 0xFE, 0x69, 0xFE, 0x69, 0xFE, 0x69, 0xFE, 0x69, 0xFE, 0x69, 0xFE,
    0x69, 0xFE, 0x69, 0xFE, 0x69, 0xFE, 0x69, 0xFE, 0x69, 0xFE, 0x69, 0xFE, 0x69, 0xFE, 0x69, 0xFE, 0x69, 0xFE, 0x69,
    0xFE, 0x69, 0xFE, 0x69, 0xFE, 0x69, 0xFE, 0x69, 0xFE, 0x69, 0xFE, 0x69, 0xFE, 0x69, 0xFE, 0x69, 0xFE, 0x69, 0xFE,
    0x69, 0xFE, 0x69, 0xFE, 0x69, 0xFE, 0x69, 0xFE, 0x69, 0xFE, 0x69, 0xFE, 0x69, 0xFE, 0x69, 0xFE, 0x69, 0xFE, 0x69,
    0xFE, 0x69, 0xFE, 0x69, 0xFE, 0x69, 0xFE, 0x69, 0xFE, 0x69, 0xFE, 0x69, 0xFE, 0x69, 0xFE, 0x69, 0xFE, 0x69, 0xFE,
    0x69, 0xFE, 0x69, 0xFE, 0x69, 0xFE, 0x69, 0xFE, 0x69, 0xFE, 0x69, 0xFE, 0x69, 0xFE, 0x69, 0xFE, 0x69, 0xFE, 0x69,
    0xFE, 0x69, 0xFE, 0x69, 0xFE, 0x69, 0xFE, 0x69, 0xFE, 0x69, 0xFE, 0x69, 0xFE, 0x69, 0xFE, 0x69, 0xFE, 0x69, 0xFE,
    0x69, 0xFE, 0x69, 0xFE, 0x69, 0xFE, 0x69, 0xFE, 0x69, 0xFE, 0x69, 0xFE, 0x69, 0xFE, 0x69, 0xFE, 0x69, 0xFE, 0x69,
    0xFE, 0x69, 0xFE, 0x69, 0xFE, 0x69, 0xFE, 0x69, 0xFE, 0x69, 0xFE, 0x69, 0xFE, 0x69, 0xFE, 0x69, 0xFE, 0x69, 0xFE,
    0x69, 0xFE, 0x69, 0xFE, 0x69, 0xFE, 0x69, 0xFE, 0x69, 0xFE, 0x69, 0xFE, 0x69, 0xFE, 0x69, 0xFE, 0x69, 0xFE, 0x69,
    0xFE, 0x69, 0xFE, 0x69, 0xFE, 0x69, 0xFE, 0x69, 0xFE, 0x69, 0xFE, 0x69, 0xFE, 0x69, 0xFE, 0x69, 0xFE, 0x69, 0xFE,
    0x69, 0xFE, 0x69, 0xFE, 0x69, 0xFE, 0x69, 0xFE, 0x69, 0xFE, 0x69, 0xFE, 0x69, 0xFE, 0x69, 0xFE, 0x69, 0xFE, 0x69,
    0xFE, 0x69, 0xFE, 0x69, 0xFE, 0x89, 0x43, 0x89, 0x43, 0x89, 0x43, 0x89, 0x43, 0x89, 0x43, 0x89, 0x43, 0x89, 0x43,
    0x89, 0x43, 0x89, 0x43, 0x89, 0x43, 0x89, 0x43, 0x89, 0x43, 0x89, 0x43, 0x89, 0x43, 0x89, 0x43, 0x89, 0x43, 0x89,
    0x43, 0x89, 0x43, 0x89, 0x43, 0x89, 0x43, 0x89, 0x43, 0x89, 0x43, 0x89, 0x43, 0x89, 0x43, 0x89, 0x43, 0x89, 0x43,
    0x89, 0x43, 0x89, 0x43, 0x89, 0x43, 0x89, 0x43, 0x89, 0x43, 0x89, 0x43, 0x89, 0x43, 0x89, 0x43, 0x89, 0x43, 0x89,
    0x43, 0x89, 0x43, 0x89, 0x43, 0x89, 0x43, 0x89, 0x43, 0x89, 0x43, 0x89, 0x43, 0x89, 0x43, 0x89, 0x43, 0x89, 0x43,
    0x89, 0x43, 0x89, 0x43, 0x89, 0x43, 0x89, 0x43, 0x89, 0x43, 0x89, 0x43, 0x89, 0x43, 0x89, 0x43, 0x89, 0x43, 0x89,
    0x43, 0x89, 0x43, 0x89, 0x43, 0x89, 0x43, 0x89, 0x43, 0x89, 0x43, 0x89, 0x43, 0x89, 0x43, 0x89, 0x43, 0x69, 0xFE,
    0x69, 0xFE, 0x69, 0xFE, 0x69, 0xFE, 0x69, 0xFE, 0x69, 0xFE, 0x69, 0xFE, 0x69, 0xFE, 0x69, 0xFE, 0x69, 0xFE, 0x69,
    0xFE, 0x69, 0xFE, 0x69, 0xFE, 0x69, 0xFE, 0x69, 0xFE, 0x69, 0xFE, 0x69, 0xFE, 0x69, 0xFE, 0x69, 0xFE, 0x69, 0xFE,
    0x69, 0xFE, 0x69, 0xFE, 0x69, 0xFE, 0x69, 0xFE, 0x69, 0xFE, 0x69, 0xFE, 0x69, 0xFE, 0x69, 0xFE, 0x69, 0xFE, 0x69,
    0xFE, 0x69, 0xFE, 0x69, 0xFE, 0x69, 0xFE, 0x69, 0xFE, 0x69, 0xFE, 0x69, 0xFE, 0x69, 0xFE, 0x69, 0xFE, 0x69, 0xFE,
    0x69, 0xFE, 0x69, 0xFE, 0x69, 0xFE, 0x69, 0xFE, 0x69, 0xFE, 0x69, 0xFE, 0x69, 0xFE, 0x69, 0xFE, 0x69, 0xFE, 0x69,
    0xFE, 0x69, 0xFE, 0x69, 0xFE, 0x69, 0xFE, 0x69, 0xFE, 0x69, 0xFE, 0x69, 0xFE, 0x69, 0xFE, 0x69, 0xFE, 0x69, 0xFE,
    0x69, 0xFE, 0x69, 0xFE, 0x69, 0xFE, 0x69, 0xFE, 0x69, 0xFE, 0x69, 0xFE, 0x69, 0xFE, 0x69, 0xFE, 0x69, 0xFE, 0x69,
    0xFE, 0x69, 0xFE, 0x69, 0xFE, 0x69, 0xFE, 0x69, 0xFE, 0x69, 0xFE, 0x69, 0xFE, 0x69, 0xFE, 0x69, 0xFE, 0x69, 0xFE,
    0x69, 0xFE, 0x69, 0xFE, 0x69, 0xFE, 0x69, 0xFE, 0x69, 0xFE, 0x69, 0xFE, 0x69, 0xFE, 0x69, 0xFE, 0x69, 0xFE, 0x69,
    0xFE, 0x69, 0xFE, 0x69, 0xFE, 0x69, 0xFE, 0x69, 0xFE, 0x69, 0xFE, 0x69, 0xFE, 0x69, 0xFE, 0x69, 0xFE, 0x69, 0xFE,
    0x69, 0xFE, 0x69, 0xFE, 0x69, 0xFE, 0x69, 0xFE, 0x69, 0xFE, 0x69, 0xFE, 0x69, 0xFE, 0x69, 0xFE, 0x69, 0xFE, 0x69,
    0xFE, 0x69, 0xFE, 0x69, 0xFE, 0x69, 0xFE, 0x69, 0xFE, 0x69, 0xFE, 0x69, 0xFE, 0x69, 0xFE, 0x69, 0xFE, 0x69, 0xFE,
    0x69, 0xFE, 0x69, 0xFE, 0x69, 0xFE, 0x69, 0xFE, 0x69, 0xFE, 0x69, 0xFE, 0x69, 0xFE, 0x69, 0xFE, 0x69, 0xFE, 0x69,
    0xFE, 0x69, 0xFE, 0x69, 0xFE, 0x69, 0xFE, 0x69, 0xFE, 0x69, 0xFE, 0x69, 0xFE, 0x69, 0xFE, 0x69, 0xFE, 0x69, 0xFE,
    0x69, 0xFE, 0x69, 0xFE, 0x69, 0xFE, 0x69, 0xFE, 0x69, 0xFE, 0x69, 0xFE, 0x69, 0xFE, 0x69, 0xFE, 0x69, 0xFE, 0x69,
    0xFE, 0x69, 0xFE, 0x69, 0xFE, 0x69, 0xFE, 0x69, 0xFE, 0x69, 0xFE, 0x69, 0xFE, 0x69, 0xFE, 0x69, 0xFE, 0x69, 0xFE,
    0x69, 0xFE, 0x69, 0xFE, 0x69, 0xFE, 0x69, 0xFE, 0x69, 0xFE, 0x69, 0xFE, 0x69, 0xFE, 0x69, 0xFE, 0x69, 0xFE, 0x69,
    0xFE, 0x69, 0xFE, 0x69, 0xFE, 0x69, 0xFE, 0x69, 0xFE, 0x69, 0xFE, 0x69, 0xFE, 0x69, 0xFE, 0x69, 0xFE, 0x69, 0xFE,
    0x69, 0xFE, 0x69, 0xFE, 0x69, 0xFE, 0x69, 0xFE, 0x69, 0xFE, 0x69, 0xFE, 0x69, 0xFE, 0x69, 0xFE, 0x89, 0x43, 0x89,
    0x43, 0x89, 0x43, 0x89, 0x43, 0x89, 0x43, 0x89, 0x43, 0x89, 0x43, 0x89, 0x43, 0x89, 0x43, 0x89, 0x43, 0x89, 0x43,
    0x89, 0x43, 0x89, 0x43, 0x89, 0x43, 0x89, 0x43, 0x89, 0x43, 0x89, 0x43, 0x89, 0x43, 0x89, 0x43, 0x89, 0x43, 0x89,
    0x43, 0x89, 0x43, 0x89, 0x43, 0x89, 0x43, 0x89, 0x43, 0x89, 0x43, 0x89, 0x43, 0x89, 0x43, 0x89, 0x43, 0x89, 0x43,
    0x89, 0x43, 0x89, 0x43, 0x89, 0x43, 0x89, 0x43, 0x89, 0x43, 0x89, 0x43, 0x89, 0x43, 0x89, 0x43, 0x89, 0x43, 0x89,
    0x43, 0x89, 0x43, 0x89, 0x43, 0x89, 0x43, 0x89, 0x43, 0x89, 0x43, 0x89, 0x43, 0x89, 0x43, 0x89, 0x43, 0x89, 0x43,
    0x89, 0x43, 0x89, 0x43, 0x89, 0x43, 0x89, 0x43, 0x89, 0x43, 0x89, 0x43, 0x89, 0x43, 0x89, 0x43, 0x89, 0x43, 0x89,
    0x43, 0x89, 0x43, 0x69, 0xFE, 0x69, 0xFE, 0x69, 0xFE, 0x69, 0xFE, 0x69, 0xFE, 0x69, 0xFE, 0x69, 0xFE, 0x69, 0xFE,
    0x69, 0xFE, 0x69, 0xFE, 0x69, 0xFE, 0x69, 0xFE, 0x69, 0xFE, 0x69, 0xFE, 0x69, 0xFE, 0x69, 0xFE, 0x69, 0xFE, 0x69,
    0xFE, 0x69, 0xFE, 0x69, 0xFE, 0x69, 0xFE, 0x69, 0xFE, 0x69, 0xFE, 0x69, 0xFE, 0x69, 0xFE, 0x69, 0xFE, 0x69, 0xFE,
    0x69, 0xFE, 0x69, 0xFE, 0x69, 0xFE, 0x69, 0xFE, 0x69, 0xFE, 0x69, 0xFE, 0x69, 0xFE, 0x69, 0xFE, 0x69, 0xFE, 0x69,
    0xFE, 0x69, 0xFE, 0x69, 0xFE, 0x69, 0xFE, 0x69, 0xFE, 0x69, 0xFE, 0x69, 0xFE, 0x69, 0xFE, 0x69, 0xFE, 0x69, 0xFE,
    0x69, 0xFE, 0x69, 0xFE, 0x69, 0xFE, 0x69, 0xFE, 0x69, 0xFE, 0x69, 0xFE, 0x69, 0xFE, 0x69, 0xFE, 0x69, 0xFE, 0x69,
    0xFE, 0x69, 0xFE, 0x69, 0xFE, 0x69, 0xFE, 0x69, 0xFE, 0x69, 0xFE, 0x69, 0xFE, 0x69, 0xFE, 0x69, 0xFE, 0x69, 0xFE,
    0x69, 0xFE, 0x69, 0xFE, 0x69, 0xFE, 0x69, 0xFE, 0x69, 0xFE, 0x69, 0xFE, 0x69, 0xFE, 0x69, 0xFE, 0x69, 0xFE, 0x69,
    0xFE, 0x69, 0xFE, 0x69, 0xFE, 0x69, 0xFE, 0x69, 0xFE, 0x69, 0xFE, 0x69, 0xFE, 0x69, 0xFE, 0x69, 0xFE, 0x69, 0xFE,
    0x69, 0xFE, 0x69, 0xFE, 0x69, 0xFE, 0x69, 0xFE, 0x69, 0xFE, 0x69, 0xFE, 0x69, 0xFE, 0x69, 0xFE, 0x69, 0xFE, 0x69,
    0xFE, 0x69, 0xFE, 0x69, 0xFE, 0x69, 0xFE, 0x69, 0xFE, 0x69, 0xFE, 0x69, 0xFE, 0x69, 0xFE, 0x69, 0xFE, 0x69, 0xFE,
    0x69, 0xFE, 0x69, 0xFE, 0x69, 0xFE, 0x69, 0xFE, 0x69, 0xFE, 0x69, 0xFE, 0x69, 0xFE, 0x69, 0xFE, 0x69, 0xFE, 0x69,
    0xFE, 0x69, 0xFE, 0x69, 0xFE, 0x69, 0xFE, 0x69, 0xFE, 0x69, 0xFE, 0x69, 0xFE, 0x69, 0xFE, 0x69, 0xFE, 0x69, 0xFE,
    0x69, 0xFE, 0x69, 0xFE, 0x69, 0xFE, 0x69, 0xFE, 0x69, 0xFE, 0x69, 0xFE, 0x69, 0xFE, 0x69, 0xFE, 0x69, 0xFE, 0x69,
    0xFE, 0x69, 0xFE, 0x69, 0xFE, 0x69, 0xFE, 0x69, 0xFE, 0x69, 0xFE, 0x69, 0xFE, 0x69, 0xFE, 0x69, 0xFE, 0x69, 0xFE,
    0x69, 0xFE, 0x69, 0xFE, 0x69, 0xFE, 0x69, 0xFE, 0x69, 0xFE, 0x69, 0xFE, 0x69, 0xFE, 0x69, 0xFE, 0x69, 0xFE, 0x69,
    0xFE, 0x69, 0xFE, 0x69, 0xFE, 0x69, 0xFE, 0x69, 0xFE, 0x69, 0xFE, 0x69, 0xFE, 0x69, 0xFE, 0x69, 0xFE, 0x69, 0xFE,
    0x69, 0xFE, 0x69, 0xFE, 0x69, 0xFE, 0x69, 0xFE, 0x69, 0xFE, 0x69, 0xFE, 0x69, 0xFE, 0x69, 0xFE, 0x69, 0xFE, 0x69,
    0xFE, 0x69, 0xFE, 0x69, 0xFE, 0x69, 0xFE, 0x69, 0xFE, 0x69, 0xFE, 0x69, 0xFE, 0x69, 0xFE, 0x69, 0xFE, 0x69, 0xFE,
    0x69, 0xFE, 0x89, 0x43, 0x89, 0x43, 0x89, 0x43, 0x89, 0x43, 0x89, 0x43, 0x89, 0x43, 0x89, 0x43, 0x89, 0x43, 0x89,
    0x43, 0x89, 0x43, 0x89, 0x43, 0x89, 0x43, 0x89, 0x43, 0x89, 0x43, 0x89, 0x43, 0x89, 0x43, 0x89, 0x43, 0x89, 0x43,
    0x89, 0x43, 0x89, 0x43, 0x89, 0x43, 0x89, 0x43, 0x89, 0x43, 0x89, 0x43, 0x89, 0x43, 0x89, 0x43, 0x89, 0x43, 0x89,
    0x43, 0x89, 0x43, 0x89, 0x43, 0x89, 0x43, 0x89, 0x43, 0x89, 0x43, 0x89, 0x43, 0x89, 0x43, 0x89, 0x43, 0x89, 0x43,
    0x89, 0x43, 0x89, 0x43, 0x89, 0x43, 0x89, 0x43, 0x89, 0x43, 0x89, 0x43, 0x89, 0x43, 0x89, 0x43, 0x89, 0x43, 0x89,
    0x43, 0x89, 0x43, 0x89, 0x43, 0x89, 0x43, 0x89, 0x43, 0x89, 0x43, 0x89, 0x43, 0x89, 0x43, 0x89, 0x43, 0x89, 0x43,
    0x89, 0x43, 0x89, 0x43, 0x89, 0x43, 0x89, 0x43, 0x69, 0xFE, 0x69, 0xFE, 0x69, 0xFE, 0x69, 0xFE, 0x69, 0xFE, 0x69,
    0xFE, 0x69, 0xFE, 0x69, 0xFE, 0x69, 0xFE, 0x69, 0xFE, 0x69, 0xFE, 0x69, 0xFE, 0x69, 0xFE, 0x69, 0xFE, 0x69, 0xFE,
    0x69, 0xFE, 0x69, 0xFE, 0x69, 0xFE, 0x69, 0xFE, 0x69, 0xFE, 0x69, 0xFE, 0x69, 0xFE, 0x69, 0xFE, 0x69, 0xFE, 0x69,
    0xFE, 0x69, 0xFE, 0x69, 0xFE, 0x69, 0xFE, 0x69, 0xFE, 0x69, 0xFE, 0x69, 0xFE, 0x69, 0xFE, 0x69, 0xFE, 0x69, 0xFE,
    0x69, 0xFE, 0x69, 0xFE, 0x69, 0xFE, 0x69, 0xFE, 0x69, 0xFE, 0x69, 0xFE, 0x69, 0xFE, 0x69, 0xFE, 0x69, 0xFE, 0x69,
    0xFE, 0x69, 0xFE, 0x69, 0xFE, 0x69, 0xFE, 0x69, 0xFE, 0x69, 0xFE, 0x69, 0xFE, 0x69, 0xFE, 0x69, 0xFE, 0x69, 0xFE,
    0x69, 0xFE, 0x69, 0xFE, 0x69, 0xFE, 0x69, 0xFE, 0x69, 0xFE, 0x69, 0xFE, 0x69, 0xFE, 0x69, 0xFE, 0x69, 0xFE, 0x69,
    0xFE, 0x69, 0xFE, 0x69, 0xFE, 0x69, 0xFE, 0x69, 0xFE, 0x69, 0xFE, 0x69, 0xFE, 0x69, 0xFE, 0x69, 0xFE, 0x69, 0xFE,
    0x69, 0xFE, 0x69, 0xFE, 0x69, 0xFE, 0x69, 0xFE, 0x69, 0xFE, 0x69, 0xFE, 0x69, 0xFE, 0x69, 0xFE, 0x69, 0xFE, 0x69,
    0xFE, 0x69, 0xFE, 0x69, 0xFE, 0x69, 0xFE, 0x69, 0xFE, 0x69, 0xFE, 0x69, 0xFE, 0x69, 0xFE, 0x69, 0xFE, 0x69, 0xFE,
    0x69, 0xFE, 0x69, 0xFE, 0x69, 0xFE, 0x69, 0xFE, 0x69, 0xFE, 0x69, 0xFE, 0x69, 0xFE, 0x69, 0xFE, 0x69, 0xFE, 0x69,
    0xFE, 0x69, 0xFE, 0x69, 0xFE, 0x69, 0xFE, 0x69, 0xFE, 0x69, 0xFE, 0x69, 0xFE, 0x69, 0xFE, 0x69, 0xFE, 0x69, 0xFE,
    0x69, 0xFE, 0x69, 0xFE, 0x69, 0xFE, 0x69, 0xFE, 0x69, 0xFE, 0x69, 0xFE, 0x69, 0xFE, 0x69, 0xFE, 0x69, 0xFE, 0x69,
    0xFE, 0x69, 0xFE, 0x69, 0xFE, 0x69, 0xFE, 0x69, 0xFE, 0x69, 0xFE, 0x69, 0xFE, 0x69, 0xFE, 0x69, 0xFE, 0x69, 0xFE,
    0x69, 0xFE, 0x69, 0xFE, 0x69, 0xFE, 0x69, 0xFE, 0x69, 0xFE, 0x69, 0xFE, 0x69, 0xFE, 0x69, 0xFE, 0x69, 0xFE, 0x69,
    0xFE, 0x69, 0xFE, 0x69, 0xFE, 0x69, 0xFE, 0x69, 0xFE, 0x69, 0xFE, 0x69, 0xFE, 0x69, 0xFE, 0x69, 0xFE, 0x69, 0xFE,
    0x69, 0xFE, 0x69, 0xFE, 0x69, 0xFE, 0x69, 0xFE, 0x69, 0xFE, 0x69, 0xFE, 0x69, 0xFE, 0x69, 0xFE, 0x69, 0xFE, 0x69,
    0xFE, 0x69, 0xFE, 0x69, 0xFE, 0x69, 0xFE, 0x69, 0xFE, 0x69, 0xFE, 0x69, 0xFE, 0x69, 0xFE, 0x69, 0xFE, 0x69, 0xFE,
    0x69, 0xFE, 0x69, 0xFE, 0x69, 0xFE, 0x69, 0xFE, 0x69, 0xFE, 0x69, 0xFE, 0x69, 0xFE, 0x69, 0xFE, 0x69, 0xFE, 0x69,
    0xFE, 0x69, 0xFE, 0x69, 0xFE, 0x69, 0xFE, 0x89, 0x43, 0x89, 0x43, 0x89, 0x43, 0x89, 0x43, 0x89, 0x43, 0x89, 0x43,
    0x89, 0x43, 0x89, 0x43, 0x89, 0x43, 0x89, 0x43, 0x89, 0x43, 0x89, 0x43, 0x89, 0x43, 0x89, 0x43, 0x89, 0x43, 0x89,
    0x43, 0x89, 0x43, 0x89, 0x43, 0x89, 0x43, 0x89, 0x43, 0x89, 0x43, 0x89, 0x43, 0x89, 0x43, 0x89, 0x43, 0x89, 0x43,
    0x89, 0x43, 0x89, 0x43, 0x89, 0x43, 0x89, 0x43, 0x89, 0x43, 0x89, 0x43, 0x89, 0x43, 0x89, 0x43, 0x89, 0x43, 0x89,
    0x43, 0x89, 0x43, 0x89, 0x43, 0x89, 0x43, 0x89, 0x43, 0x89, 0x43, 0x89, 0x43, 0x89, 0x43, 0x89, 0x43, 0x89, 0x43,
    0x89, 0x43, 0x89, 0x43, 0x89, 0x43, 0x89, 0x43, 0x89, 0x43, 0x89, 0x43, 0x89, 0x43, 0x89, 0x43, 0x89, 0x43, 0x89,
    0x43, 0x89, 0x43, 0x89, 0x43, 0x89, 0x43, 0x69, 0xFE, 0x69, 0xFE, 0x69, 0xFE, 0x69, 0xFE, 0x69, 0xFE, 0x69, 0xFE,
    0x69, 0xFE, 0x69, 0xFE, 0x69, 0xFE, 0x69, 0xFE, 0x69, 0xFE, 0x69, 0xFE, 0x69, 0xFE, 0x69, 0xFE, 0x69, 0xFE, 0x69,
    0xFE, 0x69, 0xFE, 0x69, 0xFE, 0x69, 0xFE, 0x69, 0xFE, 0x69, 0xFE, 0x69, 0xFE, 0x69, 0xFE, 0x69, 0xFE, 0x69, 0xFE,
    0x69, 0xFE, 0x69, 0xFE, 0x69, 0xFE, 0x69, 0xFE, 0x69, 0xFE, 0x69, 0xFE, 0x69, 0xFE, 0x69, 0xFE, 0x69, 0xFE, 0x69,
    0xFE, 0x69, 0xFE, 0x69, 0xFE, 0x69, 0xFE, 0x69, 0xFE, 0x69, 0xFE, 0x69, 0xFE, 0x69, 0xFE, 0x69, 0xFE, 0x69, 0xFE,
    0x69, 0xFE, 0x69, 0xFE, 0x69, 0xFE, 0x69, 0xFE, 0x69, 0xFE, 0x69, 0xFE, 0x69, 0xFE, 0x69, 0xFE, 0x69, 0xFE, 0x69,
    0xFE, 0x69, 0xFE, 0x69, 0xFE, 0x69, 0xFE, 0x69, 0xFE, 0x69, 0xFE, 0x69, 0xFE, 0x69, 0xFE, 0x69, 0xFE, 0x69, 0xFE,
    0x69, 0xFE, 0x69, 0xFE, 0x69, 0xFE, 0x69, 0xFE, 0x69, 0xFE, 0x69, 0xFE, 0x69, 0xFE, 0x69, 0xFE, 0x69, 0xFE, 0x69,
    0xFE, 0x69, 0xFE, 0x69, 0xFE, 0x69, 0xFE, 0x69, 0xFE, 0x69, 0xFE, 0x69, 0xFE, 0x69, 0xFE, 0x69, 0xFE, 0x69, 0xFE,
    0x69, 0xFE, 0x69, 0xFE, 0x69, 0xFE, 0x69, 0xFE, 0x69, 0xFE, 0x69, 0xFE, 0x69, 0xFE, 0x69, 0xFE, 0x69, 0xFE, 0x69,
    0xFE, 0x69, 0xFE, 0x69, 0xFE, 0x69, 0xFE, 0x69, 0xFE, 0x69, 0xFE, 0x69, 0xFE, 0x69, 0xFE, 0x69, 0xFE, 0x69, 0xFE,
    0x69, 0xFE, 0x69, 0xFE, 0x69, 0xFE, 0x69, 0xFE, 0x69, 0xFE, 0x69, 0xFE, 0x69, 0xFE, 0x69, 0xFE, 0x69, 0xFE, 0x69,
    0xFE, 0x69, 0xFE, 0x69, 0xFE, 0x69, 0xFE, 0x69, 0xFE, 0x69, 0xFE, 0x69, 0xFE, 0x69, 0xFE, 0x69, 0xFE, 0x69, 0xFE,
    0x69, 0xFE, 0x69, 0xFE, 0x69, 0xFE, 0x69, 0xFE, 0x69, 0xFE, 0x69, 0xFE, 0x69, 0xFE, 0x69, 0xFE, 0x69, 0xFE, 0x69,
    0xFE, 0x69, 0xFE, 0x69, 0xFE, 0x69, 0xFE, 0x69, 0xFE, 0x69, 0xFE, 0x69, 0xFE, 0x69, 0xFE, 0x69, 0xFE, 0x69, 0xFE,
    0x69, 0xFE, 0x69, 0xFE, 0x69, 0xFE, 0x69, 0xFE, 0x69, 0xFE, 0x69, 0xFE, 0x69, 0xFE, 0x69, 0xFE, 0x69, 0xFE, 0x69,
    0xFE, 0x69, 0xFE, 0x69, 0xFE, 0x69, 0xFE, 0x69, 0xFE, 0x69, 0xFE, 0x69, 0xFE, 0x69, 0xFE, 0x69, 0xFE, 0x69, 0xFE,
    0x69, 0xFE, 0x69, 0xFE, 0x69, 0xFE, 0x69, 0xFE, 0x69, 0xFE, 0x69, 0xFE, 0x69, 0xFE, 0x69, 0xFE, 0x69, 0xFE, 0x69,
    0xFE, 0x69, 0xFE, 0x69, 0xFE, 0x69, 0xFE, 0x69, 0xFE, 0x69, 0xFE, 0x69, 0xFE, 0x69, 0xFE, 0x69, 0xFE, 0x69, 0xFE,
    0x69, 0xFE, 0x69, 0xFE, 0x69, 0xFE, 0x69, 0xFE, 0x69, 0xFE, 0x69, 0xFE, 0x69, 0xFE, 0x69, 0xFE, 0x69, 0xFE, 0x89,
    0x43, 0x89, 0x43, 0x89, 0x43, 0x89, 0x43, 0x89, 0x43, 0x89, 0x43, 0x89, 0x43, 0x89, 0x43, 0x89, 0x43, 0x89, 0x43,
    0x89, 0x43, 0x89, 0x43, 0x89, 0x43, 0x89, 0x43, 0x89, 0x43, 0x89, 0x43, 0x89, 0x43, 0x89, 0x43, 0x89, 0x43, 0x89,
    0x43, 0x89, 0x43, 0x89, 0x43, 0x89, 0x43, 0x89, 0x43, 0x89, 0x43, 0x89, 0x43, 0x89, 0x43, 0x89, 0x43, 0x89, 0x43,
    0x89, 0x43, 0x89, 0x43, 0x89, 0x43, 0x89, 0x43, 0x89, 0x43, 0x89, 0x43, 0x89, 0x43, 0x89, 0x43, 0x89, 0x43, 0x89,
    0x43, 0x89, 0x43, 0x89, 0x43, 0x89, 0x43, 0x89, 0x43, 0x89, 0x43, 0x89, 0x43, 0x89, 0x43, 0x89, 0x43, 0x89, 0x43,
    0x89, 0x43, 0x89, 0x43, 0x89, 0x43, 0x89, 0x43, 0x89, 0x43, 0x89, 0x43, 0x69, 0xFE, 0x69, 0xFE, 0x69, 0xFE, 0x69,
    0xFE, 0x69, 0xFE, 0x69, 0xFE, 0x69, 0xFE, 0x69, 0xFE, 0x69, 0xFE, 0x69, 0xFE, 0x69, 0xFE, 0x69, 0xFE, 0x69, 0xFE,
    0x69, 0xFE, 0x69, 0xFE, 0x69, 0xFE, 0x69, 0xFE, 0x69, 0xFE, 0x69, 0xFE, 0x69, 0xFE, 0x69, 0xFE, 0x69, 0xFE, 0x69,
    0xFE, 0x69, 0xFE, 0x69, 0xFE, 0x69, 0xFE, 0x69, 0xFE, 0x69, 0xFE, 0x69, 0xFE, 0x69, 0xFE, 0x69, 0xFE, 0x69, 0xFE,
    0x69, 0xFE, 0x69, 0xFE, 0x69, 0xFE, 0x69, 0xFE, 0x69, 0xFE, 0x69, 0xFE, 0x69, 0xFE, 0x69, 0xFE, 0x69, 0xFE, 0x69,
    0xFE, 0x69, 0xFE, 0x69, 0xFE, 0x69, 0xFE, 0x69, 0xFE, 0x69, 0xFE, 0x69, 0xFE, 0x69, 0xFE, 0x69, 0xFE, 0x69, 0xFE,
    0x69, 0xFE, 0x69, 0xFE, 0x69, 0xFE, 0x69, 0xFE, 0x69, 0xFE, 0x69, 0xFE, 0x69, 0xFE, 0x69, 0xFE, 0x69, 0xFE, 0x69,
    0xFE, 0x69, 0xFE, 0x69, 0xFE, 0x69, 0xFE, 0x69, 0xFE, 0x69, 0xFE, 0x69, 0xFE, 0x69, 0xFE, 0x69, 0xFE, 0x69, 0xFE,
    0x69, 0xFE, 0x69, 0xFE, 0x69, 0xFE, 0x69, 0xFE, 0x69, 0xFE, 0x69, 0xFE, 0x69, 0xFE, 0x69, 0xFE, 0x69, 0xFE, 0x69,
    0xFE, 0x69, 0xFE, 0x69, 0xFE, 0x69, 0xFE, 0x69, 0xFE, 0x69, 0xFE, 0x69, 0xFE, 0x69, 0xFE, 0x69, 0xFE, 0x69, 0xFE,
    0x69, 0xFE, 0x69, 0xFE, 0x69, 0xFE, 0x69, 0xFE, 0x69, 0xFE, 0x69, 0xFE, 0x69, 0xFE, 0x69, 0xFE, 0x69, 0xFE, 0x69,
    0xFE, 0x69, 0xFE, 0x69, 0xFE, 0x69, 0xFE, 0x69, 0xFE, 0x69, 0xFE, 0x69, 0xFE, 0x69, 0xFE, 0x69, 0xFE, 0x69, 0xFE,
    0x69, 0xFE, 0x69, 0xFE, 0x69, 0xFE, 0x69, 0xFE, 0x69, 0xFE, 0x69, 0xFE, 0x69, 0xFE, 0x69, 0xFE, 0x69, 0xFE, 0x69,
    0xFE, 0x69, 0xFE, 0x69, 0xFE, 0x69, 0xFE, 0x69, 0xFE, 0x69, 0xFE, 0x69, 0xFE, 0x69, 0xFE, 0x69, 0xFE, 0x69, 0xFE,
    0x69, 0xFE, 0x69, 0xFE, 0x69, 0xFE, 0x69, 0xFE, 0x69, 0xFE, 0x69, 0xFE, 0x69, 0xFE, 0x69, 0xFE, 0x69, 0xFE, 0x69,
    0xFE, 0x69, 0xFE, 0x69, 0xFE, 0x69, 0xFE, 0x69, 0xFE, 0x69, 0xFE, 0x69, 0xFE, 0x69, 0xFE, 0x69, 0xFE, 0x69, 0xFE,
    0x69, 0xFE, 0x69, 0xFE, 0x69, 0xFE, 0x69, 0xFE, 0x69, 0xFE, 0x69, 0xFE, 0x69, 0xFE, 0x69, 0xFE, 0x69, 0xFE, 0x69,
    0xFE, 0x69, 0xFE, 0x69, 0xFE, 0x69, 0xFE, 0x69, 0xFE, 0x69, 0xFE, 0x69, 0xFE, 0x69, 0xFE, 0x69, 0xFE, 0x69, 0xFE,
    0x69, 0xFE, 0x69, 0xFE, 0x69, 0xFE, 0x69, 0xFE, 0x69, 0xFE, 0x69, 0xFE, 0x69, 0xFE, 0x69, 0xFE, 0x69, 0xFE, 0x69,
    0xFE, 0x69, 0xFE, 0x69, 0xFE, 0x69, 0xFE, 0x69, 0xFE, 0x69, 0xFE, 0x69, 0xFE, 0x69, 0xFE, 0x69, 0xFE, 0x69, 0xFE,
    0x69, 0xFE, 0x69, 0xFE, 0x89, 0x43, 0x89, 0x43, 0x89, 0x43, 0x89, 0x43, 0x89, 0x43, 0x89, 0x43, 0x89, 0x43, 0x89,
    0x43, 0x89, 0x43, 0x89, 0x43, 0x89, 0x43, 0x89, 0x43, 0x89, 0x43, 0x89, 0x43, 0x89, 0x43, 0x89, 0x43, 0x89, 0x43,
    0x89, 0x43, 0x89, 0x43, 0x89, 0x43, 0x89, 0x43, 0x89, 0x43, 0x89, 0x43, 0x89, 0x43, 0x89, 0x43, 0x89, 0x43, 0x89,
    0x43, 0x89, 0x43, 0x89, 0x43, 0x89, 0x43, 0x89, 0x43, 0x89, 0x43, 0x89, 0x43, 0x89, 0x43, 0x89, 0x43, 0x89, 0x43,
    0x89, 0x43, 0x89, 0x43, 0x89, 0x43, 0x89, 0x43, 0x89, 0x43, 0x89, 0x43, 0x89, 0x43, 0x89, 0x43, 0x89, 0x43, 0x89,
    0x43, 0x89, 0x43, 0x89, 0x43, 0x89, 0x43, 0x89, 0x43, 0x89, 0x43, 0x89, 0x43, 0x89, 0x43, 0x89, 0x43, 0x69, 0xFE,
    0x69, 0xFE, 0x69, 0xFE, 0x69, 0xFE, 0x69, 0xFE, 0x69, 0xFE, 0x69, 0xFE, 0x69, 0xFE, 0x69, 0xFE, 0x69, 0xFE, 0x69,
    0xFE, 0x69, 0xFE, 0x69, 0xFE, 0x69, 0xFE, 0x69, 0xFE, 0x69, 0xFE, 0x69, 0xFE, 0x69, 0xFE, 0x69, 0xFE, 0x69, 0xFE,
    0x69, 0xFE, 0x69, 0xFE, 0x69, 0xFE, 0x69, 0xFE, 0x69, 0xFE, 0x69, 0xFE, 0x69, 0xFE, 0x69, 0xFE, 0x69, 0xFE, 0x69,
    0xFE, 0x69, 0xFE, 0x69, 0xFE, 0x69, 0xFE, 0x69, 0xFE, 0x69, 0xFE, 0x69, 0xFE, 0x69, 0xFE, 0x69, 0xFE, 0x69, 0xFE,
    0x69, 0xFE, 0x69, 0xFE, 0x69, 0xFE, 0x69, 0xFE, 0x69, 0xFE, 0x69, 0xFE, 0x69, 0xFE, 0x69, 0xFE, 0x69, 0xFE, 0x69,
    0xFE, 0x69, 0xFE, 0x69, 0xFE, 0x69, 0xFE, 0x69, 0xFE, 0x69, 0xFE, 0x69, 0xFE, 0x69, 0xFE, 0x69, 0xFE, 0x69, 0xFE,
    0x69, 0xFE, 0x69, 0xFE, 0x69, 0xFE, 0x69, 0xFE, 0x69, 0xFE, 0x69, 0xFE, 0x69, 0xFE, 0x69, 0xFE, 0x69, 0xFE, 0x69,
    0xFE, 0x69, 0xFE, 0x69, 0xFE, 0x69, 0xFE, 0x69, 0xFE, 0x69, 0xFE, 0x69, 0xFE, 0x69, 0xFE, 0x69, 0xFE, 0x69, 0xFE,
    0x69, 0xFE, 0x69, 0xFE, 0x69, 0xFE, 0x69, 0xFE, 0x69, 0xFE, 0x69, 0xFE, 0x69, 0xFE, 0x69, 0xFE, 0x69, 0xFE, 0x69,
    0xFE, 0x69, 0xFE, 0x69, 0xFE, 0x69, 0xFE, 0x69, 0xFE, 0x69, 0xFE, 0x69, 0xFE, 0x69, 0xFE, 0x69, 0xFE, 0x69, 0xFE,
    0x69, 0xFE, 0x69, 0xFE, 0x69, 0xFE, 0x69, 0xFE, 0x69, 0xFE, 0x69, 0xFE, 0x69, 0xFE, 0x69, 0xFE, 0x69, 0xFE, 0x69,
    0xFE, 0x69, 0xFE, 0x69, 0xFE, 0x69, 0xFE, 0x69, 0xFE, 0x69, 0xFE, 0x69, 0xFE, 0x69, 0xFE, 0x69, 0xFE, 0x69, 0xFE,
    0x69, 0xFE, 0x69, 0xFE, 0x69, 0xFE, 0x69, 0xFE, 0x69, 0xFE, 0x69, 0xFE, 0x69, 0xFE, 0x69, 0xFE, 0x69, 0xFE, 0x69,
    0xFE, 0x69, 0xFE, 0x69, 0xFE, 0x69, 0xFE, 0x69, 0xFE, 0x69, 0xFE, 0x69, 0xFE, 0x69, 0xFE, 0x69, 0xFE, 0x69, 0xFE,
    0x69, 0xFE, 0x69, 0xFE, 0x69, 0xFE, 0x69, 0xFE, 0x69, 0xFE, 0x69, 0xFE, 0x69, 0xFE, 0x69, 0xFE, 0x69, 0xFE, 0x69,
    0xFE, 0x69, 0xFE, 0x69, 0xFE, 0x69, 0xFE, 0x69, 0xFE, 0x69, 0xFE, 0x69, 0xFE, 0x69, 0xFE, 0x69, 0xFE, 0x69, 0xFE,
    0x69, 0xFE, 0x69, 0xFE, 0x69, 0xFE, 0x69, 0xFE, 0x69, 0xFE, 0x69, 0xFE, 0x69, 0xFE, 0x69, 0xFE, 0x69, 0xFE, 0x69,
    0xFE, 0x69, 0xFE, 0x69, 0xFE, 0x69, 0xFE, 0x69, 0xFE, 0x69, 0xFE, 0x69, 0xFE, 0x69, 0xFE, 0x69, 0xFE, 0x69, 0xFE,
    0x69, 0xFE, 0x69, 0xFE, 0x69, 0xFE, 0x69, 0xFE, 0x69, 0xFE, 0x69, 0xFE, 0x69, 0xFE, 0x69, 0xFE, 0x69, 0xFE, 0x69,
    0xFE, 0x69, 0xFE, 0x69, 0xFE, 0x69, 0xFE, 0x69, 0xFE, 0x89, 0x43, 0x89, 0x43, 0x89, 0x43, 0x89, 0x43, 0x89, 0x43,
    0x89, 0x43, 0x89, 0x43, 0x89, 0x43, 0x89, 0x43, 0x89, 0x43, 0x89, 0x43, 0x89, 0x43, 0x89, 0x43, 0x89, 0x43, 0x89,
    0x43, 0x89, 0x43, 0x89, 0x43, 0x89, 0x43, 0x89, 0x43, 0x89, 0x43, 0x89, 0x43, 0x89, 0x43, 0x89, 0x43, 0x89, 0x43,
    0x89, 0x43, 0x89, 0x43, 0x89, 0x43, 0x89, 0x43, 0x89, 0x43, 0x89, 0x43, 0x89, 0x43, 0x89, 0x43, 0x89, 0x43, 0x89,
    0x43, 0x89, 0x43, 0x89, 0x43, 0x89, 0x43, 0x89, 0x43, 0x89, 0x43, 0x89, 0x43, 0x89, 0x43, 0x89, 0x43, 0x89, 0x43,
    0x89, 0x43, 0x89, 0x43, 0x89, 0x43, 0x89, 0x43, 0x89, 0x43, 0x89, 0x43, 0x89, 0x43, 0x69, 0xFE, 0x69, 0xFE, 0x69,
    0xFE, 0x69, 0xFE, 0x69, 0xFE, 0x69, 0xFE, 0x69, 0xFE, 0x69, 0xFE, 0x69, 0xFE, 0x69, 0xFE, 0x69, 0xFE, 0x69, 0xFE,
    0x69, 0xFE, 0x69, 0xFE, 0x69, 0xFE, 0x69, 0xFE, 0x69, 0xFE, 0x69, 0xFE, 0x69, 0xFE, 0x69, 0xFE, 0x69, 0xFE, 0x69,
    0xFE, 0x69, 0xFE, 0x69, 0xFE, 0x69, 0xFE, 0x69, 0xFE, 0x69, 0xFE, 0x69, 0xFE, 0x69, 0xFE, 0x69, 0xFE, 0x69, 0xFE,
    0x69, 0xFE, 0x69, 0xFE, 0x69, 0xFE, 0x69, 0xFE, 0x69, 0xFE, 0x69, 0xFE, 0x69, 0xFE, 0x69, 0xFE, 0x69, 0xFE, 0x69,
    0xFE, 0x69, 0xFE, 0x69, 0xFE, 0x69, 0xFE, 0x69, 0xFE, 0x69, 0xFE, 0x69, 0xFE, 0x69, 0xFE, 0x69, 0xFE, 0x69, 0xFE,
    0x69, 0xFE, 0x69, 0xFE, 0x69, 0xFE, 0x69, 0xFE, 0x69, 0xFE, 0x69, 0xFE, 0x69, 0xFE, 0x69, 0xFE, 0x69, 0xFE, 0x69,
    0xFE, 0x69, 0xFE, 0x69, 0xFE, 0x69, 0xFE, 0x69, 0xFE, 0x69, 0xFE, 0x69, 0xFE, 0x69, 0xFE, 0x69, 0xFE, 0x69, 0xFE,
    0x69, 0xFE, 0x69, 0xFE, 0x69, 0xFE, 0x69, 0xFE, 0x69, 0xFE, 0x69, 0xFE, 0x69, 0xFE, 0x69, 0xFE, 0x69, 0xFE, 0x69,
    0xFE, 0x69, 0xFE, 0x69, 0xFE, 0x69, 0xFE, 0x69, 0xFE, 0x69, 0xFE, 0x69, 0xFE, 0x69, 0xFE, 0x69, 0xFE, 0x69, 0xFE,
    0x69, 0xFE, 0x69, 0xFE, 0x69, 0xFE, 0x69, 0xFE, 0x69, 0xFE, 0x69, 0xFE, 0x69, 0xFE, 0x69, 0xFE, 0x69, 0xFE, 0x69,
    0xFE, 0x69, 0xFE, 0x69, 0xFE, 0x69, 0xFE, 0x69, 0xFE, 0x69, 0xFE, 0x69, 0xFE, 0x69, 0xFE, 0x69, 0xFE, 0x69, 0xFE,
    0x69, 0xFE, 0x69, 0xFE, 0x69, 0xFE, 0x69, 0xFE, 0x69, 0xFE, 0x69, 0xFE, 0x69, 0xFE, 0x69, 0xFE, 0x69, 0xFE, 0x69,
    0xFE, 0x69, 0xFE, 0x69, 0xFE, 0x69, 0xFE, 0x69, 0xFE, 0x69, 0xFE, 0x69, 0xFE, 0x69, 0xFE, 0x69, 0xFE, 0x69, 0xFE,
    0x69, 0xFE, 0x69, 0xFE, 0x69, 0xFE, 0x69, 0xFE, 0x69, 0xFE, 0x69, 0xFE, 0x69, 0xFE, 0x69, 0xFE, 0x69, 0xFE, 0x69,
    0xFE, 0x69, 0xFE, 0x69, 0xFE, 0x69, 0xFE, 0x69, 0xFE, 0x69, 0xFE, 0x69, 0xFE, 0x69, 0xFE, 0x69, 0xFE, 0x69, 0xFE,
    0x69, 0xFE, 0x69, 0xFE, 0x69, 0xFE, 0x69, 0xFE, 0x69, 0xFE, 0x69, 0xFE, 0x69, 0xFE, 0x69, 0xFE, 0x69, 0xFE, 0x69,
    0xFE, 0x69, 0xFE, 0x69, 0xFE, 0x69, 0xFE, 0x69, 0xFE, 0x69, 0xFE, 0x69, 0xFE, 0x69, 0xFE, 0x69, 0xFE, 0x69, 0xFE,
    0x69, 0xFE, 0x69, 0xFE, 0x69, 0xFE, 0x69, 0xFE, 0x69, 0xFE, 0x69, 0xFE, 0x69, 0xFE, 0x69, 0xFE, 0x69, 0xFE, 0x69,
    0xFE, 0x69, 0xFE, 0x69, 0xFE, 0x69, 0xFE, 0x69, 0xFE, 0x69, 0xFE, 0x69, 0xFE, 0x69, 0xFE, 0x69, 0xFE, 0x69, 0xFE,
    0x69, 0xFE, 0x69, 0xFE, 0x69, 0xFE, 0x69, 0xFE, 0x69, 0xFE, 0x69, 0xFE, 0x69, 0xFE, 0x69, 0xFE, 0x69, 0xFE, 0x69,
    0xFE, 0x69, 0xFE, 0x89, 0x43, 0x89, 0x43, 0x89, 0x43, 0x89, 0x43, 0x89, 0x43, 0x89, 0x43, 0x89, 0x43, 0x89, 0x43,
    0x89, 0x43, 0x89, 0x43, 0x89, 0x43, 0x89, 0x43, 0x89, 0x43, 0x89, 0x43, 0x89, 0x43, 0x89, 0x43, 0x89, 0x43, 0x89,
    0x43, 0x89, 0x43, 0x89, 0x43, 0x89, 0x43, 0x89, 0x43, 0x89, 0x43, 0x89, 0x43, 0x89, 0x43, 0x89, 0x43, 0x89, 0x43,
    0x89, 0x43, 0x89, 0x43, 0x89, 0x43, 0x89, 0x43, 0x89, 0x43, 0x89, 0x43, 0x89, 0x43, 0x89, 0x43, 0x89, 0x43, 0x89,
    0x43, 0x89, 0x43, 0x89, 0x43, 0x89, 0x43, 0x89, 0x43, 0x89, 0x43, 0x89, 0x43, 0x89, 0x43, 0x89, 0x43, 0x89, 0x43,
    0x69, 0xFE, 0x69, 0xFE, 0x69, 0xFE, 0x69, 0xFE, 0x69, 0xFE, 0x69, 0xFE, 0x69, 0xFE, 0x69, 0xFE, 0x69, 0xFE, 0x69,
    0xFE, 0x69, 0xFE, 0x69, 0xFE, 0x69, 0xFE, 0x69, 0xFE, 0x69, 0xFE, 0x69, 0xFE, 0x69, 0xFE, 0x69, 0xFE, 0x69, 0xFE,
    0x69, 0xFE, 0x69, 0xFE, 0x69, 0xFE, 0x69, 0xFE, 0x69, 0xFE, 0x69, 0xFE, 0x69, 0xFE, 0x69, 0xFE, 0x69, 0xFE, 0x69,
    0xFE, 0x69, 0xFE, 0x69, 0xFE, 0x69, 0xFE, 0x69, 0xFE, 0x69, 0xFE, 0x69, 0xFE, 0x69, 0xFE, 0x69, 0xFE, 0x69, 0xFE,
    0x69, 0xFE, 0x69, 0xFE, 0x69, 0xFE, 0x69, 0xFE, 0x69, 0xFE, 0x69, 0xFE, 0x69, 0xFE, 0x69, 0xFE, 0x69, 0xFE, 0x69,
    0xFE, 0x69, 0xFE, 0x69, 0xFE, 0x69, 0xFE, 0x69, 0xFE, 0x69, 0xFE, 0x69, 0xFE, 0x69, 0xFE, 0x69, 0xFE, 0x69, 0xFE,
    0x69, 0xFE, 0x69, 0xFE, 0x69, 0xFE, 0x69, 0xFE, 0x69, 0xFE, 0x69, 0xFE, 0x69, 0xFE, 0x69, 0xFE, 0x69, 0xFE, 0x69,
    0xFE, 0x69, 0xFE, 0x69, 0xFE, 0x69, 0xFE, 0x69, 0xFE, 0x69, 0xFE, 0x69, 0xFE, 0x69, 0xFE, 0x69, 0xFE, 0x69, 0xFE,
    0x69, 0xFE, 0x69, 0xFE, 0x69, 0xFE, 0x69, 0xFE, 0x69, 0xFE, 0x69, 0xFE, 0x69, 0xFE, 0x69, 0xFE, 0x69, 0xFE, 0x69,
    0xFE, 0x69, 0xFE, 0x69, 0xFE, 0x69, 0xFE, 0x69, 0xFE, 0x69, 0xFE, 0x69, 0xFE, 0x69, 0xFE, 0x69, 0xFE, 0x69, 0xFE,
    0x69, 0xFE, 0x69, 0xFE, 0x69, 0xFE, 0x69, 0xFE, 0x69, 0xFE, 0x69, 0xFE, 0x69, 0xFE, 0x69, 0xFE, 0x69, 0xFE, 0x69,
    0xFE, 0x69, 0xFE, 0x69, 0xFE, 0x69, 0xFE, 0x69, 0xFE, 0x69, 0xFE, 0x69, 0xFE, 0x69, 0xFE, 0x69, 0xFE, 0x69, 0xFE,
    0x69, 0xFE, 0x69, 0xFE, 0x69, 0xFE, 0x69, 0xFE, 0x69, 0xFE, 0x69, 0xFE, 0x69, 0xFE, 0x69, 0xFE, 0x69, 0xFE, 0x69,
    0xFE, 0x69, 0xFE, 0x69, 0xFE, 0x69, 0xFE, 0x69, 0xFE, 0x69, 0xFE, 0x69, 0xFE, 0x69, 0xFE, 0x69, 0xFE, 0x69, 0xFE,
    0x69, 0xFE, 0x69, 0xFE, 0x69, 0xFE, 0x69, 0xFE, 0x69, 0xFE, 0x69, 0xFE, 0x69, 0xFE, 0x69, 0xFE, 0x69, 0xFE, 0x69,
    0xFE, 0x69, 0xFE, 0x69, 0xFE, 0x69, 0xFE, 0x69, 0xFE, 0x69, 0xFE, 0x69, 0xFE, 0x69, 0xFE, 0x69, 0xFE, 0x69, 0xFE,
    0x69, 0xFE, 0x69, 0xFE, 0x69, 0xFE, 0x69, 0xFE, 0x69, 0xFE, 0x69, 0xFE, 0x69, 0xFE, 0x69, 0xFE, 0x69, 0xFE, 0x69,
    0xFE, 0x69, 0xFE, 0x69, 0xFE, 0x69, 0xFE, 0x69, 0xFE, 0x69, 0xFE, 0x69, 0xFE, 0x69, 0xFE, 0x69, 0xFE, 0x69, 0xFE,
    0x69, 0xFE, 0x69, 0xFE, 0x69, 0xFE, 0x69, 0xFE, 0x69, 0xFE, 0x69, 0xFE, 0x69, 0xFE, 0x69, 0xFE, 0x69, 0xFE, 0x69,
    0xFE, 0x69, 0xFE, 0x69, 0xFE, 0x69, 0xFE, 0x69, 0xFE, 0x69, 0xFE, 0x69, 0xFE, 0x69, 0xFE, 0x69, 0xFE, 0x69, 0xFE,
    0x69, 0xFE, 0x69, 0xFE, 0x69, 0xFE, 0x69, 0xFE, 0x89, 0x43, 0x89, 0x43, 0x89, 0x43, 0x89, 0x43, 0x89, 0x43, 0x89,
    0x43, 0x89, 0x43, 0x89, 0x43, 0x89, 0x43, 0x89, 0x43, 0x89, 0x43, 0x89, 0x43, 0x89, 0x43, 0x89, 0x43, 0x89, 0x43,
    0x89, 0x43, 0x89, 0x43, 0x89, 0x43, 0x89, 0x43, 0x89, 0x43, 0x89, 0x43, 0x89, 0x43, 0x89, 0x43, 0x89, 0x43, 0x89,
    0x43, 0x89, 0x43, 0x89, 0x43, 0x89, 0x43, 0x89, 0x43, 0x89, 0x43, 0x89, 0x43, 0x89, 0x43, 0x89, 0x43, 0x89, 0x43,
    0x89, 0x43, 0x89, 0x43, 0x89, 0x43, 0x89, 0x43, 0x89, 0x43, 0x89, 0x43, 0x89, 0x43, 0x89, 0x43, 0x89, 0x43, 0x89,
    0x43, 0x89, 0x43, 0x89, 0x43, 0x69, 0xFE, 0x69, 0xFE, 0x69, 0xFE, 0x69, 0xFE, 0x69, 0xFE, 0x69, 0xFE, 0x69, 0xFE,
    0x69, 0xFE, 0x69, 0xFE, 0x69, 0xFE, 0x69, 0xFE, 0x69, 0xFE, 0x69, 0xFE, 0x69, 0xFE, 0x69, 0xFE, 0x69, 0xFE, 0x69,
    0xFE, 0x69, 0xFE, 0x69, 0xFE, 0x69, 0xFE, 0x69, 0xFE, 0x69, 0xFE, 0x69, 0xFE, 0x69, 0xFE, 0x69, 0xFE, 0x69, 0xFE,
    0x69, 0xFE, 0x69, 0xFE, 0x69, 0xFE, 0x69, 0xFE, 0x69, 0xFE, 0x69, 0xFE, 0x69, 0xFE, 0x69, 0xFE, 0x69, 0xFE, 0x69,
    0xFE, 0x69, 0xFE, 0x69, 0xFE, 0x69, 0xFE, 0x69, 0xFE, 0x69, 0xFE, 0x69, 0xFE, 0x69, 0xFE, 0x69, 0xFE, 0x69, 0xFE,
    0x69, 0xFE, 0x69, 0xFE, 0x69, 0xFE, 0x69, 0xFE, 0x69, 0xFE, 0x69, 0xFE, 0x69, 0xFE, 0x69, 0xFE, 0x69, 0xFE, 0x69,
    0xFE, 0x69, 0xFE, 0x69, 0xFE, 0x69, 0xFE, 0x69, 0xFE, 0x69, 0xFE, 0x69, 0xFE, 0x69, 0xFE, 0x69, 0xFE, 0x69, 0xFE,
    0x69, 0xFE, 0x69, 0xFE, 0x69, 0xFE, 0x69, 0xFE, 0x69, 0xFE, 0x69, 0xFE, 0x69, 0xFE, 0x69, 0xFE, 0x69, 0xFE, 0x69,
    0xFE, 0x69, 0xFE, 0x69, 0xFE, 0x69, 0xFE, 0x69, 0xFE, 0x69, 0xFE, 0x69, 0xFE, 0x69, 0xFE, 0x69, 0xFE, 0x69, 0xFE,
    0x69, 0xFE, 0x69, 0xFE, 0x69, 0xFE, 0x69, 0xFE, 0x69, 0xFE, 0x69, 0xFE, 0x69, 0xFE, 0x69, 0xFE, 0x69, 0xFE, 0x69,
    0xFE, 0x69, 0xFE, 0x69, 0xFE, 0x69, 0xFE, 0x69, 0xFE, 0x69, 0xFE, 0x69, 0xFE, 0x69, 0xFE, 0x69, 0xFE, 0x69, 0xFE,
    0x69, 0xFE, 0x69, 0xFE, 0x69, 0xFE, 0x69, 0xFE, 0x69, 0xFE, 0x69, 0xFE, 0x69, 0xFE, 0x69, 0xFE, 0x69, 0xFE, 0x69,
    0xFE, 0x69, 0xFE, 0x69, 0xFE, 0x69, 0xFE, 0x69, 0xFE, 0x69, 0xFE, 0x69, 0xFE, 0x69, 0xFE, 0x69, 0xFE, 0x69, 0xFE,
    0x69, 0xFE, 0x69, 0xFE, 0x69, 0xFE, 0x69, 0xFE, 0x69, 0xFE, 0x69, 0xFE, 0x69, 0xFE, 0x69, 0xFE, 0x69, 0xFE, 0x69,
    0xFE, 0x69, 0xFE, 0x69, 0xFE, 0x69, 0xFE, 0x69, 0xFE, 0x69, 0xFE, 0x69, 0xFE, 0x69, 0xFE, 0x69, 0xFE, 0x69, 0xFE,
    0x69, 0xFE, 0x69, 0xFE, 0x69, 0xFE, 0x69, 0xFE, 0x69, 0xFE, 0x69, 0xFE, 0x69, 0xFE, 0x69, 0xFE, 0x69, 0xFE, 0x69,
    0xFE, 0x69, 0xFE, 0x69, 0xFE, 0x69, 0xFE, 0x69, 0xFE, 0x69, 0xFE, 0x69, 0xFE, 0x69, 0xFE, 0x69, 0xFE, 0x69, 0xFE,
    0x69, 0xFE, 0x69, 0xFE, 0x69, 0xFE, 0x69, 0xFE, 0x69, 0xFE, 0x69, 0xFE, 0x69, 0xFE, 0x69, 0xFE, 0x69, 0xFE, 0x69,
    0xFE, 0x69, 0xFE, 0x69, 0xFE, 0x69, 0xFE, 0x69, 0xFE, 0x69, 0xFE, 0x69, 0xFE, 0x69, 0xFE, 0x69, 0xFE, 0x69, 0xFE,
    0x69, 0xFE, 0x69, 0xFE, 0x69, 0xFE, 0x69, 0xFE, 0x69, 0xFE, 0x69, 0xFE, 0x69, 0xFE, 0x69, 0xFE, 0x69, 0xFE, 0x69,
    0xFE, 0x69, 0xFE, 0x69, 0xFE, 0x69, 0xFE, 0x69, 0xFE, 0x69, 0xFE, 0x69, 0xFE, 0x89, 0x43, 0x89, 0x43, 0x89, 0x43,
    0x89, 0x43, 0x89, 0x43, 0x89, 0x43, 0x89, 0x43, 0x89, 0x43, 0x89, 0x43, 0x89, 0x43, 0x89, 0x43, 0x89, 0x43, 0x89,
    0x43, 0x89, 0x43, 0x89, 0x43, 0x89, 0x43, 0x89, 0x43, 0x89, 0x43, 0x89, 0x43, 0x89, 0x43, 0x89, 0x43, 0x89, 0x43,
    0x89, 0x43, 0x89, 0x43, 0x89, 0x43, 0x89, 0x43, 0x89, 0x43, 0x89, 0x43, 0x89, 0x43, 0x89, 0x43, 0x89, 0x43, 0x89,
    0x43, 0x89, 0x43, 0x89, 0x43, 0x89, 0x43, 0x89, 0x43, 0x89, 0x43, 0x89, 0x43, 0x89, 0x43, 0x89, 0x43, 0x89, 0x43,
    0x89, 0x43, 0x89, 0x43, 0x89, 0x43, 0x89, 0x43, 0x89, 0x43, 0x69, 0xFE, 0x69, 0xFE, 0x69, 0xFE, 0x69, 0xFE, 0x69,
    0xFE, 0x69, 0xFE, 0x69, 0xFE, 0x69, 0xFE, 0x69, 0xFE, 0x69, 0xFE, 0x69, 0xFE, 0x69, 0xFE, 0x69, 0xFE, 0x69, 0xFE,
    0x69, 0xFE, 0x69, 0xFE, 0x69, 0xFE, 0x69, 0xFE, 0x69, 0xFE, 0x69, 0xFE, 0x69, 0xFE, 0x69, 0xFE, 0x69, 0xFE, 0x69,
    0xFE, 0x69, 0xFE, 0x69, 0xFE, 0x69, 0xFE, 0x69, 0xFE, 0x69, 0xFE, 0x69, 0xFE, 0x69, 0xFE, 0x69, 0xFE, 0x69, 0xFE,
    0x69, 0xFE, 0x69, 0xFE, 0x69, 0xFE, 0x69, 0xFE, 0x69, 0xFE, 0x69, 0xFE, 0x69, 0xFE, 0x69, 0xFE, 0x69, 0xFE, 0x69,
    0xFE, 0x69, 0xFE, 0x69, 0xFE, 0x69, 0xFE, 0x69, 0xFE, 0x69, 0xFE, 0x69, 0xFE, 0x69, 0xFE, 0x69, 0xFE, 0x69, 0xFE,
    0x69, 0xFE, 0x69, 0xFE, 0x69, 0xFE, 0x69, 0xFE, 0x69, 0xFE, 0x69, 0xFE, 0x69, 0xFE, 0x69, 0xFE, 0x69, 0xFE, 0x69,
    0xFE, 0x69, 0xFE, 0x69, 0xFE, 0x69, 0xFE, 0x69, 0xFE, 0x69, 0xFE, 0x69, 0xFE, 0x69, 0xFE, 0x69, 0xFE, 0x69, 0xFE,
    0x69, 0xFE, 0x69, 0xFE, 0x69, 0xFE, 0x69, 0xFE, 0x69, 0xFE, 0x69, 0xFE, 0x69, 0xFE, 0x69, 0xFE, 0x69, 0xFE, 0x69,
    0xFE, 0x69, 0xFE, 0x69, 0xFE, 0x69, 0xFE, 0x69, 0xFE, 0x69, 0xFE, 0x69, 0xFE, 0x69, 0xFE, 0x69, 0xFE, 0x69, 0xFE,
    0x69, 0xFE, 0x69, 0xFE, 0x69, 0xFE, 0x69, 0xFE, 0x69, 0xFE, 0x69, 0xFE, 0x69, 0xFE, 0x69, 0xFE, 0x69, 0xFE, 0x69,
    0xFE, 0x69, 0xFE, 0x69, 0xFE, 0x69, 0xFE, 0x69, 0xFE, 0x69, 0xFE, 0x69, 0xFE, 0x69, 0xFE, 0x69, 0xFE, 0x69, 0xFE,
    0x69, 0xFE, 0x69, 0xFE, 0x69, 0xFE, 0x69, 0xFE, 0x69, 0xFE, 0x69, 0xFE, 0x69, 0xFE, 0x69, 0xFE, 0x69, 0xFE, 0x69,
    0xFE, 0x69, 0xFE, 0x69, 0xFE, 0x69, 0xFE, 0x69, 0xFE, 0x69, 0xFE, 0x69, 0xFE, 0x69, 0xFE, 0x69, 0xFE, 0x69, 0xFE,
    0x69, 0xFE, 0x69, 0xFE, 0x69, 0xFE, 0x69, 0xFE, 0x69, 0xFE, 0x69, 0xFE, 0x69, 0xFE, 0x69, 0xFE, 0x69, 0xFE, 0x69,
    0xFE, 0x69, 0xFE, 0x69, 0xFE, 0x69, 0xFE, 0x69, 0xFE, 0x69, 0xFE, 0x69, 0xFE, 0x69, 0xFE, 0x69, 0xFE, 0x69, 0xFE,
    0x69, 0xFE, 0x69, 0xFE, 0x69, 0xFE, 0x69, 0xFE, 0x69, 0xFE, 0x69, 0xFE, 0x69, 0xFE, 0x69, 0xFE, 0x69, 0xFE, 0x69,
    0xFE, 0x69, 0xFE, 0x69, 0xFE, 0x69, 0xFE, 0x69, 0xFE, 0x69, 0xFE, 0x69, 0xFE, 0x69, 0xFE, 0x69, 0xFE, 0x69, 0xFE,
    0x69, 0xFE, 0x69, 0xFE, 0x69, 0xFE, 0x69, 0xFE, 0x69, 0xFE, 0x69, 0xFE, 0x69, 0xFE, 0x69, 0xFE, 0x69, 0xFE, 0x69,
    0xFE, 0x69, 0xFE, 0x69, 0xFE, 0x69, 0xFE, 0x69, 0xFE, 0x69, 0xFE, 0x69, 0xFE, 0x69, 0xFE, 0x69, 0xFE, 0x69, 0xFE,
    0x69, 0xFE, 0x69, 0xFE, 0x69, 0xFE, 0x69, 0xFE, 0x69, 0xFE, 0x69, 0xFE, 0x69, 0xFE, 0x69, 0xFE, 0x69, 0xFE, 0x89,
    0x43, 0x89, 0x43, 0x89, 0x43, 0x89, 0x43, 0x89, 0x43, 0x89, 0x43, 0x89, 0x43, 0x89, 0x43, 0x89, 0x43, 0x89, 0x43,
    0x89, 0x43, 0x89, 0x43, 0x89, 0x43, 0x89, 0x43, 0x89, 0x43, 0x89, 0x43, 0x89, 0x43, 0x89, 0x43, 0x89, 0x43, 0x89,
    0x43, 0x89, 0x43, 0x89, 0x43, 0x89, 0x43, 0x89, 0x43, 0x89, 0x43, 0x89, 0x43, 0x89, 0x43, 0x89, 0x43, 0x89, 0x43,
    0x89, 0x43, 0x89, 0x43, 0x89, 0x43, 0x89, 0x43, 0x89, 0x43, 0x89, 0x43, 0x89, 0x43, 0x89, 0x43, 0x89, 0x43, 0x89,
    0x43, 0x89, 0x43, 0x89, 0x43, 0x89, 0x43, 0x89, 0x43, 0x69, 0xFE, 0x69, 0xFE, 0x69, 0xFE, 0x69, 0xFE, 0x69, 0xFE,
    0x69, 0xFE, 0x69, 0xFE, 0x69, 0xFE, 0x69, 0xFE, 0x69, 0xFE, 0x69, 0xFE, 0x69, 0xFE, 0x69, 0xFE, 0x69, 0xFE, 0x69,
    0xFE, 0x69, 0xFE, 0x69, 0xFE, 0x69, 0xFE, 0x69, 0xFE, 0x69, 0xFE, 0x69, 0xFE, 0x69, 0xFE, 0x69, 0xFE, 0x69, 0xFE,
    0x69, 0xFE, 0x69, 0xFE, 0x69, 0xFE, 0x69, 0xFE, 0x69, 0xFE, 0x69, 0xFE, 0x69, 0xFE, 0x69, 0xFE, 0x69, 0xFE, 0x69,
    0xFE, 0x69, 0xFE, 0x69, 0xFE, 0x69, 0xFE, 0x69, 0xFE, 0x69, 0xFE, 0x69, 0xFE, 0x69, 0xFE, 0x69, 0xFE, 0x69, 0xFE,
    0x69, 0xFE, 0x69, 0xFE, 0x69, 0xFE, 0x69, 0xFE, 0x69, 0xFE, 0x69, 0xFE, 0x69, 0xFE, 0x69, 0xFE, 0x69, 0xFE, 0x69,
    0xFE, 0x69, 0xFE, 0x69, 0xFE, 0x69, 0xFE, 0x69, 0xFE, 0x69, 0xFE, 0x69, 0xFE, 0x69, 0xFE, 0x69, 0xFE, 0x69, 0xFE,
    0x69, 0xFE, 0x69, 0xFE, 0x69, 0xFE, 0x69, 0xFE, 0x69, 0xFE, 0x69, 0xFE, 0x69, 0xFE, 0x69, 0xFE, 0x69, 0xFE, 0x69,
    0xFE, 0x69, 0xFE, 0x69, 0xFE, 0x69, 0xFE, 0x69, 0xFE, 0x69, 0xFE, 0x69, 0xFE, 0x69, 0xFE, 0x69, 0xFE, 0x69, 0xFE,
    0x69, 0xFE, 0x69, 0xFE, 0x69, 0xFE, 0x69, 0xFE, 0x69, 0xFE, 0x69, 0xFE, 0x69, 0xFE, 0x69, 0xFE, 0x69, 0xFE, 0x69,
    0xFE, 0x69, 0xFE, 0x69, 0xFE, 0x69, 0xFE, 0x69, 0xFE, 0x69, 0xFE, 0x69, 0xFE, 0x69, 0xFE, 0x69, 0xFE, 0x69, 0xFE,
    0x69, 0xFE, 0x69, 0xFE, 0x69, 0xFE, 0x69, 0xFE, 0x69, 0xFE, 0x69, 0xFE, 0x69, 0xFE, 0x69, 0xFE, 0x69, 0xFE, 0x69,
    0xFE, 0x69, 0xFE, 0x69, 0xFE, 0x69, 0xFE, 0x69, 0xFE, 0x69, 0xFE, 0x69, 0xFE, 0x69, 0xFE, 0x69, 0xFE, 0x69, 0xFE,
    0x69, 0xFE, 0x69, 0xFE, 0x69, 0xFE, 0x69, 0xFE, 0x69, 0xFE, 0x69, 0xFE, 0x69, 0xFE, 0x69, 0xFE, 0x69, 0xFE, 0x69,
    0xFE, 0x69, 0xFE, 0x69, 0xFE, 0x69, 0xFE, 0x69, 0xFE, 0x69, 0xFE, 0x69, 0xFE, 0x69, 0xFE, 0x69, 0xFE, 0x69, 0xFE,
    0x69, 0xFE, 0x69, 0xFE, 0x69, 0xFE, 0x69, 0xFE, 0x69, 0xFE, 0x69, 0xFE, 0x69, 0xFE, 0x69, 0xFE, 0x69, 0xFE, 0x69,
    0xFE, 0x69, 0xFE, 0x69, 0xFE, 0x69, 0xFE, 0x69, 0xFE, 0x69, 0xFE, 0x69, 0xFE, 0x69, 0xFE, 0x69, 0xFE, 0x69, 0xFE,
    0x69, 0xFE, 0x69, 0xFE, 0x69, 0xFE, 0x69, 0xFE, 0x69, 0xFE, 0x69, 0xFE, 0x69, 0xFE, 0x69, 0xFE, 0x69, 0xFE, 0x69,
    0xFE, 0x69, 0xFE, 0x69, 0xFE, 0x69, 0xFE, 0x69, 0xFE, 0x69, 0xFE, 0x69, 0xFE, 0x69, 0xFE, 0x69, 0xFE, 0x69, 0xFE,
    0x69, 0xFE, 0x69, 0xFE, 0x69, 0xFE, 0x69, 0xFE, 0x69, 0xFE, 0x69, 0xFE, 0x69, 0xFE, 0x69, 0xFE, 0x69, 0xFE, 0x69,
    0xFE, 0x69, 0xFE, 0x69, 0xFE, 0x69, 0xFE, 0x69, 0xFE, 0x69, 0xFE, 0x69, 0xFE, 0x69, 0xFE, 0x69, 0xFE, 0x69, 0xFE,
    0x69, 0xFE, 0x69, 0xFE, 0x69, 0xFE, 0x69, 0xFE, 0x69, 0xFE, 0x89, 0x43, 0x89, 0x43, 0x89, 0x43, 0x89, 0x43, 0x89,
    0x43, 0x89, 0x43, 0x89, 0x43, 0x89, 0x43, 0x89, 0x43, 0x89, 0x43, 0x89, 0x43, 0x89, 0x43, 0x89, 0x43, 0x89, 0x43,
    0x89, 0x43, 0x89, 0x43, 0x89, 0x43, 0x89, 0x43, 0x89, 0x43, 0x89, 0x43, 0x89, 0x43, 0x89, 0x43, 0x89, 0x43, 0x89,
    0x43, 0x89, 0x43, 0x89, 0x43, 0x89, 0x43, 0x89, 0x43, 0x89, 0x43, 0x89, 0x43, 0x89, 0x43, 0x89, 0x43, 0x89, 0x43,
    0x89, 0x43, 0x89, 0x43, 0x89, 0x43, 0x89, 0x43, 0x89, 0x43, 0x89, 0x43, 0x89, 0x43, 0x69, 0xFE, 0x69, 0xFE, 0x69,
    0xFE, 0x69, 0xFE, 0x69, 0xFE, 0x69, 0xFE, 0x69, 0xFE, 0x69, 0xFE, 0x69, 0xFE, 0x69, 0xFE, 0x69, 0xFE, 0x69, 0xFE,
    0x69, 0xFE, 0x69, 0xFE, 0x69, 0xFE, 0x69, 0xFE, 0x69, 0xFE, 0x69, 0xFE, 0x69, 0xFE, 0x69, 0xFE, 0x69, 0xFE, 0x69,
    0xFE, 0x69, 0xFE, 0x69, 0xFE, 0x69, 0xFE, 0x69, 0xFE, 0x69, 0xFE, 0x69, 0xFE, 0x69, 0xFE, 0x69, 0xFE, 0x69, 0xFE,
    0x69, 0xFE, 0x69, 0xFE, 0x69, 0xFE, 0x69, 0xFE, 0x69, 0xFE, 0x69, 0xFE, 0x69, 0xFE, 0x69, 0xFE, 0x69, 0xFE, 0x69,
    0xFE, 0x69, 0xFE, 0x69, 0xFE, 0x69, 0xFE, 0x69, 0xFE, 0x69, 0xFE, 0x69, 0xFE, 0x69, 0xFE, 0x69, 0xFE, 0x69, 0xFE,
    0x69, 0xFE, 0x69, 0xFE, 0x69, 0xFE, 0x69, 0xFE, 0x69, 0xFE, 0x69, 0xFE, 0x69, 0xFE, 0x69, 0xFE, 0x69, 0xFE, 0x69,
    0xFE, 0x69, 0xFE, 0x69, 0xFE, 0x69, 0xFE, 0x69, 0xFE, 0x69, 0xFE, 0x69, 0xFE, 0x69, 0xFE, 0x69, 0xFE, 0x69, 0xFE,
    0x69, 0xFE, 0x69, 0xFE, 0x69, 0xFE, 0x69, 0xFE, 0x69, 0xFE, 0x69, 0xFE, 0x69, 0xFE, 0x69, 0xFE, 0x69, 0xFE, 0x69,
    0xFE, 0x69, 0xFE, 0x69, 0xFE, 0x69, 0xFE, 0x69, 0xFE, 0x69, 0xFE, 0x69, 0xFE, 0x69, 0xFE, 0x69, 0xFE, 0x69, 0xFE,
    0x69, 0xFE, 0x69, 0xFE, 0x69, 0xFE, 0x69, 0xFE, 0x69, 0xFE, 0x69, 0xFE, 0x69, 0xFE, 0x69, 0xFE, 0x69, 0xFE, 0x69,
    0xFE, 0x69, 0xFE, 0x69, 0xFE, 0x69, 0xFE, 0x69, 0xFE, 0x69, 0xFE, 0x69, 0xFE, 0x69, 0xFE, 0x69, 0xFE, 0x69, 0xFE,
    0x69, 0xFE, 0x69, 0xFE, 0x69, 0xFE, 0x69, 0xFE, 0x69, 0xFE, 0x69, 0xFE, 0x69, 0xFE, 0x69, 0xFE, 0x69, 0xFE, 0x69,
    0xFE, 0x69, 0xFE, 0x69, 0xFE, 0x69, 0xFE, 0x69, 0xFE, 0x69, 0xFE, 0x69, 0xFE, 0x69, 0xFE, 0x69, 0xFE, 0x69, 0xFE,
    0x69, 0xFE, 0x69, 0xFE, 0x69, 0xFE, 0x69, 0xFE, 0x69, 0xFE, 0x69, 0xFE, 0x69, 0xFE, 0x69, 0xFE, 0x69, 0xFE, 0x69,
    0xFE, 0x69, 0xFE, 0x69, 0xFE, 0x69, 0xFE, 0x69, 0xFE, 0x69, 0xFE, 0x69, 0xFE, 0x69, 0xFE, 0x69, 0xFE, 0x69, 0xFE,
    0x69, 0xFE, 0x69, 0xFE, 0x69, 0xFE, 0x69, 0xFE, 0x69, 0xFE, 0x69, 0xFE, 0x69, 0xFE, 0x69, 0xFE, 0x69, 0xFE, 0x69,
    0xFE, 0x69, 0xFE, 0x69, 0xFE, 0x69, 0xFE, 0x69, 0xFE, 0x69, 0xFE, 0x69, 0xFE, 0x69, 0xFE, 0x69, 0xFE, 0x69, 0xFE,
    0x69, 0xFE, 0x69, 0xFE, 0x69, 0xFE, 0x69, 0xFE, 0x69, 0xFE, 0x69, 0xFE, 0x69, 0xFE, 0x69, 0xFE, 0x69, 0xFE, 0x69,
    0xFE, 0x69, 0xFE, 0x69, 0xFE, 0x69, 0xFE, 0x69, 0xFE, 0x69, 0xFE, 0x69, 0xFE, 0x69, 0xFE, 0x69, 0xFE, 0x69, 0xFE,
    0x69, 0xFE, 0x69, 0xFE, 0x69, 0xFE, 0x69, 0xFE, 0x69, 0xFE, 0x69, 0xFE, 0x69, 0xFE, 0x69, 0xFE, 0x69, 0xFE, 0x69,
    0xFE, 0x69, 0xFE, 0x69, 0xFE, 0x69, 0xFE, 0x69, 0xFE, 0x69, 0xFE, 0x69, 0xFE, 0x69, 0xFE, 0x89, 0x43, 0x89, 0x43,
    0x89, 0x43, 0x89, 0x43, 0x89, 0x43, 0x89, 0x43, 0x89, 0x43, 0x89, 0x43, 0x89, 0x43, 0x89, 0x43, 0x89, 0x43, 0x89,
    0x43, 0x89, 0x43, 0x89, 0x43, 0x89, 0x43, 0x89, 0x43, 0x89, 0x43, 0x89, 0x43, 0x89, 0x43, 0x89, 0x43, 0x89, 0x43,
    0x89, 0x43, 0x89, 0x43, 0x89, 0x43, 0x89, 0x43, 0x89, 0x43, 0x89, 0x43, 0x89, 0x43, 0x89, 0x43, 0x89, 0x43, 0x89,
    0x43, 0x89, 0x43, 0x89, 0x43, 0x89, 0x43, 0x89, 0x43, 0x89, 0x43, 0x89, 0x43, 0x89, 0x43, 0x89, 0x43, 0x89, 0x43,
    0x69, 0xFE, 0x69, 0xFE, 0x69, 0xFE, 0x69, 0xFE, 0x69, 0xFE, 0x69, 0xFE, 0x69, 0xFE, 0x69, 0xFE, 0x69, 0xFE, 0x69,
    0xFE, 0x69, 0xFE, 0x69, 0xFE, 0x69, 0xFE, 0x69, 0xFE, 0x69, 0xFE, 0x69, 0xFE, 0x69, 0xFE, 0x69, 0xFE, 0x69, 0xFE,
    0x69, 0xFE, 0x69, 0xFE, 0x69, 0xFE, 0x69, 0xFE, 0x69, 0xFE, 0x69, 0xFE, 0x69, 0xFE, 0x69, 0xFE, 0x69, 0xFE, 0x69,
    0xFE, 0x69, 0xFE, 0x69, 0xFE, 0x69, 0xFE, 0x69, 0xFE, 0x69, 0xFE, 0x69, 0xFE, 0x69, 0xFE, 0x69, 0xFE, 0x69, 0xFE,
    0x69, 0xFE, 0x69, 0xFE, 0x69, 0xFE, 0x69, 0xFE, 0x69, 0xFE, 0x69, 0xFE, 0x69, 0xFE, 0x69, 0xFE, 0x69, 0xFE, 0x69,
    0xFE, 0x69, 0xFE, 0x69, 0xFE, 0x69, 0xFE, 0x69, 0xFE, 0x69, 0xFE, 0x69, 0xFE, 0x69, 0xFE, 0x69, 0xFE, 0x69, 0xFE,
    0x69, 0xFE, 0x69, 0xFE, 0x69, 0xFE, 0x69, 0xFE, 0x69, 0xFE, 0x69, 0xFE, 0x69, 0xFE, 0x69, 0xFE, 0x69, 0xFE, 0x69,
    0xFE, 0x69, 0xFE, 0x69, 0xFE, 0x69, 0xFE, 0x69, 0xFE, 0x69, 0xFE, 0x69, 0xFE, 0x69, 0xFE, 0x69, 0xFE, 0x69, 0xFE,
    0x69, 0xFE, 0x69, 0xFE, 0x69, 0xFE, 0x69, 0xFE, 0x69, 0xFE, 0x69, 0xFE, 0x69, 0xFE, 0x69, 0xFE, 0x69, 0xFE, 0x69,
    0xFE, 0x69, 0xFE, 0x69, 0xFE, 0x69, 0xFE, 0x69, 0xFE, 0x69, 0xFE, 0x69, 0xFE, 0x69, 0xFE, 0x69, 0xFE, 0x69, 0xFE,
    0x69, 0xFE, 0x69, 0xFE, 0x69, 0xFE, 0x69, 0xFE, 0x69, 0xFE, 0x69, 0xFE, 0x69, 0xFE, 0x69, 0xFE, 0x69, 0xFE, 0x69,
    0xFE, 0x69, 0xFE, 0x69, 0xFE, 0x69, 0xFE, 0x69, 0xFE, 0x69, 0xFE, 0x69, 0xFE, 0x69, 0xFE, 0x69, 0xFE, 0x69, 0xFE,
    0x69, 0xFE, 0x69, 0xFE, 0x69, 0xFE, 0x69, 0xFE, 0x69, 0xFE, 0x69, 0xFE, 0x69, 0xFE, 0x69, 0xFE, 0x69, 0xFE, 0x69,
    0xFE, 0x69, 0xFE, 0x69, 0xFE, 0x69, 0xFE, 0x69, 0xFE, 0x69, 0xFE, 0x69, 0xFE, 0x69, 0xFE, 0x69, 0xFE, 0x69, 0xFE,
    0x69, 0xFE, 0x69, 0xFE, 0x69, 0xFE, 0x69, 0xFE, 0x69, 0xFE, 0x69, 0xFE, 0x69, 0xFE, 0x69, 0xFE, 0x69, 0xFE, 0x69,
    0xFE, 0x69, 0xFE, 0x69, 0xFE, 0x69, 0xFE, 0x69, 0xFE, 0x69, 0xFE, 0x69, 0xFE, 0x69, 0xFE, 0x69, 0xFE, 0x69, 0xFE,
    0x69, 0xFE, 0x69, 0xFE, 0x69, 0xFE, 0x69, 0xFE, 0x69, 0xFE, 0x69, 0xFE, 0x69, 0xFE, 0x69, 0xFE, 0x69, 0xFE, 0x69,
    0xFE, 0x69, 0xFE, 0x69, 0xFE, 0x69, 0xFE, 0x69, 0xFE, 0x69, 0xFE, 0x69, 0xFE, 0x69, 0xFE, 0x69, 0xFE, 0x69, 0xFE,
    0x69, 0xFE, 0x69, 0xFE, 0x69, 0xFE, 0x69, 0xFE, 0x69, 0xFE, 0x69, 0xFE, 0x69, 0xFE, 0x69, 0xFE, 0x69, 0xFE, 0x69,
    0xFE, 0x69, 0xFE, 0x69, 0xFE, 0x69, 0xFE, 0x69, 0xFE, 0x69, 0xFE, 0x69, 0xFE, 0x69, 0xFE, 0x69, 0xFE, 0x69, 0xFE,
    0x69, 0xFE, 0x69, 0xFE, 0x69, 0xFE, 0x69, 0xFE, 0x69, 0xFE, 0x69, 0xFE, 0x69, 0xFE, 0x69, 0xFE, 0x69, 0xFE, 0x69,
    0xFE, 0x89, 0x43, 0x89, 0x43, 0x89, 0x43, 0x89, 0x43, 0x89, 0x43, 0x89, 0x43, 0x89, 0x43, 0x89, 0x43, 0x89, 0x43,
    0x89, 0x43, 0x89, 0x43, 0x89, 0x43, 0x89, 0x43, 0x89, 0x43, 0x89, 0x43, 0x89, 0x43, 0x89, 0x43, 0x89, 0x43, 0x89,
    0x43, 0x89, 0x43, 0x89, 0x43, 0x89, 0x43, 0x89, 0x43, 0x89, 0x43, 0x89, 0x43, 0x89, 0x43, 0x89, 0x43, 0x89, 0x43,
    0x89, 0x43, 0x89, 0x43, 0x89, 0x43, 0x89, 0x43, 0x89, 0x43, 0x89, 0x43, 0x89, 0x43, 0x89, 0x43, 0x89, 0x43, 0x89,
    0x43, 0x89, 0x43, 0x89, 0x43, 0x69, 0xFE, 0x69, 0xFE, 0x69, 0xFE, 0x69, 0xFE, 0x69, 0xFE, 0x69, 0xFE, 0x69, 0xFE,
    0x69, 0xFE, 0x69, 0xFE, 0x69, 0xFE, 0x69, 0xFE, 0x69, 0xFE, 0x69, 0xFE, 0x69, 0xFE, 0x69, 0xFE, 0x69, 0xFE, 0x69,
    0xFE, 0x69, 0xFE, 0x69, 0xFE, 0x69, 0xFE, 0x69, 0xFE, 0x69, 0xFE, 0x69, 0xFE, 0x69, 0xFE, 0x69, 0xFE, 0x69, 0xFE,
    0x69, 0xFE, 0x69, 0xFE, 0x69, 0xFE, 0x69, 0xFE, 0x69, 0xFE, 0x69, 0xFE, 0x69, 0xFE, 0x69, 0xFE, 0x69, 0xFE, 0x69,
    0xFE, 0x69, 0xFE, 0x69, 0xFE, 0x69, 0xFE, 0x69, 0xFE, 0x69, 0xFE, 0x69, 0xFE, 0x69, 0xFE, 0x69, 0xFE, 0x69, 0xFE,
    0x69, 0xFE, 0x69, 0xFE, 0x69, 0xFE, 0x69, 0xFE, 0x69, 0xFE, 0x69, 0xFE, 0x69, 0xFE, 0x69, 0xFE, 0x69, 0xFE, 0x69,
    0xFE, 0x69, 0xFE, 0x69, 0xFE, 0x69, 0xFE, 0x69, 0xFE, 0x69, 0xFE, 0x69, 0xFE, 0x69, 0xFE, 0x69, 0xFE, 0x69, 0xFE,
    0x69, 0xFE, 0x69, 0xFE, 0x69, 0xFE, 0x69, 0xFE, 0x69, 0xFE, 0x69, 0xFE, 0x69, 0xFE, 0x69, 0xFE, 0x69, 0xFE, 0x69,
    0xFE, 0x69, 0xFE, 0x69, 0xFE, 0x69, 0xFE, 0x69, 0xFE, 0x69, 0xFE, 0x69, 0xFE, 0x69, 0xFE, 0x69, 0xFE, 0x69, 0xFE,
    0x69, 0xFE, 0x69, 0xFE, 0x69, 0xFE, 0x69, 0xFE, 0x69, 0xFE, 0x69, 0xFE, 0x69, 0xFE, 0x69, 0xFE, 0x69, 0xFE, 0x69,
    0xFE, 0x69, 0xFE, 0x69, 0xFE, 0x69, 0xFE, 0x69, 0xFE, 0x69, 0xFE, 0x69, 0xFE, 0x69, 0xFE, 0x69, 0xFE, 0x69, 0xFE,
    0x69, 0xFE, 0x69, 0xFE, 0x69, 0xFE, 0x69, 0xFE, 0x69, 0xFE, 0x69, 0xFE, 0x69, 0xFE, 0x69, 0xFE, 0x69, 0xFE, 0x69,
    0xFE, 0x69, 0xFE, 0x69, 0xFE, 0x69, 0xFE, 0x69, 0xFE, 0x69, 0xFE, 0x69, 0xFE, 0x69, 0xFE, 0x69, 0xFE, 0x69, 0xFE,
    0x69, 0xFE, 0x69, 0xFE, 0x69, 0xFE, 0x69, 0xFE, 0x69, 0xFE, 0x69, 0xFE, 0x69, 0xFE, 0x69, 0xFE, 0x69, 0xFE, 0x69,
    0xFE, 0x69, 0xFE, 0x69, 0xFE, 0x69, 0xFE, 0x69, 0xFE, 0x69, 0xFE, 0x69, 0xFE, 0x29, 0xF6, 0x29, 0xF6, 0x29, 0xF6,
    0x29, 0xF6, 0x29, 0xF6, 0x29, 0xF6, 0x69, 0xFE, 0x69, 0xFE, 0x69, 0xFE, 0x69, 0xFE, 0x69, 0xFE, 0x69, 0xFE, 0x69,
    0xFE, 0x69, 0xFE, 0x69, 0xFE, 0x69, 0xFE, 0x69, 0xFE, 0x69, 0xFE, 0x69, 0xFE, 0x69, 0xFE, 0x69, 0xFE, 0x69, 0xFE,
    0x69, 0xFE, 0x69, 0xFE, 0x69, 0xFE, 0x69, 0xFE, 0x69, 0xFE, 0x69, 0xFE, 0x69, 0xFE, 0x69, 0xFE, 0x69, 0xFE, 0x69,
    0xFE, 0x69, 0xFE, 0x69, 0xFE, 0x69, 0xFE, 0x69, 0xFE, 0x69, 0xFE, 0x69, 0xFE, 0x69, 0xFE, 0x69, 0xFE, 0x69, 0xFE,
    0x69, 0xFE, 0x69, 0xFE, 0x69, 0xFE, 0x69, 0xFE, 0x69, 0xFE, 0x69, 0xFE, 0x69, 0xFE, 0x69, 0xFE, 0x69, 0xFE, 0x69,
    0xFE, 0x69, 0xFE, 0x69, 0xFE, 0x69, 0xFE, 0x69, 0xFE, 0x69, 0xFE, 0x69, 0xFE, 0x69, 0xFE, 0x69, 0xFE, 0x69, 0xFE,
    0x69, 0xFE, 0x69, 0xFE, 0x69, 0xFE, 0x89, 0x43, 0x89, 0x43, 0x89, 0x43, 0x89, 0x43, 0x89, 0x43, 0x89, 0x43, 0x89,
    0x43, 0x89, 0x43, 0x89, 0x43, 0x89, 0x43, 0x89, 0x43, 0x89, 0x43, 0x89, 0x43, 0x89, 0x43, 0x89, 0x43, 0x89, 0x43,
    0x89, 0x43, 0x89, 0x43, 0x89, 0x43, 0x89, 0x43, 0x89, 0x43, 0x89, 0x43, 0x89, 0x43, 0x89, 0x43, 0x89, 0x43, 0x89,
    0x43, 0x89, 0x43, 0x89, 0x43, 0x89, 0x43, 0x89, 0x43, 0x89, 0x43, 0x89, 0x43, 0x89, 0x43, 0x89, 0x43, 0x89, 0x43,
    0x89, 0x43, 0x89, 0x43, 0x89, 0x43, 0x89, 0x43, 0x89, 0x43, 0x69, 0xFE, 0x69, 0xFE, 0x69, 0xFE, 0x69, 0xFE, 0x69,
    0xFE, 0x69, 0xFE, 0x69, 0xFE, 0x69, 0xFE, 0x69, 0xFE, 0x69, 0xFE, 0x69, 0xFE, 0x69, 0xFE, 0x69, 0xFE, 0x69, 0xFE,
    0x69, 0xFE, 0x69, 0xFE, 0x69, 0xFE, 0x69, 0xFE, 0x69, 0xFE, 0x69, 0xFE, 0x69, 0xFE, 0x69, 0xFE, 0x69, 0xFE, 0x69,
    0xFE, 0x69, 0xFE, 0x69, 0xFE, 0x69, 0xFE, 0x69, 0xFE, 0x69, 0xFE, 0x69, 0xFE, 0x69, 0xFE, 0x69, 0xFE, 0x69, 0xFE,
    0x69, 0xFE, 0x69, 0xFE, 0x69, 0xFE, 0x69, 0xFE, 0x69, 0xFE, 0x69, 0xFE, 0x69, 0xFE, 0x69, 0xFE, 0x69, 0xFE, 0x69,
    0xFE, 0x69, 0xFE, 0x69, 0xFE, 0x69, 0xFE, 0x69, 0xFE, 0x69, 0xFE, 0x69, 0xFE, 0x69, 0xFE, 0x69, 0xFE, 0x69, 0xFE,
    0x69, 0xFE, 0x69, 0xFE, 0x69, 0xFE, 0x69, 0xFE, 0x69, 0xFE, 0x69, 0xFE, 0x69, 0xFE, 0x69, 0xFE, 0x69, 0xFE, 0x69,
    0xFE, 0x69, 0xFE, 0x69, 0xFE, 0x69, 0xFE, 0x69, 0xFE, 0x69, 0xFE, 0x69, 0xFE, 0x69, 0xFE, 0x69, 0xFE, 0x69, 0xFE,
    0x69, 0xFE, 0x69, 0xFE, 0x69, 0xFE, 0x69, 0xFE, 0x69, 0xFE, 0x69, 0xFE, 0x69, 0xFE, 0x69, 0xFE, 0x69, 0xFE, 0x69,
    0xFE, 0x69, 0xFE, 0x69, 0xFE, 0x69, 0xFE, 0x69, 0xFE, 0x69, 0xFE, 0x69, 0xFE, 0x69, 0xFE, 0x69, 0xFE, 0x69, 0xFE,
    0x69, 0xFE, 0x69, 0xFE, 0x69, 0xFE, 0x69, 0xFE, 0x69, 0xFE, 0x69, 0xFE, 0x69, 0xFE, 0x69, 0xFE, 0x69, 0xFE, 0x69,
    0xFE, 0x69, 0xFE, 0x69, 0xFE, 0x69, 0xFE, 0x69, 0xFE, 0x69, 0xFE, 0x69, 0xFE, 0x69, 0xFE, 0x69, 0xFE, 0x69, 0xFE,
    0x69, 0xFE, 0x69, 0xFE, 0x69, 0xFE, 0x69, 0xFE, 0x69, 0xFE, 0x69, 0xFE, 0x69, 0xFE, 0x69, 0xFE, 0x69, 0xFE, 0x69,
    0xFE, 0x69, 0xFE, 0x69, 0xFE, 0x69, 0xFE, 0x69, 0xFE, 0x69, 0xFE, 0x69, 0xFE, 0x69, 0xFE, 0x69, 0xFE, 0x69, 0xFE,
    0x69, 0xFE, 0x69, 0xFE, 0x69, 0xFE, 0x69, 0xFE, 0x69, 0xFE, 0x69, 0xFE, 0x69, 0xFE, 0x69, 0xFE, 0x69, 0xFE, 0x29,
    0xF6, 0x29, 0xF6, 0x29, 0xF6, 0x29, 0xF6, 0x29, 0xF6, 0x29, 0xF6, 0x69, 0xFE, 0x69, 0xFE, 0x69, 0xFE, 0x69, 0xFE,
    0x69, 0xFE, 0x69, 0xFE, 0x69, 0xFE, 0x69, 0xFE, 0x69, 0xFE, 0x69, 0xFE, 0x69, 0xFE, 0x69, 0xFE, 0x69, 0xFE, 0x69,
    0xFE, 0x69, 0xFE, 0x69, 0xFE, 0x69, 0xFE, 0x69, 0xFE, 0x69, 0xFE, 0x69, 0xFE, 0x69, 0xFE, 0x69, 0xFE, 0x69, 0xFE,
    0x69, 0xFE, 0x69, 0xFE, 0x69, 0xFE, 0x69, 0xFE, 0x69, 0xFE, 0x69, 0xFE, 0x69, 0xFE, 0x69, 0xFE, 0x69, 0xFE, 0x69,
    0xFE, 0x69, 0xFE, 0x69, 0xFE, 0x69, 0xFE, 0x69, 0xFE, 0x69, 0xFE, 0x69, 0xFE, 0x69, 0xFE, 0x69, 0xFE, 0x69, 0xFE,
    0x69, 0xFE, 0x69, 0xFE, 0x69, 0xFE, 0x69, 0xFE, 0x69, 0xFE, 0x69, 0xFE, 0x69, 0xFE, 0x69, 0xFE, 0x69, 0xFE, 0x69,
    0xFE, 0x69, 0xFE, 0x69, 0xFE, 0x69, 0xFE, 0x69, 0xFE, 0x69, 0xFE, 0x89, 0x43, 0x89, 0x43, 0x89, 0x43, 0x89, 0x43,
    0x89, 0x43, 0x89, 0x43, 0x89, 0x43, 0x89, 0x43, 0x89, 0x43, 0x89, 0x43, 0x89, 0x43, 0x89, 0x43, 0x89, 0x43, 0x89,
    0x43, 0x89, 0x43, 0x89, 0x43, 0x89, 0x43, 0x89, 0x43, 0x89, 0x43, 0x89, 0x43, 0x89, 0x43, 0x89, 0x43, 0x89, 0x43,
    0x89, 0x43, 0x89, 0x43, 0x89, 0x43, 0x89, 0x43, 0x89, 0x43, 0x89, 0x43, 0x89, 0x43, 0x89, 0x43, 0x89, 0x43, 0x89,
    0x43, 0x89, 0x43, 0x89, 0x43, 0x89, 0x43, 0x89, 0x43, 0x89, 0x43, 0x89, 0x43, 0x89, 0x43, 0x69, 0xFE, 0x69, 0xFE,
    0x69, 0xFE, 0x69, 0xFE, 0x69, 0xFE, 0x69, 0xFE, 0x69, 0xFE, 0x69, 0xFE, 0x69, 0xFE, 0x69, 0xFE, 0x69, 0xFE, 0x69,
    0xFE, 0x69, 0xFE, 0x69, 0xFE, 0x69, 0xFE, 0x69, 0xFE, 0x69, 0xFE, 0x69, 0xFE, 0x69, 0xFE, 0x69, 0xFE, 0x69, 0xFE,
    0x69, 0xFE, 0x69, 0xFE, 0x69, 0xFE, 0x69, 0xFE, 0x69, 0xFE, 0x69, 0xFE, 0x69, 0xFE, 0x69, 0xFE, 0x69, 0xFE, 0x69,
    0xFE, 0x69, 0xFE, 0x69, 0xFE, 0x69, 0xFE, 0x69, 0xFE, 0x69, 0xFE, 0x69, 0xFE, 0x69, 0xFE, 0x69, 0xFE, 0x69, 0xFE,
    0x69, 0xFE, 0x69, 0xFE, 0x69, 0xFE, 0x69, 0xFE, 0x69, 0xFE, 0x69, 0xFE, 0x69, 0xFE, 0x69, 0xFE, 0x69, 0xFE, 0x69,
    0xFE, 0x69, 0xFE, 0x69, 0xFE, 0x69, 0xFE, 0x69, 0xFE, 0x69, 0xFE, 0x69, 0xFE, 0x69, 0xFE, 0x69, 0xFE, 0x69, 0xFE,
    0x69, 0xFE, 0x69, 0xFE, 0x69, 0xFE, 0x69, 0xFE, 0x69, 0xFE, 0x69, 0xFE, 0x69, 0xFE, 0x69, 0xFE, 0x69, 0xFE, 0x69,
    0xFE, 0x69, 0xFE, 0x69, 0xFE, 0x69, 0xFE, 0x69, 0xFE, 0x69, 0xFE, 0x69, 0xFE, 0x69, 0xFE, 0x69, 0xFE, 0x69, 0xFE,
    0x69, 0xFE, 0x69, 0xFE, 0x69, 0xFE, 0x69, 0xFE, 0x69, 0xFE, 0x69, 0xFE, 0x69, 0xFE, 0x69, 0xFE, 0x69, 0xFE, 0x69,
    0xFE, 0x69, 0xFE, 0x69, 0xFE, 0x69, 0xFE, 0x69, 0xFE, 0x69, 0xFE, 0x69, 0xFE, 0x69, 0xFE, 0x69, 0xFE, 0x69, 0xFE,
    0x69, 0xFE, 0x69, 0xFE, 0x69, 0xFE, 0x69, 0xFE, 0x69, 0xFE, 0x69, 0xFE, 0x69, 0xFE, 0x69, 0xFE, 0x69, 0xFE, 0x69,
    0xFE, 0x69, 0xFE, 0x69, 0xFE, 0x69, 0xFE, 0x69, 0xFE, 0x69, 0xFE, 0x69, 0xFE, 0x69, 0xFE, 0x69, 0xFE, 0x69, 0xFE,
    0x69, 0xFE, 0x69, 0xFE, 0x69, 0xFE, 0x69, 0xFE, 0x69, 0xFE, 0x69, 0xFE, 0x69, 0xFE, 0x69, 0xFE, 0x69, 0xFE, 0x69,
    0xFE, 0x69, 0xFE, 0x69, 0xFE, 0x69, 0xFE, 0x69, 0xFE, 0x69, 0xFE, 0x69, 0xFE, 0x69, 0xFE, 0x69, 0xFE, 0x69, 0xFE,
    0x69, 0xFE, 0x69, 0xFE, 0x29, 0xF6, 0x29, 0xF6, 0x29, 0xF6, 0x29, 0xF6, 0x29, 0xF6, 0x29, 0xF6, 0x69, 0xFE, 0x69,
    0xFE, 0x69, 0xFE, 0x69, 0xFE, 0x69, 0xFE, 0x69, 0xFE, 0x69, 0xFE, 0x69, 0xFE, 0x69, 0xFE, 0x69, 0xFE, 0x69, 0xFE,
    0x69, 0xFE, 0x69, 0xFE, 0x69, 0xFE, 0x69, 0xFE, 0x69, 0xFE, 0x69, 0xFE, 0x69, 0xFE, 0x69, 0xFE, 0x69, 0xFE, 0x69,
    0xFE, 0x69, 0xFE, 0x69, 0xFE, 0x69, 0xFE, 0x69, 0xFE, 0x69, 0xFE, 0x69, 0xFE, 0x69, 0xFE, 0x69, 0xFE, 0x69, 0xFE,
    0x69, 0xFE, 0x69, 0xFE, 0x69, 0xFE, 0x69, 0xFE, 0x69, 0xFE, 0x69, 0xFE, 0x69, 0xFE, 0x69, 0xFE, 0x69, 0xFE, 0x69,
    0xFE, 0x69, 0xFE, 0x69, 0xFE, 0x69, 0xFE, 0x69, 0xFE, 0x69, 0xFE, 0x69, 0xFE, 0x69, 0xFE, 0x69, 0xFE, 0x69, 0xFE,
    0x69, 0xFE, 0x69, 0xFE, 0x69, 0xFE, 0x69, 0xFE, 0x69, 0xFE, 0x69, 0xFE, 0x69, 0xFE, 0x69, 0xFE, 0x89, 0x43, 0x89,
    0x43, 0x89, 0x43, 0x89, 0x43, 0x89, 0x43, 0x89, 0x43, 0x89, 0x43, 0x89, 0x43, 0x89, 0x43, 0x89, 0x43, 0x89, 0x43,
    0x89, 0x43, 0x89, 0x43, 0x89, 0x43, 0x89, 0x43, 0x89, 0x43, 0x89, 0x43, 0x89, 0x43, 0x89, 0x43, 0x89, 0x43, 0x89,
    0x43, 0x89, 0x43, 0x89, 0x43, 0x89, 0x43, 0x89, 0x43, 0x89, 0x43, 0x89, 0x43, 0x89, 0x43, 0x89, 0x43, 0x89, 0x43,
    0x89, 0x43, 0x89, 0x43, 0x89, 0x43, 0x89, 0x43, 0x89, 0x43, 0x89, 0x43, 0x89, 0x43, 0x69, 0xFE, 0x69, 0xFE, 0x69,
    0xFE, 0x69, 0xFE, 0x69, 0xFE, 0x69, 0xFE, 0x69, 0xFE, 0x69, 0xFE, 0x69, 0xFE, 0x69, 0xFE, 0x69, 0xFE, 0x69, 0xFE,
    0x69, 0xFE, 0x69, 0xFE, 0x69, 0xFE, 0x69, 0xFE, 0x69, 0xFE, 0x69, 0xFE, 0x69, 0xFE, 0x69, 0xFE, 0x69, 0xFE, 0x69,
    0xFE, 0x69, 0xFE, 0x69, 0xFE, 0x69, 0xFE, 0x69, 0xFE, 0x69, 0xFE, 0x69, 0xFE, 0x69, 0xFE, 0x69, 0xFE, 0x69, 0xFE,
    0x69, 0xFE, 0x69, 0xFE, 0x69, 0xFE, 0x69, 0xFE, 0x69, 0xFE, 0x69, 0xFE, 0x69, 0xFE, 0x69, 0xFE, 0x69, 0xFE, 0x69,
    0xFE, 0x69, 0xFE, 0x69, 0xFE, 0x69, 0xFE, 0x69, 0xFE, 0x69, 0xFE, 0x69, 0xFE, 0x69, 0xFE, 0x69, 0xFE, 0x69, 0xFE,
    0xC8, 0xED, 0xC8, 0xED, 0xC8, 0xED, 0x04, 0xAC, 0x04, 0xAC, 0x04, 0xAC, 0xE1, 0x82, 0xE1, 0x82, 0xE1, 0x82, 0xE1,
    0x82, 0x20, 0x62, 0x20, 0x62, 0x20, 0x62, 0x20, 0x62, 0x20, 0x62, 0x20, 0x62, 0x45, 0xB4, 0x45, 0xB4, 0x45, 0xB4,
    0x45, 0xB4, 0x69, 0xFE, 0x69, 0xFE, 0x69, 0xFE, 0x69, 0xFE, 0x69, 0xFE, 0x69, 0xFE, 0x69, 0xFE, 0x69, 0xFE, 0x69,
    0xFE, 0x69, 0xFE, 0x69, 0xFE, 0x69, 0xFE, 0x69, 0xFE, 0x69, 0xFE, 0x69, 0xFE, 0x69, 0xFE, 0x69, 0xFE, 0x69, 0xFE,
    0x69, 0xFE, 0x69, 0xFE, 0x69, 0xFE, 0x69, 0xFE, 0x69, 0xFE, 0x69, 0xFE, 0x69, 0xFE, 0x69, 0xFE, 0x69, 0xFE, 0x69,
    0xFE, 0x69, 0xFE, 0x69, 0xFE, 0x69, 0xFE, 0x69, 0xFE, 0x69, 0xFE, 0x69, 0xFE, 0x69, 0xFE, 0x69, 0xFE, 0x69, 0xFE,
    0x69, 0xFE, 0x69, 0xFE, 0x69, 0xFE, 0x69, 0xFE, 0x69, 0xFE, 0x69, 0xFE, 0x69, 0xFE, 0x69, 0xFE, 0x69, 0xFE, 0x69,
    0xFE, 0x69, 0xFE, 0x69, 0xFE, 0x69, 0xFE, 0x69, 0xFE, 0x69, 0xFE, 0x69, 0xFE, 0x69, 0xFE, 0x69, 0xFE, 0x69, 0xFE,
    0x69, 0xFE, 0x69, 0xFE, 0x69, 0xFE, 0x69, 0xFE, 0x69, 0xFE, 0x69, 0xFE, 0x69, 0xFE, 0x69, 0xFE, 0x69, 0xFE, 0x69,
    0xFE, 0x45, 0xB4, 0x45, 0xB4, 0x45, 0xB4, 0x45, 0xB4, 0x20, 0x62, 0x20, 0x62, 0x20, 0x62, 0x20, 0x62, 0x20, 0x62,
    0x20, 0x62, 0xE1, 0x82, 0xE1, 0x82, 0xE1, 0x82, 0xE1, 0x82, 0x04, 0xAC, 0x04, 0xAC, 0x04, 0xAC, 0xC8, 0xED, 0xC8,
    0xED, 0xC8, 0xED, 0x69, 0xFE, 0x69, 0xFE, 0x69, 0xFE, 0x69, 0xFE, 0x69, 0xFE, 0x69, 0xFE, 0x69, 0xFE, 0x69, 0xFE,
    0x69, 0xFE, 0x69, 0xFE, 0x69, 0xFE, 0x69, 0xFE, 0x69, 0xFE, 0x69, 0xFE, 0x69, 0xFE, 0x69, 0xFE, 0x69, 0xFE, 0x69,
    0xFE, 0x69, 0xFE, 0x69, 0xFE, 0x69, 0xFE, 0x69, 0xFE, 0x69, 0xFE, 0x69, 0xFE, 0x69, 0xFE, 0x69, 0xFE, 0x69, 0xFE,
    0x69, 0xFE, 0x69, 0xFE, 0x69, 0xFE, 0x69, 0xFE, 0x69, 0xFE, 0x69, 0xFE, 0x69, 0xFE, 0x69, 0xFE, 0x69, 0xFE, 0x69,
    0xFE, 0x69, 0xFE, 0x69, 0xFE, 0x69, 0xFE, 0x69, 0xFE, 0x69, 0xFE, 0x69, 0xFE, 0x69, 0xFE, 0x69, 0xFE, 0x69, 0xFE,
    0x69, 0xFE, 0x69, 0xFE, 0x69, 0xFE, 0x69, 0xFE, 0x89, 0x43, 0x89, 0x43, 0x89, 0x43, 0x89, 0x43, 0x89, 0x43, 0x89,
    0x43, 0x89, 0x43, 0x89, 0x43, 0x89, 0x43, 0x89, 0x43, 0x89, 0x43, 0x89, 0x43, 0x89, 0x43, 0x89, 0x43, 0x89, 0x43,
    0x89, 0x43, 0x89, 0x43, 0x89, 0x43, 0x89, 0x43, 0x89, 0x43, 0x89, 0x43, 0x89, 0x43, 0x89, 0x43, 0x89, 0x43, 0x89,
    0x43, 0x89, 0x43, 0x89, 0x43, 0x89, 0x43, 0x89, 0x43, 0x89, 0x43, 0x89, 0x43, 0x89, 0x43, 0x89, 0x43, 0x89, 0x43,
    0x69, 0xFE, 0x69, 0xFE, 0x69, 0xFE, 0x69, 0xFE, 0x69, 0xFE, 0x69, 0xFE, 0x69, 0xFE, 0x69, 0xFE, 0x69, 0xFE, 0x69,
    0xFE, 0x69, 0xFE, 0x69, 0xFE, 0x69, 0xFE, 0x69, 0xFE, 0x69, 0xFE, 0x69, 0xFE, 0x69, 0xFE, 0x69, 0xFE, 0x69, 0xFE,
    0x69, 0xFE, 0x69, 0xFE, 0x69, 0xFE, 0x69, 0xFE, 0x69, 0xFE, 0x69, 0xFE, 0x69, 0xFE, 0x69, 0xFE, 0x69, 0xFE, 0x69,
    0xFE, 0x69, 0xFE, 0x69, 0xFE, 0x69, 0xFE, 0x69, 0xFE, 0x69, 0xFE, 0x69, 0xFE, 0x69, 0xFE, 0x69, 0xFE, 0x69, 0xFE,
    0x69, 0xFE, 0x69, 0xFE, 0x69, 0xFE, 0x69, 0xFE, 0x69, 0xFE, 0x69, 0xFE, 0x69, 0xFE, 0x69, 0xFE, 0x69, 0xFE, 0x69,
    0xFE, 0x69, 0xFE, 0x69, 0xFE, 0xC8, 0xED, 0xC8, 0xED, 0xC8, 0xED, 0x04, 0xAC, 0x04, 0xAC, 0x04, 0xAC, 0xE1, 0x82,
    0xE1, 0x82, 0xE1, 0x82, 0xE1, 0x82, 0x20, 0x62, 0x20, 0x62, 0x20, 0x62, 0x20, 0x62, 0x20, 0x62, 0x20, 0x62, 0x45,
    0xB4, 0x45, 0xB4, 0x45, 0xB4, 0x45, 0xB4, 0x69, 0xFE, 0x69, 0xFE, 0x69, 0xFE, 0x69, 0xFE, 0x69, 0xFE, 0x69, 0xFE,
    0x69, 0xFE, 0x69, 0xFE, 0x69, 0xFE, 0x69, 0xFE, 0x69, 0xFE, 0x69, 0xFE, 0x69, 0xFE, 0x69, 0xFE, 0x69, 0xFE, 0x69,
    0xFE, 0x69, 0xFE, 0x69, 0xFE, 0x69, 0xFE, 0x69, 0xFE, 0x69, 0xFE, 0x69, 0xFE, 0x69, 0xFE, 0x69, 0xFE, 0x69, 0xFE,
    0x69, 0xFE, 0x69, 0xFE, 0x69, 0xFE, 0x69, 0xFE, 0x69, 0xFE, 0x69, 0xFE, 0x69, 0xFE, 0x69, 0xFE, 0x69, 0xFE, 0x69,
    0xFE, 0x69, 0xFE, 0x69, 0xFE, 0x69, 0xFE, 0x69, 0xFE, 0x69, 0xFE, 0x69, 0xFE, 0x69, 0xFE, 0x69, 0xFE, 0x69, 0xFE,
    0x69, 0xFE, 0x69, 0xFE, 0x69, 0xFE, 0x69, 0xFE, 0x69, 0xFE, 0x69, 0xFE, 0x69, 0xFE, 0x69, 0xFE, 0x69, 0xFE, 0x69,
    0xFE, 0x69, 0xFE, 0x69, 0xFE, 0x69, 0xFE, 0x69, 0xFE, 0x69, 0xFE, 0x69, 0xFE, 0x69, 0xFE, 0x69, 0xFE, 0x69, 0xFE,
    0x69, 0xFE, 0x69, 0xFE, 0x69, 0xFE, 0x45, 0xB4, 0x45, 0xB4, 0x45, 0xB4, 0x45, 0xB4, 0x20, 0x62, 0x20, 0x62, 0x20,
    0x62, 0x20, 0x62, 0x20, 0x62, 0x20, 0x62, 0xE1, 0x82, 0xE1, 0x82, 0xE1, 0x82, 0xE1, 0x82, 0x04, 0xAC, 0x04, 0xAC,
    0x04, 0xAC, 0xC8, 0xED, 0xC8, 0xED, 0xC8, 0xED, 0x69, 0xFE, 0x69, 0xFE, 0x69, 0xFE, 0x69, 0xFE, 0x69, 0xFE, 0x69,
    0xFE, 0x69, 0xFE, 0x69, 0xFE, 0x69, 0xFE, 0x69, 0xFE, 0x69, 0xFE, 0x69, 0xFE, 0x69, 0xFE, 0x69, 0xFE, 0x69, 0xFE,
    0x69, 0xFE, 0x69, 0xFE, 0x69, 0xFE, 0x69, 0xFE, 0x69, 0xFE, 0x69, 0xFE, 0x69, 0xFE, 0x69, 0xFE, 0x69, 0xFE, 0x69,
    0xFE, 0x69, 0xFE, 0x69, 0xFE, 0x69, 0xFE, 0x69, 0xFE, 0x69, 0xFE, 0x69, 0xFE, 0x69, 0xFE, 0x69, 0xFE, 0x69, 0xFE,
    0x69, 0xFE, 0x69, 0xFE, 0x69, 0xFE, 0x69, 0xFE, 0x69, 0xFE, 0x69, 0xFE, 0x69, 0xFE, 0x69, 0xFE, 0x69, 0xFE, 0x69,
    0xFE, 0x69, 0xFE, 0x69, 0xFE, 0x69, 0xFE, 0x69, 0xFE, 0x69, 0xFE, 0x69, 0xFE, 0x89, 0x43, 0x89, 0x43, 0x89, 0x43,
    0x89, 0x43, 0x89, 0x43, 0x89, 0x43, 0x89, 0x43, 0x89, 0x43, 0x89, 0x43, 0x89, 0x43, 0x89, 0x43, 0x89, 0x43, 0x89,
    0x43, 0x89, 0x43, 0x89, 0x43, 0x89, 0x43, 0x89, 0x43, 0x89, 0x43, 0x89, 0x43, 0x89, 0x43, 0x89, 0x43, 0x89, 0x43,
    0x89, 0x43, 0x89, 0x43, 0x89, 0x43, 0x89, 0x43, 0x89, 0x43, 0x89, 0x43, 0x89, 0x43, 0x89, 0x43, 0x89, 0x43, 0x89,
    0x43, 0x89, 0x43, 0x89, 0x43, 0x69, 0xFE, 0x69, 0xFE, 0x69, 0xFE, 0x69, 0xFE, 0x69, 0xFE, 0x69, 0xFE, 0x69, 0xFE,
    0x69, 0xFE, 0x69, 0xFE, 0x69, 0xFE, 0x69, 0xFE, 0x69, 0xFE, 0x69, 0xFE, 0x69, 0xFE, 0x69, 0xFE, 0x69, 0xFE, 0x69,
    0xFE, 0x69, 0xFE, 0x69, 0xFE, 0x69, 0xFE, 0x69, 0xFE, 0x69, 0xFE, 0x69, 0xFE, 0x69, 0xFE, 0x69, 0xFE, 0x69, 0xFE,
    0x69, 0xFE, 0x69, 0xFE, 0x69, 0xFE, 0x69, 0xFE, 0x69, 0xFE, 0x69, 0xFE, 0x69, 0xFE, 0x69, 0xFE, 0x69, 0xFE, 0x69,
    0xFE, 0x69, 0xFE, 0x69, 0xFE, 0x69, 0xFE, 0x69, 0xFE, 0x69, 0xFE, 0x69, 0xFE, 0x69, 0xFE, 0x69, 0xFE, 0x69, 0xFE,
    0x69, 0xFE, 0x69, 0xFE, 0x69, 0xFE, 0x69, 0xFE, 0x69, 0xFE, 0xC8, 0xED, 0xC8, 0xED, 0xC8, 0xED, 0x04, 0xAC, 0x04,
    0xAC, 0x04, 0xAC, 0xE1, 0x82, 0xE1, 0x82, 0xE1, 0x82, 0xE1, 0x82, 0x20, 0x62, 0x20, 0x62, 0x20, 0x62, 0x20, 0x62,
    0x20, 0x62, 0x20, 0x62, 0x45, 0xB4, 0x45, 0xB4, 0x45, 0xB4, 0x45, 0xB4, 0x69, 0xFE, 0x69, 0xFE, 0x69, 0xFE, 0x69,
    0xFE, 0x69, 0xFE, 0x69, 0xFE, 0x69, 0xFE, 0x69, 0xFE, 0x69, 0xFE, 0x69, 0xFE, 0x69, 0xFE, 0x69, 0xFE, 0x69, 0xFE,
    0x69, 0xFE, 0x69, 0xFE, 0x69, 0xFE, 0x69, 0xFE, 0x69, 0xFE, 0x69, 0xFE, 0x69, 0xFE, 0x69, 0xFE, 0x69, 0xFE, 0x69,
    0xFE, 0x69, 0xFE, 0x69, 0xFE, 0x69, 0xFE, 0x69, 0xFE, 0x69, 0xFE, 0x69, 0xFE, 0x69, 0xFE, 0x69, 0xFE, 0x69, 0xFE,
    0x69, 0xFE, 0x69, 0xFE, 0x69, 0xFE, 0x69, 0xFE, 0x69, 0xFE, 0x69, 0xFE, 0x69, 0xFE, 0x69, 0xFE, 0x69, 0xFE, 0x69,
    0xFE, 0x69, 0xFE, 0x69, 0xFE, 0x69, 0xFE, 0x69, 0xFE, 0x69, 0xFE, 0x69, 0xFE, 0x69, 0xFE, 0x69, 0xFE, 0x69, 0xFE,
    0x69, 0xFE, 0x69, 0xFE, 0x69, 0xFE, 0x69, 0xFE, 0x69, 0xFE, 0x69, 0xFE, 0x69, 0xFE, 0x69, 0xFE, 0x69, 0xFE, 0x69,
    0xFE, 0x69, 0xFE, 0x69, 0xFE, 0x69, 0xFE, 0x69, 0xFE, 0x69, 0xFE, 0x45, 0xB4, 0x45, 0xB4, 0x45, 0xB4, 0x45, 0xB4,
    0x20, 0x62, 0x20, 0x62, 0x20, 0x62, 0x20, 0x62, 0x20, 0x62, 0x20, 0x62, 0xE1, 0x82, 0xE1, 0x82, 0xE1, 0x82, 0xE1,
    0x82, 0x04, 0xAC, 0x04, 0xAC, 0x04, 0xAC, 0xC8, 0xED, 0xC8, 0xED, 0xC8, 0xED, 0x69, 0xFE, 0x69, 0xFE, 0x69, 0xFE,
    0x69, 0xFE, 0x69, 0xFE, 0x69, 0xFE, 0x69, 0xFE, 0x69, 0xFE, 0x69, 0xFE, 0x69, 0xFE, 0x69, 0xFE, 0x69, 0xFE, 0x69,
    0xFE, 0x69, 0xFE, 0x69, 0xFE, 0x69, 0xFE, 0x69, 0xFE, 0x69, 0xFE, 0x69, 0xFE, 0x69, 0xFE, 0x69, 0xFE, 0x69, 0xFE,
    0x69, 0xFE, 0x69, 0xFE, 0x69, 0xFE, 0x69, 0xFE, 0x69, 0xFE, 0x69, 0xFE, 0x69, 0xFE, 0x69, 0xFE, 0x69, 0xFE, 0x69,
    0xFE, 0x69, 0xFE, 0x69, 0xFE, 0x69, 0xFE, 0x69, 0xFE, 0x69, 0xFE, 0x69, 0xFE, 0x69, 0xFE, 0x69, 0xFE, 0x69, 0xFE,
    0x69, 0xFE, 0x69, 0xFE, 0x69, 0xFE, 0x69, 0xFE, 0x69, 0xFE, 0x69, 0xFE, 0x69, 0xFE, 0x69, 0xFE, 0x69, 0xFE, 0x89,
    0x43, 0x89, 0x43, 0x89, 0x43, 0x89, 0x43, 0x89, 0x43, 0x89, 0x43, 0x89, 0x43, 0x89, 0x43, 0x89, 0x43, 0x89, 0x43,
    0x89, 0x43, 0x89, 0x43, 0x89, 0x43, 0x89, 0x43, 0x89, 0x43, 0x89, 0x43, 0x89, 0x43, 0x89, 0x43, 0x89, 0x43, 0x89,
    0x43, 0x89, 0x43, 0x89, 0x43, 0x89, 0x43, 0x89, 0x43, 0x89, 0x43, 0x89, 0x43, 0x89, 0x43, 0x89, 0x43, 0x89, 0x43,
    0x89, 0x43, 0x89, 0x43, 0x89, 0x43, 0x89, 0x43, 0x89, 0x43, 0x69, 0xFE, 0x69, 0xFE, 0x69, 0xFE, 0x69, 0xFE, 0x69,
    0xFE, 0x69, 0xFE, 0x69, 0xFE, 0x69, 0xFE, 0x69, 0xFE, 0x69, 0xFE, 0x69, 0xFE, 0x69, 0xFE, 0x69, 0xFE, 0x69, 0xFE,
    0x69, 0xFE, 0x69, 0xFE, 0x69, 0xFE, 0x69, 0xFE, 0x69, 0xFE, 0x69, 0xFE, 0x69, 0xFE, 0x69, 0xFE, 0x69, 0xFE, 0x69,
    0xFE, 0x69, 0xFE, 0x69, 0xFE, 0x69, 0xFE, 0x69, 0xFE, 0x69, 0xFE, 0x69, 0xFE, 0x69, 0xFE, 0x69, 0xFE, 0x69, 0xFE,
    0x69, 0xFE, 0x69, 0xFE, 0x69, 0xFE, 0x69, 0xFE, 0x69, 0xFE, 0x69, 0xFE, 0x69, 0xFE, 0x69, 0xFE, 0x69, 0xFE, 0x69,
    0xFE, 0x69, 0xFE, 0x69, 0xFE, 0x69, 0xFE, 0x69, 0xFE, 0x69, 0xFE, 0x69, 0xFE, 0x69, 0xFE, 0xC8, 0xED, 0xC8, 0xED,
    0xC8, 0xED, 0x04, 0xAC, 0x04, 0xAC, 0x04, 0xAC, 0xE1, 0x82, 0xE1, 0x82, 0xE1, 0x82, 0xE1, 0x82, 0x20, 0x62, 0x20,
    0x62, 0x20, 0x62, 0x20, 0x62, 0x20, 0x62, 0x20, 0x62, 0x45, 0xB4, 0x45, 0xB4, 0x45, 0xB4, 0x45, 0xB4, 0x69, 0xFE,
    0x69, 0xFE, 0x69, 0xFE, 0x69, 0xFE, 0x69, 0xFE, 0x69, 0xFE, 0x69, 0xFE, 0x69, 0xFE, 0x69, 0xFE, 0x69, 0xFE, 0x69,
    0xFE, 0x69, 0xFE, 0x69, 0xFE, 0x69, 0xFE, 0x69, 0xFE, 0x69, 0xFE, 0x69, 0xFE, 0x69, 0xFE, 0x69, 0xFE, 0x69, 0xFE,
    0x69, 0xFE, 0x69, 0xFE, 0x69, 0xFE, 0x69, 0xFE, 0x69, 0xFE, 0x69, 0xFE, 0x69, 0xFE, 0x69, 0xFE, 0x69, 0xFE, 0x69,
    0xFE, 0x69, 0xFE, 0x69, 0xFE, 0x69, 0xFE, 0x69, 0xFE, 0x69, 0xFE, 0x69, 0xFE, 0x69, 0xFE, 0x69, 0xFE, 0x69, 0xFE,
    0x69, 0xFE, 0x69, 0xFE, 0x69, 0xFE, 0x69, 0xFE, 0x69, 0xFE, 0x69, 0xFE, 0x69, 0xFE, 0x69, 0xFE, 0x69, 0xFE, 0x69,
    0xFE, 0x69, 0xFE, 0x69, 0xFE, 0x69, 0xFE, 0x69, 0xFE, 0x69, 0xFE, 0x69, 0xFE, 0x69, 0xFE, 0x69, 0xFE, 0x69, 0xFE,
    0x69, 0xFE, 0x69, 0xFE, 0x69, 0xFE, 0x69, 0xFE, 0x69, 0xFE, 0x69, 0xFE, 0x69, 0xFE, 0x69, 0xFE, 0x45, 0xB4, 0x45,
    0xB4, 0x45, 0xB4, 0x45, 0xB4, 0x20, 0x62, 0x20, 0x62, 0x20, 0x62, 0x20, 0x62, 0x20, 0x62, 0x20, 0x62, 0xE1, 0x82,
    0xE1, 0x82, 0xE1, 0x82, 0xE1, 0x82, 0x04, 0xAC, 0x04, 0xAC, 0x04, 0xAC, 0xC8, 0xED, 0xC8, 0xED, 0xC8, 0xED, 0x69,
    0xFE, 0x69, 0xFE, 0x69, 0xFE, 0x69, 0xFE, 0x69, 0xFE, 0x69, 0xFE, 0x69, 0xFE, 0x69, 0xFE, 0x69, 0xFE, 0x69, 0xFE,
    0x69, 0xFE, 0x69, 0xFE, 0x69, 0xFE, 0x69, 0xFE, 0x69, 0xFE, 0x69, 0xFE, 0x69, 0xFE, 0x69, 0xFE, 0x69, 0xFE, 0x69,
    0xFE, 0x69, 0xFE, 0x69, 0xFE, 0x69, 0xFE, 0x69, 0xFE, 0x69, 0xFE, 0x69, 0xFE, 0x69, 0xFE, 0x69, 0xFE, 0x69, 0xFE,
    0x69, 0xFE, 0x69, 0xFE, 0x69, 0xFE, 0x69, 0xFE, 0x69, 0xFE, 0x69, 0xFE, 0x69, 0xFE, 0x69, 0xFE, 0x69, 0xFE, 0x69,
    0xFE, 0x69, 0xFE, 0x69, 0xFE, 0x69, 0xFE, 0x69, 0xFE, 0x69, 0xFE, 0x69, 0xFE, 0x69, 0xFE, 0x69, 0xFE, 0x69, 0xFE,
    0x69, 0xFE, 0x69, 0xFE, 0x89, 0x43, 0x89, 0x43, 0x89, 0x43, 0x89, 0x43, 0x89, 0x43, 0x89, 0x43, 0x89, 0x43, 0x89,
    0x43, 0x89, 0x43, 0x89, 0x43, 0x89, 0x43, 0x89, 0x43, 0x89, 0x43, 0x89, 0x43, 0x89, 0x43, 0x89, 0x43, 0x89, 0x43,
    0x89, 0x43, 0x89, 0x43, 0x89, 0x43, 0x89, 0x43, 0x89, 0x43, 0x89, 0x43, 0x89, 0x43, 0x89, 0x43, 0x89, 0x43, 0x89,
    0x43, 0x89, 0x43, 0x89, 0x43, 0x89, 0x43, 0x69, 0xFE, 0x69, 0xFE, 0x69, 0xFE, 0x69, 0xFE, 0x69, 0xFE, 0x69, 0xFE,
    0x69, 0xFE, 0x69, 0xFE, 0x69, 0xFE, 0x69, 0xFE, 0x69, 0xFE, 0x69, 0xFE, 0x69, 0xFE, 0x69, 0xFE, 0x69, 0xFE, 0x69,
    0xFE, 0x69, 0xFE, 0x69, 0xFE, 0x69, 0xFE, 0x69, 0xFE, 0x69, 0xFE, 0x69, 0xFE, 0x69, 0xFE, 0x69, 0xFE, 0x69, 0xFE,
    0x69, 0xFE, 0x69, 0xFE, 0x69, 0xFE, 0x69, 0xFE, 0x69, 0xFE, 0x69, 0xFE, 0x69, 0xFE, 0x69, 0xFE, 0x69, 0xFE, 0x69,
    0xFE, 0x69, 0xFE, 0x69, 0xFE, 0x69, 0xFE, 0x69, 0xFE, 0x69, 0xFE, 0x69, 0xFE, 0x69, 0xFE, 0x69, 0xFE, 0x69, 0xFE,
    0x69, 0xFE, 0x69, 0xFE, 0x69, 0xFE, 0x47, 0xDD, 0x47, 0xDD, 0x47, 0xDD, 0x22, 0x8B, 0x22, 0x8B, 0x22, 0x8B, 0x22,
    0x8B, 0x20, 0x62, 0x20, 0x62, 0x20, 0x62, 0x20, 0x62, 0x20, 0x62, 0x20, 0x62, 0x20, 0x62, 0x20, 0x62, 0x20, 0x62,
    0x20, 0x62, 0x20, 0x62, 0x20, 0x62, 0x20, 0x62, 0x20, 0x62, 0x20, 0x62, 0x20, 0x62, 0x20, 0x62, 0x20, 0x62, 0x20,
    0x62, 0x20, 0x62, 0x69, 0xFE, 0x69, 0xFE, 0x69, 0xFE, 0x69, 0xFE, 0x69, 0xFE, 0x69, 0xFE, 0x69, 0xFE, 0x69, 0xFE,
    0x69, 0xFE, 0x69, 0xFE, 0x69, 0xFE, 0x69, 0xFE, 0x69, 0xFE, 0x69, 0xFE, 0x69, 0xFE, 0x69, 0xFE, 0x69, 0xFE, 0x69,
    0xFE, 0x69, 0xFE, 0x69, 0xFE, 0x69, 0xFE, 0x69, 0xFE, 0x69, 0xFE, 0x69, 0xFE, 0x69, 0xFE, 0x69, 0xFE, 0x69, 0xFE,
    0x69, 0xFE, 0x69, 0xFE, 0x69, 0xFE, 0x69, 0xFE, 0x69, 0xFE, 0x69, 0xFE, 0x69, 0xFE, 0x69, 0xFE, 0x69, 0xFE, 0x69,
    0xFE, 0x69, 0xFE, 0x69, 0xFE, 0x69, 0xFE, 0x69, 0xFE, 0x69, 0xFE, 0x69, 0xFE, 0x69, 0xFE, 0x69, 0xFE, 0x69, 0xFE,
    0x69, 0xFE, 0x69, 0xFE, 0x69, 0xFE, 0x69, 0xFE, 0x69, 0xFE, 0x69, 0xFE, 0x69, 0xFE, 0x69, 0xFE, 0x69, 0xFE, 0x69,
    0xFE, 0x69, 0xFE, 0x69, 0xFE, 0x69, 0xFE, 0x69, 0xFE, 0x69, 0xFE, 0x69, 0xFE, 0x69, 0xFE, 0x29, 0xF6, 0x29, 0xF6,
    0x29, 0xF6, 0x20, 0x62, 0x20, 0x62, 0x20, 0x62, 0x20, 0x62, 0x20, 0x62, 0x20, 0x62, 0x20, 0x62, 0x20, 0x62, 0x20,
    0x62, 0x20, 0x62, 0x20, 0x62, 0x20, 0x62, 0x20, 0x62, 0x20, 0x62, 0x20, 0x62, 0x20, 0x62, 0x20, 0x62, 0x20, 0x62,
    0x20, 0x62, 0x20, 0x62, 0x22, 0x8B, 0x22, 0x8B, 0x22, 0x8B, 0x22, 0x8B, 0x47, 0xDD, 0x47, 0xDD, 0x47, 0xDD, 0x69,
    0xFE, 0x69, 0xFE, 0x69, 0xFE, 0x69, 0xFE, 0x69, 0xFE, 0x69, 0xFE, 0x69, 0xFE, 0x69, 0xFE, 0x69, 0xFE, 0x69, 0xFE,
    0x69, 0xFE, 0x69, 0xFE, 0x69, 0xFE, 0x69, 0xFE, 0x69, 0xFE, 0x69, 0xFE, 0x69, 0xFE, 0x69, 0xFE, 0x69, 0xFE, 0x69,
    0xFE, 0x69, 0xFE, 0x69, 0xFE, 0x69, 0xFE, 0x69, 0xFE, 0x69, 0xFE, 0x69, 0xFE, 0x69, 0xFE, 0x69, 0xFE, 0x69, 0xFE,
    0x69, 0xFE, 0x69, 0xFE, 0x69, 0xFE, 0x69, 0xFE, 0x69, 0xFE, 0x69, 0xFE, 0x69, 0xFE, 0x69, 0xFE, 0x69, 0xFE, 0x69,
    0xFE, 0x69, 0xFE, 0x69, 0xFE, 0x69, 0xFE, 0x69, 0xFE, 0x69, 0xFE, 0x69, 0xFE, 0x69, 0xFE, 0x69, 0xFE, 0x89, 0x43,
    0x89, 0x43, 0x89, 0x43, 0x89, 0x43, 0x89, 0x43, 0x89, 0x43, 0x89, 0x43, 0x89, 0x43, 0x89, 0x43, 0x89, 0x43, 0x89,
    0x43, 0x89, 0x43, 0x89, 0x43, 0x89, 0x43, 0x89, 0x43, 0x89, 0x43, 0x89, 0x43, 0x89, 0x43, 0x89, 0x43, 0x89, 0x43,
    0x89, 0x43, 0x89, 0x43, 0x89, 0x43, 0x89, 0x43, 0x89, 0x43, 0x89, 0x43, 0x69, 0xFE, 0x69, 0xFE, 0x69, 0xFE, 0x69,
    0xFE, 0x69, 0xFE, 0x69, 0xFE, 0x69, 0xFE, 0x69, 0xFE, 0x69, 0xFE, 0x69, 0xFE, 0x69, 0xFE, 0x69, 0xFE, 0x69, 0xFE,
    0x69, 0xFE, 0x69, 0xFE, 0x69, 0xFE, 0x69, 0xFE, 0x69, 0xFE, 0x69, 0xFE, 0x69, 0xFE, 0x69, 0xFE, 0x69, 0xFE, 0x69,
    0xFE, 0x69, 0xFE, 0x69, 0xFE, 0x69, 0xFE, 0x69, 0xFE, 0x69, 0xFE, 0x69, 0xFE, 0x69, 0xFE, 0x69, 0xFE, 0x69, 0xFE,
    0x69, 0xFE, 0x69, 0xFE, 0x69, 0xFE, 0x69, 0xFE, 0x69, 0xFE, 0x69, 0xFE, 0x69, 0xFE, 0x69, 0xFE, 0x69, 0xFE, 0x69,
    0xFE, 0x69, 0xFE, 0x69, 0xFE, 0x69, 0xFE, 0x69, 0xFE, 0x69, 0xFE, 0x47, 0xDD, 0x47, 0xDD, 0x47, 0xDD, 0x22, 0x8B,
    0x22, 0x8B, 0x22, 0x8B, 0x22, 0x8B, 0x20, 0x62, 0x20, 0x62, 0x20, 0x62, 0x20, 0x62, 0x20, 0x62, 0x20, 0x62, 0x20,
    0x62, 0x20, 0x62, 0x20, 0x62, 0x20, 0x62, 0x20, 0x62, 0x20, 0x62, 0x20, 0x62, 0x20, 0x62, 0x20, 0x62, 0x20, 0x62,
    0x20, 0x62, 0x20, 0x62, 0x20, 0x62, 0x20, 0x62, 0x69, 0xFE, 0x69, 0xFE, 0x69, 0xFE, 0x69, 0xFE, 0x69, 0xFE, 0x69,
    0xFE, 0x69, 0xFE, 0x69, 0xFE, 0x69, 0xFE, 0x69, 0xFE, 0x69, 0xFE, 0x69, 0xFE, 0x69, 0xFE, 0x69, 0xFE, 0x69, 0xFE,
    0x69, 0xFE, 0x69, 0xFE, 0x69, 0xFE, 0x69, 0xFE, 0x69, 0xFE, 0x69, 0xFE, 0x69, 0xFE, 0x69, 0xFE, 0x69, 0xFE, 0x69,
    0xFE, 0x69, 0xFE, 0x69, 0xFE, 0x69, 0xFE, 0x69, 0xFE, 0x69, 0xFE, 0x69, 0xFE, 0x69, 0xFE, 0x69, 0xFE, 0x69, 0xFE,
    0x69, 0xFE, 0x69, 0xFE, 0x69, 0xFE, 0x69, 0xFE, 0x69, 0xFE, 0x69, 0xFE, 0x69, 0xFE, 0x69, 0xFE, 0x69, 0xFE, 0x69,
    0xFE, 0x69, 0xFE, 0x69, 0xFE, 0x69, 0xFE, 0x69, 0xFE, 0x69, 0xFE, 0x69, 0xFE, 0x69, 0xFE, 0x69, 0xFE, 0x69, 0xFE,
    0x69, 0xFE, 0x69, 0xFE, 0x69, 0xFE, 0x69, 0xFE, 0x69, 0xFE, 0x69, 0xFE, 0x69, 0xFE, 0x69, 0xFE, 0x69, 0xFE, 0x69,
    0xFE, 0x29, 0xF6, 0x29, 0xF6, 0x29, 0xF6, 0x20, 0x62, 0x20, 0x62, 0x20, 0x62, 0x20, 0x62, 0x20, 0x62, 0x20, 0x62,
    0x20, 0x62, 0x20, 0x62, 0x20, 0x62, 0x20, 0x62, 0x20, 0x62, 0x20, 0x62, 0x20, 0x62, 0x20, 0x62, 0x20, 0x62, 0x20,
    0x62, 0x20, 0x62, 0x20, 0x62, 0x20, 0x62, 0x20, 0x62, 0x22, 0x8B, 0x22, 0x8B, 0x22, 0x8B, 0x22, 0x8B, 0x47, 0xDD,
    0x47, 0xDD, 0x47, 0xDD, 0x69, 0xFE, 0x69, 0xFE, 0x69, 0xFE, 0x69, 0xFE, 0x69, 0xFE, 0x69, 0xFE, 0x69, 0xFE, 0x69,
    0xFE, 0x69, 0xFE, 0x69, 0xFE, 0x69, 0xFE, 0x69, 0xFE, 0x69, 0xFE, 0x69, 0xFE, 0x69, 0xFE, 0x69, 0xFE, 0x69, 0xFE,
    0x69, 0xFE, 0x69, 0xFE, 0x69, 0xFE, 0x69, 0xFE, 0x69, 0xFE, 0x69, 0xFE, 0x69, 0xFE, 0x69, 0xFE, 0x69, 0xFE, 0x69,
    0xFE, 0x69, 0xFE, 0x69, 0xFE, 0x69, 0xFE, 0x69, 0xFE, 0x69, 0xFE, 0x69, 0xFE, 0x69, 0xFE, 0x69, 0xFE, 0x69, 0xFE,
    0x69, 0xFE, 0x69, 0xFE, 0x69, 0xFE, 0x69, 0xFE, 0x69, 0xFE, 0x69, 0xFE, 0x69, 0xFE, 0x69, 0xFE, 0x69, 0xFE, 0x69,
    0xFE, 0x69, 0xFE, 0x89, 0x43, 0x89, 0x43, 0x89, 0x43, 0x89, 0x43, 0x89, 0x43, 0x89, 0x43, 0x89, 0x43, 0x89, 0x43,
    0x89, 0x43, 0x89, 0x43, 0x89, 0x43, 0x89, 0x43, 0x89, 0x43, 0x89, 0x43, 0x89, 0x43, 0x89, 0x43, 0x89, 0x43, 0x89,
    0x43, 0x89, 0x43, 0x89, 0x43, 0x89, 0x43, 0x89, 0x43, 0x89, 0x43, 0x89, 0x43, 0x89, 0x43, 0x89, 0x43, 0x69, 0xFE,
    0x69, 0xFE, 0x69, 0xFE, 0x69, 0xFE, 0x69, 0xFE, 0x69, 0xFE, 0x69, 0xFE, 0x69, 0xFE, 0x69, 0xFE, 0x69, 0xFE, 0x69,
    0xFE, 0x69, 0xFE, 0x69, 0xFE, 0x69, 0xFE, 0x69, 0xFE, 0x69, 0xFE, 0x69, 0xFE, 0x69, 0xFE, 0x69, 0xFE, 0x69, 0xFE,
    0x69, 0xFE, 0x69, 0xFE, 0x69, 0xFE, 0x69, 0xFE, 0x69, 0xFE, 0x69, 0xFE, 0x69, 0xFE, 0x69, 0xFE, 0x69, 0xFE, 0x69,
    0xFE, 0x69, 0xFE, 0x69, 0xFE, 0x69, 0xFE, 0x69, 0xFE, 0x69, 0xFE, 0x69, 0xFE, 0x69, 0xFE, 0x69, 0xFE, 0x69, 0xFE,
    0x69, 0xFE, 0x69, 0xFE, 0x69, 0xFE, 0x69, 0xFE, 0x69, 0xFE, 0x69, 0xFE, 0x69, 0xFE, 0x69, 0xFE, 0x47, 0xDD, 0x47,
    0xDD, 0x47, 0xDD, 0x22, 0x8B, 0x22, 0x8B, 0x22, 0x8B, 0x22, 0x8B, 0x20, 0x62, 0x20, 0x62, 0x20, 0x62, 0x20, 0x62,
    0x20, 0x62, 0x20, 0x62, 0x20, 0x62, 0x20, 0x62, 0x20, 0x62, 0x20, 0x62, 0x20, 0x62, 0x20, 0x62, 0x20, 0x62, 0x20,
    0x62, 0x20, 0x62, 0x20, 0x62, 0x20, 0x62, 0x20, 0x62, 0x20, 0x62, 0x20, 0x62, 0x69, 0xFE, 0x69, 0xFE, 0x69, 0xFE,
    0x69, 0xFE, 0x69, 0xFE, 0x69, 0xFE, 0x69, 0xFE, 0x69, 0xFE, 0x69, 0xFE, 0x69, 0xFE, 0x69, 0xFE, 0x69, 0xFE, 0x69,
    0xFE, 0x69, 0xFE, 0x69, 0xFE, 0x69, 0xFE, 0x69, 0xFE, 0x69, 0xFE, 0x69, 0xFE, 0x69, 0xFE, 0x69, 0xFE, 0x69, 0xFE,
    0x69, 0xFE, 0x69, 0xFE, 0x69, 0xFE, 0x69, 0xFE, 0x69, 0xFE, 0x69, 0xFE, 0x69, 0xFE, 0x69, 0xFE, 0x69, 0xFE, 0x69,
    0xFE, 0x69, 0xFE, 0x69, 0xFE, 0x69, 0xFE, 0x69, 0xFE, 0x69, 0xFE, 0x69, 0xFE, 0x69, 0xFE, 0x69, 0xFE, 0x69, 0xFE,
    0x69, 0xFE, 0x69, 0xFE, 0x69, 0xFE, 0x69, 0xFE, 0x69, 0xFE, 0x69, 0xFE, 0x69, 0xFE, 0x69, 0xFE, 0x69, 0xFE, 0x69,
    0xFE, 0x69, 0xFE, 0x69, 0xFE, 0x69, 0xFE, 0x69, 0xFE, 0x69, 0xFE, 0x69, 0xFE, 0x69, 0xFE, 0x69, 0xFE, 0x69, 0xFE,
    0x69, 0xFE, 0x69, 0xFE, 0x69, 0xFE, 0x29, 0xF6, 0x29, 0xF6, 0x29, 0xF6, 0x20, 0x62, 0x20, 0x62, 0x20, 0x62, 0x20,
    0x62, 0x20, 0x62, 0x20, 0x62, 0x20, 0x62, 0x20, 0x62, 0x20, 0x62, 0x20, 0x62, 0x20, 0x62, 0x20, 0x62, 0x20, 0x62,
    0x20, 0x62, 0x20, 0x62, 0x20, 0x62, 0x20, 0x62, 0x20, 0x62, 0x20, 0x62, 0x20, 0x62, 0x22, 0x8B, 0x22, 0x8B, 0x22,
    0x8B, 0x22, 0x8B, 0x47, 0xDD, 0x47, 0xDD, 0x47, 0xDD, 0x69, 0xFE, 0x69, 0xFE, 0x69, 0xFE, 0x69, 0xFE, 0x69, 0xFE,
    0x69, 0xFE, 0x69, 0xFE, 0x69, 0xFE, 0x69, 0xFE, 0x69, 0xFE, 0x69, 0xFE, 0x69, 0xFE, 0x69, 0xFE, 0x69, 0xFE, 0x69,
    0xFE, 0x69, 0xFE, 0x69, 0xFE, 0x69, 0xFE, 0x69, 0xFE, 0x69, 0xFE, 0x69, 0xFE, 0x69, 0xFE, 0x69, 0xFE, 0x69, 0xFE,
    0x69, 0xFE, 0x69, 0xFE, 0x69, 0xFE, 0x69, 0xFE, 0x69, 0xFE, 0x69, 0xFE, 0x69, 0xFE, 0x69, 0xFE, 0x69, 0xFE, 0x69,
    0xFE, 0x69, 0xFE, 0x69, 0xFE, 0x69, 0xFE, 0x69, 0xFE, 0x69, 0xFE, 0x69, 0xFE, 0x69, 0xFE, 0x69, 0xFE, 0x69, 0xFE,
    0x69, 0xFE, 0x69, 0xFE, 0x69, 0xFE, 0x69, 0xFE, 0x89, 0x43, 0x89, 0x43, 0x89, 0x43, 0x89, 0x43, 0x89, 0x43, 0x89,
    0x43, 0x89, 0x43, 0x89, 0x43, 0x89, 0x43, 0x89, 0x43, 0x89, 0x43, 0x89, 0x43, 0x89, 0x43, 0x89, 0x43, 0x89, 0x43,
    0x89, 0x43, 0x89, 0x43, 0x89, 0x43, 0x89, 0x43, 0x89, 0x43, 0x89, 0x43, 0x89, 0x43, 0x89, 0x43, 0x89, 0x43, 0x89,
    0x43, 0x89, 0x43, 0x69, 0xFE, 0x69, 0xFE, 0x69, 0xFE, 0x69, 0xFE, 0x69, 0xFE, 0x69, 0xFE, 0x69, 0xFE, 0x69, 0xFE,
    0x69, 0xFE, 0x69, 0xFE, 0x69, 0xFE, 0x69, 0xFE, 0x69, 0xFE, 0x69, 0xFE, 0x69, 0xFE, 0x69, 0xFE, 0x69, 0xFE, 0x69,
    0xFE, 0x69, 0xFE, 0x69, 0xFE, 0x69, 0xFE, 0x69, 0xFE, 0x69, 0xFE, 0x69, 0xFE, 0x69, 0xFE, 0x69, 0xFE, 0x69, 0xFE,
    0x69, 0xFE, 0x69, 0xFE, 0x69, 0xFE, 0x69, 0xFE, 0x69, 0xFE, 0x69, 0xFE, 0x69, 0xFE, 0x69, 0xFE, 0x69, 0xFE, 0x69,
    0xFE, 0x69, 0xFE, 0x69, 0xFE, 0x69, 0xFE, 0xC8, 0xED, 0xC8, 0xED, 0xC8, 0xED, 0xC8, 0xED, 0x63, 0x93, 0x63, 0x93,
    0x63, 0x93, 0x20, 0x62, 0x20, 0x62, 0x20, 0x62, 0x20, 0x62, 0x20, 0x62, 0x20, 0x62, 0x20, 0x62, 0x20, 0x62, 0x20,
    0x62, 0x20, 0x62, 0x20, 0x62, 0x20, 0x62, 0x20, 0x62, 0x20, 0x62, 0x20, 0x62, 0x20, 0x62, 0x20, 0x62, 0x20, 0x62,
    0x20, 0x62, 0x20, 0x62, 0x20, 0x62, 0x20, 0x62, 0x20, 0x62, 0x20, 0x62, 0x20, 0x62, 0x20, 0x62, 0x20, 0x62, 0x69,
    0xFE, 0x69, 0xFE, 0x69, 0xFE, 0x69, 0xFE, 0x69, 0xFE, 0x69, 0xFE, 0x69, 0xFE, 0x69, 0xFE, 0x69, 0xFE, 0x69, 0xFE,
    0x69, 0xFE, 0x69, 0xFE, 0x69, 0xFE, 0x69, 0xFE, 0x69, 0xFE, 0x69, 0xFE, 0x69, 0xFE, 0x69, 0xFE, 0x69, 0xFE, 0x69,
    0xFE, 0x69, 0xFE, 0x69, 0xFE, 0x69, 0xFE, 0x69, 0xFE, 0x69, 0xFE, 0x69, 0xFE, 0x69, 0xFE, 0x69, 0xFE, 0x69, 0xFE,
    0x69, 0xFE, 0x69, 0xFE, 0x69, 0xFE, 0x69, 0xFE, 0x69, 0xFE, 0x69, 0xFE, 0x69, 0xFE, 0x69, 0xFE, 0x69, 0xFE, 0x69,
    0xFE, 0x69, 0xFE, 0x69, 0xFE, 0x69, 0xFE, 0x69, 0xFE, 0x69, 0xFE, 0x69, 0xFE, 0x69, 0xFE, 0x69, 0xFE, 0x69, 0xFE,
    0x69, 0xFE, 0x69, 0xFE, 0x69, 0xFE, 0x69, 0xFE, 0x69, 0xFE, 0x69, 0xFE, 0x69, 0xFE, 0x69, 0xFE, 0x69, 0xFE, 0x69,
    0xFE, 0x69, 0xFE, 0x69, 0xFE, 0x69, 0xFE, 0x69, 0xFE, 0x69, 0xFE, 0x29, 0xF6, 0x29, 0xF6, 0x29, 0xF6, 0x20, 0x62,
    0x20, 0x62, 0x20, 0x62, 0x20, 0x62, 0x20, 0x62, 0x20, 0x62, 0x20, 0x62, 0x20, 0x62, 0x20, 0x62, 0x20, 0x62, 0x20,
    0x62, 0x20, 0x62, 0x20, 0x62, 0x20, 0x62, 0x20, 0x62, 0x20, 0x62, 0x20, 0x62, 0x20, 0x62, 0x20, 0x62, 0x20, 0x62,
    0x20, 0x62, 0x20, 0x62, 0x20, 0x62, 0x20, 0x62, 0x20, 0x62, 0x20, 0x62, 0x20, 0x62, 0x63, 0x93, 0x63, 0x93, 0x63,
    0x93, 0xC8, 0xED, 0xC8, 0xED, 0xC8, 0xED, 0xC8, 0xED, 0x69, 0xFE, 0x69, 0xFE, 0x69, 0xFE, 0x69, 0xFE, 0x69, 0xFE,
    0x69, 0xFE, 0x69, 0xFE, 0x69, 0xFE, 0x69, 0xFE, 0x69, 0xFE, 0x69, 0xFE, 0x69, 0xFE, 0x69, 0xFE, 0x69, 0xFE, 0x69,
    0xFE, 0x69, 0xFE, 0x69, 0xFE, 0x69, 0xFE, 0x69, 0xFE, 0x69, 0xFE, 0x69, 0xFE, 0x69, 0xFE, 0x69, 0xFE, 0x69, 0xFE,
    0x69, 0xFE, 0x69, 0xFE, 0x69, 0xFE, 0x69, 0xFE, 0x69, 0xFE, 0x69, 0xFE, 0x69, 0xFE, 0x69, 0xFE, 0x69, 0xFE, 0x69,
    0xFE, 0x69, 0xFE, 0x69, 0xFE, 0x69, 0xFE, 0x69, 0xFE, 0x69, 0xFE, 0x69, 0xFE, 0x89, 0x43, 0x89, 0x43, 0x89, 0x43,
    0x89, 0x43, 0x89, 0x43, 0x89, 0x43, 0x89, 0x43, 0x89, 0x43, 0x89, 0x43, 0x89, 0x43, 0x89, 0x43, 0x89, 0x43, 0x89,
    0x43, 0x89, 0x43, 0x89, 0x43, 0x89, 0x43, 0x89, 0x43, 0x89, 0x43, 0x89, 0x43, 0x89, 0x43, 0x89, 0x43, 0x89, 0x43,
    0x89, 0x43, 0x89, 0x43, 0x89, 0x43, 0x89, 0x43, 0x69, 0xFE, 0x69, 0xFE, 0x69, 0xFE, 0x69, 0xFE, 0x69, 0xFE, 0x69,
    0xFE, 0x69, 0xFE, 0x69, 0xFE, 0x69, 0xFE, 0x69, 0xFE, 0x69, 0xFE, 0x69, 0xFE, 0x69, 0xFE, 0x69, 0xFE, 0x69, 0xFE,
    0x69, 0xFE, 0x69, 0xFE, 0x69, 0xFE, 0x69, 0xFE, 0x69, 0xFE, 0x69, 0xFE, 0x69, 0xFE, 0x69, 0xFE, 0x69, 0xFE, 0x69,
    0xFE, 0x69, 0xFE, 0x69, 0xFE, 0x69, 0xFE, 0x69, 0xFE, 0x69, 0xFE, 0x69, 0xFE, 0x69, 0xFE, 0x69, 0xFE, 0x69, 0xFE,
    0x69, 0xFE, 0x69, 0xFE, 0x69, 0xFE, 0x69, 0xFE, 0x69, 0xFE, 0x69, 0xFE, 0xC8, 0xED, 0xC8, 0xED, 0xC8, 0xED, 0xC8,
    0xED, 0x63, 0x93, 0x63, 0x93, 0x63, 0x93, 0x20, 0x62, 0x20, 0x62, 0x20, 0x62, 0x20, 0x62, 0x20, 0x62, 0x20, 0x62,
    0x20, 0x62, 0x20, 0x62, 0x20, 0x62, 0x20, 0x62, 0x20, 0x62, 0x20, 0x62, 0x20, 0x62, 0x20, 0x62, 0x20, 0x62, 0x20,
    0x62, 0x20, 0x62, 0x20, 0x62, 0x20, 0x62, 0x20, 0x62, 0x20, 0x62, 0x20, 0x62, 0x20, 0x62, 0x20, 0x62, 0x20, 0x62,
    0x20, 0x62, 0x20, 0x62, 0x69, 0xFE, 0x69, 0xFE, 0x69, 0xFE, 0x69, 0xFE, 0x69, 0xFE, 0x69, 0xFE, 0x69, 0xFE, 0x69,
    0xFE, 0x69, 0xFE, 0x69, 0xFE, 0x69, 0xFE, 0x69, 0xFE, 0x69, 0xFE, 0x69, 0xFE, 0x69, 0xFE, 0x69, 0xFE, 0x69, 0xFE,
    0x69, 0xFE, 0x69, 0xFE, 0x69, 0xFE, 0x69, 0xFE, 0x69, 0xFE, 0x69, 0xFE, 0x69, 0xFE, 0x69, 0xFE, 0x69, 0xFE, 0x69,
    0xFE, 0x69, 0xFE, 0x69, 0xFE, 0x69, 0xFE, 0x69, 0xFE, 0x69, 0xFE, 0x69, 0xFE, 0x69, 0xFE, 0x69, 0xFE, 0x69, 0xFE,
    0x69, 0xFE, 0x69, 0xFE, 0x69, 0xFE, 0x69, 0xFE, 0x69, 0xFE, 0x69, 0xFE, 0x69, 0xFE, 0x69, 0xFE, 0x69, 0xFE, 0x69,
    0xFE, 0x69, 0xFE, 0x69, 0xFE, 0x69, 0xFE, 0x69, 0xFE, 0x69, 0xFE, 0x69, 0xFE, 0x69, 0xFE, 0x69, 0xFE, 0x69, 0xFE,
    0x69, 0xFE, 0x69, 0xFE, 0x69, 0xFE, 0x69, 0xFE, 0x69, 0xFE, 0x69, 0xFE, 0x69, 0xFE, 0x69, 0xFE, 0x29, 0xF6, 0x29,
    0xF6, 0x29, 0xF6, 0x20, 0x62, 0x20, 0x62, 0x20, 0x62, 0x20, 0x62, 0x20, 0x62, 0x20, 0x62, 0x20, 0x62, 0x20, 0x62,
    0x20, 0x62, 0x20, 0x62, 0x20, 0x62, 0x20, 0x62, 0x20, 0x62, 0x20, 0x62, 0x20, 0x62, 0x20, 0x62, 0x20, 0x62, 0x20,
    0x62, 0x20, 0x62, 0x20, 0x62, 0x20, 0x62, 0x20, 0x62, 0x20, 0x62, 0x20, 0x62, 0x20, 0x62, 0x20, 0x62, 0x20, 0x62,
    0x63, 0x93, 0x63, 0x93, 0x63, 0x93, 0xC8, 0xED, 0xC8, 0xED, 0xC8, 0xED, 0xC8, 0xED, 0x69, 0xFE, 0x69, 0xFE, 0x69,
    0xFE, 0x69, 0xFE, 0x69, 0xFE, 0x69, 0xFE, 0x69, 0xFE, 0x69, 0xFE, 0x69, 0xFE, 0x69, 0xFE, 0x69, 0xFE, 0x69, 0xFE,
    0x69, 0xFE, 0x69, 0xFE, 0x69, 0xFE, 0x69, 0xFE, 0x69, 0xFE, 0x69, 0xFE, 0x69, 0xFE, 0x69, 0xFE, 0x69, 0xFE, 0x69,
    0xFE, 0x69, 0xFE, 0x69, 0xFE, 0x69, 0xFE, 0x69, 0xFE, 0x69, 0xFE, 0x69, 0xFE, 0x69, 0xFE, 0x69, 0xFE, 0x69, 0xFE,
    0x69, 0xFE, 0x69, 0xFE, 0x69, 0xFE, 0x69, 0xFE, 0x69, 0xFE, 0x69, 0xFE, 0x69, 0xFE, 0x69, 0xFE, 0x69, 0xFE, 0x89,
    0x43, 0x89, 0x43, 0x89, 0x43, 0x89, 0x43, 0x89, 0x43, 0x89, 0x43, 0x89, 0x43, 0x89, 0x43, 0x89, 0x43, 0x89, 0x43,
    0x89, 0x43, 0x89, 0x43, 0x89, 0x43, 0x89, 0x43, 0x89, 0x43, 0x89, 0x43, 0x89, 0x43, 0x89, 0x43, 0x89, 0x43, 0x89,
    0x43, 0x89, 0x43, 0x89, 0x43, 0x89, 0x43, 0x89, 0x43, 0x89, 0x43, 0x89, 0x43, 0x69, 0xFE, 0x69, 0xFE, 0x69, 0xFE,
    0x69, 0xFE, 0x69, 0xFE, 0x69, 0xFE, 0x69, 0xFE, 0x69, 0xFE, 0x69, 0xFE, 0x69, 0xFE, 0x69, 0xFE, 0x69, 0xFE, 0x69,
    0xFE, 0x69, 0xFE, 0x69, 0xFE, 0x69, 0xFE, 0x69, 0xFE, 0x69, 0xFE, 0x69, 0xFE, 0x69, 0xFE, 0x69, 0xFE, 0x69, 0xFE,
    0x69, 0xFE, 0x69, 0xFE, 0x69, 0xFE, 0x69, 0xFE, 0x69, 0xFE, 0x69, 0xFE, 0x69, 0xFE, 0x69, 0xFE, 0x69, 0xFE, 0x69,
    0xFE, 0x69, 0xFE, 0x69, 0xFE, 0x69, 0xFE, 0x69, 0xFE, 0x69, 0xFE, 0x69, 0xFE, 0x69, 0xFE, 0x69, 0xFE, 0xC8, 0xED,
    0xC8, 0xED, 0xC8, 0xED, 0xC8, 0xED, 0x63, 0x93, 0x63, 0x93, 0x63, 0x93, 0x20, 0x62, 0x20, 0x62, 0x20, 0x62, 0x20,
    0x62, 0x20, 0x62, 0x20, 0x62, 0x20, 0x62, 0x20, 0x62, 0x20, 0x62, 0x20, 0x62, 0x20, 0x62, 0x20, 0x62, 0x20, 0x62,
    0x20, 0x62, 0x20, 0x62, 0x20, 0x62, 0x20, 0x62, 0x20, 0x62, 0x20, 0x62, 0x20, 0x62, 0x20, 0x62, 0x20, 0x62, 0x20,
    0x62, 0x20, 0x62, 0x20, 0x62, 0x20, 0x62, 0x20, 0x62, 0x69, 0xFE, 0x69, 0xFE, 0x69, 0xFE, 0x69, 0xFE, 0x69, 0xFE,
    0x69, 0xFE, 0x69, 0xFE, 0x69, 0xFE, 0x69, 0xFE, 0x69, 0xFE, 0x69, 0xFE, 0x69, 0xFE, 0x69, 0xFE, 0x69, 0xFE, 0x69,
    0xFE, 0x69, 0xFE, 0x69, 0xFE, 0x69, 0xFE, 0x69, 0xFE, 0x69, 0xFE, 0x69, 0xFE, 0x69, 0xFE, 0x69, 0xFE, 0x69, 0xFE,
    0x69, 0xFE, 0x69, 0xFE, 0x69, 0xFE, 0x69, 0xFE, 0x69, 0xFE, 0x69, 0xFE, 0x69, 0xFE, 0x69, 0xFE, 0x69, 0xFE, 0x69,
    0xFE, 0x69, 0xFE, 0x69, 0xFE, 0x69, 0xFE, 0x69, 0xFE, 0x69, 0xFE, 0x69, 0xFE, 0x69, 0xFE, 0x69, 0xFE, 0x69, 0xFE,
    0x69, 0xFE, 0x69, 0xFE, 0x69, 0xFE, 0x69, 0xFE, 0x69, 0xFE, 0x69, 0xFE, 0x69, 0xFE, 0x69, 0xFE, 0x69, 0xFE, 0x69,
    0xFE, 0x69, 0xFE, 0x69, 0xFE, 0x69, 0xFE, 0x69, 0xFE, 0x69, 0xFE, 0x69, 0xFE, 0x69, 0xFE, 0x69, 0xFE, 0x69, 0xFE,
    0x69, 0xFE, 0x29, 0xF6, 0x29, 0xF6, 0x29, 0xF6, 0x20, 0x62, 0x20, 0x62, 0x20, 0x62, 0x20, 0x62, 0x20, 0x62, 0x20,
    0x62, 0x20, 0x62, 0x20, 0x62, 0x20, 0x62, 0x20, 0x62, 0x20, 0x62, 0x20, 0x62, 0x20, 0x62, 0x20, 0x62, 0x20, 0x62,
    0x20, 0x62, 0x20, 0x62, 0x20, 0x62, 0x20, 0x62, 0x20, 0x62, 0x20, 0x62, 0x20, 0x62, 0x20, 0x62, 0x20, 0x62, 0x20,
    0x62, 0x20, 0x62, 0x20, 0x62, 0x63, 0x93, 0x63, 0x93, 0x63, 0x93, 0xC8, 0xED, 0xC8, 0xED, 0xC8, 0xED, 0xC8, 0xED,
    0x69, 0xFE, 0x69, 0xFE, 0x69, 0xFE, 0x69, 0xFE, 0x69, 0xFE, 0x69, 0xFE, 0x69, 0xFE, 0x69, 0xFE, 0x69, 0xFE, 0x69,
    0xFE, 0x69, 0xFE, 0x69, 0xFE, 0x69, 0xFE, 0x69, 0xFE, 0x69, 0xFE, 0x69, 0xFE, 0x69, 0xFE, 0x69, 0xFE, 0x69, 0xFE,
    0x69, 0xFE, 0x69, 0xFE, 0x69, 0xFE, 0x69, 0xFE, 0x69, 0xFE, 0x69, 0xFE, 0x69, 0xFE, 0x69, 0xFE, 0x69, 0xFE, 0x69,
    0xFE, 0x69, 0xFE, 0x69, 0xFE, 0x69, 0xFE, 0x69, 0xFE, 0x69, 0xFE, 0x69, 0xFE, 0x69, 0xFE, 0x69, 0xFE, 0x69, 0xFE,
    0x69, 0xFE, 0x69, 0xFE, 0x89, 0x43, 0x89, 0x43, 0x89, 0x43, 0x89, 0x43, 0x89, 0x43, 0x89, 0x43, 0x89, 0x43, 0x89,
    0x43, 0x89, 0x43, 0x89, 0x43, 0x89, 0x43, 0x89, 0x43, 0x89, 0x43, 0x89, 0x43, 0x89, 0x43, 0x89, 0x43, 0x89, 0x43,
    0x89, 0x43, 0x89, 0x43, 0x89, 0x43, 0x89, 0x43, 0x89, 0x43, 0x89, 0x43, 0x69, 0xFE, 0x69, 0xFE, 0x69, 0xFE, 0x69,
    0xFE, 0x69, 0xFE, 0x69, 0xFE, 0x69, 0xFE, 0x69, 0xFE, 0x69, 0xFE, 0x69, 0xFE, 0x69, 0xFE, 0x69, 0xFE, 0x69, 0xFE,
    0x69, 0xFE, 0x69, 0xFE, 0x69, 0xFE, 0x69, 0xFE, 0x69, 0xFE, 0x69, 0xFE, 0x69, 0xFE, 0x69, 0xFE, 0x69, 0xFE, 0x69,
    0xFE, 0x69, 0xFE, 0x69, 0xFE, 0x69, 0xFE, 0x69, 0xFE, 0x69, 0xFE, 0x69, 0xFE, 0x69, 0xFE, 0x69, 0xFE, 0x69, 0xFE,
    0x69, 0xFE, 0x69, 0xFE, 0x69, 0xFE, 0x69, 0xFE, 0x69, 0xFE, 0x69, 0xFE, 0x69, 0xFE, 0x69, 0xFE, 0x85, 0xBC, 0x85,
    0xBC, 0x85, 0xBC, 0x60, 0x72, 0x60, 0x72, 0x60, 0x72, 0x60, 0x72, 0x20, 0x62, 0x20, 0x62, 0x20, 0x62, 0x20, 0x62,
    0x20, 0x62, 0x20, 0x62, 0x20, 0x62, 0x20, 0x62, 0x20, 0x62, 0x20, 0x62, 0x20, 0x62, 0x20, 0x62, 0x20, 0x62, 0x20,
    0x62, 0x20, 0x62, 0x20, 0x62, 0x20, 0x62, 0x20, 0x62, 0x20, 0x62, 0x20, 0x62, 0x20, 0x62, 0x20, 0x62, 0x20, 0x62,
    0x20, 0x62, 0x20, 0x62, 0x20, 0x62, 0x45, 0xB4, 0x45, 0xB4, 0x45, 0xB4, 0x45, 0xB4, 0x69, 0xFE, 0x69, 0xFE, 0x69,
    0xFE, 0x69, 0xFE, 0x69, 0xFE, 0x69, 0xFE, 0x69, 0xFE, 0x69, 0xFE, 0x69, 0xFE, 0x69, 0xFE, 0x69, 0xFE, 0x69, 0xFE,
    0x69, 0xFE, 0x69, 0xFE, 0x69, 0xFE, 0x69, 0xFE, 0x69, 0xFE, 0x69, 0xFE, 0x69, 0xFE, 0x69, 0xFE, 0x69, 0xFE, 0x69,
    0xFE, 0x69, 0xFE, 0x69, 0xFE, 0x69, 0xFE, 0x69, 0xFE, 0x69, 0xFE, 0x69, 0xFE, 0x69, 0xFE, 0x69, 0xFE, 0x69, 0xFE,
    0x69, 0xFE, 0x69, 0xFE, 0x69, 0xFE, 0x69, 0xFE, 0x69, 0xFE, 0x69, 0xFE, 0x69, 0xFE, 0x69, 0xFE, 0x69, 0xFE, 0x69,
    0xFE, 0x69, 0xFE, 0x69, 0xFE, 0x69, 0xFE, 0x69, 0xFE, 0x69, 0xFE, 0x69, 0xFE, 0x69, 0xFE, 0x69, 0xFE, 0x69, 0xFE,
    0x69, 0xFE, 0x69, 0xFE, 0x69, 0xFE, 0x69, 0xFE, 0x69, 0xFE, 0x69, 0xFE, 0x69, 0xFE, 0x69, 0xFE, 0x69, 0xFE, 0x69,
    0xFE, 0x69, 0xFE, 0x69, 0xFE, 0x69, 0xFE, 0x69, 0xFE, 0x69, 0xFE, 0x69, 0xFE, 0x45, 0xB4, 0x45, 0xB4, 0x45, 0xB4,
    0x45, 0xB4, 0x20, 0x62, 0x20, 0x62, 0x20, 0x62, 0x20, 0x62, 0x20, 0x62, 0x20, 0x62, 0x20, 0x62, 0x20, 0x62, 0x20,
    0x62, 0x20, 0x62, 0x20, 0x62, 0x20, 0x62, 0x20, 0x62, 0x20, 0x62, 0x20, 0x62, 0x20, 0x62, 0x20, 0x62, 0x20, 0x62,
    0x20, 0x62, 0x20, 0x62, 0x20, 0x62, 0x20, 0x62, 0x20, 0x62, 0x20, 0x62, 0x20, 0x62, 0x20, 0x62, 0x60, 0x72, 0x60,
    0x72, 0x60, 0x72, 0x60, 0x72, 0x85, 0xBC, 0x85, 0xBC, 0x85, 0xBC, 0x69, 0xFE, 0x69, 0xFE, 0x69, 0xFE, 0x69, 0xFE,
    0x69, 0xFE, 0x69, 0xFE, 0x69, 0xFE, 0x69, 0xFE, 0x69, 0xFE, 0x69, 0xFE, 0x69, 0xFE, 0x69, 0xFE, 0x69, 0xFE, 0x69,
    0xFE, 0x69, 0xFE, 0x69, 0xFE, 0x69, 0xFE, 0x69, 0xFE, 0x69, 0xFE, 0x69, 0xFE, 0x69, 0xFE, 0x69, 0xFE, 0x69, 0xFE,
    0x69, 0xFE, 0x69, 0xFE, 0x69, 0xFE, 0x69, 0xFE, 0x69, 0xFE, 0x69, 0xFE, 0x69, 0xFE, 0x69, 0xFE, 0x69, 0xFE, 0x69,
    0xFE, 0x69, 0xFE, 0x69, 0xFE, 0x69, 0xFE, 0x69, 0xFE, 0x69, 0xFE, 0x69, 0xFE, 0x69, 0xFE, 0x89, 0x43, 0x89, 0x43,
    0x89, 0x43, 0x89, 0x43, 0x89, 0x43, 0x89, 0x43, 0x89, 0x43, 0x89, 0x43, 0x89, 0x43, 0x89, 0x43, 0x89, 0x43, 0x89,
    0x43, 0x89, 0x43, 0x89, 0x43, 0x89, 0x43, 0x89, 0x43, 0x89, 0x43, 0x89, 0x43, 0x89, 0x43, 0x89, 0x43, 0x69, 0xFE,
    0x69, 0xFE, 0x69, 0xFE, 0x69, 0xFE, 0x69, 0xFE, 0x69, 0xFE, 0x69, 0xFE, 0x69, 0xFE, 0x69, 0xFE, 0x69, 0xFE, 0x69,
    0xFE, 0x69, 0xFE, 0x69, 0xFE, 0x69, 0xFE, 0x69, 0xFE, 0x69, 0xFE, 0x69, 0xFE, 0x69, 0xFE, 0x69, 0xFE, 0x69, 0xFE,
    0x69, 0xFE, 0x69, 0xFE, 0x69, 0xFE, 0x69, 0xFE, 0x69, 0xFE, 0x69, 0xFE, 0x69, 0xFE, 0x69, 0xFE, 0x69, 0xFE, 0x69,
    0xFE, 0x69, 0xFE, 0x69, 0xFE, 0x69, 0xFE, 0x69, 0xFE, 0x69, 0xFE, 0x69, 0xFE, 0x69, 0xFE, 0x69, 0xFE, 0x69, 0xFE,
    0x69, 0xFE, 0x85, 0xBC, 0x85, 0xBC, 0x85, 0xBC, 0x60, 0x72, 0x60, 0x72, 0x60, 0x72, 0x60, 0x72, 0x20, 0x62, 0x20,
    0x62, 0x20, 0x62, 0x20, 0x62, 0x20, 0x62, 0x20, 0x62, 0x20, 0x62, 0x20, 0x62, 0x20, 0x62, 0x20, 0x62, 0x20, 0x62,
    0x20, 0x62, 0x20, 0x62, 0x20, 0x62, 0x20, 0x62, 0x20, 0x62, 0x20, 0x62, 0x20, 0x62, 0x20, 0x62, 0x20, 0x62, 0x20,
    0x62, 0x20, 0x62, 0x20, 0x62, 0x20, 0x62, 0x20, 0x62, 0x20, 0x62, 0x45, 0xB4, 0x45, 0xB4, 0x45, 0xB4, 0x45, 0xB4,
    0x69, 0xFE, 0x69, 0xFE, 0x69, 0xFE, 0x69, 0xFE, 0x69, 0xFE, 0x69, 0xFE, 0x69, 0xFE, 0x69, 0xFE, 0x69, 0xFE, 0x69,
    0xFE, 0x69, 0xFE, 0x69, 0xFE, 0x69, 0xFE, 0x69, 0xFE, 0x69, 0xFE, 0x69, 0xFE, 0x69, 0xFE, 0x69, 0xFE, 0x69, 0xFE,
    0x69, 0xFE, 0x69, 0xFE, 0x69, 0xFE, 0x69, 0xFE, 0x69, 0xFE, 0x69, 0xFE, 0x69, 0xFE, 0x69, 0xFE, 0x69, 0xFE, 0x69,
    0xFE, 0x69, 0xFE, 0x69, 0xFE, 0x69, 0xFE, 0x69, 0xFE, 0x69, 0xFE, 0x69, 0xFE, 0x69, 0xFE, 0x69, 0xFE, 0x69, 0xFE,
    0x69, 0xFE, 0x69, 0xFE, 0x69, 0xFE, 0x69, 0xFE, 0x69, 0xFE, 0x69, 0xFE, 0x69, 0xFE, 0x69, 0xFE, 0x69, 0xFE, 0x69,
    0xFE, 0x69, 0xFE, 0x69, 0xFE, 0x69, 0xFE, 0x69, 0xFE, 0x69, 0xFE, 0x69, 0xFE, 0x69, 0xFE, 0x69, 0xFE, 0x69, 0xFE,
    0x69, 0xFE, 0x69, 0xFE, 0x69, 0xFE, 0x69, 0xFE, 0x69, 0xFE, 0x69, 0xFE, 0x69, 0xFE, 0x69, 0xFE, 0x69, 0xFE, 0x45,
    0xB4, 0x45, 0xB4, 0x45, 0xB4, 0x45, 0xB4, 0x20, 0x62, 0x20, 0x62, 0x20, 0x62, 0x20, 0x62, 0x20, 0x62, 0x20, 0x62,
    0x20, 0x62, 0x20, 0x62, 0x20, 0x62, 0x20, 0x62, 0x20, 0x62, 0x20, 0x62, 0x20, 0x62, 0x20, 0x62, 0x20, 0x62, 0x20,
    0x62, 0x20, 0x62, 0x20, 0x62, 0x20, 0x62, 0x20, 0x62, 0x20, 0x62, 0x20, 0x62, 0x20, 0x62, 0x20, 0x62, 0x20, 0x62,
    0x20, 0x62, 0x60, 0x72, 0x60, 0x72, 0x60, 0x72, 0x60, 0x72, 0x85, 0xBC, 0x85, 0xBC, 0x85, 0xBC, 0x69, 0xFE, 0x69,
    0xFE, 0x69, 0xFE, 0x69, 0xFE, 0x69, 0xFE, 0x69, 0xFE, 0x69, 0xFE, 0x69, 0xFE, 0x69, 0xFE, 0x69, 0xFE, 0x69, 0xFE,
    0x69, 0xFE, 0x69, 0xFE, 0x69, 0xFE, 0x69, 0xFE, 0x69, 0xFE, 0x69, 0xFE, 0x69, 0xFE, 0x69, 0xFE, 0x69, 0xFE, 0x69,
    0xFE, 0x69, 0xFE, 0x69, 0xFE, 0x69, 0xFE, 0x69, 0xFE, 0x69, 0xFE, 0x69, 0xFE, 0x69, 0xFE, 0x69, 0xFE, 0x69, 0xFE,
    0x69, 0xFE, 0x69, 0xFE, 0x69, 0xFE, 0x69, 0xFE, 0x69, 0xFE, 0x69, 0xFE, 0x69, 0xFE, 0x69, 0xFE, 0x69, 0xFE, 0x69,
    0xFE, 0x89, 0x43, 0x89, 0x43, 0x89, 0x43, 0x89, 0x43, 0x89, 0x43, 0x89, 0x43, 0x89, 0x43, 0x89, 0x43, 0x89, 0x43,
    0x89, 0x43, 0x89, 0x43, 0x89, 0x43, 0x89, 0x43, 0x89, 0x43, 0x89, 0x43, 0x89, 0x43, 0x89, 0x43, 0x89, 0x43, 0x89,
    0x43, 0x89, 0x43, 0x69, 0xFE, 0x69, 0xFE, 0x69, 0xFE, 0x69, 0xFE, 0x69, 0xFE, 0x69, 0xFE, 0x69, 0xFE, 0x69, 0xFE,
    0x69, 0xFE, 0x69, 0xFE, 0x69, 0xFE, 0x69, 0xFE, 0x69, 0xFE, 0x69, 0xFE, 0x69, 0xFE, 0x69, 0xFE, 0x69, 0xFE, 0x69,
    0xFE, 0x69, 0xFE, 0x69, 0xFE, 0x69, 0xFE, 0x69, 0xFE, 0x69, 0xFE, 0x69, 0xFE, 0x69, 0xFE, 0x69, 0xFE, 0x69, 0xFE,
    0x69, 0xFE, 0x69, 0xFE, 0x69, 0xFE, 0x69, 0xFE, 0x69, 0xFE, 0x69, 0xFE, 0x69, 0xFE, 0x69, 0xFE, 0x69, 0xFE, 0x69,
    0xFE, 0x69, 0xFE, 0x69, 0xFE, 0x69, 0xFE, 0x85, 0xBC, 0x85, 0xBC, 0x85, 0xBC, 0x60, 0x72, 0x60, 0x72, 0x60, 0x72,
    0x60, 0x72, 0x20, 0x62, 0x20, 0x62, 0x20, 0x62, 0x20, 0x62, 0x20, 0x62, 0x20, 0x62, 0x20, 0x62, 0x20, 0x62, 0x20,
    0x62, 0x20, 0x62, 0x20, 0x62, 0x20, 0x62, 0x20, 0x62, 0x20, 0x62, 0x20, 0x62, 0x20, 0x62, 0x20, 0x62, 0x20, 0x62,
    0x20, 0x62, 0x20, 0x62, 0x20, 0x62, 0x20, 0x62, 0x20, 0x62, 0x20, 0x62, 0x20, 0x62, 0x20, 0x62, 0x45, 0xB4, 0x45,
    0xB4, 0x45, 0xB4, 0x45, 0xB4, 0x69, 0xFE, 0x69, 0xFE, 0x69, 0xFE, 0x69, 0xFE, 0x69, 0xFE, 0x69, 0xFE, 0x69, 0xFE,
    0x69, 0xFE, 0x69, 0xFE, 0x69, 0xFE, 0x69, 0xFE, 0x69, 0xFE, 0x69, 0xFE, 0x69, 0xFE, 0x69, 0xFE, 0x69, 0xFE, 0x69,
    0xFE, 0x69, 0xFE, 0x69, 0xFE, 0x69, 0xFE, 0x69, 0xFE, 0x69, 0xFE, 0x69, 0xFE, 0x69, 0xFE, 0x69, 0xFE, 0x69, 0xFE,
    0x69, 0xFE, 0x69, 0xFE, 0x69, 0xFE, 0x69, 0xFE, 0x69, 0xFE, 0x69, 0xFE, 0x69, 0xFE, 0x69, 0xFE, 0x69, 0xFE, 0x69,
    0xFE, 0x69, 0xFE, 0x69, 0xFE, 0x69, 0xFE, 0x69, 0xFE, 0x69, 0xFE, 0x69, 0xFE, 0x69, 0xFE, 0x69, 0xFE, 0x69, 0xFE,
    0x69, 0xFE, 0x69, 0xFE, 0x69, 0xFE, 0x69, 0xFE, 0x69, 0xFE, 0x69, 0xFE, 0x69, 0xFE, 0x69, 0xFE, 0x69, 0xFE, 0x69,
    0xFE, 0x69, 0xFE, 0x69, 0xFE, 0x69, 0xFE, 0x69, 0xFE, 0x69, 0xFE, 0x69, 0xFE, 0x69, 0xFE, 0x69, 0xFE, 0x69, 0xFE,
    0x69, 0xFE, 0x69, 0xFE, 0x45, 0xB4, 0x45, 0xB4, 0x45, 0xB4, 0x45, 0xB4, 0x20, 0x62, 0x20, 0x62, 0x20, 0x62, 0x20,
    0x62, 0x20, 0x62, 0x20, 0x62, 0x20, 0x62, 0x20, 0x62, 0x20, 0x62, 0x20, 0x62, 0x20, 0x62, 0x20, 0x62, 0x20, 0x62,
    0x20, 0x62, 0x20, 0x62, 0x20, 0x62, 0x20, 0x62, 0x20, 0x62, 0x20, 0x62, 0x20, 0x62, 0x20, 0x62, 0x20, 0x62, 0x20,
    0x62, 0x20, 0x62, 0x20, 0x62, 0x20, 0x62, 0x60, 0x72, 0x60, 0x72, 0x60, 0x72, 0x60, 0x72, 0x85, 0xBC, 0x85, 0xBC,
    0x85, 0xBC, 0x69, 0xFE, 0x69, 0xFE, 0x69, 0xFE, 0x69, 0xFE, 0x69, 0xFE, 0x69, 0xFE, 0x69, 0xFE, 0x69, 0xFE, 0x69,
    0xFE, 0x69, 0xFE, 0x69, 0xFE, 0x69, 0xFE, 0x69, 0xFE, 0x69, 0xFE, 0x69, 0xFE, 0x69, 0xFE, 0x69, 0xFE, 0x69, 0xFE,
    0x69, 0xFE, 0x69, 0xFE, 0x69, 0xFE, 0x69, 0xFE, 0x69, 0xFE, 0x69, 0xFE, 0x69, 0xFE, 0x69, 0xFE, 0x69, 0xFE, 0x69,
    0xFE, 0x69, 0xFE, 0x69, 0xFE, 0x69, 0xFE, 0x69, 0xFE, 0x69, 0xFE, 0x69, 0xFE, 0x69, 0xFE, 0x69, 0xFE, 0x69, 0xFE,
    0x69, 0xFE, 0x69, 0xFE, 0x69, 0xFE, 0x89, 0x43, 0x89, 0x43, 0x89, 0x43, 0x89, 0x43, 0x89, 0x43, 0x89, 0x43, 0x89,
    0x43, 0x89, 0x43, 0x89, 0x43, 0x89, 0x43, 0x89, 0x43, 0x89, 0x43, 0x89, 0x43, 0x89, 0x43, 0x89, 0x43, 0x89, 0x43,
    0x89, 0x43, 0x89, 0x43, 0x89, 0x43, 0x89, 0x43, 0x69, 0xFE, 0x69, 0xFE, 0x69, 0xFE, 0x69, 0xFE, 0x69, 0xFE, 0x69,
    0xFE, 0x69, 0xFE, 0x69, 0xFE, 0x69, 0xFE, 0x69, 0xFE, 0x69, 0xFE, 0x69, 0xFE, 0x69, 0xFE, 0x69, 0xFE, 0x69, 0xFE,
    0x69, 0xFE, 0x69, 0xFE, 0x69, 0xFE, 0x69, 0xFE, 0x69, 0xFE, 0x69, 0xFE, 0x69, 0xFE, 0x69, 0xFE, 0x69, 0xFE, 0x69,
    0xFE, 0x69, 0xFE, 0x69, 0xFE, 0x69, 0xFE, 0x69, 0xFE, 0x69, 0xFE, 0x69, 0xFE, 0x69, 0xFE, 0x69, 0xFE, 0x69, 0xFE,
    0x69, 0xFE, 0x69, 0xFE, 0x69, 0xFE, 0x69, 0xFE, 0x69, 0xFE, 0x69, 0xFE, 0x85, 0xBC, 0x85, 0xBC, 0x85, 0xBC, 0x60,
    0x72, 0x60, 0x72, 0x60, 0x72, 0x60, 0x72, 0x20, 0x62, 0x20, 0x62, 0x20, 0x62, 0x20, 0x62, 0x20, 0x62, 0x20, 0x62,
    0x20, 0x62, 0x20, 0x62, 0x20, 0x62, 0x20, 0x62, 0x20, 0x62, 0x20, 0x62, 0x20, 0x62, 0x20, 0x62, 0x20, 0x62, 0x20,
    0x62, 0x20, 0x62, 0x20, 0x62, 0x20, 0x62, 0x20, 0x62, 0x20, 0x62, 0x20, 0x62, 0x20, 0x62, 0x20, 0x62, 0x20, 0x62,
    0x20, 0x62, 0x45, 0xB4, 0x45, 0xB4, 0x45, 0xB4, 0x45, 0xB4, 0x69, 0xFE, 0x69, 0xFE, 0x69, 0xFE, 0x69, 0xFE, 0x69,
    0xFE, 0x69, 0xFE, 0x69, 0xFE, 0x69, 0xFE, 0x69, 0xFE, 0x69, 0xFE, 0x69, 0xFE, 0x69, 0xFE, 0x69, 0xFE, 0x69, 0xFE,
    0x69, 0xFE, 0x69, 0xFE, 0x69, 0xFE, 0x69, 0xFE, 0x69, 0xFE, 0x69, 0xFE, 0x69, 0xFE, 0x69, 0xFE, 0x69, 0xFE, 0x69,
    0xFE, 0x69, 0xFE, 0x69, 0xFE, 0x69, 0xFE, 0x69, 0xFE, 0x69, 0xFE, 0x69, 0xFE, 0x69, 0xFE, 0x69, 0xFE, 0x69, 0xFE,
    0x69, 0xFE, 0x69, 0xFE, 0x69, 0xFE, 0x69, 0xFE, 0x69, 0xFE, 0x69, 0xFE, 0x69, 0xFE, 0x69, 0xFE, 0x69, 0xFE, 0x69,
    0xFE, 0x69, 0xFE, 0x69, 0xFE, 0x69, 0xFE, 0x69, 0xFE, 0x69, 0xFE, 0x69, 0xFE, 0x69, 0xFE, 0x69, 0xFE, 0x69, 0xFE,
    0x69, 0xFE, 0x69, 0xFE, 0x69, 0xFE, 0x69, 0xFE, 0x69, 0xFE, 0x69, 0xFE, 0x69, 0xFE, 0x69, 0xFE, 0x69, 0xFE, 0x69,
    0xFE, 0x69, 0xFE, 0x69, 0xFE, 0x69, 0xFE, 0x69, 0xFE, 0x45, 0xB4, 0x45, 0xB4, 0x45, 0xB4, 0x45, 0xB4, 0x20, 0x62,
    0x20, 0x62, 0x20, 0x62, 0x20, 0x62, 0x20, 0x62, 0x20, 0x62, 0x20, 0x62, 0x20, 0x62, 0x20, 0x62, 0x20, 0x62, 0x20,
    0x62, 0x20, 0x62, 0x20, 0x62, 0x20, 0x62, 0x20, 0x62, 0x20, 0x62, 0x20, 0x62, 0x20, 0x62, 0x20, 0x62, 0x20, 0x62,
    0x20, 0x62, 0x20, 0x62, 0x20, 0x62, 0x20, 0x62, 0x20, 0x62, 0x20, 0x62, 0x60, 0x72, 0x60, 0x72, 0x60, 0x72, 0x60,
    0x72, 0x85, 0xBC, 0x85, 0xBC, 0x85, 0xBC, 0x69, 0xFE, 0x69, 0xFE, 0x69, 0xFE, 0x69, 0xFE, 0x69, 0xFE, 0x69, 0xFE,
    0x69, 0xFE, 0x69, 0xFE, 0x69, 0xFE, 0x69, 0xFE, 0x69, 0xFE, 0x69, 0xFE, 0x69, 0xFE, 0x69, 0xFE, 0x69, 0xFE, 0x69,
    0xFE, 0x69, 0xFE, 0x69, 0xFE, 0x69, 0xFE, 0x69, 0xFE, 0x69, 0xFE, 0x69, 0xFE, 0x69, 0xFE, 0x69, 0xFE, 0x69, 0xFE,
    0x69, 0xFE, 0x69, 0xFE, 0x69, 0xFE, 0x69, 0xFE, 0x69, 0xFE, 0x69, 0xFE, 0x69, 0xFE, 0x69, 0xFE, 0x69, 0xFE, 0x69,
    0xFE, 0x69, 0xFE, 0x69, 0xFE, 0x69, 0xFE, 0x69, 0xFE, 0x69, 0xFE, 0x89, 0x43, 0x89, 0x43, 0x89, 0x43, 0x89, 0x43,
    0x89, 0x43, 0x89, 0x43, 0x89, 0x43, 0x89, 0x43, 0x89, 0x43, 0x89, 0x43, 0x89, 0x43, 0x89, 0x43, 0x89, 0x43, 0x89,
    0x43, 0x89, 0x43, 0x89, 0x43, 0x89, 0x43, 0x89, 0x43, 0x89, 0x43, 0x89, 0x43, 0x69, 0xFE, 0x69, 0xFE, 0x69, 0xFE,
    0x69, 0xFE, 0x69, 0xFE, 0x69, 0xFE, 0x69, 0xFE, 0x69, 0xFE, 0x69, 0xFE, 0x69, 0xFE, 0x69, 0xFE, 0x69, 0xFE, 0x69,
    0xFE, 0x69, 0xFE, 0x69, 0xFE, 0x69, 0xFE, 0x69, 0xFE, 0x69, 0xFE, 0x69, 0xFE, 0x69, 0xFE, 0x69, 0xFE, 0x69, 0xFE,
    0x69, 0xFE, 0x69, 0xFE, 0x69, 0xFE, 0x69, 0xFE, 0x69, 0xFE, 0x69, 0xFE, 0x69, 0xFE, 0x69, 0xFE, 0x69, 0xFE, 0x69,
    0xFE, 0x69, 0xFE, 0x69, 0xFE, 0x69, 0xFE, 0x69, 0xFE, 0x69, 0xFE, 0xC3, 0x9B, 0xC3, 0x9B, 0xC3, 0x9B, 0x20, 0x62,
    0x20, 0x62, 0x20, 0x62, 0x20, 0x62, 0x20, 0x62, 0x20, 0x62, 0x20, 0x62, 0x20, 0x62, 0x20, 0x62, 0x20, 0x62, 0x20,
    0x62, 0x20, 0x62, 0x20, 0x62, 0x20, 0x62, 0x20, 0x62, 0x20, 0x62, 0x20, 0x62, 0x20, 0x62, 0x20, 0x62, 0x20, 0x62,
    0x20, 0x62, 0x20, 0x62, 0x20, 0x62, 0x63, 0x93, 0x63, 0x93, 0x63, 0x93, 0x63, 0x93, 0xC6, 0xC4, 0xC6, 0xC4, 0xC6,
    0xC4, 0x29, 0xF6, 0x29, 0xF6, 0x29, 0xF6, 0x69, 0xFE, 0x69, 0xFE, 0x69, 0xFE, 0x69, 0xFE, 0x69, 0xFE, 0x69, 0xFE,
    0x69, 0xFE, 0x69, 0xFE, 0x69, 0xFE, 0x69, 0xFE, 0x69, 0xFE, 0x69, 0xFE, 0x69, 0xFE, 0x69, 0xFE, 0x69, 0xFE, 0x69,
    0xFE, 0x69, 0xFE, 0x69, 0xFE, 0x69, 0xFE, 0x69, 0xFE, 0x69, 0xFE, 0x69, 0xFE, 0x69, 0xFE, 0x69, 0xFE, 0x69, 0xFE,
    0x69, 0xFE, 0x69, 0xFE, 0x69, 0xFE, 0x69, 0xFE, 0x69, 0xFE, 0x69, 0xFE, 0x69, 0xFE, 0x69, 0xFE, 0x69, 0xFE, 0x69,
    0xFE, 0x69, 0xFE, 0x69, 0xFE, 0x69, 0xFE, 0x69, 0xFE, 0x69, 0xFE, 0x69, 0xFE, 0x69, 0xFE, 0x69, 0xFE, 0x69, 0xFE,
    0x69, 0xFE, 0x69, 0xFE, 0x69, 0xFE, 0x69, 0xFE, 0x69, 0xFE, 0x69, 0xFE, 0x69, 0xFE, 0x69, 0xFE, 0x69, 0xFE, 0x69,
    0xFE, 0x69, 0xFE, 0x69, 0xFE, 0x69, 0xFE, 0x69, 0xFE, 0x69, 0xFE, 0x69, 0xFE, 0x69, 0xFE, 0x69, 0xFE, 0x69, 0xFE,
    0x69, 0xFE, 0x69, 0xFE, 0x69, 0xFE, 0x69, 0xFE, 0x69, 0xFE, 0x69, 0xFE, 0x69, 0xFE, 0x69, 0xFE, 0x69, 0xFE, 0x69,
    0xFE, 0x69, 0xFE, 0x29, 0xF6, 0x29, 0xF6, 0x29, 0xF6, 0xC6, 0xC4, 0xC6, 0xC4, 0xC6, 0xC4, 0x63, 0x93, 0x63, 0x93,
    0x63, 0x93, 0x63, 0x93, 0x20, 0x62, 0x20, 0x62, 0x20, 0x62, 0x20, 0x62, 0x20, 0x62, 0x20, 0x62, 0x20, 0x62, 0x20,
    0x62, 0x20, 0x62, 0x20, 0x62, 0x20, 0x62, 0x20, 0x62, 0x20, 0x62, 0x20, 0x62, 0x20, 0x62, 0x20, 0x62, 0x20, 0x62,
    0x20, 0x62, 0x20, 0x62, 0x20, 0x62, 0x20, 0x62, 0x20, 0x62, 0x20, 0x62, 0xC3, 0x9B, 0xC3, 0x9B, 0xC3, 0x9B, 0x69,
    0xFE, 0x69, 0xFE, 0x69, 0xFE, 0x69, 0xFE, 0x69, 0xFE, 0x69, 0xFE, 0x69, 0xFE, 0x69, 0xFE, 0x69, 0xFE, 0x69, 0xFE,
    0x69, 0xFE, 0x69, 0xFE, 0x69, 0xFE, 0x69, 0xFE, 0x69, 0xFE, 0x69, 0xFE, 0x69, 0xFE, 0x69, 0xFE, 0x69, 0xFE, 0x69,
    0xFE, 0x69, 0xFE, 0x69, 0xFE, 0x69, 0xFE, 0x69, 0xFE, 0x69, 0xFE, 0x69, 0xFE, 0x69, 0xFE, 0x69, 0xFE, 0x69, 0xFE,
    0x69, 0xFE, 0x69, 0xFE, 0x69, 0xFE, 0x69, 0xFE, 0x69, 0xFE, 0x69, 0xFE, 0x69, 0xFE, 0x69, 0xFE, 0x89, 0x43, 0x89,
    0x43, 0x89, 0x43, 0x89, 0x43, 0x89, 0x43, 0x89, 0x43, 0x89, 0x43, 0x89, 0x43, 0x89, 0x43, 0x89, 0x43, 0x89, 0x43,
    0x89, 0x43, 0x89, 0x43, 0x89, 0x43, 0x89, 0x43, 0x89, 0x43, 0x89, 0x43, 0x89, 0x43, 0x89, 0x43, 0x89, 0x43, 0x69,
    0xFE, 0x69, 0xFE, 0x69, 0xFE, 0x69, 0xFE, 0x69, 0xFE, 0x69, 0xFE, 0x69, 0xFE, 0x69, 0xFE, 0x69, 0xFE, 0x69, 0xFE,
    0x69, 0xFE, 0x69, 0xFE, 0x69, 0xFE, 0x69, 0xFE, 0x69, 0xFE, 0x69, 0xFE, 0x69, 0xFE, 0x69, 0xFE, 0x69, 0xFE, 0x69,
    0xFE, 0x69, 0xFE, 0x69, 0xFE, 0x69, 0xFE, 0x69, 0xFE, 0x69, 0xFE, 0x69, 0xFE, 0x69, 0xFE, 0x69, 0xFE, 0x69, 0xFE,
    0x69, 0xFE, 0x69, 0xFE, 0x69, 0xFE, 0x69, 0xFE, 0x69, 0xFE, 0x69, 0xFE, 0x69, 0xFE, 0x69, 0xFE, 0xC3, 0x9B, 0xC3,
    0x9B, 0xC3, 0x9B, 0x20, 0x62, 0x20, 0x62, 0x20, 0x62, 0x20, 0x62, 0x20, 0x62, 0x20, 0x62, 0x20, 0x62, 0x20, 0x62,
    0x20, 0x62, 0x20, 0x62, 0x20, 0x62, 0x20, 0x62, 0x20, 0x62, 0x20, 0x62, 0x20, 0x62, 0x20, 0x62, 0x20, 0x62, 0x20,
    0x62, 0x20, 0x62, 0x20, 0x62, 0x20, 0x62, 0x20, 0x62, 0x20, 0x62, 0x63, 0x93, 0x63, 0x93, 0x63, 0x93, 0x63, 0x93,
    0xC6, 0xC4, 0xC6, 0xC4, 0xC6, 0xC4, 0x29, 0xF6, 0x29, 0xF6, 0x29, 0xF6, 0x69, 0xFE, 0x69, 0xFE, 0x69, 0xFE, 0x69,
    0xFE, 0x69, 0xFE, 0x69, 0xFE, 0x69, 0xFE, 0x69, 0xFE, 0x69, 0xFE, 0x69, 0xFE, 0x69, 0xFE, 0x69, 0xFE, 0x69, 0xFE,
    0x69, 0xFE, 0x69, 0xFE, 0x69, 0xFE, 0x69, 0xFE, 0x69, 0xFE, 0x69, 0xFE, 0x69, 0xFE, 0x69, 0xFE, 0x69, 0xFE, 0x69,
    0xFE, 0x69, 0xFE, 0x69, 0xFE, 0x69, 0xFE, 0x69, 0xFE, 0x69, 0xFE, 0x69, 0xFE, 0x69, 0xFE, 0x69, 0xFE, 0x69, 0xFE,
    0x69, 0xFE, 0x69, 0xFE, 0x69, 0xFE, 0x69, 0xFE, 0x69, 0xFE, 0x69, 0xFE, 0x69, 0xFE, 0x69, 0xFE, 0x69, 0xFE, 0x69,
    0xFE, 0x69, 0xFE, 0x69, 0xFE, 0x69, 0xFE, 0x69, 0xFE, 0x69, 0xFE, 0x69, 0xFE, 0x69, 0xFE, 0x69, 0xFE, 0x69, 0xFE,
    0x69, 0xFE, 0x69, 0xFE, 0x69, 0xFE, 0x69, 0xFE, 0x69, 0xFE, 0x69, 0xFE, 0x69, 0xFE, 0x69, 0xFE, 0x69, 0xFE, 0x69,
    0xFE, 0x69, 0xFE, 0x69, 0xFE, 0x69, 0xFE, 0x69, 0xFE, 0x69, 0xFE, 0x69, 0xFE, 0x69, 0xFE, 0x69, 0xFE, 0x69, 0xFE,
    0x69, 0xFE, 0x69, 0xFE, 0x69, 0xFE, 0x69, 0xFE, 0x29, 0xF6, 0x29, 0xF6, 0x29, 0xF6, 0xC6, 0xC4, 0xC6, 0xC4, 0xC6,
    0xC4, 0x63, 0x93, 0x63, 0x93, 0x63, 0x93, 0x63, 0x93, 0x20, 0x62, 0x20, 0x62, 0x20, 0x62, 0x20, 0x62, 0x20, 0x62,
    0x20, 0x62, 0x20, 0x62, 0x20, 0x62, 0x20, 0x62, 0x20, 0x62, 0x20, 0x62, 0x20, 0x62, 0x20, 0x62, 0x20, 0x62, 0x20,
    0x62, 0x20, 0x62, 0x20, 0x62, 0x20, 0x62, 0x20, 0x62, 0x20, 0x62, 0x20, 0x62, 0x20, 0x62, 0x20, 0x62, 0xC3, 0x9B,
    0xC3, 0x9B, 0xC3, 0x9B, 0x69, 0xFE, 0x69, 0xFE, 0x69, 0xFE, 0x69, 0xFE, 0x69, 0xFE, 0x69, 0xFE, 0x69, 0xFE, 0x69,
    0xFE, 0x69, 0xFE, 0x69, 0xFE, 0x69, 0xFE, 0x69, 0xFE, 0x69, 0xFE, 0x69, 0xFE, 0x69, 0xFE, 0x69, 0xFE, 0x69, 0xFE,
    0x69, 0xFE, 0x69, 0xFE, 0x69, 0xFE, 0x69, 0xFE, 0x69, 0xFE, 0x69, 0xFE, 0x69, 0xFE, 0x69, 0xFE, 0x69, 0xFE, 0x69,
    0xFE, 0x69, 0xFE, 0x69, 0xFE, 0x69, 0xFE, 0x69, 0xFE, 0x69, 0xFE, 0x69, 0xFE, 0x69, 0xFE, 0x69, 0xFE, 0x69, 0xFE,
    0x69, 0xFE, 0x89, 0x43, 0x89, 0x43, 0x89, 0x43, 0x89, 0x43, 0x89, 0x43, 0x89, 0x43, 0x89, 0x43, 0x89, 0x43, 0x89,
    0x43, 0x89, 0x43, 0x89, 0x43, 0x89, 0x43, 0x89, 0x43, 0x89, 0x43, 0x89, 0x43, 0x89, 0x43, 0x89, 0x43, 0x89, 0x43,
    0x89, 0x43, 0x89, 0x43, 0x69, 0xFE, 0x69, 0xFE, 0x69, 0xFE, 0x69, 0xFE, 0x69, 0xFE, 0x69, 0xFE, 0x69, 0xFE, 0x69,
    0xFE, 0x69, 0xFE, 0x69, 0xFE, 0x69, 0xFE, 0x69, 0xFE, 0x69, 0xFE, 0x69, 0xFE, 0x69, 0xFE, 0x69, 0xFE, 0x69, 0xFE,
    0x69, 0xFE, 0x69, 0xFE, 0x69, 0xFE, 0x69, 0xFE, 0x69, 0xFE, 0x69, 0xFE, 0x69, 0xFE, 0x69, 0xFE, 0x69, 0xFE, 0x69,
    0xFE, 0x69, 0xFE, 0x69, 0xFE, 0x69, 0xFE, 0x69, 0xFE, 0x69, 0xFE, 0x69, 0xFE, 0x69, 0xFE, 0x69, 0xFE, 0x69, 0xFE,
    0x69, 0xFE, 0xC3, 0x9B, 0xC3, 0x9B, 0xC3, 0x9B, 0x20, 0x62, 0x20, 0x62, 0x20, 0x62, 0x20, 0x62, 0x20, 0x62, 0x20,
    0x62, 0x20, 0x62, 0x20, 0x62, 0x20, 0x62, 0x20, 0x62, 0x20, 0x62, 0x20, 0x62, 0x20, 0x62, 0x20, 0x62, 0x20, 0x62,
    0x20, 0x62, 0x20, 0x62, 0x20, 0x62, 0x20, 0x62, 0x20, 0x62, 0x20, 0x62, 0x20, 0x62, 0x20, 0x62, 0x63, 0x93, 0x63,
    0x93, 0x63, 0x93, 0x63, 0x93, 0xC6, 0xC4, 0xC6, 0xC4, 0xC6, 0xC4, 0x29, 0xF6, 0x29, 0xF6, 0x29, 0xF6, 0x69, 0xFE,
    0x69, 0xFE, 0x69, 0xFE, 0x69, 0xFE, 0x69, 0xFE, 0x69, 0xFE, 0x69, 0xFE, 0x69, 0xFE, 0x69, 0xFE, 0x69, 0xFE, 0x69,
    0xFE, 0x69, 0xFE, 0x69, 0xFE, 0x69, 0xFE, 0x69, 0xFE, 0x69, 0xFE, 0x69, 0xFE, 0x69, 0xFE, 0x69, 0xFE, 0x69, 0xFE,
    0x69, 0xFE, 0x69, 0xFE, 0x69, 0xFE, 0x69, 0xFE, 0x69, 0xFE, 0x69, 0xFE, 0x69, 0xFE, 0x69, 0xFE, 0x69, 0xFE, 0x69,
    0xFE, 0x69, 0xFE, 0x69, 0xFE, 0x69, 0xFE, 0x69, 0xFE, 0x69, 0xFE, 0x69, 0xFE, 0x69, 0xFE, 0x69, 0xFE, 0x69, 0xFE,
    0x69, 0xFE, 0x69, 0xFE, 0x69, 0xFE, 0x69, 0xFE, 0x69, 0xFE, 0x69, 0xFE, 0x69, 0xFE, 0x69, 0xFE, 0x69, 0xFE, 0x69,
    0xFE, 0x69, 0xFE, 0x69, 0xFE, 0x69, 0xFE, 0x69, 0xFE, 0x69, 0xFE, 0x69, 0xFE, 0x69, 0xFE, 0x69, 0xFE, 0x69, 0xFE,
    0x69, 0xFE, 0x69, 0xFE, 0x69, 0xFE, 0x69, 0xFE, 0x69, 0xFE, 0x69, 0xFE, 0x69, 0xFE, 0x69, 0xFE, 0x69, 0xFE, 0x69,
    0xFE, 0x69, 0xFE, 0x69, 0xFE, 0x69, 0xFE, 0x69, 0xFE, 0x69, 0xFE, 0x69, 0xFE, 0x29, 0xF6, 0x29, 0xF6, 0x29, 0xF6,
    0xC6, 0xC4, 0xC6, 0xC4, 0xC6, 0xC4, 0x63, 0x93, 0x63, 0x93, 0x63, 0x93, 0x63, 0x93, 0x20, 0x62, 0x20, 0x62, 0x20,
    0x62, 0x20, 0x62, 0x20, 0x62, 0x20, 0x62, 0x20, 0x62, 0x20, 0x62, 0x20, 0x62, 0x20, 0x62, 0x20, 0x62, 0x20, 0x62,
    0x20, 0x62, 0x20, 0x62, 0x20, 0x62, 0x20, 0x62, 0x20, 0x62, 0x20, 0x62, 0x20, 0x62, 0x20, 0x62, 0x20, 0x62, 0x20,
    0x62, 0x20, 0x62, 0xC3, 0x9B, 0xC3, 0x9B, 0xC3, 0x9B, 0x69, 0xFE, 0x69, 0xFE, 0x69, 0xFE, 0x69, 0xFE, 0x69, 0xFE,
    0x69, 0xFE, 0x69, 0xFE, 0x69, 0xFE, 0x69, 0xFE, 0x69, 0xFE, 0x69, 0xFE, 0x69, 0xFE, 0x69, 0xFE, 0x69, 0xFE, 0x69,
    0xFE, 0x69, 0xFE, 0x69, 0xFE, 0x69, 0xFE, 0x69, 0xFE, 0x69, 0xFE, 0x69, 0xFE, 0x69, 0xFE, 0x69, 0xFE, 0x69, 0xFE,
    0x69, 0xFE, 0x69, 0xFE, 0x69, 0xFE, 0x69, 0xFE, 0x69, 0xFE, 0x69, 0xFE, 0x69, 0xFE, 0x69, 0xFE, 0x69, 0xFE, 0x69,
    0xFE, 0x69, 0xFE, 0x69, 0xFE, 0x69, 0xFE, 0x89, 0x43, 0x89, 0x43, 0x89, 0x43, 0x89, 0x43, 0x89, 0x43, 0x89, 0x43,
    0x89, 0x43, 0x89, 0x43, 0x89, 0x43, 0x89, 0x43, 0x89, 0x43, 0x89, 0x43, 0x89, 0x43, 0x89, 0x43, 0x89, 0x43, 0x89,
    0x43, 0x89, 0x43, 0x69, 0xFE, 0x69, 0xFE, 0x69, 0xFE, 0x69, 0xFE, 0x69, 0xFE, 0x69, 0xFE, 0x69, 0xFE, 0x69, 0xFE,
    0x69, 0xFE, 0x69, 0xFE, 0x69, 0xFE, 0x69, 0xFE, 0x69, 0xFE, 0x69, 0xFE, 0x69, 0xFE, 0x69, 0xFE, 0x69, 0xFE, 0x69,
    0xFE, 0x69, 0xFE, 0x69, 0xFE, 0x69, 0xFE, 0x69, 0xFE, 0x69, 0xFE, 0x69, 0xFE, 0x69, 0xFE, 0x69, 0xFE, 0x69, 0xFE,
    0x69, 0xFE, 0x69, 0xFE, 0x69, 0xFE, 0x69, 0xFE, 0x69, 0xFE, 0x69, 0xFE, 0x29, 0xF6, 0x29, 0xF6, 0x29, 0xF6, 0xE1,
    0x82, 0xE1, 0x82, 0xE1, 0x82, 0xE1, 0x82, 0x20, 0x62, 0x20, 0x62, 0x20, 0x62, 0x20, 0x62, 0x20, 0x62, 0x20, 0x62,
    0x20, 0x62, 0x20, 0x62, 0x20, 0x62, 0x20, 0x62, 0x20, 0x62, 0x20, 0x62, 0x20, 0x62, 0x20, 0x62, 0x20, 0x62, 0x20,
    0x62, 0x20, 0x62, 0x20, 0x62, 0x20, 0x62, 0x20, 0x62, 0xC3, 0x9B, 0xC3, 0x9B, 0xC3, 0x9B, 0xC8, 0xED, 0xC8, 0xED,
    0xC8, 0xED, 0x69, 0xFE, 0x69, 0xFE, 0x69, 0xFE, 0x69, 0xFE, 0x69, 0xFE, 0x69, 0xFE, 0x69, 0xFE, 0x69, 0xFE, 0x69,
    0xFE, 0x69, 0xFE, 0x69, 0xFE, 0x69, 0xFE, 0x69, 0xFE, 0x69, 0xFE, 0x69, 0xFE, 0x69, 0xFE, 0x69, 0xFE, 0x69, 0xFE,
    0x69, 0xFE, 0x69, 0xFE, 0x69, 0xFE, 0x69, 0xFE, 0x69, 0xFE, 0x69, 0xFE, 0x69, 0xFE, 0x69, 0xFE, 0x69, 0xFE, 0x69,
    0xFE, 0x69, 0xFE, 0x69, 0xFE, 0x69, 0xFE, 0x69, 0xFE, 0x69, 0xFE, 0x69, 0xFE, 0x69, 0xFE, 0x69, 0xFE, 0x69, 0xFE,
    0x69, 0xFE, 0x69, 0xFE, 0x69, 0xFE, 0x69, 0xFE, 0x69, 0xFE, 0x69, 0xFE, 0x69, 0xFE, 0x69, 0xFE, 0x69, 0xFE, 0x69,
    0xFE, 0x69, 0xFE, 0x69, 0xFE, 0x69, 0xFE, 0x69, 0xFE, 0x69, 0xFE, 0x69, 0xFE, 0x69, 0xFE, 0x69, 0xFE, 0x69, 0xFE,
    0x69, 0xFE, 0x69, 0xFE, 0x69, 0xFE, 0x69, 0xFE, 0x69, 0xFE, 0x69, 0xFE, 0x69, 0xFE, 0x69, 0xFE, 0x69, 0xFE, 0x69,
    0xFE, 0x69, 0xFE, 0x69, 0xFE, 0x69, 0xFE, 0x69, 0xFE, 0x69, 0xFE, 0x69, 0xFE, 0x69, 0xFE, 0x69, 0xFE, 0x69, 0xFE,
    0x69, 0xFE, 0x69, 0xFE, 0x69, 0xFE, 0x69, 0xFE, 0x69, 0xFE, 0x69, 0xFE, 0x69, 0xFE, 0x69, 0xFE, 0x69, 0xFE, 0x69,
    0xFE, 0x69, 0xFE, 0x69, 0xFE, 0x69, 0xFE, 0x69, 0xFE, 0x69, 0xFE, 0x69, 0xFE, 0x69, 0xFE, 0x69, 0xFE, 0x69, 0xFE,
    0xC8, 0xED, 0xC8, 0xED, 0xC8, 0xED, 0xC3, 0x9B, 0xC3, 0x9B, 0xC3, 0x9B, 0x20, 0x62, 0x20, 0x62, 0x20, 0x62, 0x20,
    0x62, 0x20, 0x62, 0x20, 0x62, 0x20, 0x62, 0x20, 0x62, 0x20, 0x62, 0x20, 0x62, 0x20, 0x62, 0x20, 0x62, 0x20, 0x62,
    0x20, 0x62, 0x20, 0x62, 0x20, 0x62, 0x20, 0x62, 0x20, 0x62, 0x20, 0x62, 0x20, 0x62, 0xE1, 0x82, 0xE1, 0x82, 0xE1,
    0x82, 0xE1, 0x82, 0x29, 0xF6, 0x29, 0xF6, 0x29, 0xF6, 0x69, 0xFE, 0x69, 0xFE, 0x69, 0xFE, 0x69, 0xFE, 0x69, 0xFE,
    0x69, 0xFE, 0x69, 0xFE, 0x69, 0xFE, 0x69, 0xFE, 0x69, 0xFE, 0x69, 0xFE, 0x69, 0xFE, 0x69, 0xFE, 0x69, 0xFE, 0x69,
    0xFE, 0x69, 0xFE, 0x69, 0xFE, 0x69, 0xFE, 0x69, 0xFE, 0x69, 0xFE, 0x69, 0xFE, 0x69, 0xFE, 0x69, 0xFE, 0x69, 0xFE,
    0x69, 0xFE, 0x69, 0xFE, 0x69, 0xFE, 0x69, 0xFE, 0x69, 0xFE, 0x69, 0xFE, 0x69, 0xFE, 0x69, 0xFE, 0x69, 0xFE, 0x89,
    0x43, 0x89, 0x43, 0x89, 0x43, 0x89, 0x43, 0x89, 0x43, 0x89, 0x43, 0x89, 0x43, 0x89, 0x43, 0x89, 0x43, 0x89, 0x43,
    0x89, 0x43, 0x89, 0x43, 0x89, 0x43, 0x89, 0x43, 0x69, 0xFE, 0x69, 0xFE, 0x69, 0xFE, 0x69, 0xFE, 0x69, 0xFE, 0x69,
    0xFE, 0x69, 0xFE, 0x69, 0xFE, 0x69, 0xFE, 0x69, 0xFE, 0x69, 0xFE, 0x69, 0xFE, 0x69, 0xFE, 0x69, 0xFE, 0x69, 0xFE,
    0x69, 0xFE, 0x69, 0xFE, 0x69, 0xFE, 0x69, 0xFE, 0x69, 0xFE, 0x69, 0xFE, 0x69, 0xFE, 0x69, 0xFE, 0x69, 0xFE, 0x69,
    0xFE, 0x69, 0xFE, 0x69, 0xFE, 0x69, 0xFE, 0x69, 0xFE, 0x69, 0xFE, 0x69, 0xFE, 0x69, 0xFE, 0x69, 0xFE, 0x29, 0xF6,
    0x29, 0xF6, 0x29, 0xF6, 0xE1, 0x82, 0xE1, 0x82, 0xE1, 0x82, 0xE1, 0x82, 0x20, 0x62, 0x20, 0x62, 0x20, 0x62, 0x20,
    0x62, 0x20, 0x62, 0x20, 0x62, 0x20, 0x62, 0x20, 0x62, 0x20, 0x62, 0x20, 0x62, 0x20, 0x62, 0x20, 0x62, 0x20, 0x62,
    0x20, 0x62, 0x20, 0x62, 0x20, 0x62, 0x20, 0x62, 0x20, 0x62, 0x20, 0x62, 0x20, 0x62, 0xC3, 0x9B, 0xC3, 0x9B, 0xC3,
    0x9B, 0xC8, 0xED, 0xC8, 0xED, 0xC8, 0xED, 0x69, 0xFE, 0x69, 0xFE, 0x69, 0xFE, 0x69, 0xFE, 0x69, 0xFE, 0x69, 0xFE,
    0x69, 0xFE, 0x69, 0xFE, 0x69, 0xFE, 0x69, 0xFE, 0x69, 0xFE, 0x69, 0xFE, 0x69, 0xFE, 0x69, 0xFE, 0x69, 0xFE, 0x69,
    0xFE, 0x69, 0xFE, 0x69, 0xFE, 0x69, 0xFE, 0x69, 0xFE, 0x69, 0xFE, 0x69, 0xFE, 0x69, 0xFE, 0x69, 0xFE, 0x69, 0xFE,
    0x69, 0xFE, 0x69, 0xFE, 0x69, 0xFE, 0x69, 0xFE, 0x69, 0xFE, 0x69, 0xFE, 0x69, 0xFE, 0x69, 0xFE, 0x69, 0xFE, 0x69,
    0xFE, 0x69, 0xFE, 0x69, 0xFE, 0x69, 0xFE, 0x69, 0xFE, 0x69, 0xFE, 0x69, 0xFE, 0x69, 0xFE, 0x69, 0xFE, 0x69, 0xFE,
    0x69, 0xFE, 0x69, 0xFE, 0x69, 0xFE, 0x69, 0xFE, 0x69, 0xFE, 0x69, 0xFE, 0x69, 0xFE, 0x69, 0xFE, 0x69, 0xFE, 0x69,
    0xFE, 0x69, 0xFE, 0x69, 0xFE, 0x69, 0xFE, 0x69, 0xFE, 0x69, 0xFE, 0x69, 0xFE, 0x69, 0xFE, 0x69, 0xFE, 0x69, 0xFE,
    0x69, 0xFE, 0x69, 0xFE, 0x69, 0xFE, 0x69, 0xFE, 0x69, 0xFE, 0x69, 0xFE, 0x69, 0xFE, 0x69, 0xFE, 0x69, 0xFE, 0x69,
    0xFE, 0x69, 0xFE, 0x69, 0xFE, 0x69, 0xFE, 0x69, 0xFE, 0x69, 0xFE, 0x69, 0xFE, 0x69, 0xFE, 0x69, 0xFE, 0x69, 0xFE,
    0x69, 0xFE, 0x69, 0xFE, 0x69, 0xFE, 0x69, 0xFE, 0x69, 0xFE, 0x69, 0xFE, 0x69, 0xFE, 0x69, 0xFE, 0x69, 0xFE, 0x69,
    0xFE, 0x69, 0xFE, 0x69, 0xFE, 0xC8, 0xED, 0xC8, 0xED, 0xC8, 0xED, 0xC3, 0x9B, 0xC3, 0x9B, 0xC3, 0x9B, 0x20, 0x62,
    0x20, 0x62, 0x20, 0x62, 0x20, 0x62, 0x20, 0x62, 0x20, 0x62, 0x20, 0x62, 0x20, 0x62, 0x20, 0x62, 0x20, 0x62, 0x20,
    0x62, 0x20, 0x62, 0x20, 0x62, 0x20, 0x62, 0x20, 0x62, 0x20, 0x62, 0x20, 0x62, 0x20, 0x62, 0x20, 0x62, 0x20, 0x62,
    0xE1, 0x82, 0xE1, 0x82, 0xE1, 0x82, 0xE1, 0x82, 0x29, 0xF6, 0x29, 0xF6, 0x29, 0xF6, 0x69, 0xFE, 0x69, 0xFE, 0x69,
    0xFE, 0x69, 0xFE, 0x69, 0xFE, 0x69, 0xFE, 0x69, 0xFE, 0x69, 0xFE, 0x69, 0xFE, 0x69, 0xFE, 0x69, 0xFE, 0x69, 0xFE,
    0x69, 0xFE, 0x69, 0xFE, 0x69, 0xFE, 0x69, 0xFE, 0x69, 0xFE, 0x69, 0xFE, 0x69, 0xFE, 0x69, 0xFE, 0x69, 0xFE, 0x69,
    0xFE, 0x69, 0xFE, 0x69, 0xFE, 0x69, 0xFE, 0x69, 0xFE, 0x69, 0xFE, 0x69, 0xFE, 0x69, 0xFE, 0x69, 0xFE, 0x69, 0xFE,
    0x69, 0xFE, 0x69, 0xFE, 0x89, 0x43, 0x89, 0x43, 0x89, 0x43, 0x89, 0x43, 0x89, 0x43, 0x89, 0x43, 0x89, 0x43, 0x89,
    0x43, 0x89, 0x43, 0x89, 0x43, 0x89, 0x43, 0x89, 0x43, 0x89, 0x43, 0x89, 0x43, 0x69, 0xFE, 0x69, 0xFE, 0x69, 0xFE,
    0x69, 0xFE, 0x69, 0xFE, 0x69, 0xFE, 0x69, 0xFE, 0x69, 0xFE, 0x69, 0xFE, 0x69, 0xFE, 0x69, 0xFE, 0x69, 0xFE, 0x69,
    0xFE, 0x69, 0xFE, 0x69, 0xFE, 0x69, 0xFE, 0x69, 0xFE, 0x69, 0xFE, 0x69, 0xFE, 0x69, 0xFE, 0x69, 0xFE, 0x69, 0xFE,
    0x69, 0xFE, 0x69, 0xFE, 0x69, 0xFE, 0x69, 0xFE, 0x69, 0xFE, 0x69, 0xFE, 0x69, 0xFE, 0x69, 0xFE, 0x69, 0xFE, 0x69,
    0xFE, 0x69, 0xFE, 0x29, 0xF6, 0x29, 0xF6, 0x29, 0xF6, 0xE1, 0x82, 0xE1, 0x82, 0xE1, 0x82, 0xE1, 0x82, 0x20, 0x62,
    0x20, 0x62, 0x20, 0x62, 0x20, 0x62, 0x20, 0x62, 0x20, 0x62, 0x20, 0x62, 0x20, 0x62, 0x20, 0x62, 0x20, 0x62, 0x20,
    0x62, 0x20, 0x62, 0x20, 0x62, 0x20, 0x62, 0x20, 0x62, 0x20, 0x62, 0x20, 0x62, 0x20, 0x62, 0x20, 0x62, 0x20, 0x62,
    0xC3, 0x9B, 0xC3, 0x9B, 0xC3, 0x9B, 0xC8, 0xED, 0xC8, 0xED, 0xC8, 0xED, 0x69, 0xFE, 0x69, 0xFE, 0x69, 0xFE, 0x69,
    0xFE, 0x69, 0xFE, 0x69, 0xFE, 0x69, 0xFE, 0x69, 0xFE, 0x69, 0xFE, 0x69, 0xFE, 0x69, 0xFE, 0x69, 0xFE, 0x69, 0xFE,
    0x69, 0xFE, 0x69, 0xFE, 0x69, 0xFE, 0x69, 0xFE, 0x69, 0xFE, 0x69, 0xFE, 0x69, 0xFE, 0x69, 0xFE, 0x69, 0xFE, 0x69,
    0xFE, 0x69, 0xFE, 0x69, 0xFE, 0x69, 0xFE, 0x69, 0xFE, 0x69, 0xFE, 0x69, 0xFE, 0x69, 0xFE, 0x69, 0xFE, 0x69, 0xFE,
    0x69, 0xFE, 0x69, 0xFE, 0x69, 0xFE, 0x69, 0xFE, 0x69, 0xFE, 0x69, 0xFE, 0x69, 0xFE, 0x69, 0xFE, 0x69, 0xFE, 0x69,
    0xFE, 0x69, 0xFE, 0x69, 0xFE, 0x69, 0xFE, 0x69, 0xFE, 0x69, 0xFE, 0x69, 0xFE, 0x69, 0xFE, 0x69, 0xFE, 0x69, 0xFE,
    0x69, 0xFE, 0x69, 0xFE, 0x69, 0xFE, 0x69, 0xFE, 0x69, 0xFE, 0x69, 0xFE, 0x69, 0xFE, 0x69, 0xFE, 0x69, 0xFE, 0x69,
    0xFE, 0x69, 0xFE, 0x69, 0xFE, 0x69, 0xFE, 0x69, 0xFE, 0x69, 0xFE, 0x69, 0xFE, 0x69, 0xFE, 0x69, 0xFE, 0x69, 0xFE,
    0x69, 0xFE, 0x69, 0xFE, 0x69, 0xFE, 0x69, 0xFE, 0x69, 0xFE, 0x69, 0xFE, 0x69, 0xFE, 0x69, 0xFE, 0x69, 0xFE, 0x69,
    0xFE, 0x69, 0xFE, 0x69, 0xFE, 0x69, 0xFE, 0x69, 0xFE, 0x69, 0xFE, 0x69, 0xFE, 0x69, 0xFE, 0x69, 0xFE, 0x69, 0xFE,
    0x69, 0xFE, 0x69, 0xFE, 0x69, 0xFE, 0x69, 0xFE, 0x69, 0xFE, 0xC8, 0xED, 0xC8, 0xED, 0xC8, 0xED, 0xC3, 0x9B, 0xC3,
    0x9B, 0xC3, 0x9B, 0x20, 0x62, 0x20, 0x62, 0x20, 0x62, 0x20, 0x62, 0x20, 0x62, 0x20, 0x62, 0x20, 0x62, 0x20, 0x62,
    0x20, 0x62, 0x20, 0x62, 0x20, 0x62, 0x20, 0x62, 0x20, 0x62, 0x20, 0x62, 0x20, 0x62, 0x20, 0x62, 0x20, 0x62, 0x20,
    0x62, 0x20, 0x62, 0x20, 0x62, 0xE1, 0x82, 0xE1, 0x82, 0xE1, 0x82, 0xE1, 0x82, 0x29, 0xF6, 0x29, 0xF6, 0x29, 0xF6,
    0x69, 0xFE, 0x69, 0xFE, 0x69, 0xFE, 0x69, 0xFE, 0x69, 0xFE, 0x69, 0xFE, 0x69, 0xFE, 0x69, 0xFE, 0x69, 0xFE, 0x69,
    0xFE, 0x69, 0xFE, 0x69, 0xFE, 0x69, 0xFE, 0x69, 0xFE, 0x69, 0xFE, 0x69, 0xFE, 0x69, 0xFE, 0x69, 0xFE, 0x69, 0xFE,
    0x69, 0xFE, 0x69, 0xFE, 0x69, 0xFE, 0x69, 0xFE, 0x69, 0xFE, 0x69, 0xFE, 0x69, 0xFE, 0x69, 0xFE, 0x69, 0xFE, 0x69,
    0xFE, 0x69, 0xFE, 0x69, 0xFE, 0x69, 0xFE, 0x69, 0xFE, 0x89, 0x43, 0x89, 0x43, 0x89, 0x43, 0x89, 0x43, 0x89, 0x43,
    0x89, 0x43, 0x89, 0x43, 0x89, 0x43, 0x89, 0x43, 0x89, 0x43, 0x89, 0x43, 0x89, 0x43, 0x89, 0x43, 0x89, 0x43, 0x69,
    0xFE, 0x69, 0xFE, 0x69, 0xFE, 0x69, 0xFE, 0x69, 0xFE, 0x69, 0xFE, 0x69, 0xFE, 0x69, 0xFE, 0x69, 0xFE, 0x69, 0xFE,
    0x69, 0xFE, 0x69, 0xFE, 0x69, 0xFE, 0x69, 0xFE, 0x69, 0xFE, 0x69, 0xFE, 0x69, 0xFE, 0x69, 0xFE, 0x69, 0xFE, 0x69,
    0xFE, 0x69, 0xFE, 0x69, 0xFE, 0x69, 0xFE, 0x69, 0xFE, 0x69, 0xFE, 0x69, 0xFE, 0x69, 0xFE, 0x69, 0xFE, 0x69, 0xFE,
    0x69, 0xFE, 0x29, 0xF6, 0x29, 0xF6, 0x29, 0xF6, 0xE1, 0x82, 0xE1, 0x82, 0xE1, 0x82, 0x20, 0x62, 0x20, 0x62, 0x20,
    0x62, 0x20, 0x62, 0x20, 0x62, 0x20, 0x62, 0x20, 0x62, 0x20, 0x62, 0x20, 0x62, 0x20, 0x62, 0x20, 0x62, 0x20, 0x62,
    0x20, 0x62, 0x20, 0x62, 0x20, 0x62, 0x20, 0x62, 0x20, 0x62, 0xE1, 0x82, 0xE1, 0x82, 0xE1, 0x82, 0x87, 0xE5, 0x87,
    0xE5, 0x87, 0xE5, 0x87, 0xE5, 0x69, 0xFE, 0x69, 0xFE, 0x69, 0xFE, 0x69, 0xFE, 0x69, 0xFE, 0x69, 0xFE, 0x69, 0xFE,
    0x69, 0xFE, 0x69, 0xFE, 0x69, 0xFE, 0x69, 0xFE, 0x69, 0xFE, 0x69, 0xFE, 0x69, 0xFE, 0x69, 0xFE, 0x69, 0xFE, 0x69,
    0xFE, 0x69, 0xFE, 0x69, 0xFE, 0x69, 0xFE, 0x69, 0xFE, 0x69, 0xFE, 0x69, 0xFE, 0x69, 0xFE, 0x69, 0xFE, 0x69, 0xFE,
    0x69, 0xFE, 0x69, 0xFE, 0x69, 0xFE, 0x69, 0xFE, 0x69, 0xFE, 0x69, 0xFE, 0x69, 0xFE, 0x69, 0xFE, 0x69, 0xFE, 0x69,
    0xFE, 0x69, 0xFE, 0x69, 0xFE, 0x69, 0xFE, 0x69, 0xFE, 0x69, 0xFE, 0x69, 0xFE, 0x69, 0xFE, 0x69, 0xFE, 0x69, 0xFE,
    0x69, 0xFE, 0x69, 0xFE, 0x69, 0xFE, 0x69, 0xFE, 0x69, 0xFE, 0x69, 0xFE, 0x69, 0xFE, 0x69, 0xFE, 0x69, 0xFE, 0x69,
    0xFE, 0x69, 0xFE, 0x69, 0xFE, 0x69, 0xFE, 0x69, 0xFE, 0x69, 0xFE, 0x69, 0xFE, 0x69, 0xFE, 0x69, 0xFE, 0x69, 0xFE,
    0x69, 0xFE, 0x69, 0xFE, 0x69, 0xFE, 0x69, 0xFE, 0x69, 0xFE, 0x69, 0xFE, 0x69, 0xFE, 0x69, 0xFE, 0x69, 0xFE, 0x69,
    0xFE, 0x69, 0xFE, 0x69, 0xFE, 0x69, 0xFE, 0x69, 0xFE, 0x69, 0xFE, 0x69, 0xFE, 0x69, 0xFE, 0x69, 0xFE, 0x69, 0xFE,
    0x69, 0xFE, 0x69, 0xFE, 0x69, 0xFE, 0x69, 0xFE, 0x69, 0xFE, 0x69, 0xFE, 0x69, 0xFE, 0x69, 0xFE, 0x69, 0xFE, 0x69,
    0xFE, 0x69, 0xFE, 0x69, 0xFE, 0x69, 0xFE, 0x69, 0xFE, 0x69, 0xFE, 0x69, 0xFE, 0x69, 0xFE, 0x69, 0xFE, 0x69, 0xFE,
    0x69, 0xFE, 0x69, 0xFE, 0x69, 0xFE, 0x69, 0xFE, 0x87, 0xE5, 0x87, 0xE5, 0x87, 0xE5, 0x87, 0xE5, 0xE1, 0x82, 0xE1,
    0x82, 0xE1, 0x82, 0x20, 0x62, 0x20, 0x62, 0x20, 0x62, 0x20, 0x62, 0x20, 0x62, 0x20, 0x62, 0x20, 0x62, 0x20, 0x62,
    0x20, 0x62, 0x20, 0x62, 0x20, 0x62, 0x20, 0x62, 0x20, 0x62, 0x20, 0x62, 0x20, 0x62, 0x20, 0x62, 0x20, 0x62, 0xE1,
    0x82, 0xE1, 0x82, 0xE1, 0x82, 0x29, 0xF6, 0x29, 0xF6, 0x29, 0xF6, 0x69, 0xFE, 0x69, 0xFE, 0x69, 0xFE, 0x69, 0xFE,
    0x69, 0xFE, 0x69, 0xFE, 0x69, 0xFE, 0x69, 0xFE, 0x69, 0xFE, 0x69, 0xFE, 0x69, 0xFE, 0x69, 0xFE, 0x69, 0xFE, 0x69,
    0xFE, 0x69, 0xFE, 0x69, 0xFE, 0x69, 0xFE, 0x69, 0xFE, 0x69, 0xFE, 0x69, 0xFE, 0x69, 0xFE, 0x69, 0xFE, 0x69, 0xFE,
    0x69, 0xFE, 0x69, 0xFE, 0x69, 0xFE, 0x69, 0xFE, 0x69, 0xFE, 0x69, 0xFE, 0x69, 0xFE, 0x89, 0x43, 0x89, 0x43, 0x89,
    0x43, 0x89, 0x43, 0x89, 0x43, 0x89, 0x43, 0x89, 0x43, 0x89, 0x43, 0x89, 0x43, 0x89, 0x43, 0x89, 0x43, 0x89, 0x43,
    0x89, 0x43, 0x89, 0x43, 0x69, 0xFE, 0x69, 0xFE, 0x69, 0xFE, 0x69, 0xFE, 0x69, 0xFE, 0x69, 0xFE, 0x69, 0xFE, 0x69,
    0xFE, 0x69, 0xFE, 0x69, 0xFE, 0x69, 0xFE, 0x69, 0xFE, 0x69, 0xFE, 0x69, 0xFE, 0x69, 0xFE, 0x69, 0xFE, 0x69, 0xFE,
    0x69, 0xFE, 0x69, 0xFE, 0x69, 0xFE, 0x69, 0xFE, 0x69, 0xFE, 0x69, 0xFE, 0x69, 0xFE, 0x69, 0xFE, 0x69, 0xFE, 0x69,
    0xFE, 0x69, 0xFE, 0x69, 0xFE, 0x69, 0xFE, 0x29, 0xF6, 0x29, 0xF6, 0x29, 0xF6, 0xE1, 0x82, 0xE1, 0x82, 0xE1, 0x82,
    0x20, 0x62, 0x20, 0x62, 0x20, 0x62, 0x20, 0x62, 0x20, 0x62, 0x20, 0x62, 0x20, 0x62, 0x20, 0x62, 0x20, 0x62, 0x20,
    0x62, 0x20, 0x62, 0x20, 0x62, 0x20, 0x62, 0x20, 0x62, 0x20, 0x62, 0x20, 0x62, 0x20, 0x62, 0xE1, 0x82, 0xE1, 0x82,
    0xE1, 0x82, 0x87, 0xE5, 0x87, 0xE5, 0x87, 0xE5, 0x87, 0xE5, 0x69, 0xFE, 0x69, 0xFE, 0x69, 0xFE, 0x69, 0xFE, 0x69,
    0xFE, 0x69, 0xFE, 0x69, 0xFE, 0x69, 0xFE, 0x69, 0xFE, 0x69, 0xFE, 0x69, 0xFE, 0x69, 0xFE, 0x69, 0xFE, 0x69, 0xFE,
    0x69, 0xFE, 0x69, 0xFE, 0x69, 0xFE, 0x69, 0xFE, 0x69, 0xFE, 0x69, 0xFE, 0x69, 0xFE, 0x69, 0xFE, 0x69, 0xFE, 0x69,
    0xFE, 0x69, 0xFE, 0x69, 0xFE, 0x69, 0xFE, 0x69, 0xFE, 0x69, 0xFE, 0x69, 0xFE, 0x69, 0xFE, 0x69, 0xFE, 0x69, 0xFE,
    0x69, 0xFE, 0x69, 0xFE, 0x69, 0xFE, 0x69, 0xFE, 0x69, 0xFE, 0x69, 0xFE, 0x69, 0xFE, 0x69, 0xFE, 0x69, 0xFE, 0x69,
    0xFE, 0x69, 0xFE, 0x69, 0xFE, 0x69, 0xFE, 0x69, 0xFE, 0x69, 0xFE, 0x69, 0xFE, 0x69, 0xFE, 0x69, 0xFE, 0x69, 0xFE,
    0x69, 0xFE, 0x69, 0xFE, 0x69, 0xFE, 0x69, 0xFE, 0x69, 0xFE, 0x69, 0xFE, 0x69, 0xFE, 0x69, 0xFE, 0x69, 0xFE, 0x69,
    0xFE, 0x69, 0xFE, 0x69, 0xFE, 0x69, 0xFE, 0x69, 0xFE, 0x69, 0xFE, 0x69, 0xFE, 0x69, 0xFE, 0x69, 0xFE, 0x69, 0xFE,
    0x69, 0xFE, 0x69, 0xFE, 0x69, 0xFE, 0x69, 0xFE, 0x69, 0xFE, 0x69, 0xFE, 0x69, 0xFE, 0x69, 0xFE, 0x69, 0xFE, 0x69,
    0xFE, 0x69, 0xFE, 0x69, 0xFE, 0x69, 0xFE, 0x69, 0xFE, 0x69, 0xFE, 0x69, 0xFE, 0x69, 0xFE, 0x69, 0xFE, 0x69, 0xFE,
    0x69, 0xFE, 0x69, 0xFE, 0x69, 0xFE, 0x69, 0xFE, 0x69, 0xFE, 0x69, 0xFE, 0x69, 0xFE, 0x69, 0xFE, 0x69, 0xFE, 0x69,
    0xFE, 0x69, 0xFE, 0x69, 0xFE, 0x69, 0xFE, 0x69, 0xFE, 0x69, 0xFE, 0x69, 0xFE, 0x87, 0xE5, 0x87, 0xE5, 0x87, 0xE5,
    0x87, 0xE5, 0xE1, 0x82, 0xE1, 0x82, 0xE1, 0x82, 0x20, 0x62, 0x20, 0x62, 0x20, 0x62, 0x20, 0x62, 0x20, 0x62, 0x20,
    0x62, 0x20, 0x62, 0x20, 0x62, 0x20, 0x62, 0x20, 0x62, 0x20, 0x62, 0x20, 0x62, 0x20, 0x62, 0x20, 0x62, 0x20, 0x62,
    0x20, 0x62, 0x20, 0x62, 0xE1, 0x82, 0xE1, 0x82, 0xE1, 0x82, 0x29, 0xF6, 0x29, 0xF6, 0x29, 0xF6, 0x69, 0xFE, 0x69,
    0xFE, 0x69, 0xFE, 0x69, 0xFE, 0x69, 0xFE, 0x69, 0xFE, 0x69, 0xFE, 0x69, 0xFE, 0x69, 0xFE, 0x69, 0xFE, 0x69, 0xFE,
    0x69, 0xFE, 0x69, 0xFE, 0x69, 0xFE, 0x69, 0xFE, 0x69, 0xFE, 0x69, 0xFE, 0x69, 0xFE, 0x69, 0xFE, 0x69, 0xFE, 0x69,
    0xFE, 0x69, 0xFE, 0x69, 0xFE, 0x69, 0xFE, 0x69, 0xFE, 0x69, 0xFE, 0x69, 0xFE, 0x69, 0xFE, 0x69, 0xFE, 0x69, 0xFE,
    0x89, 0x43, 0x89, 0x43, 0x89, 0x43, 0x89, 0x43, 0x89, 0x43, 0x89, 0x43, 0x89, 0x43, 0x89, 0x43, 0x89, 0x43, 0x89,
    0x43, 0x89, 0x43, 0x89, 0x43, 0x89, 0x43, 0x89, 0x43, 0x69, 0xFE, 0x69, 0xFE, 0x69, 0xFE, 0x69, 0xFE, 0x69, 0xFE,
    0x69, 0xFE, 0x69, 0xFE, 0x69, 0xFE, 0x69, 0xFE, 0x69, 0xFE, 0x69, 0xFE, 0x69, 0xFE, 0x69, 0xFE, 0x69, 0xFE, 0x69,
    0xFE, 0x69, 0xFE, 0x69, 0xFE, 0x69, 0xFE, 0x69, 0xFE, 0x69, 0xFE, 0x69, 0xFE, 0x69, 0xFE, 0x69, 0xFE, 0x69, 0xFE,
    0x69, 0xFE, 0x69, 0xFE, 0x69, 0xFE, 0x69, 0xFE, 0x69, 0xFE, 0x69, 0xFE, 0x29, 0xF6, 0x29, 0xF6, 0x29, 0xF6, 0xE1,
    0x82, 0xE1, 0x82, 0xE1, 0x82, 0x20, 0x62, 0x20, 0x62, 0x20, 0x62, 0x20, 0x62, 0x20, 0x62, 0x20, 0x62, 0x20, 0x62,
    0x20, 0x62, 0x20, 0x62, 0x20, 0x62, 0x20, 0x62, 0x20, 0x62, 0x20, 0x62, 0x20, 0x62, 0x20, 0x62, 0x20, 0x62, 0x20,
    0x62, 0xE1, 0x82, 0xE1, 0x82, 0xE1, 0x82, 0x87, 0xE5, 0x87, 0xE5, 0x87, 0xE5, 0x87, 0xE5, 0x69, 0xFE, 0x69, 0xFE,
    0x69, 0xFE, 0x69, 0xFE, 0x69, 0xFE, 0x69, 0xFE, 0x69, 0xFE, 0x69, 0xFE, 0x69, 0xFE, 0x69, 0xFE, 0x69, 0xFE, 0x69,
    0xFE, 0x69, 0xFE, 0x69, 0xFE, 0x69, 0xFE, 0x69, 0xFE, 0x69, 0xFE, 0x69, 0xFE, 0x69, 0xFE, 0x69, 0xFE, 0x69, 0xFE,
    0x69, 0xFE, 0x69, 0xFE, 0x69, 0xFE, 0x69, 0xFE, 0x69, 0xFE, 0x69, 0xFE, 0x69, 0xFE, 0x69, 0xFE, 0x69, 0xFE, 0x69,
    0xFE, 0x69, 0xFE, 0x69, 0xFE, 0x69, 0xFE, 0x69, 0xFE, 0x69, 0xFE, 0x69, 0xFE, 0x69, 0xFE, 0x69, 0xFE, 0x69, 0xFE,
    0x69, 0xFE, 0x69, 0xFE, 0x69, 0xFE, 0x69, 0xFE, 0x69, 0xFE, 0x69, 0xFE, 0x69, 0xFE, 0x69, 0xFE, 0x69, 0xFE, 0x69,
    0xFE, 0x69, 0xFE, 0x69, 0xFE, 0x69, 0xFE, 0x69, 0xFE, 0x69, 0xFE, 0x69, 0xFE, 0x69, 0xFE, 0x69, 0xFE, 0x69, 0xFE,
    0x69, 0xFE, 0x69, 0xFE, 0x69, 0xFE, 0x69, 0xFE, 0x69, 0xFE, 0x69, 0xFE, 0x69, 0xFE, 0x69, 0xFE, 0x69, 0xFE, 0x69,
    0xFE, 0x69, 0xFE, 0x69, 0xFE, 0x69, 0xFE, 0x69, 0xFE, 0x69, 0xFE, 0x69, 0xFE, 0x69, 0xFE, 0x69, 0xFE, 0x69, 0xFE,
    0x69, 0xFE, 0x69, 0xFE, 0x69, 0xFE, 0x69, 0xFE, 0x69, 0xFE, 0x69, 0xFE, 0x69, 0xFE, 0x69, 0xFE, 0x69, 0xFE, 0x69,
    0xFE, 0x69, 0xFE, 0x69, 0xFE, 0x69, 0xFE, 0x69, 0xFE, 0x69, 0xFE, 0x69, 0xFE, 0x69, 0xFE, 0x69, 0xFE, 0x69, 0xFE,
    0x69, 0xFE, 0x69, 0xFE, 0x69, 0xFE, 0x69, 0xFE, 0x69, 0xFE, 0x69, 0xFE, 0x69, 0xFE, 0x69, 0xFE, 0x69, 0xFE, 0x87,
    0xE5, 0x87, 0xE5, 0x87, 0xE5, 0x87, 0xE5, 0xE1, 0x82, 0xE1, 0x82, 0xE1, 0x82, 0x20, 0x62, 0x20, 0x62, 0x20, 0x62,
    0x20, 0x62, 0x20, 0x62, 0x20, 0x62, 0x20, 0x62, 0x20, 0x62, 0x20, 0x62, 0x20, 0x62, 0x20, 0x62, 0x20, 0x62, 0x20,
    0x62, 0x20, 0x62, 0x20, 0x62, 0x20, 0x62, 0x20, 0x62, 0xE1, 0x82, 0xE1, 0x82, 0xE1, 0x82, 0x29, 0xF6, 0x29, 0xF6,
    0x29, 0xF6, 0x69, 0xFE, 0x69, 0xFE, 0x69, 0xFE, 0x69, 0xFE, 0x69, 0xFE, 0x69, 0xFE, 0x69, 0xFE, 0x69, 0xFE, 0x69,
    0xFE, 0x69, 0xFE, 0x69, 0xFE, 0x69, 0xFE, 0x69, 0xFE, 0x69, 0xFE, 0x69, 0xFE, 0x69, 0xFE, 0x69, 0xFE, 0x69, 0xFE,
    0x69, 0xFE, 0x69, 0xFE, 0x69, 0xFE, 0x69, 0xFE, 0x69, 0xFE, 0x69, 0xFE, 0x69, 0xFE, 0x69, 0xFE, 0x69, 0xFE, 0x69,
    0xFE, 0x69, 0xFE, 0x69, 0xFE, 0x89, 0x43, 0x89, 0x43, 0x89, 0x43, 0x89, 0x43, 0x89, 0x43, 0x89, 0x43, 0x89, 0x43,
    0x89, 0x43, 0x89, 0x43, 0x89, 0x43, 0x89, 0x43, 0x89, 0x43, 0x89, 0x43, 0x89, 0x43, 0x69, 0xFE, 0x69, 0xFE, 0x69,
    0xFE, 0x69, 0xFE, 0x69, 0xFE, 0x69, 0xFE, 0x69, 0xFE, 0x69, 0xFE, 0x69, 0xFE, 0x69, 0xFE, 0x69, 0xFE, 0x69, 0xFE,
    0x69, 0xFE, 0x69, 0xFE, 0x69, 0xFE, 0x69, 0xFE, 0x69, 0xFE, 0x69, 0xFE, 0x69, 0xFE, 0x69, 0xFE, 0x69, 0xFE, 0x69,
    0xFE, 0x69, 0xFE, 0x69, 0xFE, 0x69, 0xFE, 0x69, 0xFE, 0x69, 0xFE, 0x69, 0xFE, 0x69, 0xFE, 0x69, 0xFE, 0x29, 0xF6,
    0x29, 0xF6, 0x29, 0xF6, 0xE1, 0x82, 0xE1, 0x82, 0xE1, 0x82, 0x20, 0x62, 0x20, 0x62, 0x20, 0x62, 0x20, 0x62, 0x20,
    0x62, 0x20, 0x62, 0x20, 0x62, 0x20, 0x62, 0x20, 0x62, 0x20, 0x62, 0x20, 0x62, 0x20, 0x62, 0x20, 0x62, 0x20, 0x62,
    0x20, 0x62, 0x20, 0x62, 0x20, 0x62, 0xE1, 0x82, 0xE1, 0x82, 0xE1, 0x82, 0x87, 0xE5, 0x87, 0xE5, 0x87, 0xE5, 0x87,
    0xE5, 0x69, 0xFE, 0x69, 0xFE, 0x69, 0xFE, 0x69, 0xFE, 0x69, 0xFE, 0x69, 0xFE, 0x69, 0xFE, 0x69, 0xFE, 0x69, 0xFE,
    0x69, 0xFE, 0x69, 0xFE, 0x69, 0xFE, 0x69, 0xFE, 0x69, 0xFE, 0x69, 0xFE, 0x69, 0xFE, 0x69, 0xFE, 0x69, 0xFE, 0x69,
    0xFE, 0x69, 0xFE, 0x69, 0xFE, 0x69, 0xFE, 0x69, 0xFE, 0x69, 0xFE, 0x69, 0xFE, 0x69, 0xFE, 0x69, 0xFE, 0x69, 0xFE,
    0x69, 0xFE, 0x69, 0xFE, 0x69, 0xFE, 0x69, 0xFE, 0x69, 0xFE, 0x69, 0xFE, 0x69, 0xFE, 0x69, 0xFE, 0x69, 0xFE, 0x69,
    0xFE, 0x69, 0xFE, 0x69, 0xFE, 0x69, 0xFE, 0x69, 0xFE, 0x69, 0xFE, 0x69, 0xFE, 0x69, 0xFE, 0x69, 0xFE, 0x69, 0xFE,
    0x69, 0xFE, 0x69, 0xFE, 0x69, 0xFE, 0x69, 0xFE, 0x69, 0xFE, 0x69, 0xFE, 0x69, 0xFE, 0x69, 0xFE, 0x69, 0xFE, 0x69,
    0xFE, 0x69, 0xFE, 0x69, 0xFE, 0x69, 0xFE, 0x69, 0xFE, 0x69, 0xFE, 0x69, 0xFE, 0x69, 0xFE, 0x69, 0xFE, 0x69, 0xFE,
    0x69, 0xFE, 0x69, 0xFE, 0x69, 0xFE, 0x69, 0xFE, 0x69, 0xFE, 0x69, 0xFE, 0x69, 0xFE, 0x69, 0xFE, 0x69, 0xFE, 0x69,
    0xFE, 0x69, 0xFE, 0x69, 0xFE, 0x69, 0xFE, 0x69, 0xFE, 0x69, 0xFE, 0x69, 0xFE, 0x69, 0xFE, 0x69, 0xFE, 0x69, 0xFE,
    0x69, 0xFE, 0x69, 0xFE, 0x69, 0xFE, 0x69, 0xFE, 0x69, 0xFE, 0x69, 0xFE, 0x69, 0xFE, 0x69, 0xFE, 0x69, 0xFE, 0x69,
    0xFE, 0x69, 0xFE, 0x69, 0xFE, 0x69, 0xFE, 0x69, 0xFE, 0x69, 0xFE, 0x69, 0xFE, 0x69, 0xFE, 0x69, 0xFE, 0x69, 0xFE,
    0x69, 0xFE, 0x69, 0xFE, 0x87, 0xE5, 0x87, 0xE5, 0x87, 0xE5, 0x87, 0xE5, 0xE1, 0x82, 0xE1, 0x82, 0xE1, 0x82, 0x20,
    0x62, 0x20, 0x62, 0x20, 0x62, 0x20, 0x62, 0x20, 0x62, 0x20, 0x62, 0x20, 0x62, 0x20, 0x62, 0x20, 0x62, 0x20, 0x62,
    0x20, 0x62, 0x20, 0x62, 0x20, 0x62, 0x20, 0x62, 0x20, 0x62, 0x20, 0x62, 0x20, 0x62, 0xE1, 0x82, 0xE1, 0x82, 0xE1,
    0x82, 0x29, 0xF6, 0x29, 0xF6, 0x29, 0xF6, 0x69, 0xFE, 0x69, 0xFE, 0x69, 0xFE, 0x69, 0xFE, 0x69, 0xFE, 0x69, 0xFE,
    0x69, 0xFE, 0x69, 0xFE, 0x69, 0xFE, 0x69, 0xFE, 0x69, 0xFE, 0x69, 0xFE, 0x69, 0xFE, 0x69, 0xFE, 0x69, 0xFE, 0x69,
    0xFE, 0x69, 0xFE, 0x69, 0xFE, 0x69, 0xFE, 0x69, 0xFE, 0x69, 0xFE, 0x69, 0xFE, 0x69, 0xFE, 0x69, 0xFE, 0x69, 0xFE,
    0x69, 0xFE, 0x69, 0xFE, 0x69, 0xFE, 0x69, 0xFE, 0x69, 0xFE, 0x89, 0x43, 0x89, 0x43, 0x89, 0x43, 0x89, 0x43, 0x89,
    0x43, 0x89, 0x43, 0x89, 0x43, 0x89, 0x43, 0x89, 0x43, 0x89, 0x43, 0x89, 0x43, 0x89, 0x43, 0x89, 0x43, 0x89, 0x43,
    0x69, 0xFE, 0x69, 0xFE, 0x69, 0xFE, 0x69, 0xFE, 0x69, 0xFE, 0x69, 0xFE, 0x69, 0xFE, 0x69, 0xFE, 0x69, 0xFE, 0x69,
    0xFE, 0x69, 0xFE, 0x69, 0xFE, 0x69, 0xFE, 0x69, 0xFE, 0x69, 0xFE, 0x69, 0xFE, 0x69, 0xFE, 0x69, 0xFE, 0x69, 0xFE,
    0x69, 0xFE, 0x69, 0xFE, 0x69, 0xFE, 0x69, 0xFE, 0x69, 0xFE, 0x69, 0xFE, 0x69, 0xFE, 0x69, 0xFE, 0x69, 0xFE, 0x69,
    0xFE, 0x69, 0xFE, 0xC3, 0x9B, 0xC3, 0x9B, 0xC3, 0x9B, 0x20, 0x62, 0x20, 0x62, 0x20, 0x62, 0x20, 0x62, 0x20, 0x62,
    0x20, 0x62, 0x20, 0x62, 0x20, 0x62, 0x20, 0x62, 0x20, 0x62, 0x20, 0x62, 0x20, 0x62, 0x20, 0x62, 0x20, 0x62, 0x20,
    0x62, 0x20, 0x62, 0x20, 0x62, 0x45, 0xB4, 0x45, 0xB4, 0x45, 0xB4, 0x69, 0xFE, 0x69, 0xFE, 0x69, 0xFE, 0x69, 0xFE,
    0x69, 0xFE, 0x69, 0xFE, 0x69, 0xFE, 0x69, 0xFE, 0x69, 0xFE, 0x69, 0xFE, 0x69, 0xFE, 0x69, 0xFE, 0x69, 0xFE, 0x69,
    0xFE, 0x69, 0xFE, 0x69, 0xFE, 0x69, 0xFE, 0x69, 0xFE, 0x69, 0xFE, 0x69, 0xFE, 0x69, 0xFE, 0x69, 0xFE, 0x69, 0xFE,
    0x69, 0xFE, 0x69, 0xFE, 0x69, 0xFE, 0x69, 0xFE, 0x69, 0xFE, 0x69, 0xFE, 0x69, 0xFE, 0x69, 0xFE, 0x69, 0xFE, 0x69,
    0xFE, 0x69, 0xFE, 0x69, 0xFE, 0x69, 0xFE, 0x69, 0xFE, 0x69, 0xFE, 0x69, 0xFE, 0x69, 0xFE, 0x69, 0xFE, 0x69, 0xFE,
    0x69, 0xFE, 0x69, 0xFE, 0x69, 0xFE, 0x69, 0xFE, 0x69, 0xFE, 0x69, 0xFE, 0x69, 0xFE, 0x69, 0xFE, 0x69, 0xFE, 0x69,
    0xFE, 0x69, 0xFE, 0x69, 0xFE, 0x69, 0xFE, 0x69, 0xFE, 0x69, 0xFE, 0x69, 0xFE, 0x69, 0xFE, 0x69, 0xFE, 0x69, 0xFE,
    0x69, 0xFE, 0x69, 0xFE, 0x69, 0xFE, 0x69, 0xFE, 0x69, 0xFE, 0x69, 0xFE, 0x69, 0xFE, 0x69, 0xFE, 0x69, 0xFE, 0x69,
    0xFE, 0x69, 0xFE, 0x69, 0xFE, 0x69, 0xFE, 0x69, 0xFE, 0x69, 0xFE, 0x69, 0xFE, 0x69, 0xFE, 0x69, 0xFE, 0x69, 0xFE,
    0x69, 0xFE, 0x69, 0xFE, 0x69, 0xFE, 0x69, 0xFE, 0x69, 0xFE, 0x69, 0xFE, 0x69, 0xFE, 0x69, 0xFE, 0x69, 0xFE, 0x69,
    0xFE, 0x69, 0xFE, 0x69, 0xFE, 0x69, 0xFE, 0x69, 0xFE, 0x69, 0xFE, 0x69, 0xFE, 0x69, 0xFE, 0x69, 0xFE, 0x69, 0xFE,
    0x69, 0xFE, 0x69, 0xFE, 0x69, 0xFE, 0x69, 0xFE, 0x69, 0xFE, 0x69, 0xFE, 0x69, 0xFE, 0x69, 0xFE, 0x69, 0xFE, 0x69,
    0xFE, 0x69, 0xFE, 0x69, 0xFE, 0x69, 0xFE, 0x69, 0xFE, 0x69, 0xFE, 0x69, 0xFE, 0x69, 0xFE, 0x69, 0xFE, 0x69, 0xFE,
    0x69, 0xFE, 0x69, 0xFE, 0x04, 0xAC, 0x04, 0xAC, 0x04, 0xAC, 0x20, 0x62, 0x20, 0x62, 0x20, 0x62, 0x20, 0x62, 0x20,
    0x62, 0x20, 0x62, 0x20, 0x62, 0x20, 0x62, 0x20, 0x62, 0x20, 0x62, 0x20, 0x62, 0x20, 0x62, 0x20, 0x62, 0x20, 0x62,
    0x20, 0x62, 0x20, 0x62, 0x20, 0x62, 0xC3, 0x9B, 0xC3, 0x9B, 0xC3, 0x9B, 0x69, 0xFE, 0x69, 0xFE, 0x69, 0xFE, 0x69,
    0xFE, 0x69, 0xFE, 0x69, 0xFE, 0x69, 0xFE, 0x69, 0xFE, 0x69, 0xFE, 0x69, 0xFE, 0x69, 0xFE, 0x69, 0xFE, 0x69, 0xFE,
    0x69, 0xFE, 0x69, 0xFE, 0x69, 0xFE, 0x69, 0xFE, 0x69, 0xFE, 0x69, 0xFE, 0x69, 0xFE, 0x69, 0xFE, 0x69, 0xFE, 0x69,
    0xFE, 0x69, 0xFE, 0x69, 0xFE, 0x69, 0xFE, 0x69, 0xFE, 0x69, 0xFE, 0x69, 0xFE, 0x69, 0xFE, 0x89, 0x43, 0x89, 0x43,
    0x89, 0x43, 0x89, 0x43, 0x89, 0x43, 0x89, 0x43, 0x89, 0x43, 0x89, 0x43, 0x89, 0x43, 0x89, 0x43, 0x89, 0x43, 0x89,
    0x43, 0x89, 0x43, 0x89, 0x43, 0x69, 0xFE, 0x69, 0xFE, 0x69, 0xFE, 0x69, 0xFE, 0x69, 0xFE, 0x69, 0xFE, 0x69, 0xFE,
    0x69, 0xFE, 0x69, 0xFE, 0x69, 0xFE, 0x69, 0xFE, 0x69, 0xFE, 0x69, 0xFE, 0x69, 0xFE, 0x69, 0xFE, 0x69, 0xFE, 0x69,
    0xFE, 0x69, 0xFE, 0x69, 0xFE, 0x69, 0xFE, 0x69, 0xFE, 0x69, 0xFE, 0x69, 0xFE, 0x69, 0xFE, 0x69, 0xFE, 0x69, 0xFE,
    0x69, 0xFE, 0x69, 0xFE, 0x69, 0xFE, 0x69, 0xFE, 0xC3, 0x9B, 0xC3, 0x9B, 0xC3, 0x9B, 0x20, 0x62, 0x20, 0x62, 0x20,
    0x62, 0x20, 0x62, 0x20, 0x62, 0x20, 0x62, 0x20, 0x62, 0x20, 0x62, 0x20, 0x62, 0x20, 0x62, 0x20, 0x62, 0x20, 0x62,
    0x20, 0x62, 0x20, 0x62, 0x20, 0x62, 0x20, 0x62, 0x20, 0x62, 0x45, 0xB4, 0x45, 0xB4, 0x45, 0xB4, 0x69, 0xFE, 0x69,
    0xFE, 0x69, 0xFE, 0x69, 0xFE, 0x69, 0xFE, 0x69, 0xFE, 0x69, 0xFE, 0x69, 0xFE, 0x69, 0xFE, 0x69, 0xFE, 0x69, 0xFE,
    0x69, 0xFE, 0x69, 0xFE, 0x69, 0xFE, 0x69, 0xFE, 0x69, 0xFE, 0x69, 0xFE, 0x69, 0xFE, 0x69, 0xFE, 0x69, 0xFE, 0x69,
    0xFE, 0x69, 0xFE, 0x69, 0xFE, 0x69, 0xFE, 0x69, 0xFE, 0x69, 0xFE, 0x69, 0xFE, 0x69, 0xFE, 0x69, 0xFE, 0x69, 0xFE,
    0x69, 0xFE, 0x69, 0xFE, 0x69, 0xFE, 0x69, 0xFE, 0x69, 0xFE, 0x69, 0xFE, 0x69, 0xFE, 0x69, 0xFE, 0x69, 0xFE, 0x69,
    0xFE, 0x69, 0xFE, 0x69, 0xFE, 0x69, 0xFE, 0x69, 0xFE, 0x69, 0xFE, 0x69, 0xFE, 0x69, 0xFE, 0x69, 0xFE, 0x69, 0xFE,
    0x69, 0xFE, 0x69, 0xFE, 0x69, 0xFE, 0x69, 0xFE, 0x69, 0xFE, 0x69, 0xFE, 0x69, 0xFE, 0x69, 0xFE, 0x69, 0xFE, 0x69,
    0xFE, 0x69, 0xFE, 0x69, 0xFE, 0x69, 0xFE, 0x69, 0xFE, 0x69, 0xFE, 0x69, 0xFE, 0x69, 0xFE, 0x69, 0xFE, 0x69, 0xFE,
    0x69, 0xFE, 0x69, 0xFE, 0x69, 0xFE, 0x69, 0xFE, 0x69, 0xFE, 0x69, 0xFE, 0x69, 0xFE, 0x69, 0xFE, 0x69, 0xFE, 0x69,
    0xFE, 0x69, 0xFE, 0x69, 0xFE, 0x69, 0xFE, 0x69, 0xFE, 0x69, 0xFE, 0x69, 0xFE, 0x69, 0xFE, 0x69, 0xFE, 0x69, 0xFE,
    0x69, 0xFE, 0x69, 0xFE, 0x69, 0xFE, 0x69, 0xFE, 0x69, 0xFE, 0x69, 0xFE, 0x69, 0xFE, 0x69, 0xFE, 0x69, 0xFE, 0x69,
    0xFE, 0x69, 0xFE, 0x69, 0xFE, 0x69, 0xFE, 0x69, 0xFE, 0x69, 0xFE, 0x69, 0xFE, 0x69, 0xFE, 0x69, 0xFE, 0x69, 0xFE,
    0x69, 0xFE, 0x69, 0xFE, 0x69, 0xFE, 0x69, 0xFE, 0x69, 0xFE, 0x69, 0xFE, 0x69, 0xFE, 0x69, 0xFE, 0x69, 0xFE, 0x69,
    0xFE, 0x69, 0xFE, 0x69, 0xFE, 0x69, 0xFE, 0x69, 0xFE, 0x04, 0xAC, 0x04, 0xAC, 0x04, 0xAC, 0x20, 0x62, 0x20, 0x62,
    0x20, 0x62, 0x20, 0x62, 0x20, 0x62, 0x20, 0x62, 0x20, 0x62, 0x20, 0x62, 0x20, 0x62, 0x20, 0x62, 0x20, 0x62, 0x20,
    0x62, 0x20, 0x62, 0x20, 0x62, 0x20, 0x62, 0x20, 0x62, 0x20, 0x62, 0xC3, 0x9B, 0xC3, 0x9B, 0xC3, 0x9B, 0x69, 0xFE,
    0x69, 0xFE, 0x69, 0xFE, 0x69, 0xFE, 0x69, 0xFE, 0x69, 0xFE, 0x69, 0xFE, 0x69, 0xFE, 0x69, 0xFE, 0x69, 0xFE, 0x69,
    0xFE, 0x69, 0xFE, 0x69, 0xFE, 0x69, 0xFE, 0x69, 0xFE, 0x69, 0xFE, 0x69, 0xFE, 0x69, 0xFE, 0x69, 0xFE, 0x69, 0xFE,
    0x69, 0xFE, 0x69, 0xFE, 0x69, 0xFE, 0x69, 0xFE, 0x69, 0xFE, 0x69, 0xFE, 0x69, 0xFE, 0x69, 0xFE, 0x69, 0xFE, 0x69,
    0xFE, 0x89, 0x43, 0x89, 0x43, 0x89, 0x43, 0x89, 0x43, 0x89, 0x43, 0x89, 0x43, 0x89, 0x43, 0x89, 0x43, 0x89, 0x43,
    0x89, 0x43, 0x89, 0x43, 0x89, 0x43, 0x89, 0x43, 0x89, 0x43, 0x69, 0xFE, 0x69, 0xFE, 0x69, 0xFE, 0x69, 0xFE, 0x69,
    0xFE, 0x69, 0xFE, 0x69, 0xFE, 0x69, 0xFE, 0x69, 0xFE, 0x69, 0xFE, 0x69, 0xFE, 0x69, 0xFE, 0x69, 0xFE, 0x69, 0xFE,
    0x69, 0xFE, 0x69, 0xFE, 0x69, 0xFE, 0x69, 0xFE, 0x69, 0xFE, 0x69, 0xFE, 0x69, 0xFE, 0x69, 0xFE, 0x69, 0xFE, 0x69,
    0xFE, 0x69, 0xFE, 0x69, 0xFE, 0x69, 0xFE, 0x69, 0xFE, 0x69, 0xFE, 0x69, 0xFE, 0xC3, 0x9B, 0xC3, 0x9B, 0xC3, 0x9B,
    0x20, 0x62, 0x20, 0x62, 0x20, 0x62, 0x20, 0x62, 0x20, 0x62, 0x20, 0x62, 0x20, 0x62, 0x20, 0x62, 0x20, 0x62, 0x20,
    0x62, 0x20, 0x62, 0x20, 0x62, 0x20, 0x62, 0x20, 0x62, 0x20, 0x62, 0x20, 0x62, 0x20, 0x62, 0x45, 0xB4, 0x45, 0xB4,
    0x45, 0xB4, 0x69, 0xFE, 0x69, 0xFE, 0x69, 0xFE, 0x69, 0xFE, 0x69, 0xFE, 0x69, 0xFE, 0x69, 0xFE, 0x69, 0xFE, 0x69,
    0xFE, 0x69, 0xFE, 0x69, 0xFE, 0x69, 0xFE, 0x69, 0xFE, 0x69, 0xFE, 0x69, 0xFE, 0x69, 0xFE, 0x69, 0xFE, 0x69, 0xFE,
    0x69, 0xFE, 0x69, 0xFE, 0x69, 0xFE, 0x69, 0xFE, 0x69, 0xFE, 0x69, 0xFE, 0x69, 0xFE, 0x69, 0xFE, 0x69, 0xFE, 0x69,
    0xFE, 0x69, 0xFE, 0x69, 0xFE, 0x69, 0xFE, 0x69, 0xFE, 0x69, 0xFE, 0x69, 0xFE, 0x69, 0xFE, 0x69, 0xFE, 0x69, 0xFE,
    0x69, 0xFE, 0x69, 0xFE, 0x69, 0xFE, 0x69, 0xFE, 0x69, 0xFE, 0x69, 0xFE, 0x69, 0xFE, 0x69, 0xFE, 0x69, 0xFE, 0x69,
    0xFE, 0x69, 0xFE, 0x69, 0xFE, 0x69, 0xFE, 0x69, 0xFE, 0x69, 0xFE, 0x69, 0xFE, 0x69, 0xFE, 0x69, 0xFE, 0x69, 0xFE,
    0x69, 0xFE, 0x69, 0xFE, 0x69, 0xFE, 0x69, 0xFE, 0x69, 0xFE, 0x69, 0xFE, 0x69, 0xFE, 0x69, 0xFE, 0x69, 0xFE, 0x69,
    0xFE, 0x69, 0xFE, 0x69, 0xFE, 0x69, 0xFE, 0x69, 0xFE, 0x69, 0xFE, 0x69, 0xFE, 0x69, 0xFE, 0x69, 0xFE, 0x69, 0xFE,
    0x69, 0xFE, 0x69, 0xFE, 0x69, 0xFE, 0x69, 0xFE, 0x69, 0xFE, 0x69, 0xFE, 0x69, 0xFE, 0x69, 0xFE, 0x69, 0xFE, 0x69,
    0xFE, 0x69, 0xFE, 0x69, 0xFE, 0x69, 0xFE, 0x69, 0xFE, 0x69, 0xFE, 0x69, 0xFE, 0x69, 0xFE, 0x69, 0xFE, 0x69, 0xFE,
    0x69, 0xFE, 0x69, 0xFE, 0x69, 0xFE, 0x69, 0xFE, 0x69, 0xFE, 0x69, 0xFE, 0x69, 0xFE, 0x69, 0xFE, 0x69, 0xFE, 0x69,
    0xFE, 0x69, 0xFE, 0x69, 0xFE, 0x69, 0xFE, 0x69, 0xFE, 0x69, 0xFE, 0x69, 0xFE, 0x69, 0xFE, 0x69, 0xFE, 0x69, 0xFE,
    0x69, 0xFE, 0x69, 0xFE, 0x69, 0xFE, 0x69, 0xFE, 0x69, 0xFE, 0x69, 0xFE, 0x69, 0xFE, 0x04, 0xAC, 0x04, 0xAC, 0x04,
    0xAC, 0x20, 0x62, 0x20, 0x62, 0x20, 0x62, 0x20, 0x62, 0x20, 0x62, 0x20, 0x62, 0x20, 0x62, 0x20, 0x62, 0x20, 0x62,
    0x20, 0x62, 0x20, 0x62, 0x20, 0x62, 0x20, 0x62, 0x20, 0x62, 0x20, 0x62, 0x20, 0x62, 0x20, 0x62, 0xC3, 0x9B, 0xC3,
    0x9B, 0xC3, 0x9B, 0x69, 0xFE, 0x69, 0xFE, 0x69, 0xFE, 0x69, 0xFE, 0x69, 0xFE, 0x69, 0xFE, 0x69, 0xFE, 0x69, 0xFE,
    0x69, 0xFE, 0x69, 0xFE, 0x69, 0xFE, 0x69, 0xFE, 0x69, 0xFE, 0x69, 0xFE, 0x69, 0xFE, 0x69, 0xFE, 0x69, 0xFE, 0x69,
    0xFE, 0x69, 0xFE, 0x69, 0xFE, 0x69, 0xFE, 0x69, 0xFE, 0x69, 0xFE, 0x69, 0xFE, 0x69, 0xFE, 0x69, 0xFE, 0x69, 0xFE,
    0x69, 0xFE, 0x69, 0xFE, 0x69, 0xFE, 0x89, 0x43, 0x89, 0x43, 0x89, 0x43, 0x89, 0x43, 0x89, 0x43, 0x89, 0x43, 0x89,
    0x43, 0x89, 0x43, 0x89, 0x43, 0x89, 0x43, 0x69, 0xFE, 0x69, 0xFE, 0x69, 0xFE, 0x69, 0xFE, 0x69, 0xFE, 0x69, 0xFE,
    0x69, 0xFE, 0x69, 0xFE, 0x69, 0xFE, 0x69, 0xFE, 0x69, 0xFE, 0x69, 0xFE, 0x69, 0xFE, 0x69, 0xFE, 0x69, 0xFE, 0x69,
    0xFE, 0x69, 0xFE, 0x69, 0xFE, 0x69, 0xFE, 0x69, 0xFE, 0x69, 0xFE, 0x69, 0xFE, 0x69, 0xFE, 0x69, 0xFE, 0x69, 0xFE,
    0x69, 0xFE, 0x69, 0xFE, 0x69, 0xFE, 0x69, 0xFE, 0x69, 0xFE, 0x85, 0xBC, 0x85, 0xBC, 0x85, 0xBC, 0x85, 0xBC, 0x20,
    0x62, 0x20, 0x62, 0x20, 0x62, 0x20, 0x62, 0x20, 0x62, 0x20, 0x62, 0x20, 0x62, 0x20, 0x62, 0x20, 0x62, 0x20, 0x62,
    0x20, 0x62, 0x20, 0x62, 0x20, 0x62, 0x20, 0x62, 0x20, 0x62, 0x20, 0x62, 0xC6, 0xC4, 0xC6, 0xC4, 0xC6, 0xC4, 0xC6,
    0xC4, 0x69, 0xFE, 0x69, 0xFE, 0x69, 0xFE, 0x69, 0xFE, 0x69, 0xFE, 0x69, 0xFE, 0x69, 0xFE, 0x69, 0xFE, 0x69, 0xFE,
    0x69, 0xFE, 0x69, 0xFE, 0x69, 0xFE, 0x69, 0xFE, 0x69, 0xFE, 0x69, 0xFE, 0x69, 0xFE, 0x69, 0xFE, 0x69, 0xFE, 0x69,
    0xFE, 0x69, 0xFE, 0x69, 0xFE, 0x69, 0xFE, 0x69, 0xFE, 0x69, 0xFE, 0x69, 0xFE, 0x69, 0xFE, 0x69, 0xFE, 0x69, 0xFE,
    0x69, 0xFE, 0x69, 0xFE, 0x69, 0xFE, 0x69, 0xFE, 0x69, 0xFE, 0x69, 0xFE, 0x69, 0xFE, 0x69, 0xFE, 0x69, 0xFE, 0x69,
    0xFE, 0x69, 0xFE, 0x69, 0xFE, 0x69, 0xFE, 0x69, 0xFE, 0x69, 0xFE, 0x69, 0xFE, 0x69, 0xFE, 0x69, 0xFE, 0x69, 0xFE,
    0x69, 0xFE, 0x69, 0xFE, 0x69, 0xFE, 0x69, 0xFE, 0x69, 0xFE, 0x69, 0xFE, 0x69, 0xFE, 0x69, 0xFE, 0x69, 0xFE, 0x69,
    0xFE, 0x69, 0xFE, 0x69, 0xFE, 0x69, 0xFE, 0x69, 0xFE, 0x69, 0xFE, 0x69, 0xFE, 0x69, 0xFE, 0x69, 0xFE, 0x69, 0xFE,
    0x69, 0xFE, 0x69, 0xFE, 0x69, 0xFE, 0x69, 0xFE, 0x69, 0xFE, 0x69, 0xFE, 0x69, 0xFE, 0x69, 0xFE, 0x69, 0xFE, 0x69,
    0xFE, 0x69, 0xFE, 0x69, 0xFE, 0x69, 0xFE, 0x69, 0xFE, 0x69, 0xFE, 0x69, 0xFE, 0x69, 0xFE, 0x69, 0xFE, 0x69, 0xFE,
    0x69, 0xFE, 0x69, 0xFE, 0x69, 0xFE, 0x69, 0xFE, 0x69, 0xFE, 0x69, 0xFE, 0x69, 0xFE, 0x69, 0xFE, 0x69, 0xFE, 0x69,
    0xFE, 0x69, 0xFE, 0x69, 0xFE, 0x69, 0xFE, 0x69, 0xFE, 0x69, 0xFE, 0x69, 0xFE, 0x69, 0xFE, 0x69, 0xFE, 0x69, 0xFE,
    0x69, 0xFE, 0x69, 0xFE, 0x69, 0xFE, 0x69, 0xFE, 0x69, 0xFE, 0x69, 0xFE, 0x69, 0xFE, 0x69, 0xFE, 0x69, 0xFE, 0x69,
    0xFE, 0x69, 0xFE, 0x69, 0xFE, 0x69, 0xFE, 0x69, 0xFE, 0x69, 0xFE, 0x69, 0xFE, 0x69, 0xFE, 0x69, 0xFE, 0x69, 0xFE,
    0x69, 0xFE, 0x69, 0xFE, 0x69, 0xFE, 0xC6, 0xC4, 0xC6, 0xC4, 0xC6, 0xC4, 0xC6, 0xC4, 0x20, 0x62, 0x20, 0x62, 0x20,
    0x62, 0x20, 0x62, 0x20, 0x62, 0x20, 0x62, 0x20, 0x62, 0x20, 0x62, 0x20, 0x62, 0x20, 0x62, 0x20, 0x62, 0x20, 0x62,
    0x20, 0x62, 0x20, 0x62, 0x20, 0x62, 0x20, 0x62, 0x85, 0xBC, 0x85, 0xBC, 0x85, 0xBC, 0x85, 0xBC, 0x69, 0xFE, 0x69,
    0xFE, 0x69, 0xFE, 0x69, 0xFE, 0x69, 0xFE, 0x69, 0xFE, 0x69, 0xFE, 0x69, 0xFE, 0x69, 0xFE, 0x69, 0xFE, 0x69, 0xFE,
    0x69, 0xFE, 0x69, 0xFE, 0x69, 0xFE, 0x69, 0xFE, 0x69, 0xFE, 0x69, 0xFE, 0x69, 0xFE, 0x69, 0xFE, 0x69, 0xFE, 0x69,
    0xFE, 0x69, 0xFE, 0x69, 0xFE, 0x69, 0xFE, 0x69, 0xFE, 0x69, 0xFE, 0x69, 0xFE, 0x69, 0xFE, 0x69, 0xFE, 0x69, 0xFE,
    0x89, 0x43, 0x89, 0x43, 0x89, 0x43, 0x89, 0x43, 0x89, 0x43, 0x89, 0x43, 0x69, 0xFE, 0x69, 0xFE, 0x69, 0xFE, 0x69,
    0xFE, 0x69, 0xFE, 0x69, 0xFE, 0x69, 0xFE, 0x69, 0xFE, 0x69, 0xFE, 0x69, 0xFE, 0x69, 0xFE, 0x69, 0xFE, 0x69, 0xFE,
    0x69, 0xFE, 0x69, 0xFE, 0x69, 0xFE, 0x69, 0xFE, 0x69, 0xFE, 0x69, 0xFE, 0x69, 0xFE, 0x69, 0xFE, 0x69, 0xFE, 0x69,
    0xFE, 0x69, 0xFE, 0x69, 0xFE, 0x69, 0xFE, 0x69, 0xFE, 0x69, 0xFE, 0x69, 0xFE, 0x69, 0xFE, 0x85, 0xBC, 0x85, 0xBC,
    0x85, 0xBC, 0x85, 0xBC, 0x20, 0x62, 0x20, 0x62, 0x20, 0x62, 0x20, 0x62, 0x20, 0x62, 0x20, 0x62, 0x20, 0x62, 0x20,
    0x62, 0x20, 0x62, 0x20, 0x62, 0x20, 0x62, 0x20, 0x62, 0x20, 0x62, 0x20, 0x62, 0x20, 0x62, 0x20, 0x62, 0xC6, 0xC4,
    0xC6, 0xC4, 0xC6, 0xC4, 0xC6, 0xC4, 0x69, 0xFE, 0x69, 0xFE, 0x69, 0xFE, 0x69, 0xFE, 0x69, 0xFE, 0x69, 0xFE, 0x69,
    0xFE, 0x69, 0xFE, 0x69, 0xFE, 0x69, 0xFE, 0x69, 0xFE, 0x69, 0xFE, 0x69, 0xFE, 0x69, 0xFE, 0x69, 0xFE, 0x69, 0xFE,
    0x69, 0xFE, 0x69, 0xFE, 0x69, 0xFE, 0x69, 0xFE, 0x69, 0xFE, 0x69, 0xFE, 0x69, 0xFE, 0x69, 0xFE, 0x69, 0xFE, 0x69,
    0xFE, 0x69, 0xFE, 0x69, 0xFE, 0x69, 0xFE, 0x69, 0xFE, 0x69, 0xFE, 0x69, 0xFE, 0x69, 0xFE, 0x69, 0xFE, 0x69, 0xFE,
    0x69, 0xFE, 0x69, 0xFE, 0x69, 0xFE, 0x69, 0xFE, 0x69, 0xFE, 0x69, 0xFE, 0x69, 0xFE, 0x69, 0xFE, 0x69, 0xFE, 0x69,
    0xFE, 0x69, 0xFE, 0x69, 0xFE, 0x69, 0xFE, 0x69, 0xFE, 0x69, 0xFE, 0x69, 0xFE, 0x69, 0xFE, 0x69, 0xFE, 0x69, 0xFE,
    0x69, 0xFE, 0x69, 0xFE, 0x69, 0xFE, 0x69, 0xFE, 0x69, 0xFE, 0x69, 0xFE, 0x69, 0xFE, 0x69, 0xFE, 0x69, 0xFE, 0x69,
    0xFE, 0x69, 0xFE, 0x69, 0xFE, 0x69, 0xFE, 0x69, 0xFE, 0x69, 0xFE, 0x69, 0xFE, 0x69, 0xFE, 0x69, 0xFE, 0x69, 0xFE,
    0x69, 0xFE, 0x69, 0xFE, 0x69, 0xFE, 0x69, 0xFE, 0x69, 0xFE, 0x69, 0xFE, 0x69, 0xFE, 0x69, 0xFE, 0x69, 0xFE, 0x69,
    0xFE, 0x69, 0xFE, 0x69, 0xFE, 0x69, 0xFE, 0x69, 0xFE, 0x69, 0xFE, 0x69, 0xFE, 0x69, 0xFE, 0x69, 0xFE, 0x69, 0xFE,
    0x69, 0xFE, 0x69, 0xFE, 0x69, 0xFE, 0x69, 0xFE, 0x69, 0xFE, 0x69, 0xFE, 0x69, 0xFE, 0x69, 0xFE, 0x69, 0xFE, 0x69,
    0xFE, 0x69, 0xFE, 0x69, 0xFE, 0x69, 0xFE, 0x69, 0xFE, 0x69, 0xFE, 0x69, 0xFE, 0x69, 0xFE, 0x69, 0xFE, 0x69, 0xFE,
    0x69, 0xFE, 0x69, 0xFE, 0x69, 0xFE, 0x69, 0xFE, 0x69, 0xFE, 0x69, 0xFE, 0x69, 0xFE, 0x69, 0xFE, 0x69, 0xFE, 0x69,
    0xFE, 0x69, 0xFE, 0x69, 0xFE, 0x69, 0xFE, 0x69, 0xFE, 0x69, 0xFE, 0xC6, 0xC4, 0xC6, 0xC4, 0xC6, 0xC4, 0xC6, 0xC4,
    0x20, 0x62, 0x20, 0x62, 0x20, 0x62, 0x20, 0x62, 0x20, 0x62, 0x20, 0x62, 0x20, 0x62, 0x20, 0x62, 0x20, 0x62, 0x20,
    0x62, 0x20, 0x62, 0x20, 0x62, 0x20, 0x62, 0x20, 0x62, 0x20, 0x62, 0x20, 0x62, 0x85, 0xBC, 0x85, 0xBC, 0x85, 0xBC,
    0x85, 0xBC, 0x69, 0xFE, 0x69, 0xFE, 0x69, 0xFE, 0x69, 0xFE, 0x69, 0xFE, 0x69, 0xFE, 0x69, 0xFE, 0x69, 0xFE, 0x69,
    0xFE, 0x69, 0xFE, 0x69, 0xFE, 0x69, 0xFE, 0x69, 0xFE, 0x69, 0xFE, 0x69, 0xFE, 0x69, 0xFE, 0x69, 0xFE, 0x69, 0xFE,
    0x69, 0xFE, 0x69, 0xFE, 0x69, 0xFE, 0x69, 0xFE, 0x69, 0xFE, 0x69, 0xFE, 0x69, 0xFE, 0x69, 0xFE, 0x69, 0xFE, 0x69,
    0xFE, 0x69, 0xFE, 0x69, 0xFE, 0x89, 0x43, 0x89, 0x43, 0x89, 0x43, 0x89, 0x43, 0x89, 0x43, 0x89, 0x43, 0x69, 0xFE,
    0x69, 0xFE, 0x69, 0xFE, 0x69, 0xFE, 0x69, 0xFE, 0x69, 0xFE, 0x69, 0xFE, 0x69, 0xFE, 0x69, 0xFE, 0x69, 0xFE, 0x69,
    0xFE, 0x69, 0xFE, 0x69, 0xFE, 0x69, 0xFE, 0x69, 0xFE, 0x69, 0xFE, 0x69, 0xFE, 0x69, 0xFE, 0x69, 0xFE, 0x69, 0xFE,
    0x69, 0xFE, 0x69, 0xFE, 0x69, 0xFE, 0x69, 0xFE, 0x69, 0xFE, 0x69, 0xFE, 0x69, 0xFE, 0x69, 0xFE, 0x69, 0xFE, 0x69,
    0xFE, 0x85, 0xBC, 0x85, 0xBC, 0x85, 0xBC, 0x85, 0xBC, 0x20, 0x62, 0x20, 0x62, 0x20, 0x62, 0x20, 0x62, 0x20, 0x62,
    0x20, 0x62, 0x20, 0x62, 0x20, 0x62, 0x20, 0x62, 0x20, 0x62, 0x20, 0x62, 0x20, 0x62, 0x20, 0x62, 0x20, 0x62, 0x20,
    0x62, 0x20, 0x62, 0xC6, 0xC4, 0xC6, 0xC4, 0xC6, 0xC4, 0xC6, 0xC4, 0x69, 0xFE, 0x69, 0xFE, 0x69, 0xFE, 0x69, 0xFE,
    0x69, 0xFE, 0x69, 0xFE, 0x69, 0xFE, 0x69, 0xFE, 0x69, 0xFE, 0x69, 0xFE, 0x69, 0xFE, 0x69, 0xFE, 0x69, 0xFE, 0x69,
    0xFE, 0x69, 0xFE, 0x69, 0xFE, 0x69, 0xFE, 0x69, 0xFE, 0x69, 0xFE, 0x69, 0xFE, 0x69, 0xFE, 0x69, 0xFE, 0x69, 0xFE,
    0x69, 0xFE, 0x69, 0xFE, 0x69, 0xFE, 0x69, 0xFE, 0x69, 0xFE, 0x69, 0xFE, 0x69, 0xFE, 0x69, 0xFE, 0x69, 0xFE, 0x69,
    0xFE, 0x69, 0xFE, 0x69, 0xFE, 0x69, 0xFE, 0x69, 0xFE, 0x69, 0xFE, 0x69, 0xFE, 0x69, 0xFE, 0x69, 0xFE, 0x69, 0xFE,
    0x69, 0xFE, 0x69, 0xFE, 0x69, 0xFE, 0x69, 0xFE, 0x69, 0xFE, 0x69, 0xFE, 0x69, 0xFE, 0x69, 0xFE, 0x69, 0xFE, 0x69,
    0xFE, 0x69, 0xFE, 0x69, 0xFE, 0x69, 0xFE, 0x69, 0xFE, 0x69, 0xFE, 0x69, 0xFE, 0x69, 0xFE, 0x69, 0xFE, 0x69, 0xFE,
    0x69, 0xFE, 0x69, 0xFE, 0x69, 0xFE, 0x69, 0xFE, 0x69, 0xFE, 0x69, 0xFE, 0x69, 0xFE, 0x69, 0xFE, 0x69, 0xFE, 0x69,
    0xFE, 0x69, 0xFE, 0x69, 0xFE, 0x69, 0xFE, 0x69, 0xFE, 0x69, 0xFE, 0x69, 0xFE, 0x69, 0xFE, 0x69, 0xFE, 0x69, 0xFE,
    0x69, 0xFE, 0x69, 0xFE, 0x69, 0xFE, 0x69, 0xFE, 0x69, 0xFE, 0x69, 0xFE, 0x69, 0xFE, 0x69, 0xFE, 0x69, 0xFE, 0x69,
    0xFE, 0x69, 0xFE, 0x69, 0xFE, 0x69, 0xFE, 0x69, 0xFE, 0x69, 0xFE, 0x69, 0xFE, 0x69, 0xFE, 0x69, 0xFE, 0x69, 0xFE,
    0x69, 0xFE, 0x69, 0xFE, 0x69, 0xFE, 0x69, 0xFE, 0x69, 0xFE, 0x69, 0xFE, 0x69, 0xFE, 0x69, 0xFE, 0x69, 0xFE, 0x69,
    0xFE, 0x69, 0xFE, 0x69, 0xFE, 0x69, 0xFE, 0x69, 0xFE, 0x69, 0xFE, 0x69, 0xFE, 0x69, 0xFE, 0x69, 0xFE, 0x69, 0xFE,
    0x69, 0xFE, 0x69, 0xFE, 0x69, 0xFE, 0x69, 0xFE, 0x69, 0xFE, 0x69, 0xFE, 0x69, 0xFE, 0x69, 0xFE, 0xC6, 0xC4, 0xC6,
    0xC4, 0xC6, 0xC4, 0xC6, 0xC4, 0x20, 0x62, 0x20, 0x62, 0x20, 0x62, 0x20, 0x62, 0x20, 0x62, 0x20, 0x62, 0x20, 0x62,
    0x20, 0x62, 0x20, 0x62, 0x20, 0x62, 0x20, 0x62, 0x20, 0x62, 0x20, 0x62, 0x20, 0x62, 0x20, 0x62, 0x20, 0x62, 0x85,
    0xBC, 0x85, 0xBC, 0x85, 0xBC, 0x85, 0xBC, 0x69, 0xFE, 0x69, 0xFE, 0x69, 0xFE, 0x69, 0xFE, 0x69, 0xFE, 0x69, 0xFE,
    0x69, 0xFE, 0x69, 0xFE, 0x69, 0xFE, 0x69, 0xFE, 0x69, 0xFE, 0x69, 0xFE, 0x69, 0xFE, 0x69, 0xFE, 0x69, 0xFE, 0x69,
    0xFE, 0x69, 0xFE, 0x69, 0xFE, 0x69, 0xFE, 0x69, 0xFE, 0x69, 0xFE, 0x69, 0xFE, 0x69, 0xFE, 0x69, 0xFE, 0x69, 0xFE,
    0x69, 0xFE, 0x69, 0xFE, 0x69, 0xFE, 0x69, 0xFE, 0x69, 0xFE, 0x89, 0x43, 0x89, 0x43, 0x89, 0x43, 0x89, 0x43, 0x89,
    0x43, 0x89, 0x43, 0x69, 0xFE, 0x69, 0xFE, 0x69, 0xFE, 0x69, 0xFE, 0x69, 0xFE, 0x69, 0xFE, 0x69, 0xFE, 0x69, 0xFE,
    0x69, 0xFE, 0x69, 0xFE, 0x69, 0xFE, 0x69, 0xFE, 0x69, 0xFE, 0x69, 0xFE, 0x69, 0xFE, 0x69, 0xFE, 0x69, 0xFE, 0x69,
    0xFE, 0x69, 0xFE, 0x69, 0xFE, 0x69, 0xFE, 0x69, 0xFE, 0x69, 0xFE, 0x69, 0xFE, 0x69, 0xFE, 0x69, 0xFE, 0x69, 0xFE,
    0xC8, 0xED, 0xC8, 0xED, 0xC8, 0xED, 0x20, 0x62, 0x20, 0x62, 0x20, 0x62, 0x20, 0x62, 0x20, 0x62, 0x20, 0x62, 0x20,
    0x62, 0x20, 0x62, 0x20, 0x62, 0x20, 0x62, 0x20, 0x62, 0x20, 0x62, 0x20, 0x62, 0x20, 0x62, 0x20, 0x62, 0x20, 0x62,
    0x20, 0x62, 0xC6, 0xC4, 0xC6, 0xC4, 0xC6, 0xC4, 0x69, 0xFE, 0x69, 0xFE, 0x69, 0xFE, 0x69, 0xFE, 0x69, 0xFE, 0x69,
    0xFE, 0x69, 0xFE, 0x69, 0xFE, 0x69, 0xFE, 0x69, 0xFE, 0x69, 0xFE, 0x69, 0xFE, 0x69, 0xFE, 0x69, 0xFE, 0x69, 0xFE,
    0x69, 0xFE, 0x69, 0xFE, 0x69, 0xFE, 0x69, 0xFE, 0x69, 0xFE, 0x69, 0xFE, 0x69, 0xFE, 0x69, 0xFE, 0x69, 0xFE, 0x69,
    0xFE, 0x69, 0xFE, 0x69, 0xFE, 0x69, 0xFE, 0x69, 0xFE, 0x69, 0xFE, 0x69, 0xFE, 0x69, 0xFE, 0x69, 0xFE, 0x69, 0xFE,
    0x69, 0xFE, 0x69, 0xFE, 0x69, 0xFE, 0x69, 0xFE, 0x69, 0xFE, 0x69, 0xFE, 0x69, 0xFE, 0x69, 0xFE, 0x69, 0xFE, 0x69,
    0xFE, 0x69, 0xFE, 0x69, 0xFE, 0x69, 0xFE, 0x69, 0xFE, 0x69, 0xFE, 0x69, 0xFE, 0x69, 0xFE, 0x69, 0xFE, 0x69, 0xFE,
    0x69, 0xFE, 0x69, 0xFE, 0x69, 0xFE, 0x69, 0xFE, 0x69, 0xFE, 0x69, 0xFE, 0x69, 0xFE, 0x69, 0xFE, 0x69, 0xFE, 0x69,
    0xFE, 0x69, 0xFE, 0x69, 0xFE, 0x69, 0xFE, 0x69, 0xFE, 0x69, 0xFE, 0x69, 0xFE, 0x69, 0xFE, 0x69, 0xFE, 0x69, 0xFE,
    0x69, 0xFE, 0x69, 0xFE, 0x69, 0xFE, 0x69, 0xFE, 0x69, 0xFE, 0x69, 0xFE, 0x69, 0xFE, 0x69, 0xFE, 0x69, 0xFE, 0x69,
    0xFE, 0x69, 0xFE, 0x69, 0xFE, 0x69, 0xFE, 0x69, 0xFE, 0x69, 0xFE, 0x69, 0xFE, 0x69, 0xFE, 0x69, 0xFE, 0x69, 0xFE,
    0x69, 0xFE, 0x69, 0xFE, 0x69, 0xFE, 0x69, 0xFE, 0x69, 0xFE, 0x69, 0xFE, 0x69, 0xFE, 0x69, 0xFE, 0x69, 0xFE, 0x69,
    0xFE, 0x69, 0xFE, 0x69, 0xFE, 0x69, 0xFE, 0x69, 0xFE, 0x69, 0xFE, 0x69, 0xFE, 0x69, 0xFE, 0x69, 0xFE, 0x69, 0xFE,
    0x69, 0xFE, 0x69, 0xFE, 0x69, 0xFE, 0x69, 0xFE, 0x69, 0xFE, 0x69, 0xFE, 0x69, 0xFE, 0x69, 0xFE, 0x69, 0xFE, 0x69,
    0xFE, 0x69, 0xFE, 0x69, 0xFE, 0x69, 0xFE, 0x69, 0xFE, 0x69, 0xFE, 0x69, 0xFE, 0x69, 0xFE, 0x69, 0xFE, 0x69, 0xFE,
    0x69, 0xFE, 0x69, 0xFE, 0x69, 0xFE, 0x69, 0xFE, 0x69, 0xFE, 0xC6, 0xC4, 0xC6, 0xC4, 0xC6, 0xC4, 0x20, 0x62, 0x20,
    0x62, 0x20, 0x62, 0x20, 0x62, 0x20, 0x62, 0x20, 0x62, 0x20, 0x62, 0x20, 0x62, 0x20, 0x62, 0x20, 0x62, 0x20, 0x62,
    0x20, 0x62, 0x20, 0x62, 0x20, 0x62, 0x20, 0x62, 0x20, 0x62, 0x20, 0x62, 0xC8, 0xED, 0xC8, 0xED, 0xC8, 0xED, 0x69,
    0xFE, 0x69, 0xFE, 0x69, 0xFE, 0x69, 0xFE, 0x69, 0xFE, 0x69, 0xFE, 0x69, 0xFE, 0x69, 0xFE, 0x69, 0xFE, 0x69, 0xFE,
    0x69, 0xFE, 0x69, 0xFE, 0x69, 0xFE, 0x69, 0xFE, 0x69, 0xFE, 0x69, 0xFE, 0x69, 0xFE, 0x69, 0xFE, 0x69, 0xFE, 0x69,
    0xFE, 0x69, 0xFE, 0x69, 0xFE, 0x69, 0xFE, 0x69, 0xFE, 0x69, 0xFE, 0x69, 0xFE, 0x69, 0xFE, 0x89, 0x43, 0x89, 0x43,
    0x89, 0x43, 0x89, 0x43, 0x89, 0x43, 0x89, 0x43, 0x69, 0xFE, 0x69, 0xFE, 0x69, 0xFE, 0x69, 0xFE, 0x69, 0xFE, 0x69,
    0xFE, 0x69, 0xFE, 0x69, 0xFE, 0x69, 0xFE, 0x69, 0xFE, 0x69, 0xFE, 0x69, 0xFE, 0x69, 0xFE, 0x69, 0xFE, 0x69, 0xFE,
    0x69, 0xFE, 0x69, 0xFE, 0x69, 0xFE, 0x69, 0xFE, 0x69, 0xFE, 0x69, 0xFE, 0x69, 0xFE, 0x69, 0xFE, 0x69, 0xFE, 0x69,
    0xFE, 0x69, 0xFE, 0x69, 0xFE, 0xC8, 0xED, 0xC8, 0xED, 0xC8, 0xED, 0x20, 0x62, 0x20, 0x62, 0x20, 0x62, 0x20, 0x62,
    0x20, 0x62, 0x20, 0x62, 0x20, 0x62, 0x20, 0x62, 0x20, 0x62, 0x20, 0x62, 0x20, 0x62, 0x20, 0x62, 0x20, 0x62, 0x20,
    0x62, 0x20, 0x62, 0x20, 0x62, 0x20, 0x62, 0xC6, 0xC4, 0xC6, 0xC4, 0xC6, 0xC4, 0x69, 0xFE, 0x69, 0xFE, 0x69, 0xFE,
    0x69, 0xFE, 0x69, 0xFE, 0x69, 0xFE, 0x69, 0xFE, 0x69, 0xFE, 0x69, 0xFE, 0x69, 0xFE, 0x69, 0xFE, 0x69, 0xFE, 0x69,
    0xFE, 0x69, 0xFE, 0x69, 0xFE, 0x69, 0xFE, 0x69, 0xFE, 0x69, 0xFE, 0x69, 0xFE, 0x69, 0xFE, 0x69, 0xFE, 0x69, 0xFE,
    0x69, 0xFE, 0x69, 0xFE, 0x69, 0xFE, 0x69, 0xFE, 0x69, 0xFE, 0x69, 0xFE, 0x69, 0xFE, 0x69, 0xFE, 0x69, 0xFE, 0x69,
    0xFE, 0x69, 0xFE, 0x69, 0xFE, 0x69, 0xFE, 0x69, 0xFE, 0x69, 0xFE, 0x69, 0xFE, 0x69, 0xFE, 0x69, 0xFE, 0x69, 0xFE,
    0x69, 0xFE, 0x69, 0xFE, 0x69, 0xFE, 0x69, 0xFE, 0x69, 0xFE, 0x69, 0xFE, 0x69, 0xFE, 0x69, 0xFE, 0x69, 0xFE, 0x69,
    0xFE, 0x69, 0xFE, 0x69, 0xFE, 0x69, 0xFE, 0x69, 0xFE, 0x69, 0xFE, 0x69, 0xFE, 0x69, 0xFE, 0x69, 0xFE, 0x69, 0xFE,
    0x69, 0xFE, 0x69, 0xFE, 0x69, 0xFE, 0x69, 0xFE, 0x69, 0xFE, 0x69, 0xFE, 0x69, 0xFE, 0x69, 0xFE, 0x69, 0xFE, 0x69,
    0xFE, 0x69, 0xFE, 0x69, 0xFE, 0x69, 0xFE, 0x69, 0xFE, 0x69, 0xFE, 0x69, 0xFE, 0x69, 0xFE, 0x69, 0xFE, 0x69, 0xFE,
    0x69, 0xFE, 0x69, 0xFE, 0x69, 0xFE, 0x69, 0xFE, 0x69, 0xFE, 0x69, 0xFE, 0x69, 0xFE, 0x69, 0xFE, 0x69, 0xFE, 0x69,
    0xFE, 0x69, 0xFE, 0x69, 0xFE, 0x69, 0xFE, 0x69, 0xFE, 0x69, 0xFE, 0x69, 0xFE, 0x69, 0xFE, 0x69, 0xFE, 0x69, 0xFE,
    0x69, 0xFE, 0x69, 0xFE, 0x69, 0xFE, 0x69, 0xFE, 0x69, 0xFE, 0x69, 0xFE, 0x69, 0xFE, 0x69, 0xFE, 0x69, 0xFE, 0x69,
    0xFE, 0x69, 0xFE, 0x69, 0xFE, 0x69, 0xFE, 0x69, 0xFE, 0x69, 0xFE, 0x69, 0xFE, 0x69, 0xFE, 0x69, 0xFE, 0x69, 0xFE,
    0x69, 0xFE, 0x69, 0xFE, 0x69, 0xFE, 0x69, 0xFE, 0x69, 0xFE, 0x69, 0xFE, 0x69, 0xFE, 0x69, 0xFE, 0x69, 0xFE, 0x69,
    0xFE, 0x69, 0xFE, 0x69, 0xFE, 0x69, 0xFE, 0x69, 0xFE, 0x69, 0xFE, 0x69, 0xFE, 0x69, 0xFE, 0xC6, 0xC4, 0xC6, 0xC4,
    0xC6, 0xC4, 0x20, 0x62, 0x20, 0x62, 0x20, 0x62, 0x20, 0x62, 0x20, 0x62, 0x20, 0x62, 0x20, 0x62, 0x20, 0x62, 0x20,
    0x62, 0x20, 0x62, 0x20, 0x62, 0x20, 0x62, 0x20, 0x62, 0x20, 0x62, 0x20, 0x62, 0x20, 0x62, 0x20, 0x62, 0xC8, 0xED,
    0xC8, 0xED, 0xC8, 0xED, 0x69, 0xFE, 0x69, 0xFE, 0x69, 0xFE, 0x69, 0xFE, 0x69, 0xFE, 0x69, 0xFE, 0x69, 0xFE, 0x69,
    0xFE, 0x69, 0xFE, 0x69, 0xFE, 0x69, 0xFE, 0x69, 0xFE, 0x69, 0xFE, 0x69, 0xFE, 0x69, 0xFE, 0x69, 0xFE, 0x69, 0xFE,
    0x69, 0xFE, 0x69, 0xFE, 0x69, 0xFE, 0x69, 0xFE, 0x69, 0xFE, 0x69, 0xFE, 0x69, 0xFE, 0x69, 0xFE, 0x69, 0xFE, 0x69,
    0xFE, 0x89, 0x43, 0x89, 0x43, 0x89, 0x43, 0x89, 0x43, 0x89, 0x43, 0x89, 0x43, 0x69, 0xFE, 0x69, 0xFE, 0x69, 0xFE,
    0x69, 0xFE, 0x69, 0xFE, 0x69, 0xFE, 0x69, 0xFE, 0x69, 0xFE, 0x69, 0xFE, 0x69, 0xFE, 0x69, 0xFE, 0x69, 0xFE, 0x69,
    0xFE, 0x69, 0xFE, 0x69, 0xFE, 0x69, 0xFE, 0x69, 0xFE, 0x69, 0xFE, 0x69, 0xFE, 0x69, 0xFE, 0x69, 0xFE, 0x69, 0xFE,
    0x69, 0xFE, 0x69, 0xFE, 0x69, 0xFE, 0x69, 0xFE, 0x69, 0xFE, 0xC8, 0xED, 0xC8, 0xED, 0xC8, 0xED, 0x20, 0x62, 0x20,
    0x62, 0x20, 0x62, 0x20, 0x62, 0x20, 0x62, 0x20, 0x62, 0x20, 0x62, 0x20, 0x62, 0x20, 0x62, 0x20, 0x62, 0x20, 0x62,
    0x20, 0x62, 0x20, 0x62, 0x20, 0x62, 0x20, 0x62, 0x20, 0x62, 0x20, 0x62, 0xC6, 0xC4, 0xC6, 0xC4, 0xC6, 0xC4, 0x69,
    0xFE, 0x69, 0xFE, 0x69, 0xFE, 0x69, 0xFE, 0x69, 0xFE, 0x69, 0xFE, 0x69, 0xFE, 0x69, 0xFE, 0x69, 0xFE, 0x69, 0xFE,
    0x69, 0xFE, 0x69, 0xFE, 0x69, 0xFE, 0x69, 0xFE, 0x69, 0xFE, 0x69, 0xFE, 0x69, 0xFE, 0x69, 0xFE, 0x69, 0xFE, 0x69,
    0xFE, 0x69, 0xFE, 0x69, 0xFE, 0x69, 0xFE, 0x69, 0xFE, 0x69, 0xFE, 0x69, 0xFE, 0x69, 0xFE, 0x69, 0xFE, 0x69, 0xFE,
    0x69, 0xFE, 0x69, 0xFE, 0x69, 0xFE, 0x69, 0xFE, 0x69, 0xFE, 0x69, 0xFE, 0x69, 0xFE, 0x69, 0xFE, 0x69, 0xFE, 0x69,
    0xFE, 0x69, 0xFE, 0x69, 0xFE, 0x69, 0xFE, 0x69, 0xFE, 0x69, 0xFE, 0x69, 0xFE, 0x69, 0xFE, 0x69, 0xFE, 0x69, 0xFE,
    0x69, 0xFE, 0x69, 0xFE, 0x69, 0xFE, 0x69, 0xFE, 0x69, 0xFE, 0x69, 0xFE, 0x69, 0xFE, 0x69, 0xFE, 0x69, 0xFE, 0x69,
    0xFE, 0x69, 0xFE, 0x69, 0xFE, 0x69, 0xFE, 0x69, 0xFE, 0x69, 0xFE, 0x69, 0xFE, 0x69, 0xFE, 0x69, 0xFE, 0x69, 0xFE,
    0x69, 0xFE, 0x69, 0xFE, 0x69, 0xFE, 0x69, 0xFE, 0x69, 0xFE, 0x69, 0xFE, 0x69, 0xFE, 0x69, 0xFE, 0x69, 0xFE, 0x69,
    0xFE, 0x69, 0xFE, 0x69, 0xFE, 0x69, 0xFE, 0x69, 0xFE, 0x69, 0xFE, 0x69, 0xFE, 0x69, 0xFE, 0x69, 0xFE, 0x69, 0xFE,
    0x69, 0xFE, 0x69, 0xFE, 0x69, 0xFE, 0x69, 0xFE, 0x69, 0xFE, 0x69, 0xFE, 0x69, 0xFE, 0x69, 0xFE, 0x69, 0xFE, 0x69,
    0xFE, 0x69, 0xFE, 0x69, 0xFE, 0x69, 0xFE, 0x69, 0xFE, 0x69, 0xFE, 0x69, 0xFE, 0x69, 0xFE, 0x69, 0xFE, 0x69, 0xFE,
    0x69, 0xFE, 0x69, 0xFE, 0x69, 0xFE, 0x69, 0xFE, 0x69, 0xFE, 0x69, 0xFE, 0x69, 0xFE, 0x69, 0xFE, 0x69, 0xFE, 0x69,
    0xFE, 0x69, 0xFE, 0x69, 0xFE, 0x69, 0xFE, 0x69, 0xFE, 0x69, 0xFE, 0x69, 0xFE, 0x69, 0xFE, 0x69, 0xFE, 0x69, 0xFE,
    0x69, 0xFE, 0x69, 0xFE, 0x69, 0xFE, 0x69, 0xFE, 0x69, 0xFE, 0x69, 0xFE, 0x69, 0xFE, 0x69, 0xFE, 0x69, 0xFE, 0x69,
    0xFE, 0xC6, 0xC4, 0xC6, 0xC4, 0xC6, 0xC4, 0x20, 0x62, 0x20, 0x62, 0x20, 0x62, 0x20, 0x62, 0x20, 0x62, 0x20, 0x62,
    0x20, 0x62, 0x20, 0x62, 0x20, 0x62, 0x20, 0x62, 0x20, 0x62, 0x20, 0x62, 0x20, 0x62, 0x20, 0x62, 0x20, 0x62, 0x20,
    0x62, 0x20, 0x62, 0xC8, 0xED, 0xC8, 0xED, 0xC8, 0xED, 0x69, 0xFE, 0x69, 0xFE, 0x69, 0xFE, 0x69, 0xFE, 0x69, 0xFE,
    0x69, 0xFE, 0x69, 0xFE, 0x69, 0xFE, 0x69, 0xFE, 0x69, 0xFE, 0x69, 0xFE, 0x69, 0xFE, 0x69, 0xFE, 0x69, 0xFE, 0x69,
    0xFE, 0x69, 0xFE, 0x69, 0xFE, 0x69, 0xFE, 0x69, 0xFE, 0x69, 0xFE, 0x69, 0xFE, 0x69, 0xFE, 0x69, 0xFE, 0x69, 0xFE,
    0x69, 0xFE, 0x69, 0xFE, 0x69, 0xFE, 0x89, 0x43, 0x89, 0x43, 0x89, 0x43, 0x89, 0x43, 0x89, 0x43, 0x89, 0x43, 0x69,
    0xFE, 0x69, 0xFE, 0x69, 0xFE, 0x69, 0xFE, 0x69, 0xFE, 0x69, 0xFE, 0x69, 0xFE, 0x69, 0xFE, 0x69, 0xFE, 0x69, 0xFE,
    0x69, 0xFE, 0x69, 0xFE, 0x69, 0xFE, 0x69, 0xFE, 0x69, 0xFE, 0x69, 0xFE, 0x69, 0xFE, 0x69, 0xFE, 0x69, 0xFE, 0x69,
    0xFE, 0x69, 0xFE, 0x69, 0xFE, 0x69, 0xFE, 0x69, 0xFE, 0x69, 0xFE, 0x69, 0xFE, 0x69, 0xFE, 0xC8, 0xED, 0xC8, 0xED,
    0xC8, 0xED, 0x20, 0x62, 0x20, 0x62, 0x20, 0x62, 0x20, 0x62, 0x20, 0x62, 0x20, 0x62, 0x20, 0x62, 0x20, 0x62, 0x20,
    0x62, 0x20, 0x62, 0x20, 0x62, 0x20, 0x62, 0x20, 0x62, 0x20, 0x62, 0x20, 0x62, 0x20, 0x62, 0x20, 0x62, 0xC6, 0xC4,
    0xC6, 0xC4, 0xC6, 0xC4, 0x69, 0xFE, 0x69, 0xFE, 0x69, 0xFE, 0x69, 0xFE, 0x69, 0xFE, 0x69, 0xFE, 0x69, 0xFE, 0x69,
    0xFE, 0x69, 0xFE, 0x69, 0xFE, 0x69, 0xFE, 0x69, 0xFE, 0x69, 0xFE, 0x69, 0xFE, 0x69, 0xFE, 0x69, 0xFE, 0x69, 0xFE,
    0x69, 0xFE, 0x69, 0xFE, 0x69, 0xFE, 0x69, 0xFE, 0x69, 0xFE, 0x69, 0xFE, 0x69, 0xFE, 0x69, 0xFE, 0x69, 0xFE, 0x69,
    0xFE, 0x69, 0xFE, 0x69, 0xFE, 0x69, 0xFE, 0x69, 0xFE, 0x69, 0xFE, 0x69, 0xFE, 0x69, 0xFE, 0x69, 0xFE, 0x69, 0xFE,
    0x69, 0xFE, 0x69, 0xFE, 0x69, 0xFE, 0x69, 0xFE, 0x69, 0xFE, 0x69, 0xFE, 0x69, 0xFE, 0x69, 0xFE, 0x69, 0xFE, 0x69,
    0xFE, 0x69, 0xFE, 0x69, 0xFE, 0x69, 0xFE, 0x69, 0xFE, 0x69, 0xFE, 0x69, 0xFE, 0x69, 0xFE, 0x69, 0xFE, 0x69, 0xFE,
    0x69, 0xFE, 0x69, 0xFE, 0x69, 0xFE, 0x69, 0xFE, 0x69, 0xFE, 0x69, 0xFE, 0x69, 0xFE, 0x69, 0xFE, 0x69, 0xFE, 0x69,
    0xFE, 0x69, 0xFE, 0x69, 0xFE, 0x69, 0xFE, 0x69, 0xFE, 0x69, 0xFE, 0x69, 0xFE, 0x69, 0xFE, 0x69, 0xFE, 0x69, 0xFE,
    0x69, 0xFE, 0x69, 0xFE, 0x69, 0xFE, 0x69, 0xFE, 0x69, 0xFE, 0x69, 0xFE, 0x69, 0xFE, 0x69, 0xFE, 0x69, 0xFE, 0x69,
    0xFE, 0x69, 0xFE, 0x69, 0xFE, 0x69, 0xFE, 0x69, 0xFE, 0x69, 0xFE, 0x69, 0xFE, 0x69, 0xFE, 0x69, 0xFE, 0x69, 0xFE,
    0x69, 0xFE, 0x69, 0xFE, 0x69, 0xFE, 0x69, 0xFE, 0x69, 0xFE, 0x69, 0xFE, 0x69, 0xFE, 0x69, 0xFE, 0x69, 0xFE, 0x69,
    0xFE, 0x69, 0xFE, 0x69, 0xFE, 0x69, 0xFE, 0x69, 0xFE, 0x69, 0xFE, 0x69, 0xFE, 0x69, 0xFE, 0x69, 0xFE, 0x69, 0xFE,
    0x69, 0xFE, 0x69, 0xFE, 0x69, 0xFE, 0x69, 0xFE, 0x69, 0xFE, 0x69, 0xFE, 0x69, 0xFE, 0x69, 0xFE, 0x69, 0xFE, 0x69,
    0xFE, 0x69, 0xFE, 0x69, 0xFE, 0x69, 0xFE, 0x69, 0xFE, 0x69, 0xFE, 0x69, 0xFE, 0x69, 0xFE, 0x69, 0xFE, 0x69, 0xFE,
    0x69, 0xFE, 0x69, 0xFE, 0x69, 0xFE, 0xC6, 0xC4, 0xC6, 0xC4, 0xC6, 0xC4, 0x20, 0x62, 0x20, 0x62, 0x20, 0x62, 0x20,
    0x62, 0x20, 0x62, 0x20, 0x62, 0x20, 0x62, 0x20, 0x62, 0x20, 0x62, 0x20, 0x62, 0x20, 0x62, 0x20, 0x62, 0x20, 0x62,
    0x20, 0x62, 0x20, 0x62, 0x20, 0x62, 0x20, 0x62, 0xC8, 0xED, 0xC8, 0xED, 0xC8, 0xED, 0x69, 0xFE, 0x69, 0xFE, 0x69,
    0xFE, 0x69, 0xFE, 0x69, 0xFE, 0x69, 0xFE, 0x69, 0xFE, 0x69, 0xFE, 0x69, 0xFE, 0x69, 0xFE, 0x69, 0xFE, 0x69, 0xFE,
    0x69, 0xFE, 0x69, 0xFE, 0x69, 0xFE, 0x69, 0xFE, 0x69, 0xFE, 0x69, 0xFE, 0x69, 0xFE, 0x69, 0xFE, 0x69, 0xFE, 0x69,
    0xFE, 0x69, 0xFE, 0x69, 0xFE, 0x69, 0xFE, 0x69, 0xFE, 0x69, 0xFE, 0x89, 0x43, 0x89, 0x43, 0x89, 0x43, 0x89, 0x43,
    0x89, 0x43, 0x89, 0x43, 0x69, 0xFE, 0x69, 0xFE, 0x69, 0xFE, 0x69, 0xFE, 0x69, 0xFE, 0x69, 0xFE, 0x69, 0xFE, 0x69,
    0xFE, 0x69, 0xFE, 0x69, 0xFE, 0x69, 0xFE, 0x69, 0xFE, 0x69, 0xFE, 0x69, 0xFE, 0x69, 0xFE, 0x69, 0xFE, 0x69, 0xFE,
    0x69, 0xFE, 0x69, 0xFE, 0x69, 0xFE, 0x69, 0xFE, 0x69, 0xFE, 0x69, 0xFE, 0x69, 0xFE, 0x69, 0xFE, 0x69, 0xFE, 0x69,
    0xFE, 0x22, 0x8B, 0x22, 0x8B, 0x22, 0x8B, 0x20, 0x62, 0x20, 0x62, 0x20, 0x62, 0x20, 0x62, 0x20, 0x62, 0x20, 0x62,
    0x20, 0x62, 0x20, 0x62, 0x20, 0x62, 0x20, 0x62, 0x20, 0x62, 0x20, 0x62, 0x20, 0x62, 0x20, 0x62, 0x45, 0xB4, 0x45,
    0xB4, 0x45, 0xB4, 0x69, 0xFE, 0x69, 0xFE, 0x69, 0xFE, 0x69, 0xFE, 0x69, 0xFE, 0x69, 0xFE, 0x69, 0xFE, 0x69, 0xFE,
    0x69, 0xFE, 0x69, 0xFE, 0x69, 0xFE, 0x69, 0xFE, 0x69, 0xFE, 0x69, 0xFE, 0x69, 0xFE, 0x69, 0xFE, 0x69, 0xFE, 0x69,
    0xFE, 0x69, 0xFE, 0x69, 0xFE, 0x69, 0xFE, 0x69, 0xFE, 0x69, 0xFE, 0x69, 0xFE, 0x69, 0xFE, 0x69, 0xFE, 0x69, 0xFE,
    0x69, 0xFE, 0x69, 0xFE, 0x69, 0xFE, 0x69, 0xFE, 0x69, 0xFE, 0x69, 0xFE, 0x69, 0xFE, 0x69, 0xFE, 0x69, 0xFE, 0x69,
    0xFE, 0x69, 0xFE, 0x69, 0xFE, 0x69, 0xFE, 0x69, 0xFE, 0x69, 0xFE, 0x69, 0xFE, 0x69, 0xFE, 0x69, 0xFE, 0x69, 0xFE,
    0x69, 0xFE, 0x69, 0xFE, 0x69, 0xFE, 0x69, 0xFE, 0x69, 0xFE, 0x69, 0xFE, 0x69, 0xFE, 0x69, 0xFE, 0x69, 0xFE, 0x69,
    0xFE, 0x69, 0xFE, 0x69, 0xFE, 0x69, 0xFE, 0x69, 0xFE, 0x69, 0xFE, 0x69, 0xFE, 0x69, 0xFE, 0x69, 0xFE, 0x69, 0xFE,
    0x69, 0xFE, 0x69, 0xFE, 0x69, 0xFE, 0x69, 0xFE, 0x69, 0xFE, 0x69, 0xFE, 0x69, 0xFE, 0x69, 0xFE, 0x69, 0xFE, 0x69,
    0xFE, 0x69, 0xFE, 0x69, 0xFE, 0x69, 0xFE, 0x69, 0xFE, 0x69, 0xFE, 0x69, 0xFE, 0x69, 0xFE, 0x69, 0xFE, 0x69, 0xFE,
    0x69, 0xFE, 0x69, 0xFE, 0x69, 0xFE, 0x69, 0xFE, 0x69, 0xFE, 0x69, 0xFE, 0x69, 0xFE, 0x69, 0xFE, 0x69, 0xFE, 0x69,
    0xFE, 0x69, 0xFE, 0x69, 0xFE, 0x69, 0xFE, 0x69, 0xFE, 0x69, 0xFE, 0x69, 0xFE, 0x69, 0xFE, 0x69, 0xFE, 0x69, 0xFE,
    0x69, 0xFE, 0x69, 0xFE, 0x69, 0xFE, 0x69, 0xFE, 0x69, 0xFE, 0x69, 0xFE, 0x69, 0xFE, 0x69, 0xFE, 0x69, 0xFE, 0x69,
    0xFE, 0x69, 0xFE, 0x69, 0xFE, 0x69, 0xFE, 0x69, 0xFE, 0x69, 0xFE, 0x69, 0xFE, 0x69, 0xFE, 0x69, 0xFE, 0x69, 0xFE,
    0x69, 0xFE, 0x69, 0xFE, 0x69, 0xFE, 0x69, 0xFE, 0x69, 0xFE, 0x69, 0xFE, 0x69, 0xFE, 0x69, 0xFE, 0x69, 0xFE, 0x69,
    0xFE, 0x69, 0xFE, 0x69, 0xFE, 0x69, 0xFE, 0x69, 0xFE, 0x69, 0xFE, 0x69, 0xFE, 0x69, 0xFE, 0x69, 0xFE, 0x45, 0xB4,
    0x45, 0xB4, 0x45, 0xB4, 0x20, 0x62, 0x20, 0x62, 0x20, 0x62, 0x20, 0x62, 0x20, 0x62, 0x20, 0x62, 0x20, 0x62, 0x20,
    0x62, 0x20, 0x62, 0x20, 0x62, 0x20, 0x62, 0x20, 0x62, 0x20, 0x62, 0x20, 0x62, 0x22, 0x8B, 0x22, 0x8B, 0x22, 0x8B,
    0x69, 0xFE, 0x69, 0xFE, 0x69, 0xFE, 0x69, 0xFE, 0x69, 0xFE, 0x69, 0xFE, 0x69, 0xFE, 0x69, 0xFE, 0x69, 0xFE, 0x69,
    0xFE, 0x69, 0xFE, 0x69, 0xFE, 0x69, 0xFE, 0x69, 0xFE, 0x69, 0xFE, 0x69, 0xFE, 0x69, 0xFE, 0x69, 0xFE, 0x69, 0xFE,
    0x69, 0xFE, 0x69, 0xFE, 0x69, 0xFE, 0x69, 0xFE, 0x69, 0xFE, 0x69, 0xFE, 0x69, 0xFE, 0x69, 0xFE, 0x89, 0x43, 0x89,
    0x43, 0x89, 0x43, 0x89, 0x43, 0x89, 0x43, 0x89, 0x43, 0x69, 0xFE, 0x69, 0xFE, 0x69, 0xFE, 0x69, 0xFE, 0x69, 0xFE,
    0x69, 0xFE, 0x69, 0xFE, 0x69, 0xFE, 0x69, 0xFE, 0x69, 0xFE, 0x69, 0xFE, 0x69, 0xFE, 0x69, 0xFE, 0x69, 0xFE, 0x69,
    0xFE, 0x69, 0xFE, 0x69, 0xFE, 0x69, 0xFE, 0x69, 0xFE, 0x69, 0xFE, 0x69, 0xFE, 0x69, 0xFE, 0x69, 0xFE, 0x69, 0xFE,
    0x69, 0xFE, 0x69, 0xFE, 0x69, 0xFE, 0x22, 0x8B, 0x22, 0x8B, 0x22, 0x8B, 0x20, 0x62, 0x20, 0x62, 0x20, 0x62, 0x20,
    0x62, 0x20, 0x62, 0x20, 0x62, 0x20, 0x62, 0x20, 0x62, 0x20, 0x62, 0x20, 0x62, 0x20, 0x62, 0x20, 0x62, 0x20, 0x62,
    0x20, 0x62, 0x45, 0xB4, 0x45, 0xB4, 0x45, 0xB4, 0x69, 0xFE, 0x69, 0xFE, 0x69, 0xFE, 0x69, 0xFE, 0x69, 0xFE, 0x69,
    0xFE, 0x69, 0xFE, 0x69, 0xFE, 0x69, 0xFE, 0x69, 0xFE, 0x69, 0xFE, 0x69, 0xFE, 0x69, 0xFE, 0x69, 0xFE, 0x69, 0xFE,
    0x69, 0xFE, 0x69, 0xFE, 0x69, 0xFE, 0x69, 0xFE, 0x69, 0xFE, 0x69, 0xFE, 0x69, 0xFE, 0x69, 0xFE, 0x69, 0xFE, 0x69,
    0xFE, 0x69, 0xFE, 0x69, 0xFE, 0x69, 0xFE, 0x69, 0xFE, 0x69, 0xFE, 0x69, 0xFE, 0x69, 0xFE, 0x69, 0xFE, 0x69, 0xFE,
    0x69, 0xFE, 0x69, 0xFE, 0x69, 0xFE, 0x69, 0xFE, 0x69, 0xFE, 0x69, 0xFE, 0x69, 0xFE, 0x69, 0xFE, 0x69, 0xFE, 0x69,
    0xFE, 0x69, 0xFE, 0x69, 0xFE, 0x69, 0xFE, 0x69, 0xFE, 0x69, 0xFE, 0x69, 0xFE, 0x69, 0xFE, 0x69, 0xFE, 0x69, 0xFE,
    0x69, 0xFE, 0x69, 0xFE, 0x69, 0xFE, 0x69, 0xFE, 0x69, 0xFE, 0x69, 0xFE, 0x69, 0xFE, 0x69, 0xFE, 0x69, 0xFE, 0x69,
    0xFE, 0x69, 0xFE, 0x69, 0xFE, 0x69, 0xFE, 0x69, 0xFE, 0x69, 0xFE, 0x69, 0xFE, 0x69, 0xFE, 0x69, 0xFE, 0x69, 0xFE,
    0x69, 0xFE, 0x69, 0xFE, 0x69, 0xFE, 0x69, 0xFE, 0x69, 0xFE, 0x69, 0xFE, 0x69, 0xFE, 0x69, 0xFE, 0x69, 0xFE, 0x69,
    0xFE, 0x69, 0xFE, 0x69, 0xFE, 0x69, 0xFE, 0x69, 0xFE, 0x69, 0xFE, 0x69, 0xFE, 0x69, 0xFE, 0x69, 0xFE, 0x69, 0xFE,
    0x69, 0xFE, 0x69, 0xFE, 0x69, 0xFE, 0x69, 0xFE, 0x69, 0xFE, 0x69, 0xFE, 0x69, 0xFE, 0x69, 0xFE, 0x69, 0xFE, 0x69,
    0xFE, 0x69, 0xFE, 0x69, 0xFE, 0x69, 0xFE, 0x69, 0xFE, 0x69, 0xFE, 0x69, 0xFE, 0x69, 0xFE, 0x69, 0xFE, 0x69, 0xFE,
    0x69, 0xFE, 0x69, 0xFE, 0x69, 0xFE, 0x69, 0xFE, 0x69, 0xFE, 0x69, 0xFE, 0x69, 0xFE, 0x69, 0xFE, 0x69, 0xFE, 0x69,
    0xFE, 0x69, 0xFE, 0x69, 0xFE, 0x69, 0xFE, 0x69, 0xFE, 0x69, 0xFE, 0x69, 0xFE, 0x69, 0xFE, 0x69, 0xFE, 0x69, 0xFE,
    0x69, 0xFE, 0x69, 0xFE, 0x69, 0xFE, 0x69, 0xFE, 0x69, 0xFE, 0x69, 0xFE, 0x69, 0xFE, 0x69, 0xFE, 0x69, 0xFE, 0x69,
    0xFE, 0x69, 0xFE, 0x45, 0xB4, 0x45, 0xB4, 0x45, 0xB4, 0x20, 0x62, 0x20, 0x62, 0x20, 0x62, 0x20, 0x62, 0x20, 0x62,
    0x20, 0x62, 0x20, 0x62, 0x20, 0x62, 0x20, 0x62, 0x20, 0x62, 0x20, 0x62, 0x20, 0x62, 0x20, 0x62, 0x20, 0x62, 0x22,
    0x8B, 0x22, 0x8B, 0x22, 0x8B, 0x69, 0xFE, 0x69, 0xFE, 0x69, 0xFE, 0x69, 0xFE, 0x69, 0xFE, 0x69, 0xFE, 0x69, 0xFE,
    0x69, 0xFE, 0x69, 0xFE, 0x69, 0xFE, 0x69, 0xFE, 0x69, 0xFE, 0x69, 0xFE, 0x69, 0xFE, 0x69, 0xFE, 0x69, 0xFE, 0x69,
    0xFE, 0x69, 0xFE, 0x69, 0xFE, 0x69, 0xFE, 0x69, 0xFE, 0x69, 0xFE, 0x69, 0xFE, 0x69, 0xFE, 0x69, 0xFE, 0x69, 0xFE,
    0x69, 0xFE, 0x89, 0x43, 0x89, 0x43, 0x89, 0x43, 0x89, 0x43, 0x89, 0x43, 0x89, 0x43, 0x69, 0xFE, 0x69, 0xFE, 0x69,
    0xFE, 0x69, 0xFE, 0x69, 0xFE, 0x69, 0xFE, 0x69, 0xFE, 0x69, 0xFE, 0x69, 0xFE, 0x69, 0xFE, 0x69, 0xFE, 0x69, 0xFE,
    0x69, 0xFE, 0x69, 0xFE, 0x69, 0xFE, 0x69, 0xFE, 0x69, 0xFE, 0x69, 0xFE, 0x69, 0xFE, 0x69, 0xFE, 0x69, 0xFE, 0x69,
    0xFE, 0x69, 0xFE, 0x69, 0xFE, 0x69, 0xFE, 0x69, 0xFE, 0x69, 0xFE, 0x22, 0x8B, 0x22, 0x8B, 0x22, 0x8B, 0x20, 0x62,
    0x20, 0x62, 0x20, 0x62, 0x20, 0x62, 0x20, 0x62, 0x20, 0x62, 0x20, 0x62, 0x20, 0x62, 0x20, 0x62, 0x20, 0x62, 0x20,
    0x62, 0x20, 0x62, 0x20, 0x62, 0x20, 0x62, 0x45, 0xB4, 0x45, 0xB4, 0x45, 0xB4, 0x69, 0xFE, 0x69, 0xFE, 0x69, 0xFE,
    0x69, 0xFE, 0x69, 0xFE, 0x69, 0xFE, 0x69, 0xFE, 0x69, 0xFE, 0x69, 0xFE, 0x69, 0xFE, 0x69, 0xFE, 0x69, 0xFE, 0x69,
    0xFE, 0x69, 0xFE, 0x69, 0xFE, 0x69, 0xFE, 0x69, 0xFE, 0x69, 0xFE, 0x69, 0xFE, 0x69, 0xFE, 0x69, 0xFE, 0x69, 0xFE,
    0x69, 0xFE, 0x69, 0xFE, 0x69, 0xFE, 0x69, 0xFE, 0x69, 0xFE, 0x69, 0xFE, 0x69, 0xFE, 0x69, 0xFE, 0x69, 0xFE, 0x69,
    0xFE, 0x69, 0xFE, 0x69, 0xFE, 0x69, 0xFE, 0x69, 0xFE, 0x69, 0xFE, 0x69, 0xFE, 0x69, 0xFE, 0x69, 0xFE, 0x69, 0xFE,
    0x69, 0xFE, 0x69, 0xFE, 0x69, 0xFE, 0x69, 0xFE, 0x69, 0xFE, 0x69, 0xFE, 0x69, 0xFE, 0x69, 0xFE, 0x69, 0xFE, 0x69,
    0xFE, 0x69, 0xFE, 0x69, 0xFE, 0x69, 0xFE, 0x69, 0xFE, 0x69, 0xFE, 0x69, 0xFE, 0x69, 0xFE, 0x69, 0xFE, 0x69, 0xFE,
    0x69, 0xFE, 0x69, 0xFE, 0x69, 0xFE, 0x69, 0xFE, 0x69, 0xFE, 0x69, 0xFE, 0x69, 0xFE, 0x69, 0xFE, 0x69, 0xFE, 0x69,
    0xFE, 0x69, 0xFE, 0x69, 0xFE, 0x69, 0xFE, 0x69, 0xFE, 0x69, 0xFE, 0x69, 0xFE, 0x69, 0xFE, 0x69, 0xFE, 0x69, 0xFE,
    0x69, 0xFE, 0x69, 0xFE, 0x69, 0xFE, 0x69, 0xFE, 0x69, 0xFE, 0x69, 0xFE, 0x69, 0xFE, 0x69, 0xFE, 0x69, 0xFE, 0x69,
    0xFE, 0x69, 0xFE, 0x69, 0xFE, 0x69, 0xFE, 0x69, 0xFE, 0x69, 0xFE, 0x69, 0xFE, 0x69, 0xFE, 0x69, 0xFE, 0x69, 0xFE,
    0x69, 0xFE, 0x69, 0xFE, 0x69, 0xFE, 0x69, 0xFE, 0x69, 0xFE, 0x69, 0xFE, 0x69, 0xFE, 0x69, 0xFE, 0x69, 0xFE, 0x69,
    0xFE, 0x69, 0xFE, 0x69, 0xFE, 0x69, 0xFE, 0x69, 0xFE, 0x69, 0xFE, 0x69, 0xFE, 0x69, 0xFE, 0x69, 0xFE, 0x69, 0xFE,
    0x69, 0xFE, 0x69, 0xFE, 0x69, 0xFE, 0x69, 0xFE, 0x69, 0xFE, 0x69, 0xFE, 0x69, 0xFE, 0x69, 0xFE, 0x69, 0xFE, 0x69,
    0xFE, 0x69, 0xFE, 0x69, 0xFE, 0x69, 0xFE, 0x69, 0xFE, 0x69, 0xFE, 0x69, 0xFE, 0x69, 0xFE, 0x69, 0xFE, 0x69, 0xFE,
    0x69, 0xFE, 0x69, 0xFE, 0x69, 0xFE, 0x69, 0xFE, 0x45, 0xB4, 0x45, 0xB4, 0x45, 0xB4, 0x20, 0x62, 0x20, 0x62, 0x20,
    0x62, 0x20, 0x62, 0x20, 0x62, 0x20, 0x62, 0x20, 0x62, 0x20, 0x62, 0x20, 0x62, 0x20, 0x62, 0x20, 0x62, 0x20, 0x62,
    0x20, 0x62, 0x20, 0x62, 0x22, 0x8B, 0x22, 0x8B, 0x22, 0x8B, 0x69, 0xFE, 0x69, 0xFE, 0x69, 0xFE, 0x69, 0xFE, 0x69,
    0xFE, 0x69, 0xFE, 0x69, 0xFE, 0x69, 0xFE, 0x69, 0xFE, 0x69, 0xFE, 0x69, 0xFE, 0x69, 0xFE, 0x69, 0xFE, 0x69, 0xFE,
    0x69, 0xFE, 0x69, 0xFE, 0x69, 0xFE, 0x69, 0xFE, 0x69, 0xFE, 0x69, 0xFE, 0x69, 0xFE, 0x69, 0xFE, 0x69, 0xFE, 0x69,
    0xFE, 0x69, 0xFE, 0x69, 0xFE, 0x69, 0xFE, 0x89, 0x43, 0x89, 0x43, 0x89, 0x43, 0x69, 0xFE, 0x69, 0xFE, 0x69, 0xFE,
    0x69, 0xFE, 0x69, 0xFE, 0x69, 0xFE, 0x69, 0xFE, 0x69, 0xFE, 0x69, 0xFE, 0x69, 0xFE, 0x69, 0xFE, 0x69, 0xFE, 0x69,
    0xFE, 0x69, 0xFE, 0x69, 0xFE, 0x69, 0xFE, 0x69, 0xFE, 0x69, 0xFE, 0x69, 0xFE, 0x69, 0xFE, 0x69, 0xFE, 0x69, 0xFE,
    0x69, 0xFE, 0x69, 0xFE, 0x69, 0xFE, 0x69, 0xFE, 0x69, 0xFE, 0x47, 0xDD, 0x47, 0xDD, 0x47, 0xDD, 0x20, 0x62, 0x20,
    0x62, 0x20, 0x62, 0x20, 0x62, 0x20, 0x62, 0x20, 0x62, 0x20, 0x62, 0x20, 0x62, 0x20, 0x62, 0x20, 0x62, 0x20, 0x62,
    0x20, 0x62, 0x20, 0x62, 0x22, 0x8B, 0x22, 0x8B, 0x22, 0x8B, 0x22, 0x8B, 0x69, 0xFE, 0x69, 0xFE, 0x69, 0xFE, 0x69,
    0xFE, 0x69, 0xFE, 0x69, 0xFE, 0x69, 0xFE, 0x69, 0xFE, 0x69, 0xFE, 0x69, 0xFE, 0x69, 0xFE, 0x69, 0xFE, 0x69, 0xFE,
    0x69, 0xFE, 0x69, 0xFE, 0x69, 0xFE, 0x69, 0xFE, 0x69, 0xFE, 0x69, 0xFE, 0x69, 0xFE, 0x69, 0xFE, 0x69, 0xFE, 0x69,
    0xFE, 0x69, 0xFE, 0x69, 0xFE, 0x69, 0xFE, 0x69, 0xFE, 0x69, 0xFE, 0x69, 0xFE, 0x69, 0xFE, 0x69, 0xFE, 0x69, 0xFE,
    0x69, 0xFE, 0x69, 0xFE, 0x69, 0xFE, 0x69, 0xFE, 0x69, 0xFE, 0x69, 0xFE, 0x69, 0xFE, 0x69, 0xFE, 0x69, 0xFE, 0x69,
    0xFE, 0x69, 0xFE, 0x69, 0xFE, 0x69, 0xFE, 0x69, 0xFE, 0x69, 0xFE, 0x69, 0xFE, 0x69, 0xFE, 0x69, 0xFE, 0x69, 0xFE,
    0x69, 0xFE, 0x69, 0xFE, 0x69, 0xFE, 0x69, 0xFE, 0x69, 0xFE, 0x69, 0xFE, 0x69, 0xFE, 0x69, 0xFE, 0x69, 0xFE, 0x69,
    0xFE, 0x69, 0xFE, 0x69, 0xFE, 0x69, 0xFE, 0x69, 0xFE, 0x69, 0xFE, 0x69, 0xFE, 0x69, 0xFE, 0x69, 0xFE, 0x69, 0xFE,
    0x69, 0xFE, 0x69, 0xFE, 0x69, 0xFE, 0x69, 0xFE, 0x69, 0xFE, 0x69, 0xFE, 0x69, 0xFE, 0x69, 0xFE, 0x69, 0xFE, 0x69,
    0xFE, 0x69, 0xFE, 0x69, 0xFE, 0x69, 0xFE, 0x69, 0xFE, 0x69, 0xFE, 0x69, 0xFE, 0x69, 0xFE, 0x69, 0xFE, 0x69, 0xFE,
    0x69, 0xFE, 0x69, 0xFE, 0x69, 0xFE, 0x69, 0xFE, 0x69, 0xFE, 0x69, 0xFE, 0x69, 0xFE, 0x69, 0xFE, 0x69, 0xFE, 0x69,
    0xFE, 0x69, 0xFE, 0x69, 0xFE, 0x69, 0xFE, 0x69, 0xFE, 0x69, 0xFE, 0x69, 0xFE, 0x69, 0xFE, 0x69, 0xFE, 0x69, 0xFE,
    0x69, 0xFE, 0x69, 0xFE, 0x69, 0xFE, 0x69, 0xFE, 0x69, 0xFE, 0x69, 0xFE, 0x69, 0xFE, 0x69, 0xFE, 0x69, 0xFE, 0x69,
    0xFE, 0x69, 0xFE, 0x69, 0xFE, 0x69, 0xFE, 0x69, 0xFE, 0x69, 0xFE, 0x69, 0xFE, 0x69, 0xFE, 0x69, 0xFE, 0x69, 0xFE,
    0x69, 0xFE, 0x69, 0xFE, 0x69, 0xFE, 0x69, 0xFE, 0x69, 0xFE, 0x69, 0xFE, 0x69, 0xFE, 0x69, 0xFE, 0x69, 0xFE, 0x69,
    0xFE, 0x69, 0xFE, 0x69, 0xFE, 0x69, 0xFE, 0x69, 0xFE, 0x69, 0xFE, 0x69, 0xFE, 0x69, 0xFE, 0x69, 0xFE, 0x69, 0xFE,
    0x22, 0x8B, 0x22, 0x8B, 0x22, 0x8B, 0x22, 0x8B, 0x20, 0x62, 0x20, 0x62, 0x20, 0x62, 0x20, 0x62, 0x20, 0x62, 0x20,
    0x62, 0x20, 0x62, 0x20, 0x62, 0x20, 0x62, 0x20, 0x62, 0x20, 0x62, 0x20, 0x62, 0x20, 0x62, 0x47, 0xDD, 0x47, 0xDD,
    0x47, 0xDD, 0x69, 0xFE, 0x69, 0xFE, 0x69, 0xFE, 0x69, 0xFE, 0x69, 0xFE, 0x69, 0xFE, 0x69, 0xFE, 0x69, 0xFE, 0x69,
    0xFE, 0x69, 0xFE, 0x69, 0xFE, 0x69, 0xFE, 0x69, 0xFE, 0x69, 0xFE, 0x69, 0xFE, 0x69, 0xFE, 0x69, 0xFE, 0x69, 0xFE,
    0x69, 0xFE, 0x69, 0xFE, 0x69, 0xFE, 0x69, 0xFE, 0x69, 0xFE, 0x69, 0xFE, 0x69, 0xFE, 0x69, 0xFE, 0x69, 0xFE, 0x69,
    0xFE, 0x69, 0xFE, 0x69, 0xFE, 0x69, 0xFE, 0x69, 0xFE, 0x69, 0xFE, 0x69, 0xFE, 0x69, 0xFE, 0x69, 0xFE, 0x69, 0xFE,
    0x69, 0xFE, 0x69, 0xFE, 0x69, 0xFE, 0x69, 0xFE, 0x69, 0xFE, 0x69, 0xFE, 0x69, 0xFE, 0x69, 0xFE, 0x69, 0xFE, 0x69,
    0xFE, 0x69, 0xFE, 0x69, 0xFE, 0x69, 0xFE, 0x69, 0xFE, 0x69, 0xFE, 0x69, 0xFE, 0x69, 0xFE, 0x47, 0xDD, 0x47, 0xDD,
    0x47, 0xDD, 0x20, 0x62, 0x20, 0x62, 0x20, 0x62, 0x20, 0x62, 0x20, 0x62, 0x20, 0x62, 0x20, 0x62, 0x20, 0x62, 0x20,
    0x62, 0x20, 0x62, 0x20, 0x62, 0x20, 0x62, 0x20, 0x62, 0x22, 0x8B, 0x22, 0x8B, 0x22, 0x8B, 0x22, 0x8B, 0x69, 0xFE,
    0x69, 0xFE, 0x69, 0xFE, 0x69, 0xFE, 0x69, 0xFE, 0x69, 0xFE, 0x69, 0xFE, 0x69, 0xFE, 0x69, 0xFE, 0x69, 0xFE, 0x69,
    0xFE, 0x69, 0xFE, 0x69, 0xFE, 0x69, 0xFE, 0x69, 0xFE, 0x69, 0xFE, 0x69, 0xFE, 0x69, 0xFE, 0x69, 0xFE, 0x69, 0xFE,
    0x69, 0xFE, 0x69, 0xFE, 0x69, 0xFE, 0x69, 0xFE, 0x69, 0xFE, 0x69, 0xFE, 0x69, 0xFE, 0x69, 0xFE, 0x69, 0xFE, 0x69,
    0xFE, 0x69, 0xFE, 0x69, 0xFE, 0x69, 0xFE, 0x69, 0xFE, 0x69, 0xFE, 0x69, 0xFE, 0x69, 0xFE, 0x69, 0xFE, 0x69, 0xFE,
    0x69, 0xFE, 0x69, 0xFE, 0x69, 0xFE, 0x69, 0xFE, 0x69, 0xFE, 0x69, 0xFE, 0x69, 0xFE, 0x69, 0xFE, 0x69, 0xFE, 0x69,
    0xFE, 0x69, 0xFE, 0x69, 0xFE, 0x69, 0xFE, 0x69, 0xFE, 0x69, 0xFE, 0x69, 0xFE, 0x69, 0xFE, 0x69, 0xFE, 0x69, 0xFE,
    0x69, 0xFE, 0x69, 0xFE, 0x69, 0xFE, 0x69, 0xFE, 0x69, 0xFE, 0x69, 0xFE, 0x69, 0xFE, 0x69, 0xFE, 0x69, 0xFE, 0x69,
    0xFE, 0x69, 0xFE, 0x69, 0xFE, 0x69, 0xFE, 0x69, 0xFE, 0x69, 0xFE, 0x69, 0xFE, 0x69, 0xFE, 0x69, 0xFE, 0x69, 0xFE,
    0x69, 0xFE, 0x69, 0xFE, 0x69, 0xFE, 0x69, 0xFE, 0x69, 0xFE, 0x69, 0xFE, 0x69, 0xFE, 0x69, 0xFE, 0x69, 0xFE, 0x69,
    0xFE, 0x69, 0xFE, 0x69, 0xFE, 0x69, 0xFE, 0x69, 0xFE, 0x69, 0xFE, 0x69, 0xFE, 0x69, 0xFE, 0x69, 0xFE, 0x69, 0xFE,
    0x69, 0xFE, 0x69, 0xFE, 0x69, 0xFE, 0x69, 0xFE, 0x69, 0xFE, 0x69, 0xFE, 0x69, 0xFE, 0x69, 0xFE, 0x69, 0xFE, 0x69,
    0xFE, 0x69, 0xFE, 0x69, 0xFE, 0x69, 0xFE, 0x69, 0xFE, 0x69, 0xFE, 0x69, 0xFE, 0x69, 0xFE, 0x69, 0xFE, 0x69, 0xFE,
    0x69, 0xFE, 0x69, 0xFE, 0x69, 0xFE, 0x69, 0xFE, 0x69, 0xFE, 0x69, 0xFE, 0x69, 0xFE, 0x69, 0xFE, 0x69, 0xFE, 0x69,
    0xFE, 0x69, 0xFE, 0x69, 0xFE, 0x69, 0xFE, 0x69, 0xFE, 0x69, 0xFE, 0x69, 0xFE, 0x69, 0xFE, 0x69, 0xFE, 0x69, 0xFE,
    0x69, 0xFE, 0x69, 0xFE, 0x69, 0xFE, 0x69, 0xFE, 0x69, 0xFE, 0x69, 0xFE, 0x69, 0xFE, 0x69, 0xFE, 0x69, 0xFE, 0x69,
    0xFE, 0x69, 0xFE, 0x69, 0xFE, 0x22, 0x8B, 0x22, 0x8B, 0x22, 0x8B, 0x22, 0x8B, 0x20, 0x62, 0x20, 0x62, 0x20, 0x62,
    0x20, 0x62, 0x20, 0x62, 0x20, 0x62, 0x20, 0x62, 0x20, 0x62, 0x20, 0x62, 0x20, 0x62, 0x20, 0x62, 0x20, 0x62, 0x20,
    0x62, 0x47, 0xDD, 0x47, 0xDD, 0x47, 0xDD, 0x69, 0xFE, 0x69, 0xFE, 0x69, 0xFE, 0x69, 0xFE, 0x69, 0xFE, 0x69, 0xFE,
    0x69, 0xFE, 0x69, 0xFE, 0x69, 0xFE, 0x69, 0xFE, 0x69, 0xFE, 0x69, 0xFE, 0x69, 0xFE, 0x69, 0xFE, 0x69, 0xFE, 0x69,
    0xFE, 0x69, 0xFE, 0x69, 0xFE, 0x69, 0xFE, 0x69, 0xFE, 0x69, 0xFE, 0x69, 0xFE, 0x69, 0xFE, 0x69, 0xFE, 0x69, 0xFE,
    0x69, 0xFE, 0x69, 0xFE, 0x69, 0xFE, 0x69, 0xFE, 0x69, 0xFE, 0x69, 0xFE, 0x69, 0xFE, 0x69, 0xFE, 0x69, 0xFE, 0x69,
    0xFE, 0x69, 0xFE, 0x69, 0xFE, 0x69, 0xFE, 0x69, 0xFE, 0x69, 0xFE, 0x69, 0xFE, 0x69, 0xFE, 0x69, 0xFE, 0x69, 0xFE,
    0x69, 0xFE, 0x69, 0xFE, 0x69, 0xFE, 0x69, 0xFE, 0x69, 0xFE, 0x69, 0xFE, 0x69, 0xFE, 0x69, 0xFE, 0x69, 0xFE, 0x69,
    0xFE, 0x47, 0xDD, 0x47, 0xDD, 0x47, 0xDD, 0x20, 0x62, 0x20, 0x62, 0x20, 0x62, 0x20, 0x62, 0x20, 0x62, 0x20, 0x62,
    0x20, 0x62, 0x20, 0x62, 0x20, 0x62, 0x20, 0x62, 0x20, 0x62, 0x20, 0x62, 0x20, 0x62, 0x22, 0x8B, 0x22, 0x8B, 0x22,
    0x8B, 0x22, 0x8B, 0x69, 0xFE, 0x69, 0xFE, 0x69, 0xFE, 0x69, 0xFE, 0x69, 0xFE, 0x69, 0xFE, 0x69, 0xFE, 0x69, 0xFE,
    0x69, 0xFE, 0x69, 0xFE, 0x69, 0xFE, 0x69, 0xFE, 0x69, 0xFE, 0x69, 0xFE, 0x69, 0xFE, 0x69, 0xFE, 0x69, 0xFE, 0x69,
    0xFE, 0x69, 0xFE, 0x69, 0xFE, 0x69, 0xFE, 0x69, 0xFE, 0x69, 0xFE, 0x69, 0xFE, 0x69, 0xFE, 0x69, 0xFE, 0x69, 0xFE,
    0x69, 0xFE, 0x69, 0xFE, 0x69, 0xFE, 0x69, 0xFE, 0x69, 0xFE, 0x69, 0xFE, 0x69, 0xFE, 0x69, 0xFE, 0x69, 0xFE, 0x69,
    0xFE, 0x69, 0xFE, 0x69, 0xFE, 0x69, 0xFE, 0x69, 0xFE, 0x69, 0xFE, 0x69, 0xFE, 0x69, 0xFE, 0x69, 0xFE, 0x69, 0xFE,
    0x69, 0xFE, 0x69, 0xFE, 0x69, 0xFE, 0x69, 0xFE, 0x69, 0xFE, 0x69, 0xFE, 0x69, 0xFE, 0x69, 0xFE, 0x69, 0xFE, 0x69,
    0xFE, 0x69, 0xFE, 0x69, 0xFE, 0x69, 0xFE, 0x69, 0xFE, 0x69, 0xFE, 0x69, 0xFE, 0x69, 0xFE, 0x69, 0xFE, 0x69, 0xFE,
    0x69, 0xFE, 0x69, 0xFE, 0x69, 0xFE, 0x69, 0xFE, 0x69, 0xFE, 0x69, 0xFE, 0x69, 0xFE, 0x69, 0xFE, 0x69, 0xFE, 0x69,
    0xFE, 0x69, 0xFE, 0x69, 0xFE, 0x69, 0xFE, 0x69, 0xFE, 0x69, 0xFE, 0x69, 0xFE, 0x69, 0xFE, 0x69, 0xFE, 0x69, 0xFE,
    0x69, 0xFE, 0x69, 0xFE, 0x69, 0xFE, 0x69, 0xFE, 0x69, 0xFE, 0x69, 0xFE, 0x69, 0xFE, 0x69, 0xFE, 0x69, 0xFE, 0x69,
    0xFE, 0x69, 0xFE, 0x69, 0xFE, 0x69, 0xFE, 0x69, 0xFE, 0x69, 0xFE, 0x69, 0xFE, 0x69, 0xFE, 0x69, 0xFE, 0x69, 0xFE,
    0x69, 0xFE, 0x69, 0xFE, 0x69, 0xFE, 0x69, 0xFE, 0x69, 0xFE, 0x69, 0xFE, 0x69, 0xFE, 0x69, 0xFE, 0x69, 0xFE, 0x69,
    0xFE, 0x69, 0xFE, 0x69, 0xFE, 0x69, 0xFE, 0x69, 0xFE, 0x69, 0xFE, 0x69, 0xFE, 0x69, 0xFE, 0x69, 0xFE, 0x69, 0xFE,
    0x69, 0xFE, 0x69, 0xFE, 0x69, 0xFE, 0x69, 0xFE, 0x69, 0xFE, 0x69, 0xFE, 0x69, 0xFE, 0x69, 0xFE, 0x69, 0xFE, 0x69,
    0xFE, 0x69, 0xFE, 0x69, 0xFE, 0x69, 0xFE, 0x69, 0xFE, 0x69, 0xFE, 0x69, 0xFE, 0x69, 0xFE, 0x69, 0xFE, 0x69, 0xFE,
    0x69, 0xFE, 0x69, 0xFE, 0x69, 0xFE, 0x69, 0xFE, 0x69, 0xFE, 0x22, 0x8B, 0x22, 0x8B, 0x22, 0x8B, 0x22, 0x8B, 0x20,
    0x62, 0x20, 0x62, 0x20, 0x62, 0x20, 0x62, 0x20, 0x62, 0x20, 0x62, 0x20, 0x62, 0x20, 0x62, 0x20, 0x62, 0x20, 0x62,
    0x20, 0x62, 0x20, 0x62, 0x20, 0x62, 0x47, 0xDD, 0x47, 0xDD, 0x47, 0xDD, 0x69, 0xFE, 0x69, 0xFE, 0x69, 0xFE, 0x69,
    0xFE, 0x69, 0xFE, 0x69, 0xFE, 0x69, 0xFE, 0x69, 0xFE, 0x69, 0xFE, 0x69, 0xFE, 0x69, 0xFE, 0x69, 0xFE, 0x69, 0xFE,
    0x69, 0xFE, 0x69, 0xFE, 0x69, 0xFE, 0x69, 0xFE, 0x69, 0xFE, 0x69, 0xFE, 0x69, 0xFE, 0x69, 0xFE, 0x69, 0xFE, 0x69,
    0xFE, 0x69, 0xFE, 0x69, 0xFE, 0x69, 0xFE, 0x69, 0xFE, 0x69, 0xFE, 0x69, 0xFE, 0x69, 0xFE, 0x69, 0xFE, 0x69, 0xFE,
    0x69, 0xFE, 0x69, 0xFE, 0x69, 0xFE, 0x69, 0xFE, 0x69, 0xFE, 0x69, 0xFE, 0x69, 0xFE, 0x69, 0xFE, 0x69, 0xFE, 0x69,
    0xFE, 0x69, 0xFE, 0x69, 0xFE, 0x69, 0xFE, 0x69, 0xFE, 0x69, 0xFE, 0x69, 0xFE, 0x69, 0xFE, 0x69, 0xFE, 0x69, 0xFE,
    0x69, 0xFE, 0x69, 0xFE, 0x69, 0xFE, 0x22, 0x8B, 0x22, 0x8B, 0x22, 0x8B, 0x20, 0x62, 0x20, 0x62, 0x20, 0x62, 0x20,
    0x62, 0x20, 0x62, 0x20, 0x62, 0x20, 0x62, 0x20, 0x62, 0x20, 0x62, 0x20, 0x62, 0x20, 0x62, 0x20, 0x62, 0x20, 0x62,
    0xC8, 0xED, 0xC8, 0xED, 0xC8, 0xED, 0xC8, 0xED, 0x69, 0xFE, 0x69, 0xFE, 0x69, 0xFE, 0x69, 0xFE, 0x69, 0xFE, 0x69,
    0xFE, 0x69, 0xFE, 0x69, 0xFE, 0x69, 0xFE, 0x69, 0xFE, 0x69, 0xFE, 0x69, 0xFE, 0x69, 0xFE, 0x69, 0xFE, 0x69, 0xFE,
    0x69, 0xFE, 0x69, 0xFE, 0x69, 0xFE, 0x69, 0xFE, 0x69, 0xFE, 0x69, 0xFE, 0x69, 0xFE, 0x69, 0xFE, 0x69, 0xFE, 0x69,
    0xFE, 0x69, 0xFE, 0x69, 0xFE, 0x69, 0xFE, 0x69, 0xFE, 0x69, 0xFE, 0x69, 0xFE, 0x69, 0xFE, 0x69, 0xFE, 0x69, 0xFE,
    0x69, 0xFE, 0x69, 0xFE, 0x69, 0xFE, 0x69, 0xFE, 0x69, 0xFE, 0x69, 0xFE, 0x69, 0xFE, 0x69, 0xFE, 0x69, 0xFE, 0x69,
    0xFE, 0x69, 0xFE, 0x69, 0xFE, 0x69, 0xFE, 0x69, 0xFE, 0x69, 0xFE, 0x69, 0xFE, 0x69, 0xFE, 0x69, 0xFE, 0x69, 0xFE,
    0x69, 0xFE, 0x69, 0xFE, 0x69, 0xFE, 0x69, 0xFE, 0x69, 0xFE, 0x69, 0xFE, 0x69, 0xFE, 0x69, 0xFE, 0x69, 0xFE, 0x69,
    0xFE, 0x69, 0xFE, 0x69, 0xFE, 0x69, 0xFE, 0x69, 0xFE, 0x69, 0xFE, 0x69, 0xFE, 0x69, 0xFE, 0x69, 0xFE, 0x69, 0xFE,
    0x69, 0xFE, 0x69, 0xFE, 0x69, 0xFE, 0x69, 0xFE, 0x69, 0xFE, 0x69, 0xFE, 0x69, 0xFE, 0x69, 0xFE, 0x69, 0xFE, 0x69,
    0xFE, 0x69, 0xFE, 0x69, 0xFE, 0x69, 0xFE, 0x69, 0xFE, 0x69, 0xFE, 0x69, 0xFE, 0x69, 0xFE, 0x69, 0xFE, 0x69, 0xFE,
    0x69, 0xFE, 0x69, 0xFE, 0x69, 0xFE, 0x69, 0xFE, 0x69, 0xFE, 0x69, 0xFE, 0x69, 0xFE, 0x69, 0xFE, 0x69, 0xFE, 0x69,
    0xFE, 0x69, 0xFE, 0x69, 0xFE, 0x69, 0xFE, 0x69, 0xFE, 0x69, 0xFE, 0x69, 0xFE, 0x69, 0xFE, 0x69, 0xFE, 0x69, 0xFE,
    0x69, 0xFE, 0x69, 0xFE, 0x69, 0xFE, 0x69, 0xFE, 0x69, 0xFE, 0x69, 0xFE, 0x69, 0xFE, 0x69, 0xFE, 0x69, 0xFE, 0x69,
    0xFE, 0x69, 0xFE, 0x69, 0xFE, 0x69, 0xFE, 0x69, 0xFE, 0x69, 0xFE, 0x69, 0xFE, 0x69, 0xFE, 0x69, 0xFE, 0x69, 0xFE,
    0x69, 0xFE, 0x69, 0xFE, 0x69, 0xFE, 0x69, 0xFE, 0x69, 0xFE, 0x69, 0xFE, 0x69, 0xFE, 0x69, 0xFE, 0x69, 0xFE, 0x69,
    0xFE, 0x69, 0xFE, 0x69, 0xFE, 0x69, 0xFE, 0x69, 0xFE, 0x69, 0xFE, 0x69, 0xFE, 0x69, 0xFE, 0xC8, 0xED, 0xC8, 0xED,
    0xC8, 0xED, 0xC8, 0xED, 0x20, 0x62, 0x20, 0x62, 0x20, 0x62, 0x20, 0x62, 0x20, 0x62, 0x20, 0x62, 0x20, 0x62, 0x20,
    0x62, 0x20, 0x62, 0x20, 0x62, 0x20, 0x62, 0x20, 0x62, 0x20, 0x62, 0x22, 0x8B, 0x22, 0x8B, 0x22, 0x8B, 0x69, 0xFE,
    0x69, 0xFE, 0x69, 0xFE, 0x69, 0xFE, 0x69, 0xFE, 0x69, 0xFE, 0x69, 0xFE, 0x69, 0xFE, 0x69, 0xFE, 0x69, 0xFE, 0x69,
    0xFE, 0x69, 0xFE, 0x69, 0xFE, 0x69, 0xFE, 0x69, 0xFE, 0x69, 0xFE, 0x69, 0xFE, 0x69, 0xFE, 0x69, 0xFE, 0x69, 0xFE,
    0x69, 0xFE, 0x69, 0xFE, 0x69, 0xFE, 0x69, 0xFE, 0x69, 0xFE, 0x69, 0xFE, 0x69, 0xFE, 0x69, 0xFE, 0x69, 0xFE, 0x69,
    0xFE, 0x69, 0xFE, 0x69, 0xFE, 0x69, 0xFE, 0x69, 0xFE, 0x69, 0xFE, 0x69, 0xFE, 0x69, 0xFE, 0x69, 0xFE, 0x69, 0xFE,
    0x69, 0xFE, 0x69, 0xFE, 0x69, 0xFE, 0x69, 0xFE, 0x69, 0xFE, 0x69, 0xFE, 0x69, 0xFE, 0x69, 0xFE, 0x69, 0xFE, 0x69,
    0xFE, 0x69, 0xFE, 0x69, 0xFE, 0x69, 0xFE, 0x69, 0xFE, 0x69, 0xFE, 0x22, 0x8B, 0x22, 0x8B, 0x22, 0x8B, 0x20, 0x62,
    0x20, 0x62, 0x20, 0x62, 0x20, 0x62, 0x20, 0x62, 0x20, 0x62, 0x20, 0x62, 0x20, 0x62, 0x20, 0x62, 0x20, 0x62, 0x20,
    0x62, 0x20, 0x62, 0x20, 0x62, 0xC8, 0xED, 0xC8, 0xED, 0xC8, 0xED, 0xC8, 0xED, 0x69, 0xFE, 0x69, 0xFE, 0x69, 0xFE,
    0x69, 0xFE, 0x69, 0xFE, 0x69, 0xFE, 0x69, 0xFE, 0x69, 0xFE, 0x69, 0xFE, 0x69, 0xFE, 0x69, 0xFE, 0x69, 0xFE, 0x69,
    0xFE, 0x69, 0xFE, 0x69, 0xFE, 0x69, 0xFE, 0x69, 0xFE, 0x69, 0xFE, 0x69, 0xFE, 0x69, 0xFE, 0x69, 0xFE, 0x69, 0xFE,
    0x69, 0xFE, 0x69, 0xFE, 0x69, 0xFE, 0x69, 0xFE, 0x69, 0xFE, 0x69, 0xFE, 0x69, 0xFE, 0x69, 0xFE, 0x69, 0xFE, 0x69,
    0xFE, 0x69, 0xFE, 0x69, 0xFE, 0x69, 0xFE, 0x69, 0xFE, 0x69, 0xFE, 0x69, 0xFE, 0x69, 0xFE, 0x69, 0xFE, 0x69, 0xFE,
    0x69, 0xFE, 0x69, 0xFE, 0x69, 0xFE, 0x69, 0xFE, 0x69, 0xFE, 0x69, 0xFE, 0x69, 0xFE, 0x69, 0xFE, 0x69, 0xFE, 0x69,
    0xFE, 0x69, 0xFE, 0x69, 0xFE, 0x69, 0xFE, 0x69, 0xFE, 0x69, 0xFE, 0x69, 0xFE, 0x69, 0xFE, 0x69, 0xFE, 0x69, 0xFE,
    0x69, 0xFE, 0x69, 0xFE, 0x69, 0xFE, 0x69, 0xFE, 0x69, 0xFE, 0x69, 0xFE, 0x69, 0xFE, 0x69, 0xFE, 0x69, 0xFE, 0x69,
    0xFE, 0x69, 0xFE, 0x69, 0xFE, 0x69, 0xFE, 0x69, 0xFE, 0x69, 0xFE, 0x69, 0xFE, 0x69, 0xFE, 0x69, 0xFE, 0x69, 0xFE,
    0x69, 0xFE, 0x69, 0xFE, 0x69, 0xFE, 0x69, 0xFE, 0x69, 0xFE, 0x69, 0xFE, 0x69, 0xFE, 0x69, 0xFE, 0x69, 0xFE, 0x69,
    0xFE, 0x69, 0xFE, 0x69, 0xFE, 0x69, 0xFE, 0x69, 0xFE, 0x69, 0xFE, 0x69, 0xFE, 0x69, 0xFE, 0x69, 0xFE, 0x69, 0xFE,
    0x69, 0xFE, 0x69, 0xFE, 0x69, 0xFE, 0x69, 0xFE, 0x69, 0xFE, 0x69, 0xFE, 0x69, 0xFE, 0x69, 0xFE, 0x69, 0xFE, 0x69,
    0xFE, 0x69, 0xFE, 0x69, 0xFE, 0x69, 0xFE, 0x69, 0xFE, 0x69, 0xFE, 0x69, 0xFE, 0x69, 0xFE, 0x69, 0xFE, 0x69, 0xFE,
    0x69, 0xFE, 0x69, 0xFE, 0x69, 0xFE, 0x69, 0xFE, 0x69, 0xFE, 0x69, 0xFE, 0x69, 0xFE, 0x69, 0xFE, 0x69, 0xFE, 0x69,
    0xFE, 0x69, 0xFE, 0x69, 0xFE, 0x69, 0xFE, 0x69, 0xFE, 0x69, 0xFE, 0x69, 0xFE, 0x69, 0xFE, 0x69, 0xFE, 0x69, 0xFE,
    0x69, 0xFE, 0x69, 0xFE, 0x69, 0xFE, 0x69, 0xFE, 0x69, 0xFE, 0x69, 0xFE, 0x69, 0xFE, 0x69, 0xFE, 0x69, 0xFE, 0x69,
    0xFE, 0xC8, 0xED, 0xC8, 0xED, 0xC8, 0xED, 0xC8, 0xED, 0x20, 0x62, 0x20, 0x62, 0x20, 0x62, 0x20, 0x62, 0x20, 0x62,
    0x20, 0x62, 0x20, 0x62, 0x20, 0x62, 0x20, 0x62, 0x20, 0x62, 0x20, 0x62, 0x20, 0x62, 0x20, 0x62, 0x22, 0x8B, 0x22,
    0x8B, 0x22, 0x8B, 0x69, 0xFE, 0x69, 0xFE, 0x69, 0xFE, 0x69, 0xFE, 0x69, 0xFE, 0x69, 0xFE, 0x69, 0xFE, 0x69, 0xFE,
    0x69, 0xFE, 0x69, 0xFE, 0x69, 0xFE, 0x69, 0xFE, 0x69, 0xFE, 0x69, 0xFE, 0x69, 0xFE, 0x69, 0xFE, 0x69, 0xFE, 0x69,
    0xFE, 0x69, 0xFE, 0x69, 0xFE, 0x69, 0xFE, 0x69, 0xFE, 0x69, 0xFE, 0x69, 0xFE, 0x69, 0xFE, 0x69, 0xFE, 0x69, 0xFE,
    0x69, 0xFE, 0x69, 0xFE, 0x69, 0xFE, 0x69, 0xFE, 0x69, 0xFE, 0x69, 0xFE, 0x69, 0xFE, 0x69, 0xFE, 0x69, 0xFE, 0x69,
    0xFE, 0x69, 0xFE, 0x69, 0xFE, 0x69, 0xFE, 0x69, 0xFE, 0x69, 0xFE, 0x69, 0xFE, 0x69, 0xFE, 0x69, 0xFE, 0x69, 0xFE,
    0x69, 0xFE, 0x69, 0xFE, 0x69, 0xFE, 0x69, 0xFE, 0x69, 0xFE, 0x69, 0xFE, 0x69, 0xFE, 0x69, 0xFE, 0x22, 0x8B, 0x22,
    0x8B, 0x22, 0x8B, 0x20, 0x62, 0x20, 0x62, 0x20, 0x62, 0x20, 0x62, 0x20, 0x62, 0x20, 0x62, 0x20, 0x62, 0x20, 0x62,
    0x20, 0x62, 0x20, 0x62, 0x20, 0x62, 0x20, 0x62, 0x20, 0x62, 0xC8, 0xED, 0xC8, 0xED, 0xC8, 0xED, 0xC8, 0xED, 0x69,
    0xFE, 0x69, 0xFE, 0x69, 0xFE, 0x69, 0xFE, 0x69, 0xFE, 0x69, 0xFE, 0x69, 0xFE, 0x69, 0xFE, 0x69, 0xFE, 0x69, 0xFE,
    0x69, 0xFE, 0x69, 0xFE, 0x69, 0xFE, 0x69, 0xFE, 0x69, 0xFE, 0x69, 0xFE, 0x69, 0xFE, 0x69, 0xFE, 0x69, 0xFE, 0x69,
    0xFE, 0x69, 0xFE, 0x69, 0xFE, 0x69, 0xFE, 0x69, 0xFE, 0x69, 0xFE, 0x69, 0xFE, 0x69, 0xFE, 0x69, 0xFE, 0x69, 0xFE,
    0x69, 0xFE, 0x69, 0xFE, 0x69, 0xFE, 0x69, 0xFE, 0x69, 0xFE, 0x69, 0xFE, 0x69, 0xFE, 0x69, 0xFE, 0x69, 0xFE, 0x69,
    0xFE, 0x69, 0xFE, 0x69, 0xFE, 0x69, 0xFE, 0x69, 0xFE, 0x69, 0xFE, 0x69, 0xFE, 0x69, 0xFE, 0x69, 0xFE, 0x69, 0xFE,
    0x69, 0xFE, 0x69, 0xFE, 0x69, 0xFE, 0x69, 0xFE, 0x69, 0xFE, 0x69, 0xFE, 0x69, 0xFE, 0x69, 0xFE, 0x69, 0xFE, 0x69,
    0xFE, 0x69, 0xFE, 0x69, 0xFE, 0x69, 0xFE, 0x69, 0xFE, 0x69, 0xFE, 0x69, 0xFE, 0x69, 0xFE, 0x69, 0xFE, 0x69, 0xFE,
    0x69, 0xFE, 0x69, 0xFE, 0x69, 0xFE, 0x69, 0xFE, 0x69, 0xFE, 0x69, 0xFE, 0x69, 0xFE, 0x69, 0xFE, 0x69, 0xFE, 0x69,
    0xFE, 0x69, 0xFE, 0x69, 0xFE, 0x69, 0xFE, 0x69, 0xFE, 0x69, 0xFE, 0x69, 0xFE, 0x69, 0xFE, 0x69, 0xFE, 0x69, 0xFE,
    0x69, 0xFE, 0x69, 0xFE, 0x69, 0xFE, 0x69, 0xFE, 0x69, 0xFE, 0x69, 0xFE, 0x69, 0xFE, 0x69, 0xFE, 0x69, 0xFE, 0x69,
    0xFE, 0x69, 0xFE, 0x69, 0xFE, 0x69, 0xFE, 0x69, 0xFE, 0x69, 0xFE, 0x69, 0xFE, 0x69, 0xFE, 0x69, 0xFE, 0x69, 0xFE,
    0x69, 0xFE, 0x69, 0xFE, 0x69, 0xFE, 0x69, 0xFE, 0x69, 0xFE, 0x69, 0xFE, 0x69, 0xFE, 0x69, 0xFE, 0x69, 0xFE, 0x69,
    0xFE, 0x69, 0xFE, 0x69, 0xFE, 0x69, 0xFE, 0x69, 0xFE, 0x69, 0xFE, 0x69, 0xFE, 0x69, 0xFE, 0x69, 0xFE, 0x69, 0xFE,
    0x69, 0xFE, 0x69, 0xFE, 0x69, 0xFE, 0x69, 0xFE, 0x69, 0xFE, 0x69, 0xFE, 0x69, 0xFE, 0x69, 0xFE, 0x69, 0xFE, 0x69,
    0xFE, 0x69, 0xFE, 0x69, 0xFE, 0x69, 0xFE, 0x69, 0xFE, 0x69, 0xFE, 0x69, 0xFE, 0x69, 0xFE, 0x69, 0xFE, 0x69, 0xFE,
    0x69, 0xFE, 0x69, 0xFE, 0x69, 0xFE, 0xC8, 0xED, 0xC8, 0xED, 0xC8, 0xED, 0xC8, 0xED, 0x20, 0x62, 0x20, 0x62, 0x20,
    0x62, 0x20, 0x62, 0x20, 0x62, 0x20, 0x62, 0x20, 0x62, 0x20, 0x62, 0x20, 0x62, 0x20, 0x62, 0x20, 0x62, 0x20, 0x62,
    0x20, 0x62, 0x22, 0x8B, 0x22, 0x8B, 0x22, 0x8B, 0x69, 0xFE, 0x69, 0xFE, 0x69, 0xFE, 0x69, 0xFE, 0x69, 0xFE, 0x69,
    0xFE, 0x69, 0xFE, 0x69, 0xFE, 0x69, 0xFE, 0x69, 0xFE, 0x69, 0xFE, 0x69, 0xFE, 0x69, 0xFE, 0x69, 0xFE, 0x69, 0xFE,
    0x69, 0xFE, 0x69, 0xFE, 0x69, 0xFE, 0x69, 0xFE, 0x69, 0xFE, 0x69, 0xFE, 0x69, 0xFE, 0x69, 0xFE, 0x69, 0xFE, 0x69,
    0xFE, 0x69, 0xFE, 0x69, 0xFE, 0x69, 0xFE, 0x69, 0xFE, 0x69, 0xFE, 0x69, 0xFE, 0x69, 0xFE, 0x69, 0xFE, 0x69, 0xFE,
    0x69, 0xFE, 0x69, 0xFE, 0x69, 0xFE, 0x69, 0xFE, 0x69, 0xFE, 0x69, 0xFE, 0x69, 0xFE, 0x69, 0xFE, 0x69, 0xFE, 0x69,
    0xFE, 0x69, 0xFE, 0x69, 0xFE, 0x69, 0xFE, 0x69, 0xFE, 0x69, 0xFE, 0x69, 0xFE, 0x69, 0xFE, 0x69, 0xFE, 0x69, 0xFE,
    0x69, 0xFE, 0x22, 0x8B, 0x22, 0x8B, 0x22, 0x8B, 0x20, 0x62, 0x20, 0x62, 0x20, 0x62, 0x20, 0x62, 0x20, 0x62, 0x20,
    0x62, 0x20, 0x62, 0x20, 0x62, 0x20, 0x62, 0x20, 0x62, 0x20, 0x62, 0x20, 0x62, 0x20, 0x62, 0xC8, 0xED, 0xC8, 0xED,
    0xC8, 0xED, 0xC8, 0xED, 0x69, 0xFE, 0x69, 0xFE, 0x69, 0xFE, 0x69, 0xFE, 0x69, 0xFE, 0x69, 0xFE, 0x69, 0xFE, 0x69,
    0xFE, 0x69, 0xFE, 0x69, 0xFE, 0x69, 0xFE, 0x69, 0xFE, 0x69, 0xFE, 0x69, 0xFE, 0x69, 0xFE, 0x69, 0xFE, 0x69, 0xFE,
    0x69, 0xFE, 0x69, 0xFE, 0x69, 0xFE, 0x69, 0xFE, 0x69, 0xFE, 0x69, 0xFE, 0x69, 0xFE, 0x69, 0xFE, 0x69, 0xFE, 0x69,
    0xFE, 0x69, 0xFE, 0x69, 0xFE, 0x69, 0xFE, 0x69, 0xFE, 0x69, 0xFE, 0x69, 0xFE, 0x69, 0xFE, 0x69, 0xFE, 0x69, 0xFE,
    0x69, 0xFE, 0x69, 0xFE, 0x69, 0xFE, 0x69, 0xFE, 0x69, 0xFE, 0x69, 0xFE, 0x69, 0xFE, 0x69, 0xFE, 0x69, 0xFE, 0x69,
    0xFE, 0x69, 0xFE, 0x69, 0xFE, 0x69, 0xFE, 0x69, 0xFE, 0x69, 0xFE, 0x69, 0xFE, 0x69, 0xFE, 0x69, 0xFE, 0x69, 0xFE,
    0x69, 0xFE, 0x69, 0xFE, 0x69, 0xFE, 0x69, 0xFE, 0x69, 0xFE, 0x69, 0xFE, 0x69, 0xFE, 0x69, 0xFE, 0x69, 0xFE, 0x69,
    0xFE, 0x69, 0xFE, 0x69, 0xFE, 0x69, 0xFE, 0x69, 0xFE, 0x69, 0xFE, 0x69, 0xFE, 0x69, 0xFE, 0x69, 0xFE, 0x69, 0xFE,
    0x69, 0xFE, 0x69, 0xFE, 0x69, 0xFE, 0x69, 0xFE, 0x69, 0xFE, 0x69, 0xFE, 0x69, 0xFE, 0x69, 0xFE, 0x69, 0xFE, 0x69,
    0xFE, 0x69, 0xFE, 0x69, 0xFE, 0x69, 0xFE, 0x69, 0xFE, 0x69, 0xFE, 0x69, 0xFE, 0x69, 0xFE, 0x69, 0xFE, 0x69, 0xFE,
    0x69, 0xFE, 0x69, 0xFE, 0x69, 0xFE, 0x69, 0xFE, 0x69, 0xFE, 0x69, 0xFE, 0x69, 0xFE, 0x69, 0xFE, 0x69, 0xFE, 0x69,
    0xFE, 0x69, 0xFE, 0x69, 0xFE, 0x69, 0xFE, 0x69, 0xFE, 0x69, 0xFE, 0x69, 0xFE, 0x69, 0xFE, 0x69, 0xFE, 0x69, 0xFE,
    0x69, 0xFE, 0x69, 0xFE, 0x69, 0xFE, 0x69, 0xFE, 0x69, 0xFE, 0x69, 0xFE, 0x69, 0xFE, 0x69, 0xFE, 0x69, 0xFE, 0x69,
    0xFE, 0x69, 0xFE, 0x69, 0xFE, 0x69, 0xFE, 0x69, 0xFE, 0x69, 0xFE, 0x69, 0xFE, 0x69, 0xFE, 0x69, 0xFE, 0x69, 0xFE,
    0x69, 0xFE, 0x69, 0xFE, 0x69, 0xFE, 0x69, 0xFE, 0x69, 0xFE, 0x69, 0xFE, 0x69, 0xFE, 0x69, 0xFE, 0x69, 0xFE, 0x69,
    0xFE, 0x69, 0xFE, 0x69, 0xFE, 0x69, 0xFE, 0x69, 0xFE, 0x69, 0xFE, 0xC8, 0xED, 0xC8, 0xED, 0xC8, 0xED, 0xC8, 0xED,
    0x20, 0x62, 0x20, 0x62, 0x20, 0x62, 0x20, 0x62, 0x20, 0x62, 0x20, 0x62, 0x20, 0x62, 0x20, 0x62, 0x20, 0x62, 0x20,
    0x62, 0x20, 0x62, 0x20, 0x62, 0x20, 0x62, 0x22, 0x8B, 0x22, 0x8B, 0x22, 0x8B, 0x69, 0xFE, 0x69, 0xFE, 0x69, 0xFE,
    0x69, 0xFE, 0x69, 0xFE, 0x69, 0xFE, 0x69, 0xFE, 0x69, 0xFE, 0x69, 0xFE, 0x69, 0xFE, 0x69, 0xFE, 0x69, 0xFE, 0x69,
    0xFE, 0x69, 0xFE, 0x69, 0xFE, 0x69, 0xFE, 0x69, 0xFE, 0x69, 0xFE, 0x69, 0xFE, 0x69, 0xFE, 0x69, 0xFE, 0x69, 0xFE,
    0x69, 0xFE, 0x69, 0xFE, 0x69, 0xFE, 0x69, 0xFE, 0x69, 0xFE, 0x69, 0xFE, 0x69, 0xFE, 0x69, 0xFE, 0x69, 0xFE, 0x69,
    0xFE, 0x69, 0xFE, 0x69, 0xFE, 0x69, 0xFE, 0x69, 0xFE, 0x69, 0xFE, 0x69, 0xFE, 0x69, 0xFE, 0x69, 0xFE, 0x69, 0xFE,
    0x69, 0xFE, 0x69, 0xFE, 0x69, 0xFE, 0x69, 0xFE, 0x69, 0xFE, 0x69, 0xFE, 0x69, 0xFE, 0x69, 0xFE, 0x69, 0xFE, 0x29,
    0xF6, 0x29, 0xF6, 0x29, 0xF6, 0x29, 0xF6, 0x20, 0x62, 0x20, 0x62, 0x20, 0x62, 0x20, 0x62, 0x20, 0x62, 0x20, 0x62,
    0x20, 0x62, 0x20, 0x62, 0x20, 0x62, 0x20, 0x62, 0x20, 0x62, 0x20, 0x62, 0x20, 0x62, 0xC3, 0x9B, 0xC3, 0x9B, 0xC3,
    0x9B, 0x69, 0xFE, 0x69, 0xFE, 0x69, 0xFE, 0x69, 0xFE, 0x69, 0xFE, 0x69, 0xFE, 0x69, 0xFE, 0x69, 0xFE, 0x69, 0xFE,
    0x69, 0xFE, 0x69, 0xFE, 0x69, 0xFE, 0x69, 0xFE, 0x69, 0xFE, 0x69, 0xFE, 0x69, 0xFE, 0x69, 0xFE, 0x69, 0xFE, 0x69,
    0xFE, 0x69, 0xFE, 0x69, 0xFE, 0x69, 0xFE, 0x69, 0xFE, 0x69, 0xFE, 0xC6, 0xC4, 0xC6, 0xC4, 0xC6, 0xC4, 0x22, 0x8B,
    0x22, 0x8B, 0x22, 0x8B, 0x20, 0x62, 0x20, 0x62, 0x20, 0x62, 0x20, 0x62, 0x20, 0x62, 0x20, 0x62, 0x20, 0x62, 0x20,
    0x62, 0x20, 0x62, 0x20, 0x62, 0x20, 0x62, 0x20, 0x62, 0x20, 0x62, 0x20, 0x62, 0x22, 0x8B, 0x22, 0x8B, 0x22, 0x8B,
    0xC6, 0xC4, 0xC6, 0xC4, 0xC6, 0xC4, 0x69, 0xFE, 0x69, 0xFE, 0x69, 0xFE, 0x69, 0xFE, 0x69, 0xFE, 0x69, 0xFE, 0x69,
    0xFE, 0x69, 0xFE, 0x69, 0xFE, 0x69, 0xFE, 0x69, 0xFE, 0x69, 0xFE, 0x69, 0xFE, 0x69, 0xFE, 0x69, 0xFE, 0x69, 0xFE,
    0x69, 0xFE, 0x69, 0xFE, 0x69, 0xFE, 0x69, 0xFE, 0x69, 0xFE, 0x69, 0xFE, 0x69, 0xFE, 0x69, 0xFE, 0x69, 0xFE, 0x69,
    0xFE, 0x69, 0xFE, 0x69, 0xFE, 0x69, 0xFE, 0x69, 0xFE, 0x69, 0xFE, 0x69, 0xFE, 0x69, 0xFE, 0x69, 0xFE, 0x69, 0xFE,
    0x69, 0xFE, 0x69, 0xFE, 0x69, 0xFE, 0x69, 0xFE, 0x69, 0xFE, 0x69, 0xFE, 0x69, 0xFE, 0x69, 0xFE, 0x69, 0xFE, 0x69,
    0xFE, 0x69, 0xFE, 0x69, 0xFE, 0x69, 0xFE, 0x69, 0xFE, 0x69, 0xFE, 0x69, 0xFE, 0x69, 0xFE, 0x69, 0xFE, 0x69, 0xFE,
    0xC6, 0xC4, 0xC6, 0xC4, 0xC6, 0xC4, 0x22, 0x8B, 0x22, 0x8B, 0x22, 0x8B, 0x20, 0x62, 0x20, 0x62, 0x20, 0x62, 0x20,
    0x62, 0x20, 0x62, 0x20, 0x62, 0x20, 0x62, 0x20, 0x62, 0x20, 0x62, 0x20, 0x62, 0x20, 0x62, 0x20, 0x62, 0x20, 0x62,
    0x20, 0x62, 0x22, 0x8B, 0x22, 0x8B, 0x22, 0x8B, 0xC6, 0xC4, 0xC6, 0xC4, 0xC6, 0xC4, 0x69, 0xFE, 0x69, 0xFE, 0x69,
    0xFE, 0x69, 0xFE, 0x69, 0xFE, 0x69, 0xFE, 0x69, 0xFE, 0x69, 0xFE, 0x69, 0xFE, 0x69, 0xFE, 0x69, 0xFE, 0x69, 0xFE,
    0x69, 0xFE, 0x69, 0xFE, 0x69, 0xFE, 0x69, 0xFE, 0x69, 0xFE, 0x69, 0xFE, 0x69, 0xFE, 0x69, 0xFE, 0x69, 0xFE, 0x69,
    0xFE, 0x69, 0xFE, 0x69, 0xFE, 0xC3, 0x9B, 0xC3, 0x9B, 0xC3, 0x9B, 0x20, 0x62, 0x20, 0x62, 0x20, 0x62, 0x20, 0x62,
    0x20, 0x62, 0x20, 0x62, 0x20, 0x62, 0x20, 0x62, 0x20, 0x62, 0x20, 0x62, 0x20, 0x62, 0x20, 0x62, 0x20, 0x62, 0x69,
    0xFE, 0x69, 0xFE, 0x69, 0xFE, 0x69, 0xFE, 0x69, 0xFE, 0x69, 0xFE, 0x69, 0xFE, 0x69, 0xFE, 0x69, 0xFE, 0x69, 0xFE,
    0x69, 0xFE, 0x69, 0xFE, 0x69, 0xFE, 0x69, 0xFE, 0x69, 0xFE, 0x69, 0xFE, 0x69, 0xFE, 0x69, 0xFE, 0x69, 0xFE, 0x69,
    0xFE, 0x69, 0xFE, 0x69, 0xFE, 0x69, 0xFE, 0x69, 0xFE, 0x69, 0xFE, 0x69, 0xFE, 0x69, 0xFE, 0x69, 0xFE, 0x69, 0xFE,
    0x69, 0xFE, 0x69, 0xFE, 0x69, 0xFE, 0x69, 0xFE, 0x69, 0xFE, 0x69, 0xFE, 0x69, 0xFE, 0x69, 0xFE, 0x69, 0xFE, 0x69,
    0xFE, 0x69, 0xFE, 0x69, 0xFE, 0x69, 0xFE, 0x69, 0xFE, 0x69, 0xFE, 0x69, 0xFE, 0x69, 0xFE, 0x69, 0xFE, 0x69, 0xFE,
    0x69, 0xFE, 0x69, 0xFE, 0x29, 0xF6, 0x29, 0xF6, 0x29, 0xF6, 0x29, 0xF6, 0x20, 0x62, 0x20, 0x62, 0x20, 0x62, 0x20,
    0x62, 0x20, 0x62, 0x20, 0x62, 0x20, 0x62, 0x20, 0x62, 0x20, 0x62, 0x20, 0x62, 0x20, 0x62, 0x20, 0x62, 0x20, 0x62,
    0xC3, 0x9B, 0xC3, 0x9B, 0xC3, 0x9B, 0x69, 0xFE, 0x69, 0xFE, 0x69, 0xFE, 0x69, 0xFE, 0x69, 0xFE, 0x69, 0xFE, 0x69,
    0xFE, 0x69, 0xFE, 0x69, 0xFE, 0x69, 0xFE, 0x69, 0xFE, 0x69, 0xFE, 0x69, 0xFE, 0x69, 0xFE, 0x69, 0xFE, 0x69, 0xFE,
    0x69, 0xFE, 0x69, 0xFE, 0x69, 0xFE, 0x69, 0xFE, 0x69, 0xFE, 0x69, 0xFE, 0x69, 0xFE, 0x69, 0xFE, 0xC6, 0xC4, 0xC6,
    0xC4, 0xC6, 0xC4, 0x22, 0x8B, 0x22, 0x8B, 0x22, 0x8B, 0x20, 0x62, 0x20, 0x62, 0x20, 0x62, 0x20, 0x62, 0x20, 0x62,
    0x20, 0x62, 0x20, 0x62, 0x20, 0x62, 0x20, 0x62, 0x20, 0x62, 0x20, 0x62, 0x20, 0x62, 0x20, 0x62, 0x20, 0x62, 0x22,
    0x8B, 0x22, 0x8B, 0x22, 0x8B, 0xC6, 0xC4, 0xC6, 0xC4, 0xC6, 0xC4, 0x69, 0xFE, 0x69, 0xFE, 0x69, 0xFE, 0x69, 0xFE,
    0x69, 0xFE, 0x69, 0xFE, 0x69, 0xFE, 0x69, 0xFE, 0x69, 0xFE, 0x69, 0xFE, 0x69, 0xFE, 0x69, 0xFE, 0x69, 0xFE, 0x69,
    0xFE, 0x69, 0xFE, 0x69, 0xFE, 0x69, 0xFE, 0x69, 0xFE, 0x69, 0xFE, 0x69, 0xFE, 0x69, 0xFE, 0x69, 0xFE, 0x69, 0xFE,
    0x69, 0xFE, 0x69, 0xFE, 0x69, 0xFE, 0x69, 0xFE, 0x69, 0xFE, 0x69, 0xFE, 0x69, 0xFE, 0x69, 0xFE, 0x69, 0xFE, 0x69,
    0xFE, 0x69, 0xFE, 0x69, 0xFE, 0x69, 0xFE, 0x69, 0xFE, 0x69, 0xFE, 0x69, 0xFE, 0x69, 0xFE, 0x69, 0xFE, 0x69, 0xFE,
    0x69, 0xFE, 0x69, 0xFE, 0x69, 0xFE, 0x69, 0xFE, 0x69, 0xFE, 0x69, 0xFE, 0x69, 0xFE, 0x69, 0xFE, 0x69, 0xFE, 0x69,
    0xFE, 0x69, 0xFE, 0x69, 0xFE, 0xC6, 0xC4, 0xC6, 0xC4, 0xC6, 0xC4, 0x22, 0x8B, 0x22, 0x8B, 0x22, 0x8B, 0x20, 0x62,
    0x20, 0x62, 0x20, 0x62, 0x20, 0x62, 0x20, 0x62, 0x20, 0x62, 0x20, 0x62, 0x20, 0x62, 0x20, 0x62, 0x20, 0x62, 0x20,
    0x62, 0x20, 0x62, 0x20, 0x62, 0x20, 0x62, 0x22, 0x8B, 0x22, 0x8B, 0x22, 0x8B, 0xC6, 0xC4, 0xC6, 0xC4, 0xC6, 0xC4,
    0x69, 0xFE, 0x69, 0xFE, 0x69, 0xFE, 0x69, 0xFE, 0x69, 0xFE, 0x69, 0xFE, 0x69, 0xFE, 0x69, 0xFE, 0x69, 0xFE, 0x69,
    0xFE, 0x69, 0xFE, 0x69, 0xFE, 0x69, 0xFE, 0x69, 0xFE, 0x69, 0xFE, 0x69, 0xFE, 0x69, 0xFE, 0x69, 0xFE, 0x69, 0xFE,
    0x69, 0xFE, 0x69, 0xFE, 0x69, 0xFE, 0x69, 0xFE, 0x69, 0xFE, 0xC3, 0x9B, 0xC3, 0x9B, 0xC3, 0x9B, 0x20, 0x62, 0x20,
    0x62, 0x20, 0x62, 0x20, 0x62, 0x20, 0x62, 0x20, 0x62, 0x20, 0x62, 0x20, 0x62, 0x20, 0x62, 0x20, 0x62, 0x20, 0x62,
    0x20, 0x62, 0x20, 0x62, 0x69, 0xFE, 0x69, 0xFE, 0x69, 0xFE, 0x69, 0xFE, 0x69, 0xFE, 0x69, 0xFE, 0x69, 0xFE, 0x69,
    0xFE, 0x69, 0xFE, 0x69, 0xFE, 0x69, 0xFE, 0x69, 0xFE, 0x69, 0xFE, 0x69, 0xFE, 0x69, 0xFE, 0x69, 0xFE, 0x69, 0xFE,
    0x69, 0xFE, 0x69, 0xFE, 0x69, 0xFE, 0x69, 0xFE, 0x69, 0xFE, 0x69, 0xFE, 0x69, 0xFE, 0x69, 0xFE, 0x69, 0xFE, 0x69,
    0xFE, 0x69, 0xFE, 0x69, 0xFE, 0x69, 0xFE, 0x69, 0xFE, 0x69, 0xFE, 0x69, 0xFE, 0x69, 0xFE, 0x69, 0xFE, 0x69, 0xFE,
    0x69, 0xFE, 0x69, 0xFE, 0x69, 0xFE, 0x69, 0xFE, 0x69, 0xFE, 0x69, 0xFE, 0x69, 0xFE, 0x69, 0xFE, 0x69, 0xFE, 0x69,
    0xFE, 0x69, 0xFE, 0x69, 0xFE, 0x69, 0xFE, 0x69, 0xFE, 0x29, 0xF6, 0x29, 0xF6, 0x29, 0xF6, 0x29, 0xF6, 0x20, 0x62,
    0x20, 0x62, 0x20, 0x62, 0x20, 0x62, 0x20, 0x62, 0x20, 0x62, 0x20, 0x62, 0x20, 0x62, 0x20, 0x62, 0x20, 0x62, 0x20,
    0x62, 0x20, 0x62, 0x20, 0x62, 0xC3, 0x9B, 0xC3, 0x9B, 0xC3, 0x9B, 0x69, 0xFE, 0x69, 0xFE, 0x69, 0xFE, 0x69, 0xFE,
    0x69, 0xFE, 0x69, 0xFE, 0x69, 0xFE, 0x69, 0xFE, 0x69, 0xFE, 0x69, 0xFE, 0x69, 0xFE, 0x69, 0xFE, 0x69, 0xFE, 0x69,
    0xFE, 0x69, 0xFE, 0x69, 0xFE, 0x69, 0xFE, 0x69, 0xFE, 0x69, 0xFE, 0x69, 0xFE, 0x69, 0xFE, 0x69, 0xFE, 0x69, 0xFE,
    0x69, 0xFE, 0xC6, 0xC4, 0xC6, 0xC4, 0xC6, 0xC4, 0x22, 0x8B, 0x22, 0x8B, 0x22, 0x8B, 0x20, 0x62, 0x20, 0x62, 0x20,
    0x62, 0x20, 0x62, 0x20, 0x62, 0x20, 0x62, 0x20, 0x62, 0x20, 0x62, 0x20, 0x62, 0x20, 0x62, 0x20, 0x62, 0x20, 0x62,
    0x20, 0x62, 0x20, 0x62, 0x22, 0x8B, 0x22, 0x8B, 0x22, 0x8B, 0xC6, 0xC4, 0xC6, 0xC4, 0xC6, 0xC4, 0x69, 0xFE, 0x69,
    0xFE, 0x69, 0xFE, 0x69, 0xFE, 0x69, 0xFE, 0x69, 0xFE, 0x69, 0xFE, 0x69, 0xFE, 0x69, 0xFE, 0x69, 0xFE, 0x69, 0xFE,
    0x69, 0xFE, 0x69, 0xFE, 0x69, 0xFE, 0x69, 0xFE, 0x69, 0xFE, 0x69, 0xFE, 0x69, 0xFE, 0x69, 0xFE, 0x69, 0xFE, 0x69,
    0xFE, 0x69, 0xFE, 0x69, 0xFE, 0x69, 0xFE, 0x69, 0xFE, 0x69, 0xFE, 0x69, 0xFE, 0x69, 0xFE, 0x69, 0xFE, 0x69, 0xFE,
    0x69, 0xFE, 0x69, 0xFE, 0x69, 0xFE, 0x69, 0xFE, 0x69, 0xFE, 0x69, 0xFE, 0x69, 0xFE, 0x69, 0xFE, 0x69, 0xFE, 0x69,
    0xFE, 0x69, 0xFE, 0x69, 0xFE, 0x69, 0xFE, 0x69, 0xFE, 0x69, 0xFE, 0x69, 0xFE, 0x69, 0xFE, 0x69, 0xFE, 0x69, 0xFE,
    0x69, 0xFE, 0x69, 0xFE, 0x69, 0xFE, 0x69, 0xFE, 0x69, 0xFE, 0xC6, 0xC4, 0xC6, 0xC4, 0xC6, 0xC4, 0x22, 0x8B, 0x22,
    0x8B, 0x22, 0x8B, 0x20, 0x62, 0x20, 0x62, 0x20, 0x62, 0x20, 0x62, 0x20, 0x62, 0x20, 0x62, 0x20, 0x62, 0x20, 0x62,
    0x20, 0x62, 0x20, 0x62, 0x20, 0x62, 0x20, 0x62, 0x20, 0x62, 0x20, 0x62, 0x22, 0x8B, 0x22, 0x8B, 0x22, 0x8B, 0xC6,
    0xC4, 0xC6, 0xC4, 0xC6, 0xC4, 0x69, 0xFE, 0x69, 0xFE, 0x69, 0xFE, 0x69, 0xFE, 0x69, 0xFE, 0x69, 0xFE, 0x69, 0xFE,
    0x69, 0xFE, 0x69, 0xFE, 0x69, 0xFE, 0x69, 0xFE, 0x69, 0xFE, 0x69, 0xFE, 0x69, 0xFE, 0x69, 0xFE, 0x69, 0xFE, 0x69,
    0xFE, 0x69, 0xFE, 0x69, 0xFE, 0x69, 0xFE, 0x69, 0xFE, 0x69, 0xFE, 0x69, 0xFE, 0x69, 0xFE, 0xC3, 0x9B, 0xC3, 0x9B,
    0xC3, 0x9B, 0x20, 0x62, 0x20, 0x62, 0x20, 0x62, 0x20, 0x62, 0x20, 0x62, 0x20, 0x62, 0x20, 0x62, 0x20, 0x62, 0x20,
    0x62, 0x20, 0x62, 0x20, 0x62, 0x20, 0x62, 0x20, 0x62, 0x69, 0xFE, 0x69, 0xFE, 0x69, 0xFE, 0x69, 0xFE, 0x69, 0xFE,
    0x69, 0xFE, 0x69, 0xFE, 0x69, 0xFE, 0x69, 0xFE, 0x69, 0xFE, 0x69, 0xFE, 0x69, 0xFE, 0x69, 0xFE, 0x69, 0xFE, 0x69,
    0xFE, 0x69, 0xFE, 0x69, 0xFE, 0x69, 0xFE, 0x69, 0xFE, 0x69, 0xFE, 0x69, 0xFE, 0x69, 0xFE, 0x69, 0xFE, 0x69, 0xFE,
    0x69, 0xFE, 0x69, 0xFE, 0x69, 0xFE, 0x69, 0xFE, 0x69, 0xFE, 0x69, 0xFE, 0x69, 0xFE, 0x69, 0xFE, 0x69, 0xFE, 0x69,
    0xFE, 0x69, 0xFE, 0x69, 0xFE, 0x69, 0xFE, 0x69, 0xFE, 0x69, 0xFE, 0x69, 0xFE, 0x69, 0xFE, 0x69, 0xFE, 0x69, 0xFE,
    0x69, 0xFE, 0x69, 0xFE, 0x69, 0xFE, 0x69, 0xFE, 0x69, 0xFE, 0x69, 0xFE, 0x69, 0xFE, 0x29, 0xF6, 0x29, 0xF6, 0x29,
    0xF6, 0x29, 0xF6, 0x20, 0x62, 0x20, 0x62, 0x20, 0x62, 0x20, 0x62, 0x20, 0x62, 0x20, 0x62, 0x20, 0x62, 0x20, 0x62,
    0x20, 0x62, 0x20, 0x62, 0x20, 0x62, 0x20, 0x62, 0x20, 0x62, 0xC8, 0xED, 0xC8, 0xED, 0xC8, 0xED, 0x69, 0xFE, 0x69,
    0xFE, 0x69, 0xFE, 0x69, 0xFE, 0x69, 0xFE, 0x69, 0xFE, 0x69, 0xFE, 0x69, 0xFE, 0x69, 0xFE, 0x69, 0xFE, 0x69, 0xFE,
    0x69, 0xFE, 0x69, 0xFE, 0x69, 0xFE, 0x69, 0xFE, 0x69, 0xFE, 0x69, 0xFE, 0x87, 0xE5, 0x87, 0xE5, 0x87, 0xE5, 0xE1,
    0x82, 0xE1, 0x82, 0xE1, 0x82, 0xE1, 0x82, 0x20, 0x62, 0x20, 0x62, 0x20, 0x62, 0x20, 0x62, 0x20, 0x62, 0x20, 0x62,
    0x20, 0x62, 0x20, 0x62, 0x20, 0x62, 0x20, 0x62, 0x20, 0x62, 0x20, 0x62, 0x20, 0x62, 0x20, 0x62, 0x20, 0x62, 0x20,
    0x62, 0x20, 0x62, 0x20, 0x62, 0x20, 0x62, 0x20, 0x62, 0x20, 0x62, 0x20, 0x62, 0x20, 0x62, 0x20, 0x62, 0x20, 0x62,
    0x20, 0x62, 0xE1, 0x82, 0xE1, 0x82, 0xE1, 0x82, 0xE1, 0x82, 0x87, 0xE5, 0x87, 0xE5, 0x87, 0xE5, 0x69, 0xFE, 0x69,
    0xFE, 0x69, 0xFE, 0x69, 0xFE, 0x69, 0xFE, 0x69, 0xFE, 0x69, 0xFE, 0x69, 0xFE, 0x69, 0xFE, 0x69, 0xFE, 0x69, 0xFE,
    0x69, 0xFE, 0x69, 0xFE, 0x69, 0xFE, 0x69, 0xFE, 0x69, 0xFE, 0x69, 0xFE, 0x69, 0xFE, 0x69, 0xFE, 0x69, 0xFE, 0x69,
    0xFE, 0x69, 0xFE, 0x69, 0xFE, 0x69, 0xFE, 0x69, 0xFE, 0x69, 0xFE, 0x69, 0xFE, 0x69, 0xFE, 0x69, 0xFE, 0x69, 0xFE,
    0x69, 0xFE, 0x69, 0xFE, 0x69, 0xFE, 0x69, 0xFE, 0x69, 0xFE, 0x69, 0xFE, 0x69, 0xFE, 0x69, 0xFE, 0x69, 0xFE, 0x69,
    0xFE, 0x87, 0xE5, 0x87, 0xE5, 0x87, 0xE5, 0xE1, 0x82, 0xE1, 0x82, 0xE1, 0x82, 0xE1, 0x82, 0x20, 0x62, 0x20, 0x62,
    0x20, 0x62, 0x20, 0x62, 0x20, 0x62, 0x20, 0x62, 0x20, 0x62, 0x20, 0x62, 0x20, 0x62, 0x20, 0x62, 0x20, 0x62, 0x20,
    0x62, 0x20, 0x62, 0x20, 0x62, 0x20, 0x62, 0x20, 0x62, 0x20, 0x62, 0x20, 0x62, 0x20, 0x62, 0x20, 0x62, 0x20, 0x62,
    0x20, 0x62, 0x20, 0x62, 0x20, 0x62, 0x20, 0x62, 0x20, 0x62, 0xE1, 0x82, 0xE1, 0x82, 0xE1, 0x82, 0xE1, 0x82, 0x87,
    0xE5, 0x87, 0xE5, 0x87, 0xE5, 0x69, 0xFE, 0x69, 0xFE, 0x69, 0xFE, 0x69, 0xFE, 0x69, 0xFE, 0x69, 0xFE, 0x69, 0xFE,
    0x69, 0xFE, 0x69, 0xFE, 0x69, 0xFE, 0x69, 0xFE, 0x69, 0xFE, 0x69, 0xFE, 0x69, 0xFE, 0x69, 0xFE, 0x69, 0xFE, 0x69,
    0xFE, 0xC8, 0xED, 0xC8, 0xED, 0xC8, 0xED, 0x20, 0x62, 0x20, 0x62, 0x20, 0x62, 0x20, 0x62, 0x20, 0x62, 0x20, 0x62,
    0x20, 0x62, 0x20, 0x62, 0x20, 0x62, 0x20, 0x62, 0x20, 0x62, 0x20, 0x62, 0x20, 0x62, 0x29, 0xF6, 0x29, 0xF6, 0x29,
    0xF6, 0x29, 0xF6, 0x69, 0xFE, 0x69, 0xFE, 0x69, 0xFE, 0x69, 0xFE, 0x69, 0xFE, 0x69, 0xFE, 0x69, 0xFE, 0x69, 0xFE,
    0x69, 0xFE, 0x69, 0xFE, 0x69, 0xFE, 0x69, 0xFE, 0x69, 0xFE, 0x69, 0xFE, 0x69, 0xFE, 0x69, 0xFE, 0x69, 0xFE, 0x69,
    0xFE, 0x69, 0xFE, 0x69, 0xFE, 0x69, 0xFE, 0x69, 0xFE, 0x69, 0xFE, 0x69, 0xFE, 0x69, 0xFE, 0x69, 0xFE, 0x69, 0xFE,
    0x69, 0xFE, 0x69, 0xFE, 0x69, 0xFE, 0x69, 0xFE, 0x69, 0xFE, 0x69, 0xFE, 0x69, 0xFE, 0x69, 0xFE, 0x69, 0xFE, 0x69,
    0xFE, 0x69, 0xFE, 0x69, 0xFE, 0x69, 0xFE, 0x69, 0xFE, 0x69, 0xFE, 0x69, 0xFE, 0x69, 0xFE, 0x69, 0xFE, 0x69, 0xFE,
    0x29, 0xF6, 0x29, 0xF6, 0x29, 0xF6, 0x29, 0xF6, 0x20, 0x62, 0x20, 0x62, 0x20, 0x62, 0x20, 0x62, 0x20, 0x62, 0x20,
    0x62, 0x20, 0x62, 0x20, 0x62, 0x20, 0x62, 0x20, 0x62, 0x20, 0x62, 0x20, 0x62, 0x20, 0x62, 0xC8, 0xED, 0xC8, 0xED,
    0xC8, 0xED, 0x69, 0xFE, 0x69, 0xFE, 0x69, 0xFE, 0x69, 0xFE, 0x69, 0xFE, 0x69, 0xFE, 0x69, 0xFE, 0x69, 0xFE, 0x69,
    0xFE, 0x69, 0xFE, 0x69, 0xFE, 0x69, 0xFE, 0x69, 0xFE, 0x69, 0xFE, 0x69, 0xFE, 0x69, 0xFE, 0x69, 0xFE, 0x87, 0xE5,
    0x87, 0xE5, 0x87, 0xE5, 0xE1, 0x82, 0xE1, 0x82, 0xE1, 0x82, 0xE1, 0x82, 0x20, 0x62, 0x20, 0x62, 0x20, 0x62, 0x20,
    0x62, 0x20, 0x62, 0x20, 0x62, 0x20, 0x62, 0x20, 0x62, 0x20, 0x62, 0x20, 0x62, 0x20, 0x62, 0x20, 0x62, 0x20, 0x62,
    0x20, 0x62, 0x20, 0x62, 0x20, 0x62, 0x20, 0x62, 0x20, 0x62, 0x20, 0x62, 0x20, 0x62, 0x20, 0x62, 0x20, 0x62, 0x20,
    0x62, 0x20, 0x62, 0x20, 0x62, 0x20, 0x62, 0xE1, 0x82, 0xE1, 0x82, 0xE1, 0x82, 0xE1, 0x82, 0x87, 0xE5, 0x87, 0xE5,
    0x87, 0xE5, 0x69, 0xFE, 0x69, 0xFE, 0x69, 0xFE, 0x69, 0xFE, 0x69, 0xFE, 0x69, 0xFE, 0x69, 0xFE, 0x69, 0xFE, 0x69,
    0xFE, 0x69, 0xFE, 0x69, 0xFE, 0x69, 0xFE, 0x69, 0xFE, 0x69, 0xFE, 0x69, 0xFE, 0x69, 0xFE, 0x69, 0xFE, 0x69, 0xFE,
    0x69, 0xFE, 0x69, 0xFE, 0x69, 0xFE, 0x69, 0xFE, 0x69, 0xFE, 0x69, 0xFE, 0x69, 0xFE, 0x69, 0xFE, 0x69, 0xFE, 0x69,
    0xFE, 0x69, 0xFE, 0x69, 0xFE, 0x69, 0xFE, 0x69, 0xFE, 0x69, 0xFE, 0x69, 0xFE, 0x69, 0xFE, 0x69, 0xFE, 0x69, 0xFE,
    0x69, 0xFE, 0x69, 0xFE, 0x69, 0xFE, 0x87, 0xE5, 0x87, 0xE5, 0x87, 0xE5, 0xE1, 0x82, 0xE1, 0x82, 0xE1, 0x82, 0xE1,
    0x82, 0x20, 0x62, 0x20, 0x62, 0x20, 0x62, 0x20, 0x62, 0x20, 0x62, 0x20, 0x62, 0x20, 0x62, 0x20, 0x62, 0x20, 0x62,
    0x20, 0x62, 0x20, 0x62, 0x20, 0x62, 0x20, 0x62, 0x20, 0x62, 0x20, 0x62, 0x20, 0x62, 0x20, 0x62, 0x20, 0x62, 0x20,
    0x62, 0x20, 0x62, 0x20, 0x62, 0x20, 0x62, 0x20, 0x62, 0x20, 0x62, 0x20, 0x62, 0x20, 0x62, 0xE1, 0x82, 0xE1, 0x82,
    0xE1, 0x82, 0xE1, 0x82, 0x87, 0xE5, 0x87, 0xE5, 0x87, 0xE5, 0x69, 0xFE, 0x69, 0xFE, 0x69, 0xFE, 0x69, 0xFE, 0x69,
    0xFE, 0x69, 0xFE, 0x69, 0xFE, 0x69, 0xFE, 0x69, 0xFE, 0x69, 0xFE, 0x69, 0xFE, 0x69, 0xFE, 0x69, 0xFE, 0x69, 0xFE,
    0x69, 0xFE, 0x69, 0xFE, 0x69, 0xFE, 0xC8, 0xED, 0xC8, 0xED, 0xC8, 0xED, 0x20, 0x62, 0x20, 0x62, 0x20, 0x62, 0x20,
    0x62, 0x20, 0x62, 0x20, 0x62, 0x20, 0x62, 0x20, 0x62, 0x20, 0x62, 0x20, 0x62, 0x20, 0x62, 0x20, 0x62, 0x20, 0x62,
    0x29, 0xF6, 0x29, 0xF6, 0x29, 0xF6, 0x29, 0xF6, 0x69, 0xFE, 0x69, 0xFE, 0x69, 0xFE, 0x69, 0xFE, 0x69, 0xFE, 0x69,
    0xFE, 0x69, 0xFE, 0x69, 0xFE, 0x69, 0xFE, 0x69, 0xFE, 0x69, 0xFE, 0x69, 0xFE, 0x69, 0xFE, 0x69, 0xFE, 0x69, 0xFE,
    0x69, 0xFE, 0x69, 0xFE, 0x69, 0xFE, 0x69, 0xFE, 0x69, 0xFE, 0x69, 0xFE, 0x69, 0xFE, 0x69, 0xFE, 0x69, 0xFE, 0x69,
    0xFE, 0x69, 0xFE, 0x69, 0xFE, 0x69, 0xFE, 0x69, 0xFE, 0x69, 0xFE, 0x69, 0xFE, 0x69, 0xFE, 0x69, 0xFE, 0x69, 0xFE,
    0x69, 0xFE, 0x69, 0xFE, 0x69, 0xFE, 0x69, 0xFE, 0x69, 0xFE, 0x69, 0xFE, 0x69, 0xFE, 0x69, 0xFE, 0x69, 0xFE, 0x69,
    0xFE, 0x69, 0xFE, 0x69, 0xFE, 0x29, 0xF6, 0x29, 0xF6, 0x29, 0xF6, 0x29, 0xF6, 0x20, 0x62, 0x20, 0x62, 0x20, 0x62,
    0x20, 0x62, 0x20, 0x62, 0x20, 0x62, 0x20, 0x62, 0x20, 0x62, 0x20, 0x62, 0x20, 0x62, 0x20, 0x62, 0x20, 0x62, 0x20,
    0x62, 0xC8, 0xED, 0xC8, 0xED, 0xC8, 0xED, 0x69, 0xFE, 0x69, 0xFE, 0x69, 0xFE, 0x69, 0xFE, 0x69, 0xFE, 0x69, 0xFE,
    0x69, 0xFE, 0x69, 0xFE, 0x69, 0xFE, 0x69, 0xFE, 0x69, 0xFE, 0x69, 0xFE, 0x69, 0xFE, 0x69, 0xFE, 0x69, 0xFE, 0x69,
    0xFE, 0x69, 0xFE, 0x87, 0xE5, 0x87, 0xE5, 0x87, 0xE5, 0xE1, 0x82, 0xE1, 0x82, 0xE1, 0x82, 0xE1, 0x82, 0x20, 0x62,
    0x20, 0x62, 0x20, 0x62, 0x20, 0x62, 0x20, 0x62, 0x20, 0x62, 0x20, 0x62, 0x20, 0x62, 0x20, 0x62, 0x20, 0x62, 0x20,
    0x62, 0x20, 0x62, 0x20, 0x62, 0x20, 0x62, 0x20, 0x62, 0x20, 0x62, 0x20, 0x62, 0x20, 0x62, 0x20, 0x62, 0x20, 0x62,
    0x20, 0x62, 0x20, 0x62, 0x20, 0x62, 0x20, 0x62, 0x20, 0x62, 0x20, 0x62, 0xE1, 0x82, 0xE1, 0x82, 0xE1, 0x82, 0xE1,
    0x82, 0x87, 0xE5, 0x87, 0xE5, 0x87, 0xE5, 0x69, 0xFE, 0x69, 0xFE, 0x69, 0xFE, 0x69, 0xFE, 0x69, 0xFE, 0x69, 0xFE,
    0x69, 0xFE, 0x69, 0xFE, 0x69, 0xFE, 0x69, 0xFE, 0x69, 0xFE, 0x69, 0xFE, 0x69, 0xFE, 0x69, 0xFE, 0x69, 0xFE, 0x69,
    0xFE, 0x69, 0xFE, 0x69, 0xFE, 0x69, 0xFE, 0x69, 0xFE, 0x69, 0xFE, 0x69, 0xFE, 0x69, 0xFE, 0x69, 0xFE, 0x69, 0xFE,
    0x69, 0xFE, 0x69, 0xFE, 0x69, 0xFE, 0x69, 0xFE, 0x69, 0xFE, 0x69, 0xFE, 0x69, 0xFE, 0x69, 0xFE, 0x69, 0xFE, 0x69,
    0xFE, 0x69, 0xFE, 0x69, 0xFE, 0x69, 0xFE, 0x69, 0xFE, 0x69, 0xFE, 0x87, 0xE5, 0x87, 0xE5, 0x87, 0xE5, 0xE1, 0x82,
    0xE1, 0x82, 0xE1, 0x82, 0xE1, 0x82, 0x20, 0x62, 0x20, 0x62, 0x20, 0x62, 0x20, 0x62, 0x20, 0x62, 0x20, 0x62, 0x20,
    0x62, 0x20, 0x62, 0x20, 0x62, 0x20, 0x62, 0x20, 0x62, 0x20, 0x62, 0x20, 0x62, 0x20, 0x62, 0x20, 0x62, 0x20, 0x62,
    0x20, 0x62, 0x20, 0x62, 0x20, 0x62, 0x20, 0x62, 0x20, 0x62, 0x20, 0x62, 0x20, 0x62, 0x20, 0x62, 0x20, 0x62, 0x20,
    0x62, 0xE1, 0x82, 0xE1, 0x82, 0xE1, 0x82, 0xE1, 0x82, 0x87, 0xE5, 0x87, 0xE5, 0x87, 0xE5, 0x69, 0xFE, 0x69, 0xFE,
    0x69, 0xFE, 0x69, 0xFE, 0x69, 0xFE, 0x69, 0xFE, 0x69, 0xFE, 0x69, 0xFE, 0x69, 0xFE, 0x69, 0xFE, 0x69, 0xFE, 0x69,
    0xFE, 0x69, 0xFE, 0x69, 0xFE, 0x69, 0xFE, 0x69, 0xFE, 0x69, 0xFE, 0xC8, 0xED, 0xC8, 0xED, 0xC8, 0xED, 0x20, 0x62,
    0x20, 0x62, 0x20, 0x62, 0x20, 0x62, 0x20, 0x62, 0x20, 0x62, 0x20, 0x62, 0x20, 0x62, 0x20, 0x62, 0x20, 0x62, 0x20,
    0x62, 0x20, 0x62, 0x20, 0x62, 0x29, 0xF6, 0x29, 0xF6, 0x29, 0xF6, 0x29, 0xF6, 0x69, 0xFE, 0x69, 0xFE, 0x69, 0xFE,
    0x69, 0xFE, 0x69, 0xFE, 0x69, 0xFE, 0x69, 0xFE, 0x69, 0xFE, 0x69, 0xFE, 0x69, 0xFE, 0x69, 0xFE, 0x69, 0xFE, 0x69,
    0xFE, 0x69, 0xFE, 0x69, 0xFE, 0x69, 0xFE, 0x69, 0xFE, 0x69, 0xFE, 0x69, 0xFE, 0x69, 0xFE, 0x69, 0xFE, 0x69, 0xFE,
    0x69, 0xFE, 0x69, 0xFE, 0x69, 0xFE, 0x69, 0xFE, 0x69, 0xFE, 0x69, 0xFE, 0x69, 0xFE, 0x69, 0xFE, 0x69, 0xFE, 0x69,
    0xFE, 0x69, 0xFE, 0x69, 0xFE, 0x69, 0xFE, 0x69, 0xFE, 0x69, 0xFE, 0x69, 0xFE, 0x69, 0xFE, 0x69, 0xFE, 0x69, 0xFE,
    0x69, 0xFE, 0x69, 0xFE, 0x69, 0xFE, 0x69, 0xFE, 0x69, 0xFE, 0x69, 0xFE, 0x69, 0xFE, 0x69, 0xFE, 0x69, 0xFE, 0x45,
    0xB4, 0x45, 0xB4, 0x45, 0xB4, 0x20, 0x62, 0x20, 0x62, 0x20, 0x62, 0x20, 0x62, 0x20, 0x62, 0x20, 0x62, 0x20, 0x62,
    0x45, 0xB4, 0x45, 0xB4, 0x45, 0xB4, 0x69, 0xFE, 0x69, 0xFE, 0x69, 0xFE, 0x69, 0xFE, 0x69, 0xFE, 0x69, 0xFE, 0x69,
    0xFE, 0x69, 0xFE, 0x69, 0xFE, 0x69, 0xFE, 0x69, 0xFE, 0x69, 0xFE, 0x69, 0xFE, 0x69, 0xFE, 0x69, 0xFE, 0x69, 0xFE,
    0x69, 0xFE, 0x87, 0xE5, 0x87, 0xE5, 0x87, 0xE5, 0x60, 0x72, 0x60, 0x72, 0x60, 0x72, 0x20, 0x62, 0x20, 0x62, 0x20,
    0x62, 0x20, 0x62, 0x20, 0x62, 0x20, 0x62, 0x20, 0x62, 0x20, 0x62, 0x20, 0x62, 0x20, 0x62, 0x20, 0x62, 0x20, 0x62,
    0x20, 0x62, 0x20, 0x62, 0x20, 0x62, 0x20, 0x62, 0x20, 0x62, 0x20, 0x62, 0x20, 0x62, 0x20, 0x62, 0x20, 0x62, 0x20,
    0x62, 0x20, 0x62, 0x20, 0x62, 0x20, 0x62, 0x20, 0x62, 0x20, 0x62, 0x20, 0x62, 0x20, 0x62, 0x20, 0x62, 0x20, 0x62,
    0x20, 0x62, 0x20, 0x62, 0x20, 0x62, 0x60, 0x72, 0x60, 0x72, 0x60, 0x72, 0x87, 0xE5, 0x87, 0xE5, 0x87, 0xE5, 0x69,
    0xFE, 0x69, 0xFE, 0x69, 0xFE, 0x69, 0xFE, 0x69, 0xFE, 0x69, 0xFE, 0x69, 0xFE, 0x69, 0xFE, 0x69, 0xFE, 0x69, 0xFE,
    0x69, 0xFE, 0x69, 0xFE, 0x69, 0xFE, 0x69, 0xFE, 0x69, 0xFE, 0x69, 0xFE, 0x69, 0xFE, 0x69, 0xFE, 0x69, 0xFE, 0x69,
    0xFE, 0x69, 0xFE, 0x69, 0xFE, 0x69, 0xFE, 0x69, 0xFE, 0x69, 0xFE, 0x69, 0xFE, 0x69, 0xFE, 0x69, 0xFE, 0x69, 0xFE,
    0x69, 0xFE, 0x69, 0xFE, 0x69, 0xFE, 0x69, 0xFE, 0x69, 0xFE, 0x87, 0xE5, 0x87, 0xE5, 0x87, 0xE5, 0x60, 0x72, 0x60,
    0x72, 0x60, 0x72, 0x20, 0x62, 0x20, 0x62, 0x20, 0x62, 0x20, 0x62, 0x20, 0x62, 0x20, 0x62, 0x20, 0x62, 0x20, 0x62,
    0x20, 0x62, 0x20, 0x62, 0x20, 0x62, 0x20, 0x62, 0x20, 0x62, 0x20, 0x62, 0x20, 0x62, 0x20, 0x62, 0x20, 0x62, 0x20,
    0x62, 0x20, 0x62, 0x20, 0x62, 0x20, 0x62, 0x20, 0x62, 0x20, 0x62, 0x20, 0x62, 0x20, 0x62, 0x20, 0x62, 0x20, 0x62,
    0x20, 0x62, 0x20, 0x62, 0x20, 0x62, 0x20, 0x62, 0x20, 0x62, 0x20, 0x62, 0x20, 0x62, 0x60, 0x72, 0x60, 0x72, 0x60,
    0x72, 0x87, 0xE5, 0x87, 0xE5, 0x87, 0xE5, 0x69, 0xFE, 0x69, 0xFE, 0x69, 0xFE, 0x69, 0xFE, 0x69, 0xFE, 0x69, 0xFE,
    0x69, 0xFE, 0x69, 0xFE, 0x69, 0xFE, 0x69, 0xFE, 0x69, 0xFE, 0x69, 0xFE, 0x69, 0xFE, 0x69, 0xFE, 0x69, 0xFE, 0x69,
    0xFE, 0x69, 0xFE, 0x45, 0xB4, 0x45, 0xB4, 0x45, 0xB4, 0x20, 0x62, 0x20, 0x62, 0x20, 0x62, 0x20, 0x62, 0x20, 0x62,
    0x20, 0x62, 0x20, 0x62, 0x45, 0xB4, 0x45, 0xB4, 0x45, 0xB4, 0x69, 0xFE, 0x69, 0xFE, 0x69, 0xFE, 0x69, 0xFE, 0x69,
    0xFE, 0x69, 0xFE, 0x69, 0xFE, 0x69, 0xFE, 0x69, 0xFE, 0x69, 0xFE, 0x69, 0xFE, 0x69, 0xFE, 0x69, 0xFE, 0x69, 0xFE,
    0x69, 0xFE, 0x69, 0xFE, 0x69, 0xFE, 0x69, 0xFE, 0x69, 0xFE, 0x69, 0xFE, 0x69, 0xFE, 0x69, 0xFE, 0x69, 0xFE, 0x69,
    0xFE, 0x69, 0xFE, 0x69, 0xFE, 0x69, 0xFE, 0x69, 0xFE, 0x69, 0xFE, 0x69, 0xFE, 0x69, 0xFE, 0x69, 0xFE, 0x69, 0xFE,
    0x69, 0xFE, 0x69, 0xFE, 0x69, 0xFE, 0x69, 0xFE, 0x69, 0xFE, 0x69, 0xFE, 0x69, 0xFE, 0x69, 0xFE, 0x69, 0xFE, 0x69,
    0xFE, 0x69, 0xFE, 0x69, 0xFE, 0x69, 0xFE, 0x69, 0xFE, 0x69, 0xFE, 0x69, 0xFE, 0x69, 0xFE, 0x69, 0xFE, 0x69, 0xFE,
    0x69, 0xFE, 0x69, 0xFE, 0x45, 0xB4, 0x45, 0xB4, 0x45, 0xB4, 0x20, 0x62, 0x20, 0x62, 0x20, 0x62, 0x20, 0x62, 0x20,
    0x62, 0x20, 0x62, 0x20, 0x62, 0x45, 0xB4, 0x45, 0xB4, 0x45, 0xB4, 0x69, 0xFE, 0x69, 0xFE, 0x69, 0xFE, 0x69, 0xFE,
    0x69, 0xFE, 0x69, 0xFE, 0x69, 0xFE, 0x69, 0xFE, 0x69, 0xFE, 0x69, 0xFE, 0x69, 0xFE, 0x69, 0xFE, 0x69, 0xFE, 0x69,
    0xFE, 0x69, 0xFE, 0x69, 0xFE, 0x69, 0xFE, 0x87, 0xE5, 0x87, 0xE5, 0x87, 0xE5, 0x60, 0x72, 0x60, 0x72, 0x60, 0x72,
    0x20, 0x62, 0x20, 0x62, 0x20, 0x62, 0x20, 0x62, 0x20, 0x62, 0x20, 0x62, 0x20, 0x62, 0x20, 0x62, 0x20, 0x62, 0x20,
    0x62, 0x20, 0x62, 0x20, 0x62, 0x20, 0x62, 0x20, 0x62, 0x20, 0x62, 0x20, 0x62, 0x20, 0x62, 0x20, 0x62, 0x20, 0x62,
    0x20, 0x62, 0x20, 0x62, 0x20, 0x62, 0x20, 0x62, 0x20, 0x62, 0x20, 0x62, 0x20, 0x62, 0x20, 0x62, 0x20, 0x62, 0x20,
    0x62, 0x20, 0x62, 0x20, 0x62, 0x20, 0x62, 0x20, 0x62, 0x20, 0x62, 0x60, 0x72, 0x60, 0x72, 0x60, 0x72, 0x87, 0xE5,
    0x87, 0xE5, 0x87, 0xE5, 0x69, 0xFE, 0x69, 0xFE, 0x69, 0xFE, 0x69, 0xFE, 0x69, 0xFE, 0x69, 0xFE, 0x69, 0xFE, 0x69,
    0xFE, 0x69, 0xFE, 0x69, 0xFE, 0x69, 0xFE, 0x69, 0xFE, 0x69, 0xFE, 0x69, 0xFE, 0x69, 0xFE, 0x69, 0xFE, 0x69, 0xFE,
    0x69, 0xFE, 0x69, 0xFE, 0x69, 0xFE, 0x69, 0xFE, 0x69, 0xFE, 0x69, 0xFE, 0x69, 0xFE, 0x69, 0xFE, 0x69, 0xFE, 0x69,
    0xFE, 0x69, 0xFE, 0x69, 0xFE, 0x69, 0xFE, 0x69, 0xFE, 0x69, 0xFE, 0x69, 0xFE, 0x69, 0xFE, 0x87, 0xE5, 0x87, 0xE5,
    0x87, 0xE5, 0x60, 0x72, 0x60, 0x72, 0x60, 0x72, 0x20, 0x62, 0x20, 0x62, 0x20, 0x62, 0x20, 0x62, 0x20, 0x62, 0x20,
    0x62, 0x20, 0x62, 0x20, 0x62, 0x20, 0x62, 0x20, 0x62, 0x20, 0x62, 0x20, 0x62, 0x20, 0x62, 0x20, 0x62, 0x20, 0x62,
    0x20, 0x62, 0x20, 0x62, 0x20, 0x62, 0x20, 0x62, 0x20, 0x62, 0x20, 0x62, 0x20, 0x62, 0x20, 0x62, 0x20, 0x62, 0x20,
    0x62, 0x20, 0x62, 0x20, 0x62, 0x20, 0x62, 0x20, 0x62, 0x20, 0x62, 0x20, 0x62, 0x20, 0x62, 0x20, 0x62, 0x20, 0x62,
    0x60, 0x72, 0x60, 0x72, 0x60, 0x72, 0x87, 0xE5, 0x87, 0xE5, 0x87, 0xE5, 0x69, 0xFE, 0x69, 0xFE, 0x69, 0xFE, 0x69,
    0xFE, 0x69, 0xFE, 0x69, 0xFE, 0x69, 0xFE, 0x69, 0xFE, 0x69, 0xFE, 0x69, 0xFE, 0x69, 0xFE, 0x69, 0xFE, 0x69, 0xFE,
    0x69, 0xFE, 0x69, 0xFE, 0x69, 0xFE, 0x69, 0xFE, 0x45, 0xB4, 0x45, 0xB4, 0x45, 0xB4, 0x20, 0x62, 0x20, 0x62, 0x20,
    0x62, 0x20, 0x62, 0x20, 0x62, 0x20, 0x62, 0x20, 0x62, 0x45, 0xB4, 0x45, 0xB4, 0x45, 0xB4, 0x69, 0xFE, 0x69, 0xFE,
    0x69, 0xFE, 0x69, 0xFE, 0x69, 0xFE, 0x69, 0xFE, 0x69, 0xFE, 0x69, 0xFE, 0x69, 0xFE, 0x69, 0xFE, 0x69, 0xFE, 0x69,
    0xFE, 0x69, 0xFE, 0x69, 0xFE, 0x69, 0xFE, 0x69, 0xFE, 0x69, 0xFE, 0x69, 0xFE, 0x69, 0xFE, 0x69, 0xFE, 0x69, 0xFE,
    0x69, 0xFE, 0x69, 0xFE, 0x69, 0xFE, 0x69, 0xFE, 0x69, 0xFE, 0x69, 0xFE, 0x69, 0xFE, 0x69, 0xFE, 0x69, 0xFE, 0x69,
    0xFE, 0x69, 0xFE, 0x69, 0xFE, 0x69, 0xFE, 0x69, 0xFE, 0x69, 0xFE, 0x69, 0xFE, 0x69, 0xFE, 0x69, 0xFE, 0x69, 0xFE,
    0x69, 0xFE, 0x69, 0xFE, 0x69, 0xFE, 0x69, 0xFE, 0x69, 0xFE, 0x69, 0xFE, 0x69, 0xFE, 0x69, 0xFE, 0x69, 0xFE, 0x69,
    0xFE, 0x69, 0xFE, 0x69, 0xFE, 0x69, 0xFE, 0x69, 0xFE, 0x45, 0xB4, 0x45, 0xB4, 0x45, 0xB4, 0x20, 0x62, 0x20, 0x62,
    0x20, 0x62, 0x20, 0x62, 0x20, 0x62, 0x20, 0x62, 0x20, 0x62, 0x45, 0xB4, 0x45, 0xB4, 0x45, 0xB4, 0x69, 0xFE, 0x69,
    0xFE, 0x69, 0xFE, 0x69, 0xFE, 0x69, 0xFE, 0x69, 0xFE, 0x69, 0xFE, 0x69, 0xFE, 0x69, 0xFE, 0x69, 0xFE, 0x69, 0xFE,
    0x69, 0xFE, 0x69, 0xFE, 0x69, 0xFE, 0x69, 0xFE, 0x69, 0xFE, 0x69, 0xFE, 0x87, 0xE5, 0x87, 0xE5, 0x87, 0xE5, 0x60,
    0x72, 0x60, 0x72, 0x60, 0x72, 0x20, 0x62, 0x20, 0x62, 0x20, 0x62, 0x20, 0x62, 0x20, 0x62, 0x20, 0x62, 0x20, 0x62,
    0x20, 0x62, 0x20, 0x62, 0x20, 0x62, 0x20, 0x62, 0x20, 0x62, 0x20, 0x62, 0x20, 0x62, 0x20, 0x62, 0x20, 0x62, 0x20,
    0x62, 0x20, 0x62, 0x20, 0x62, 0x20, 0x62, 0x20, 0x62, 0x20, 0x62, 0x20, 0x62, 0x20, 0x62, 0x20, 0x62, 0x20, 0x62,
    0x20, 0x62, 0x20, 0x62, 0x20, 0x62, 0x20, 0x62, 0x20, 0x62, 0x20, 0x62, 0x20, 0x62, 0x20, 0x62, 0x60, 0x72, 0x60,
    0x72, 0x60, 0x72, 0x87, 0xE5, 0x87, 0xE5, 0x87, 0xE5, 0x69, 0xFE, 0x69, 0xFE, 0x69, 0xFE, 0x69, 0xFE, 0x69, 0xFE,
    0x69, 0xFE, 0x69, 0xFE, 0x69, 0xFE, 0x69, 0xFE, 0x69, 0xFE, 0x69, 0xFE, 0x69, 0xFE, 0x69, 0xFE, 0x69, 0xFE, 0x69,
    0xFE, 0x69, 0xFE, 0x69, 0xFE, 0x69, 0xFE, 0x69, 0xFE, 0x69, 0xFE, 0x69, 0xFE, 0x69, 0xFE, 0x69, 0xFE, 0x69, 0xFE,
    0x69, 0xFE, 0x69, 0xFE, 0x69, 0xFE, 0x69, 0xFE, 0x69, 0xFE, 0x69, 0xFE, 0x69, 0xFE, 0x69, 0xFE, 0x69, 0xFE, 0x69,
    0xFE, 0x87, 0xE5, 0x87, 0xE5, 0x87, 0xE5, 0x60, 0x72, 0x60, 0x72, 0x60, 0x72, 0x20, 0x62, 0x20, 0x62, 0x20, 0x62,
    0x20, 0x62, 0x20, 0x62, 0x20, 0x62, 0x20, 0x62, 0x20, 0x62, 0x20, 0x62, 0x20, 0x62, 0x20, 0x62, 0x20, 0x62, 0x20,
    0x62, 0x20, 0x62, 0x20, 0x62, 0x20, 0x62, 0x20, 0x62, 0x20, 0x62, 0x20, 0x62, 0x20, 0x62, 0x20, 0x62, 0x20, 0x62,
    0x20, 0x62, 0x20, 0x62, 0x20, 0x62, 0x20, 0x62, 0x20, 0x62, 0x20, 0x62, 0x20, 0x62, 0x20, 0x62, 0x20, 0x62, 0x20,
    0x62, 0x20, 0x62, 0x20, 0x62, 0x60, 0x72, 0x60, 0x72, 0x60, 0x72, 0x87, 0xE5, 0x87, 0xE5, 0x87, 0xE5, 0x69, 0xFE,
    0x69, 0xFE, 0x69, 0xFE, 0x69, 0xFE, 0x69, 0xFE, 0x69, 0xFE, 0x69, 0xFE, 0x69, 0xFE, 0x69, 0xFE, 0x69, 0xFE, 0x69,
    0xFE, 0x69, 0xFE, 0x69, 0xFE, 0x69, 0xFE, 0x69, 0xFE, 0x69, 0xFE, 0x69, 0xFE, 0x45, 0xB4, 0x45, 0xB4, 0x45, 0xB4,
    0x20, 0x62, 0x20, 0x62, 0x20, 0x62, 0x20, 0x62, 0x20, 0x62, 0x20, 0x62, 0x20, 0x62, 0x45, 0xB4, 0x45, 0xB4, 0x45,
    0xB4, 0x69, 0xFE, 0x69, 0xFE, 0x69, 0xFE, 0x69, 0xFE, 0x69, 0xFE, 0x69, 0xFE, 0x69, 0xFE, 0x69, 0xFE, 0x69, 0xFE,
    0x69, 0xFE, 0x69, 0xFE, 0x69, 0xFE, 0x69, 0xFE, 0x69, 0xFE, 0x69, 0xFE, 0x69, 0xFE, 0x69, 0xFE, 0x69, 0xFE, 0x69,
    0xFE, 0x69, 0xFE, 0x69, 0xFE, 0x69, 0xFE, 0x69, 0xFE, 0x69, 0xFE, 0x69, 0xFE, 0x69, 0xFE, 0x69, 0xFE, 0x69, 0xFE,
    0x69, 0xFE, 0x69, 0xFE, 0x69, 0xFE, 0x69, 0xFE, 0x69, 0xFE, 0x69, 0xFE, 0x69, 0xFE, 0x69, 0xFE, 0x69, 0xFE, 0x69,
    0xFE, 0x69, 0xFE, 0x69, 0xFE, 0x69, 0xFE, 0x69, 0xFE, 0x69, 0xFE, 0x69, 0xFE, 0x69, 0xFE, 0x69, 0xFE, 0x69, 0xFE,
    0x69, 0xFE, 0x69, 0xFE, 0x69, 0xFE, 0x69, 0xFE, 0x69, 0xFE, 0x69, 0xFE, 0x69, 0xFE, 0x45, 0xB4, 0x45, 0xB4, 0x45,
    0xB4, 0x20, 0x62, 0x20, 0x62, 0x20, 0x62, 0x20, 0x62, 0x20, 0x62, 0x20, 0x62, 0x20, 0x62, 0x45, 0xB4, 0x45, 0xB4,
    0x45, 0xB4, 0x69, 0xFE, 0x69, 0xFE, 0x69, 0xFE, 0x69, 0xFE, 0x69, 0xFE, 0x69, 0xFE, 0x69, 0xFE, 0x69, 0xFE, 0x69,
    0xFE, 0x69, 0xFE, 0x69, 0xFE, 0x69, 0xFE, 0x69, 0xFE, 0x69, 0xFE, 0x69, 0xFE, 0x69, 0xFE, 0x69, 0xFE, 0x87, 0xE5,
    0x87, 0xE5, 0x87, 0xE5, 0x60, 0x72, 0x60, 0x72, 0x60, 0x72, 0x20, 0x62, 0x20, 0x62, 0x20, 0x62, 0x20, 0x62, 0x20,
    0x62, 0x20, 0x62, 0x20, 0x62, 0x20, 0x62, 0x20, 0x62, 0x20, 0x62, 0x20, 0x62, 0x20, 0x62, 0x20, 0x62, 0x20, 0x62,
    0x20, 0x62, 0x20, 0x62, 0x20, 0x62, 0x20, 0x62, 0x20, 0x62, 0x20, 0x62, 0x20, 0x62, 0x20, 0x62, 0x20, 0x62, 0x20,
    0x62, 0x20, 0x62, 0x20, 0x62, 0x20, 0x62, 0x20, 0x62, 0x20, 0x62, 0x20, 0x62, 0x20, 0x62, 0x20, 0x62, 0x20, 0x62,
    0x20, 0x62, 0x60, 0x72, 0x60, 0x72, 0x60, 0x72, 0x87, 0xE5, 0x87, 0xE5, 0x87, 0xE5, 0x69, 0xFE, 0x69, 0xFE, 0x69,
    0xFE, 0x69, 0xFE, 0x69, 0xFE, 0x69, 0xFE, 0x69, 0xFE, 0x69, 0xFE, 0x69, 0xFE, 0x69, 0xFE, 0x69, 0xFE, 0x69, 0xFE,
    0x69, 0xFE, 0x69, 0xFE, 0x69, 0xFE, 0x69, 0xFE, 0x69, 0xFE, 0x69, 0xFE, 0x69, 0xFE, 0x69, 0xFE, 0x69, 0xFE, 0x69,
    0xFE, 0x69, 0xFE, 0x69, 0xFE, 0x69, 0xFE, 0x69, 0xFE, 0x69, 0xFE, 0x69, 0xFE, 0x69, 0xFE, 0x69, 0xFE, 0x69, 0xFE,
    0x69, 0xFE, 0x69, 0xFE, 0x69, 0xFE, 0x87, 0xE5, 0x87, 0xE5, 0x87, 0xE5, 0x60, 0x72, 0x60, 0x72, 0x60, 0x72, 0x20,
    0x62, 0x20, 0x62, 0x20, 0x62, 0x20, 0x62, 0x20, 0x62, 0x20, 0x62, 0x20, 0x62, 0x20, 0x62, 0x20, 0x62, 0x20, 0x62,
    0x20, 0x62, 0x20, 0x62, 0x20, 0x62, 0x20, 0x62, 0x20, 0x62, 0x20, 0x62, 0x20, 0x62, 0x20, 0x62, 0x20, 0x62, 0x20,
    0x62, 0x20, 0x62, 0x20, 0x62, 0x20, 0x62, 0x20, 0x62, 0x20, 0x62, 0x20, 0x62, 0x20, 0x62, 0x20, 0x62, 0x20, 0x62,
    0x20, 0x62, 0x20, 0x62, 0x20, 0x62, 0x20, 0x62, 0x20, 0x62, 0x60, 0x72, 0x60, 0x72, 0x60, 0x72, 0x87, 0xE5, 0x87,
    0xE5, 0x87, 0xE5, 0x69, 0xFE, 0x69, 0xFE, 0x69, 0xFE, 0x69, 0xFE, 0x69, 0xFE, 0x69, 0xFE, 0x69, 0xFE, 0x69, 0xFE,
    0x69, 0xFE, 0x69, 0xFE, 0x69, 0xFE, 0x69, 0xFE, 0x69, 0xFE, 0x69, 0xFE, 0x69, 0xFE, 0x69, 0xFE, 0x69, 0xFE, 0x45,
    0xB4, 0x45, 0xB4, 0x45, 0xB4, 0x20, 0x62, 0x20, 0x62, 0x20, 0x62, 0x20, 0x62, 0x20, 0x62, 0x20, 0x62, 0x20, 0x62,
    0x45, 0xB4, 0x45, 0xB4, 0x45, 0xB4, 0x69, 0xFE, 0x69, 0xFE, 0x69, 0xFE, 0x69, 0xFE, 0x69, 0xFE, 0x69, 0xFE, 0x69,
    0xFE, 0x69, 0xFE, 0x69, 0xFE, 0x69, 0xFE, 0x69, 0xFE, 0x69, 0xFE, 0x69, 0xFE, 0x69, 0xFE, 0x69, 0xFE, 0x69, 0xFE,
    0x69, 0xFE, 0x69, 0xFE, 0x69, 0xFE, 0x69, 0xFE, 0x69, 0xFE, 0x69, 0xFE, 0x69, 0xFE, 0x69, 0xFE, 0x69, 0xFE, 0x69,
    0xFE, 0x69, 0xFE, 0x69, 0xFE, 0x69, 0xFE, 0x69, 0xFE, 0x69, 0xFE, 0x69, 0xFE, 0x69, 0xFE, 0x69, 0xFE, 0x69, 0xFE,
    0x69, 0xFE, 0x69, 0xFE, 0x69, 0xFE, 0x69, 0xFE, 0x69, 0xFE, 0x69, 0xFE, 0x69, 0xFE, 0x69, 0xFE, 0x69, 0xFE, 0x69,
    0xFE, 0x69, 0xFE, 0x69, 0xFE, 0x69, 0xFE, 0x69, 0xFE, 0x69, 0xFE, 0x69, 0xFE, 0x69, 0xFE, 0x69, 0xFE, 0x69, 0xFE,
    0x69, 0xFE, 0x69, 0xFE, 0x69, 0xFE, 0x29, 0xF6, 0x29, 0xF6, 0x29, 0xF6, 0x29, 0xF6, 0x29, 0xF6, 0x29, 0xF6, 0x29,
    0xF6, 0x69, 0xFE, 0x69, 0xFE, 0x69, 0xFE, 0x69, 0xFE, 0x69, 0xFE, 0x69, 0xFE, 0x69, 0xFE, 0x69, 0xFE, 0x69, 0xFE,
    0x69, 0xFE, 0x69, 0xFE, 0x69, 0xFE, 0x69, 0xFE, 0x69, 0xFE, 0x69, 0xFE, 0x69, 0xFE, 0x87, 0xE5, 0x87, 0xE5, 0x87,
    0xE5, 0x87, 0xE5, 0x60, 0x72, 0x60, 0x72, 0x60, 0x72, 0x20, 0x62, 0x20, 0x62, 0x20, 0x62, 0x20, 0x62, 0x20, 0x62,
    0x20, 0x62, 0x20, 0x62, 0x20, 0x62, 0x20, 0x62, 0x20, 0x62, 0x20, 0x62, 0x20, 0x62, 0x20, 0x62, 0x20, 0x62, 0x20,
    0x62, 0x20, 0x62, 0x20, 0x62, 0x20, 0x62, 0x20, 0x62, 0x20, 0x62, 0x20, 0x62, 0x20, 0x62, 0x20, 0x62, 0x20, 0x62,
    0x20, 0x62, 0x20, 0x62, 0x20, 0x62, 0x20, 0x62, 0x20, 0x62, 0x20, 0x62, 0x20, 0x62, 0x20, 0x62, 0x20, 0x62, 0x20,
    0x62, 0x20, 0x62, 0x20, 0x62, 0x20, 0x62, 0x20, 0x62, 0x20, 0x62, 0x20, 0x62, 0x60, 0x72, 0x60, 0x72, 0x60, 0x72,
    0x87, 0xE5, 0x87, 0xE5, 0x87, 0xE5, 0x87, 0xE5, 0x69, 0xFE, 0x69, 0xFE, 0x69, 0xFE, 0x69, 0xFE, 0x69, 0xFE, 0x69,
    0xFE, 0x69, 0xFE, 0x69, 0xFE, 0x69, 0xFE, 0x69, 0xFE, 0x69, 0xFE, 0x69, 0xFE, 0x69, 0xFE, 0x69, 0xFE, 0x69, 0xFE,
    0x69, 0xFE, 0x69, 0xFE, 0x69, 0xFE, 0x69, 0xFE, 0x69, 0xFE, 0x69, 0xFE, 0x69, 0xFE, 0x69, 0xFE, 0x69, 0xFE, 0x69,
    0xFE, 0x69, 0xFE, 0x87, 0xE5, 0x87, 0xE5, 0x87, 0xE5, 0x87, 0xE5, 0x60, 0x72, 0x60, 0x72, 0x60, 0x72, 0x20, 0x62,
    0x20, 0x62, 0x20, 0x62, 0x20, 0x62, 0x20, 0x62, 0x20, 0x62, 0x20, 0x62, 0x20, 0x62, 0x20, 0x62, 0x20, 0x62, 0x20,
    0x62, 0x20, 0x62, 0x20, 0x62, 0x20, 0x62, 0x20, 0x62, 0x20, 0x62, 0x20, 0x62, 0x20, 0x62, 0x20, 0x62, 0x20, 0x62,
    0x20, 0x62, 0x20, 0x62, 0x20, 0x62, 0x20, 0x62, 0x20, 0x62, 0x20, 0x62, 0x20, 0x62, 0x20, 0x62, 0x20, 0x62, 0x20,
    0x62, 0x20, 0x62, 0x20, 0x62, 0x20, 0x62, 0x20, 0x62, 0x20, 0x62, 0x20, 0x62, 0x20, 0x62, 0x20, 0x62, 0x20, 0x62,
    0x20, 0x62, 0x60, 0x72, 0x60, 0x72, 0x60, 0x72, 0x87, 0xE5, 0x87, 0xE5, 0x87, 0xE5, 0x87, 0xE5, 0x69, 0xFE, 0x69,
    0xFE, 0x69, 0xFE, 0x69, 0xFE, 0x69, 0xFE, 0x69, 0xFE, 0x69, 0xFE, 0x69, 0xFE, 0x69, 0xFE, 0x69, 0xFE, 0x69, 0xFE,
    0x69, 0xFE, 0x69, 0xFE, 0x69, 0xFE, 0x69, 0xFE, 0x69, 0xFE, 0x29, 0xF6, 0x29, 0xF6, 0x29, 0xF6, 0x29, 0xF6, 0x29,
    0xF6, 0x29, 0xF6, 0x29, 0xF6, 0x69, 0xFE, 0x69, 0xFE, 0x69, 0xFE, 0x69, 0xFE, 0x69, 0xFE, 0x69, 0xFE, 0x69, 0xFE,
    0x69, 0xFE, 0x69, 0xFE, 0x69, 0xFE, 0x69, 0xFE, 0x69, 0xFE, 0x69, 0xFE, 0x69, 0xFE, 0x69, 0xFE, 0x69, 0xFE, 0x69,
    0xFE, 0x69, 0xFE, 0x69, 0xFE, 0x69, 0xFE, 0x69, 0xFE, 0x69, 0xFE, 0x69, 0xFE, 0x69, 0xFE, 0x69, 0xFE, 0x69, 0xFE,
    0x69, 0xFE, 0x69, 0xFE, 0x69, 0xFE, 0x69, 0xFE, 0x69, 0xFE, 0x69, 0xFE, 0x69, 0xFE, 0x69, 0xFE, 0x69, 0xFE, 0x69,
    0xFE, 0x69, 0xFE, 0x69, 0xFE, 0x69, 0xFE, 0x69, 0xFE, 0x69, 0xFE, 0x69, 0xFE, 0x69, 0xFE, 0x69, 0xFE, 0x69, 0xFE,
    0x69, 0xFE, 0x69, 0xFE, 0x69, 0xFE, 0x69, 0xFE, 0x69, 0xFE, 0x69, 0xFE, 0x69, 0xFE, 0x69, 0xFE, 0x69, 0xFE, 0x69,
    0xFE, 0x69, 0xFE, 0x69, 0xFE, 0x69, 0xFE, 0x69, 0xFE, 0x69, 0xFE, 0x29, 0xF6, 0x29, 0xF6, 0x29, 0xF6, 0x29, 0xF6,
    0x29, 0xF6, 0x29, 0xF6, 0x29, 0xF6, 0x69, 0xFE, 0x69, 0xFE, 0x69, 0xFE, 0x69, 0xFE, 0x69, 0xFE, 0x69, 0xFE, 0x69,
    0xFE, 0x69, 0xFE, 0x69, 0xFE, 0x69, 0xFE, 0x69, 0xFE, 0x69, 0xFE, 0x69, 0xFE, 0x69, 0xFE, 0x69, 0xFE, 0x69, 0xFE,
    0x87, 0xE5, 0x87, 0xE5, 0x87, 0xE5, 0x87, 0xE5, 0x60, 0x72, 0x60, 0x72, 0x60, 0x72, 0x20, 0x62, 0x20, 0x62, 0x20,
    0x62, 0x20, 0x62, 0x20, 0x62, 0x20, 0x62, 0x20, 0x62, 0x20, 0x62, 0x20, 0x62, 0x20, 0x62, 0x20, 0x62, 0x20, 0x62,
    0x20, 0x62, 0x20, 0x62, 0x20, 0x62, 0x20, 0x62, 0x20, 0x62, 0x20, 0x62, 0x20, 0x62, 0x20, 0x62, 0x20, 0x62, 0x20,
    0x62, 0x20, 0x62, 0x20, 0x62, 0x20, 0x62, 0x20, 0x62, 0x20, 0x62, 0x20, 0x62, 0x20, 0x62, 0x20, 0x62, 0x20, 0x62,
    0x20, 0x62, 0x20, 0x62, 0x20, 0x62, 0x20, 0x62, 0x20, 0x62, 0x20, 0x62, 0x20, 0x62, 0x20, 0x62, 0x20, 0x62, 0x60,
    0x72, 0x60, 0x72, 0x60, 0x72, 0x87, 0xE5, 0x87, 0xE5, 0x87, 0xE5, 0x87, 0xE5, 0x69, 0xFE, 0x69, 0xFE, 0x69, 0xFE,
    0x69, 0xFE, 0x69, 0xFE, 0x69, 0xFE, 0x69, 0xFE, 0x69, 0xFE, 0x69, 0xFE, 0x69, 0xFE, 0x69, 0xFE, 0x69, 0xFE, 0x69,
    0xFE, 0x69, 0xFE, 0x69, 0xFE, 0x69, 0xFE, 0x69, 0xFE, 0x69, 0xFE, 0x69, 0xFE, 0x69, 0xFE, 0x69, 0xFE, 0x69, 0xFE,
    0x69, 0xFE, 0x69, 0xFE, 0x69, 0xFE, 0x69, 0xFE, 0x87, 0xE5, 0x87, 0xE5, 0x87, 0xE5, 0x87, 0xE5, 0x60, 0x72, 0x60,
    0x72, 0x60, 0x72, 0x20, 0x62, 0x20, 0x62, 0x20, 0x62, 0x20, 0x62, 0x20, 0x62, 0x20, 0x62, 0x20, 0x62, 0x20, 0x62,
    0x20, 0x62, 0x20, 0x62, 0x20, 0x62, 0x20, 0x62, 0x20, 0x62, 0x20, 0x62, 0x20, 0x62, 0x20, 0x62, 0x20, 0x62, 0x20,
    0x62, 0x20, 0x62, 0x20, 0x62, 0x20, 0x62, 0x20, 0x62, 0x20, 0x62, 0x20, 0x62, 0x20, 0x62, 0x20, 0x62, 0x20, 0x62,
    0x20, 0x62, 0x20, 0x62, 0x20, 0x62, 0x20, 0x62, 0x20, 0x62, 0x20, 0x62, 0x20, 0x62, 0x20, 0x62, 0x20, 0x62, 0x20,
    0x62, 0x20, 0x62, 0x20, 0x62, 0x20, 0x62, 0x60, 0x72, 0x60, 0x72, 0x60, 0x72, 0x87, 0xE5, 0x87, 0xE5, 0x87, 0xE5,
    0x87, 0xE5, 0x69, 0xFE, 0x69, 0xFE, 0x69, 0xFE, 0x69, 0xFE, 0x69, 0xFE, 0x69, 0xFE, 0x69, 0xFE, 0x69, 0xFE, 0x69,
    0xFE, 0x69, 0xFE, 0x69, 0xFE, 0x69, 0xFE, 0x69, 0xFE, 0x69, 0xFE, 0x69, 0xFE, 0x69, 0xFE, 0x29, 0xF6, 0x29, 0xF6,
    0x29, 0xF6, 0x29, 0xF6, 0x29, 0xF6, 0x29, 0xF6, 0x29, 0xF6, 0x69, 0xFE, 0x69, 0xFE, 0x69, 0xFE, 0x69, 0xFE, 0x69,
    0xFE, 0x69, 0xFE, 0x69, 0xFE, 0x69, 0xFE, 0x69, 0xFE, 0x69, 0xFE, 0x69, 0xFE, 0x69, 0xFE, 0x69, 0xFE, 0x69, 0xFE,
    0x69, 0xFE, 0x69, 0xFE, 0x69, 0xFE, 0x69, 0xFE, 0x69, 0xFE, 0x69, 0xFE, 0x69, 0xFE, 0x69, 0xFE, 0x69, 0xFE, 0x69,
    0xFE, 0x69, 0xFE, 0x69, 0xFE, 0x69, 0xFE, 0x69, 0xFE, 0x69, 0xFE, 0x69, 0xFE, 0x69, 0xFE, 0x69, 0xFE, 0x69, 0xFE,
    0x69, 0xFE, 0x69, 0xFE, 0x69, 0xFE, 0x69, 0xFE, 0x69, 0xFE, 0x69, 0xFE, 0x69, 0xFE, 0x69, 0xFE, 0x69, 0xFE, 0x69,
    0xFE, 0x69, 0xFE, 0x69, 0xFE, 0x69, 0xFE, 0x69, 0xFE, 0x69, 0xFE, 0x69, 0xFE, 0x69, 0xFE, 0x69, 0xFE, 0x69, 0xFE,
    0x69, 0xFE, 0x69, 0xFE, 0x69, 0xFE, 0x69, 0xFE, 0x69, 0xFE, 0x69, 0xFE, 0x69, 0xFE, 0x69, 0xFE, 0x29, 0xF6, 0x29,
    0xF6, 0x29, 0xF6, 0x29, 0xF6, 0x29, 0xF6, 0x29, 0xF6, 0x29, 0xF6, 0x69, 0xFE, 0x69, 0xFE, 0x69, 0xFE, 0x69, 0xFE,
    0x69, 0xFE, 0x69, 0xFE, 0x69, 0xFE, 0x69, 0xFE, 0x69, 0xFE, 0x69, 0xFE, 0x69, 0xFE, 0x69, 0xFE, 0x69, 0xFE, 0x69,
    0xFE, 0x69, 0xFE, 0x69, 0xFE, 0x87, 0xE5, 0x87, 0xE5, 0x87, 0xE5, 0x87, 0xE5, 0x60, 0x72, 0x60, 0x72, 0x60, 0x72,
    0x20, 0x62, 0x20, 0x62, 0x20, 0x62, 0x20, 0x62, 0x20, 0x62, 0x20, 0x62, 0x20, 0x62, 0x20, 0x62, 0x20, 0x62, 0x20,
    0x62, 0x20, 0x62, 0x20, 0x62, 0x20, 0x62, 0x20, 0x62, 0x20, 0x62, 0x20, 0x62, 0x20, 0x62, 0x20, 0x62, 0x20, 0x62,
    0x20, 0x62, 0x20, 0x62, 0x20, 0x62, 0x20, 0x62, 0x20, 0x62, 0x20, 0x62, 0x20, 0x62, 0x20, 0x62, 0x20, 0x62, 0x20,
    0x62, 0x20, 0x62, 0x20, 0x62, 0x20, 0x62, 0x20, 0x62, 0x20, 0x62, 0x20, 0x62, 0x20, 0x62, 0x20, 0x62, 0x20, 0x62,
    0x20, 0x62, 0x20, 0x62, 0x60, 0x72, 0x60, 0x72, 0x60, 0x72, 0x87, 0xE5, 0x87, 0xE5, 0x87, 0xE5, 0x87, 0xE5, 0x69,
    0xFE, 0x69, 0xFE, 0x69, 0xFE, 0x69, 0xFE, 0x69, 0xFE, 0x69, 0xFE, 0x69, 0xFE, 0x69, 0xFE, 0x69, 0xFE, 0x69, 0xFE,
    0x69, 0xFE, 0x69, 0xFE, 0x69, 0xFE, 0x69, 0xFE, 0x69, 0xFE, 0x69, 0xFE, 0x69, 0xFE, 0x69, 0xFE, 0x69, 0xFE, 0x69,
    0xFE, 0x69, 0xFE, 0x69, 0xFE, 0x69, 0xFE, 0x69, 0xFE, 0x69, 0xFE, 0x69, 0xFE, 0x87, 0xE5, 0x87, 0xE5, 0x87, 0xE5,
    0x87, 0xE5, 0x60, 0x72, 0x60, 0x72, 0x60, 0x72, 0x20, 0x62, 0x20, 0x62, 0x20, 0x62, 0x20, 0x62, 0x20, 0x62, 0x20,
    0x62, 0x20, 0x62, 0x20, 0x62, 0x20, 0x62, 0x20, 0x62, 0x20, 0x62, 0x20, 0x62, 0x20, 0x62, 0x20, 0x62, 0x20, 0x62,
    0x20, 0x62, 0x20, 0x62, 0x20, 0x62, 0x20, 0x62, 0x20, 0x62, 0x20, 0x62, 0x20, 0x62, 0x20, 0x62, 0x20, 0x62, 0x20,
    0x62, 0x20, 0x62, 0x20, 0x62, 0x20, 0x62, 0x20, 0x62, 0x20, 0x62, 0x20, 0x62, 0x20, 0x62, 0x20, 0x62, 0x20, 0x62,
    0x20, 0x62, 0x20, 0x62, 0x20, 0x62, 0x20, 0x62, 0x20, 0x62, 0x20, 0x62, 0x60, 0x72, 0x60, 0x72, 0x60, 0x72, 0x87,
    0xE5, 0x87, 0xE5, 0x87, 0xE5, 0x87, 0xE5, 0x69, 0xFE, 0x69, 0xFE, 0x69, 0xFE, 0x69, 0xFE, 0x69, 0xFE, 0x69, 0xFE,
    0x69, 0xFE, 0x69, 0xFE, 0x69, 0xFE, 0x69, 0xFE, 0x69, 0xFE, 0x69, 0xFE, 0x69, 0xFE, 0x69, 0xFE, 0x69, 0xFE, 0x69,
    0xFE, 0x29, 0xF6, 0x29, 0xF6, 0x29, 0xF6, 0x29, 0xF6, 0x29, 0xF6, 0x29, 0xF6, 0x29, 0xF6, 0x69, 0xFE, 0x69, 0xFE,
    0x69, 0xFE, 0x69, 0xFE, 0x69, 0xFE, 0x69, 0xFE, 0x69, 0xFE, 0x69, 0xFE, 0x69, 0xFE, 0x69, 0xFE, 0x69, 0xFE, 0x69,
    0xFE, 0x69, 0xFE, 0x69, 0xFE, 0x69, 0xFE, 0x69, 0xFE, 0x69, 0xFE, 0x69, 0xFE, 0x69, 0xFE, 0x69, 0xFE, 0x69, 0xFE,
    0x69, 0xFE, 0x69, 0xFE, 0x69, 0xFE, 0x69, 0xFE, 0x69, 0xFE, 0x69, 0xFE, 0x69, 0xFE, 0x69, 0xFE, 0x69, 0xFE, 0x69,
    0xFE, 0x69, 0xFE, 0x69, 0xFE, 0x69, 0xFE, 0x69, 0xFE, 0x69, 0xFE, 0x69, 0xFE, 0x69, 0xFE, 0x69, 0xFE, 0x69, 0xFE,
    0x69, 0xFE, 0x69, 0xFE, 0x69, 0xFE, 0x69, 0xFE, 0x69, 0xFE, 0x69, 0xFE, 0x69, 0xFE, 0x69, 0xFE, 0x69, 0xFE, 0x69,
    0xFE, 0x69, 0xFE, 0x69, 0xFE, 0x69, 0xFE, 0x69, 0xFE, 0x69, 0xFE, 0x69, 0xFE, 0x69, 0xFE, 0x69, 0xFE, 0x69, 0xFE,
    0x69, 0xFE, 0x69, 0xFE, 0x69, 0xFE, 0x69, 0xFE, 0x69, 0xFE, 0x69, 0xFE, 0x69, 0xFE, 0x69, 0xFE, 0x69, 0xFE, 0x69,
    0xFE, 0x69, 0xFE, 0x69, 0xFE, 0x69, 0xFE, 0x69, 0xFE, 0x69, 0xFE, 0x69, 0xFE, 0x69, 0xFE, 0x69, 0xFE, 0x69, 0xFE,
    0x69, 0xFE, 0x69, 0xFE, 0x29, 0xF6, 0x29, 0xF6, 0x29, 0xF6, 0xE1, 0x82, 0xE1, 0x82, 0xE1, 0x82, 0xE1, 0x82, 0x20,
    0x62, 0x20, 0x62, 0x20, 0x62, 0x20, 0x62, 0x20, 0x62, 0x20, 0x62, 0x20, 0x62, 0x20, 0x62, 0x20, 0x62, 0x20, 0x62,
    0x20, 0x62, 0x20, 0x62, 0x20, 0x62, 0x20, 0x62, 0x20, 0x62, 0x20, 0x62, 0x20, 0x62, 0x20, 0x62, 0x20, 0x62, 0x20,
    0x62, 0x20, 0x62, 0x20, 0x62, 0x20, 0x62, 0x20, 0x62, 0x20, 0x62, 0x20, 0x62, 0x20, 0x62, 0x20, 0x62, 0x20, 0x62,
    0x20, 0x62, 0x20, 0x62, 0x20, 0x62, 0x20, 0x62, 0x20, 0x62, 0x20, 0x62, 0x20, 0x62, 0x20, 0x62, 0x20, 0x62, 0x20,
    0x62, 0x20, 0x62, 0x20, 0x62, 0x20, 0x62, 0x20, 0x62, 0x20, 0x62, 0x20, 0x62, 0x20, 0x62, 0xA1, 0x7A, 0xA1, 0x7A,
    0xA1, 0x7A, 0xA1, 0x7A, 0x29, 0xF6, 0x29, 0xF6, 0x29, 0xF6, 0x69, 0xFE, 0x69, 0xFE, 0x69, 0xFE, 0x69, 0xFE, 0x69,
    0xFE, 0x69, 0xFE, 0x69, 0xFE, 0x69, 0xFE, 0x69, 0xFE, 0x69, 0xFE, 0x69, 0xFE, 0x69, 0xFE, 0x69, 0xFE, 0x69, 0xFE,
    0x69, 0xFE, 0x69, 0xFE, 0x69, 0xFE, 0x69, 0xFE, 0x69, 0xFE, 0x69, 0xFE, 0x29, 0xF6, 0x29, 0xF6, 0x29, 0xF6, 0xE1,
    0x82, 0xE1, 0x82, 0xE1, 0x82, 0xE1, 0x82, 0x20, 0x62, 0x20, 0x62, 0x20, 0x62, 0x20, 0x62, 0x20, 0x62, 0x20, 0x62,
    0x20, 0x62, 0x20, 0x62, 0x20, 0x62, 0x20, 0x62, 0x20, 0x62, 0x20, 0x62, 0x20, 0x62, 0x20, 0x62, 0x20, 0x62, 0x20,
    0x62, 0x20, 0x62, 0x20, 0x62, 0x20, 0x62, 0x20, 0x62, 0x20, 0x62, 0x20, 0x62, 0x20, 0x62, 0x20, 0x62, 0x20, 0x62,
    0x20, 0x62, 0x20, 0x62, 0x20, 0x62, 0x20, 0x62, 0x20, 0x62, 0x20, 0x62, 0x20, 0x62, 0x20, 0x62, 0x20, 0x62, 0x20,
    0x62, 0x20, 0x62, 0x20, 0x62, 0x20, 0x62, 0x20, 0x62, 0x20, 0x62, 0x20, 0x62, 0x20, 0x62, 0x20, 0x62, 0x20, 0x62,
    0x20, 0x62, 0x20, 0x62, 0xA1, 0x7A, 0xA1, 0x7A, 0xA1, 0x7A, 0xA1, 0x7A, 0x29, 0xF6, 0x29, 0xF6, 0x29, 0xF6, 0x69,
    0xFE, 0x69, 0xFE, 0x69, 0xFE, 0x69, 0xFE, 0x69, 0xFE, 0x69, 0xFE, 0x69, 0xFE, 0x69, 0xFE, 0x69, 0xFE, 0x69, 0xFE,
    0x69, 0xFE, 0x69, 0xFE, 0x69, 0xFE, 0x69, 0xFE, 0x69, 0xFE, 0x69, 0xFE, 0x69, 0xFE, 0x69, 0xFE, 0x69, 0xFE, 0x69,
    0xFE, 0x69, 0xFE, 0x69, 0xFE, 0x69, 0xFE, 0x69, 0xFE, 0x69, 0xFE, 0x69, 0xFE, 0x69, 0xFE, 0x69, 0xFE, 0x69, 0xFE,
    0x69, 0xFE, 0x69, 0xFE, 0x69, 0xFE, 0x69, 0xFE, 0x69, 0xFE, 0x69, 0xFE, 0x69, 0xFE, 0x69, 0xFE, 0x69, 0xFE, 0x69,
    0xFE, 0x69, 0xFE, 0x69, 0xFE, 0x69, 0xFE, 0x69, 0xFE, 0x69, 0xFE, 0x69, 0xFE, 0x69, 0xFE, 0x69, 0xFE, 0x69, 0xFE,
    0x69, 0xFE, 0x69, 0xFE, 0x69, 0xFE, 0x69, 0xFE, 0x69, 0xFE, 0x69, 0xFE, 0x69, 0xFE, 0x69, 0xFE, 0x69, 0xFE, 0x69,
    0xFE, 0x69, 0xFE, 0x69, 0xFE, 0x69, 0xFE, 0x69, 0xFE, 0x69, 0xFE, 0x69, 0xFE, 0x69, 0xFE, 0x69, 0xFE, 0x69, 0xFE,
    0x69, 0xFE, 0x69, 0xFE, 0x69, 0xFE, 0x69, 0xFE, 0x69, 0xFE, 0x69, 0xFE, 0x69, 0xFE, 0x69, 0xFE, 0x69, 0xFE, 0x69,
    0xFE, 0x69, 0xFE, 0x69, 0xFE, 0x69, 0xFE, 0x69, 0xFE, 0x69, 0xFE, 0x69, 0xFE, 0x69, 0xFE, 0x69, 0xFE, 0x69, 0xFE,
    0x69, 0xFE, 0x69, 0xFE, 0x69, 0xFE, 0x69, 0xFE, 0x69, 0xFE, 0x69, 0xFE, 0x69, 0xFE, 0x69, 0xFE, 0x69, 0xFE, 0x69,
    0xFE, 0x69, 0xFE, 0x69, 0xFE, 0x69, 0xFE, 0x69, 0xFE, 0x29, 0xF6, 0x29, 0xF6, 0x29, 0xF6, 0xE1, 0x82, 0xE1, 0x82,
    0xE1, 0x82, 0xE1, 0x82, 0x20, 0x62, 0x20, 0x62, 0x20, 0x62, 0x20, 0x62, 0x20, 0x62, 0x20, 0x62, 0x20, 0x62, 0x20,
    0x62, 0x20, 0x62, 0x20, 0x62, 0x20, 0x62, 0x20, 0x62, 0x20, 0x62, 0x20, 0x62, 0x20, 0x62, 0x20, 0x62, 0x20, 0x62,
    0x20, 0x62, 0x20, 0x62, 0x20, 0x62, 0x20, 0x62, 0x20, 0x62, 0x20, 0x62, 0x20, 0x62, 0x20, 0x62, 0x20, 0x62, 0x20,
    0x62, 0x20, 0x62, 0x20, 0x62, 0x20, 0x62, 0x20, 0x62, 0x20, 0x62, 0x20, 0x62, 0x20, 0x62, 0x20, 0x62, 0x20, 0x62,
    0x20, 0x62, 0x20, 0x62, 0x20, 0x62, 0x20, 0x62, 0x20, 0x62, 0x20, 0x62, 0x20, 0x62, 0x20, 0x62, 0x20, 0x62, 0x20,
    0x62, 0xA1, 0x7A, 0xA1, 0x7A, 0xA1, 0x7A, 0xA1, 0x7A, 0x29, 0xF6, 0x29, 0xF6, 0x29, 0xF6, 0x69, 0xFE, 0x69, 0xFE,
    0x69, 0xFE, 0x69, 0xFE, 0x69, 0xFE, 0x69, 0xFE, 0x69, 0xFE, 0x69, 0xFE, 0x69, 0xFE, 0x69, 0xFE, 0x69, 0xFE, 0x69,
    0xFE, 0x69, 0xFE, 0x69, 0xFE, 0x69, 0xFE, 0x69, 0xFE, 0x69, 0xFE, 0x69, 0xFE, 0x69, 0xFE, 0x69, 0xFE, 0x29, 0xF6,
    0x29, 0xF6, 0x29, 0xF6, 0xE1, 0x82, 0xE1, 0x82, 0xE1, 0x82, 0xE1, 0x82, 0x20, 0x62, 0x20, 0x62, 0x20, 0x62, 0x20,
    0x62, 0x20, 0x62, 0x20, 0x62, 0x20, 0x62, 0x20, 0x62, 0x20, 0x62, 0x20, 0x62, 0x20, 0x62, 0x20, 0x62, 0x20, 0x62,
    0x20, 0x62, 0x20, 0x62, 0x20, 0x62, 0x20, 0x62, 0x20, 0x62, 0x20, 0x62, 0x20, 0x62, 0x20, 0x62, 0x20, 0x62, 0x20,
    0x62, 0x20, 0x62, 0x20, 0x62, 0x20, 0x62, 0x20, 0x62, 0x20, 0x62, 0x20, 0x62, 0x20, 0x62, 0x20, 0x62, 0x20, 0x62,
    0x20, 0x62, 0x20, 0x62, 0x20, 0x62, 0x20, 0x62, 0x20, 0x62, 0x20, 0x62, 0x20, 0x62, 0x20, 0x62, 0x20, 0x62, 0x20,
    0x62, 0x20, 0x62, 0x20, 0x62, 0x20, 0x62, 0x20, 0x62, 0xA1, 0x7A, 0xA1, 0x7A, 0xA1, 0x7A, 0xA1, 0x7A, 0x29, 0xF6,
    0x29, 0xF6, 0x29, 0xF6, 0x69, 0xFE, 0x69, 0xFE, 0x69, 0xFE, 0x69, 0xFE, 0x69, 0xFE, 0x69, 0xFE, 0x69, 0xFE, 0x69,
    0xFE, 0x69, 0xFE, 0x69, 0xFE, 0x69, 0xFE, 0x69, 0xFE, 0x69, 0xFE, 0x69, 0xFE, 0x69, 0xFE, 0x69, 0xFE, 0x69, 0xFE,
    0x69, 0xFE, 0x69, 0xFE, 0x69, 0xFE, 0x69, 0xFE, 0x69, 0xFE, 0x69, 0xFE, 0x69, 0xFE, 0x69, 0xFE, 0x69, 0xFE, 0x69,
    0xFE, 0x69, 0xFE, 0x69, 0xFE, 0x69, 0xFE, 0x69, 0xFE, 0x69, 0xFE, 0x69, 0xFE, 0x69, 0xFE, 0x69, 0xFE, 0x69, 0xFE,
    0x69, 0xFE, 0x69, 0xFE, 0x69, 0xFE, 0x69, 0xFE, 0x69, 0xFE, 0x69, 0xFE, 0x69, 0xFE, 0x69, 0xFE, 0x69, 0xFE, 0x69,
    0xFE, 0x69, 0xFE, 0x69, 0xFE, 0x69, 0xFE, 0x69, 0xFE, 0x69, 0xFE, 0x69, 0xFE, 0x69, 0xFE, 0x69, 0xFE, 0x69, 0xFE,
    0x69, 0xFE, 0x69, 0xFE, 0x69, 0xFE, 0x69, 0xFE, 0x69, 0xFE, 0x69, 0xFE, 0x69, 0xFE, 0x69, 0xFE, 0x69, 0xFE, 0x69,
    0xFE, 0x69, 0xFE, 0x69, 0xFE, 0x69, 0xFE, 0x69, 0xFE, 0x69, 0xFE, 0x69, 0xFE, 0x69, 0xFE, 0x69, 0xFE, 0x69, 0xFE,
    0x69, 0xFE, 0x69, 0xFE, 0x69, 0xFE, 0x69, 0xFE, 0x69, 0xFE, 0x69, 0xFE, 0x69, 0xFE, 0x69, 0xFE, 0x69, 0xFE, 0x69,
    0xFE, 0x69, 0xFE, 0x69, 0xFE, 0x69, 0xFE, 0x69, 0xFE, 0x69, 0xFE, 0x69, 0xFE, 0x69, 0xFE, 0x69, 0xFE, 0x69, 0xFE,
    0x69, 0xFE, 0x69, 0xFE, 0x69, 0xFE, 0x69, 0xFE, 0x69, 0xFE, 0x69, 0xFE, 0x69, 0xFE, 0x29, 0xF6, 0x29, 0xF6, 0x29,
    0xF6, 0xE1, 0x82, 0xE1, 0x82, 0xE1, 0x82, 0xE1, 0x82, 0x20, 0x62, 0x20, 0x62, 0x20, 0x62, 0x20, 0x62, 0x20, 0x62,
    0x20, 0x62, 0x20, 0x62, 0x20, 0x62, 0x20, 0x62, 0x20, 0x62, 0x20, 0x62, 0x20, 0x62, 0x20, 0x62, 0x20, 0x62, 0x20,
    0x62, 0x20, 0x62, 0x20, 0x62, 0x20, 0x62, 0x20, 0x62, 0x20, 0x62, 0x20, 0x62, 0x20, 0x62, 0x20, 0x62, 0x20, 0x62,
    0x20, 0x62, 0x20, 0x62, 0x20, 0x62, 0x20, 0x62, 0x20, 0x62, 0x20, 0x62, 0x20, 0x62, 0x20, 0x62, 0x20, 0x62, 0x20,
    0x62, 0x20, 0x62, 0x20, 0x62, 0x20, 0x62, 0x20, 0x62, 0x20, 0x62, 0x20, 0x62, 0x20, 0x62, 0x20, 0x62, 0x20, 0x62,
    0x20, 0x62, 0x20, 0x62, 0x20, 0x62, 0xA1, 0x7A, 0xA1, 0x7A, 0xA1, 0x7A, 0xA1, 0x7A, 0x29, 0xF6, 0x29, 0xF6, 0x29,
    0xF6, 0x69, 0xFE, 0x69, 0xFE, 0x69, 0xFE, 0x69, 0xFE, 0x69, 0xFE, 0x69, 0xFE, 0x69, 0xFE, 0x69, 0xFE, 0x69, 0xFE,
    0x69, 0xFE, 0x69, 0xFE, 0x69, 0xFE, 0x69, 0xFE, 0x69, 0xFE, 0x69, 0xFE, 0x69, 0xFE, 0x69, 0xFE, 0x69, 0xFE, 0x69,
    0xFE, 0x69, 0xFE, 0x29, 0xF6, 0x29, 0xF6, 0x29, 0xF6, 0xE1, 0x82, 0xE1, 0x82, 0xE1, 0x82, 0xE1, 0x82, 0x20, 0x62,
    0x20, 0x62, 0x20, 0x62, 0x20, 0x62, 0x20, 0x62, 0x20, 0x62, 0x20, 0x62, 0x20, 0x62, 0x20, 0x62, 0x20, 0x62, 0x20,
    0x62, 0x20, 0x62, 0x20, 0x62, 0x20, 0x62, 0x20, 0x62, 0x20, 0x62, 0x20, 0x62, 0x20, 0x62, 0x20, 0x62, 0x20, 0x62,
    0x20, 0x62, 0x20, 0x62, 0x20, 0x62, 0x20, 0x62, 0x20, 0x62, 0x20, 0x62, 0x20, 0x62, 0x20, 0x62, 0x20, 0x62, 0x20,
    0x62, 0x20, 0x62, 0x20, 0x62, 0x20, 0x62, 0x20, 0x62, 0x20, 0x62, 0x20, 0x62, 0x20, 0x62, 0x20, 0x62, 0x20, 0x62,
    0x20, 0x62, 0x20, 0x62, 0x20, 0x62, 0x20, 0x62, 0x20, 0x62, 0x20, 0x62, 0x20, 0x62, 0xA1, 0x7A, 0xA1, 0x7A, 0xA1,
    0x7A, 0xA1, 0x7A, 0x29, 0xF6, 0x29, 0xF6, 0x29, 0xF6, 0x69, 0xFE, 0x69, 0xFE, 0x69, 0xFE, 0x69, 0xFE, 0x69, 0xFE,
    0x69, 0xFE, 0x69, 0xFE, 0x69, 0xFE, 0x69, 0xFE, 0x69, 0xFE, 0x69, 0xFE, 0x69, 0xFE, 0x69, 0xFE, 0x69, 0xFE, 0x69,
    0xFE, 0x69, 0xFE, 0x69, 0xFE, 0x69, 0xFE, 0x69, 0xFE, 0x69, 0xFE, 0x69, 0xFE, 0x69, 0xFE, 0x69, 0xFE, 0x69, 0xFE,
    0x69, 0xFE, 0x69, 0xFE, 0x69, 0xFE, 0x69, 0xFE, 0x69, 0xFE, 0x69, 0xFE, 0x69, 0xFE, 0x69, 0xFE, 0x69, 0xFE, 0x69,
    0xFE, 0x69, 0xFE, 0x69, 0xFE, 0x69, 0xFE, 0x69, 0xFE, 0x69, 0xFE, 0x69, 0xFE, 0x69, 0xFE, 0x69, 0xFE, 0x69, 0xFE,
    0x69, 0xFE, 0x69, 0xFE, 0x69, 0xFE, 0x69, 0xFE, 0x69, 0xFE, 0x69, 0xFE, 0x69, 0xFE, 0x69, 0xFE, 0x69, 0xFE, 0x69,
    0xFE, 0x69, 0xFE, 0x69, 0xFE, 0x69, 0xFE, 0x69, 0xFE, 0x69, 0xFE, 0x69, 0xFE, 0x69, 0xFE, 0x69, 0xFE, 0x69, 0xFE,
    0x69, 0xFE, 0x69, 0xFE, 0x69, 0xFE, 0x69, 0xFE, 0x69, 0xFE, 0x69, 0xFE, 0x69, 0xFE, 0x69, 0xFE, 0x69, 0xFE, 0x69,
    0xFE, 0x69, 0xFE, 0x69, 0xFE, 0x69, 0xFE, 0x69, 0xFE, 0x69, 0xFE, 0x69, 0xFE, 0x69, 0xFE, 0x69, 0xFE, 0x69, 0xFE,
    0x69, 0xFE, 0x69, 0xFE, 0x69, 0xFE, 0x69, 0xFE, 0x69, 0xFE, 0x69, 0xFE, 0x69, 0xFE, 0x69, 0xFE, 0x69, 0xFE, 0x69,
    0xFE, 0x69, 0xFE, 0x69, 0xFE, 0x69, 0xFE, 0x69, 0xFE, 0x69, 0xFE, 0x69, 0xFE, 0x69, 0xFE, 0x69, 0xFE, 0x69, 0xFE,
    0x45, 0xB4, 0x45, 0xB4, 0x45, 0xB4, 0xCE, 0x63, 0xCE, 0x63, 0xCE, 0x63, 0xCE, 0x63, 0xA4, 0x62, 0xA4, 0x62, 0xA4,
    0x62, 0x20, 0x62, 0x20, 0x62, 0x20, 0x62, 0x20, 0x62, 0x20, 0x62, 0x20, 0x62, 0x20, 0x62, 0x20, 0x62, 0x20, 0x62,
    0x20, 0x62, 0x20, 0x62, 0x20, 0x62, 0x20, 0x62, 0x20, 0x62, 0x20, 0x62, 0x20, 0x62, 0x20, 0x62, 0x20, 0x62, 0x20,
    0x62, 0x20, 0x62, 0x20, 0x62, 0x20, 0x62, 0x20, 0x62, 0x20, 0x62, 0x20, 0x62, 0x20, 0x62, 0x20, 0x62, 0x20, 0x62,
    0x20, 0x62, 0x20, 0x62, 0x20, 0x62, 0x20, 0x62, 0x20, 0x62, 0x20, 0x62, 0x20, 0x62, 0x20, 0x62, 0x20, 0x62, 0x20,
    0x62, 0x20, 0x62, 0x20, 0x62, 0x20, 0x62, 0x20, 0x62, 0x20, 0x62, 0x20, 0x62, 0x20, 0x62, 0x20, 0x62, 0x20, 0x62,
    0x45, 0xB4, 0x45, 0xB4, 0x45, 0xB4, 0x69, 0xFE, 0x69, 0xFE, 0x69, 0xFE, 0x69, 0xFE, 0x69, 0xFE, 0x69, 0xFE, 0x69,
    0xFE, 0x69, 0xFE, 0x69, 0xFE, 0x69, 0xFE, 0x69, 0xFE, 0x69, 0xFE, 0x69, 0xFE, 0x69, 0xFE, 0x69, 0xFE, 0x69, 0xFE,
    0x69, 0xFE, 0x69, 0xFE, 0x69, 0xFE, 0x69, 0xFE, 0x45, 0xB4, 0x45, 0xB4, 0x45, 0xB4, 0x20, 0x62, 0x20, 0x62, 0x20,
    0x62, 0x20, 0x62, 0x20, 0x62, 0x20, 0x62, 0x20, 0x62, 0x20, 0x62, 0x20, 0x62, 0x20, 0x62, 0x20, 0x62, 0x20, 0x62,
    0x20, 0x62, 0x20, 0x62, 0x20, 0x62, 0x20, 0x62, 0x20, 0x62, 0x20, 0x62, 0x20, 0x62, 0x20, 0x62, 0x20, 0x62, 0x20,
    0x62, 0x20, 0x62, 0x20, 0x62, 0x20, 0x62, 0x20, 0x62, 0x20, 0x62, 0x20, 0x62, 0x20, 0x62, 0x20, 0x62, 0x20, 0x62,
    0x20, 0x62, 0x20, 0x62, 0x20, 0x62, 0x20, 0x62, 0x20, 0x62, 0x20, 0x62, 0x20, 0x62, 0x20, 0x62, 0x20, 0x62, 0x20,
    0x62, 0x20, 0x62, 0x20, 0x62, 0x20, 0x62, 0x20, 0x62, 0x20, 0x62, 0x20, 0x62, 0xA4, 0x62, 0xA4, 0x62, 0xA4, 0x62,
    0x8C, 0x63, 0x8C, 0x63, 0x8C, 0x63, 0x8C, 0x63, 0x45, 0xB4, 0x45, 0xB4, 0x45, 0xB4, 0x69, 0xFE, 0x69, 0xFE, 0x69,
    0xFE, 0x69, 0xFE, 0x69, 0xFE, 0x69, 0xFE, 0x69, 0xFE, 0x69, 0xFE, 0x69, 0xFE, 0x69, 0xFE, 0x69, 0xFE, 0x69, 0xFE,
    0x69, 0xFE, 0x69, 0xFE, 0x69, 0xFE, 0x69, 0xFE, 0x69, 0xFE, 0x69, 0xFE, 0x69, 0xFE, 0x69, 0xFE, 0x69, 0xFE, 0x69,
    0xFE, 0x69, 0xFE, 0x69, 0xFE, 0x69, 0xFE, 0x69, 0xFE, 0x69, 0xFE, 0x69, 0xFE, 0x69, 0xFE, 0x69, 0xFE, 0x69, 0xFE,
    0x69, 0xFE, 0x69, 0xFE, 0x69, 0xFE, 0x69, 0xFE, 0x69, 0xFE, 0x69, 0xFE, 0x69, 0xFE, 0x69, 0xFE, 0x69, 0xFE, 0x69,
    0xFE, 0x69, 0xFE, 0x69, 0xFE, 0x69, 0xFE, 0x69, 0xFE, 0x69, 0xFE, 0x69, 0xFE, 0x69, 0xFE, 0x69, 0xFE, 0x69, 0xFE,
    0x69, 0xFE, 0x69, 0xFE, 0x69, 0xFE, 0x69, 0xFE, 0x69, 0xFE, 0x69, 0xFE, 0x69, 0xFE, 0x69, 0xFE, 0x69, 0xFE, 0x69,
    0xFE, 0x69, 0xFE, 0x69, 0xFE, 0x69, 0xFE, 0x69, 0xFE, 0x69, 0xFE, 0x69, 0xFE, 0x69, 0xFE, 0x69, 0xFE, 0x69, 0xFE,
    0x69, 0xFE, 0x69, 0xFE, 0x69, 0xFE, 0x69, 0xFE, 0x69, 0xFE, 0x69, 0xFE, 0x69, 0xFE, 0x69, 0xFE, 0x69, 0xFE, 0x69,
    0xFE, 0x69, 0xFE, 0x69, 0xFE, 0x69, 0xFE, 0x69, 0xFE, 0x69, 0xFE, 0x69, 0xFE, 0x69, 0xFE, 0x69, 0xFE, 0x69, 0xFE,
    0x69, 0xFE, 0x69, 0xFE, 0x69, 0xFE, 0x69, 0xFE, 0x69, 0xFE, 0x69, 0xFE, 0x69, 0xFE, 0x69, 0xFE, 0x69, 0xFE, 0x69,
    0xFE, 0x69, 0xFE, 0x69, 0xFE, 0x45, 0xB4, 0x45, 0xB4, 0x45, 0xB4, 0xCE, 0x63, 0xCE, 0x63, 0xCE, 0x63, 0xCE, 0x63,
    0xA4, 0x62, 0xA4, 0x62, 0xA4, 0x62, 0x20, 0x62, 0x20, 0x62, 0x20, 0x62, 0x20, 0x62, 0x20, 0x62, 0x20, 0x62, 0x20,
    0x62, 0x20, 0x62, 0x20, 0x62, 0x20, 0x62, 0x20, 0x62, 0x20, 0x62, 0x20, 0x62, 0x20, 0x62, 0x20, 0x62, 0x20, 0x62,
    0x20, 0x62, 0x20, 0x62, 0x20, 0x62, 0x20, 0x62, 0x20, 0x62, 0x20, 0x62, 0x20, 0x62, 0x20, 0x62, 0x20, 0x62, 0x20,
    0x62, 0x20, 0x62, 0x20, 0x62, 0x20, 0x62, 0x20, 0x62, 0x20, 0x62, 0x20, 0x62, 0x20, 0x62, 0x20, 0x62, 0x20, 0x62,
    0x20, 0x62, 0x20, 0x62, 0x20, 0x62, 0x20, 0x62, 0x20, 0x62, 0x20, 0x62, 0x20, 0x62, 0x20, 0x62, 0x20, 0x62, 0x20,
    0x62, 0x20, 0x62, 0x20, 0x62, 0x45, 0xB4, 0x45, 0xB4, 0x45, 0xB4, 0x69, 0xFE, 0x69, 0xFE, 0x69, 0xFE, 0x69, 0xFE,
    0x69, 0xFE, 0x69, 0xFE, 0x69, 0xFE, 0x69, 0xFE, 0x69, 0xFE, 0x69, 0xFE, 0x69, 0xFE, 0x69, 0xFE, 0x69, 0xFE, 0x69,
    0xFE, 0x69, 0xFE, 0x69, 0xFE, 0x69, 0xFE, 0x69, 0xFE, 0x69, 0xFE, 0x69, 0xFE, 0x45, 0xB4, 0x45, 0xB4, 0x45, 0xB4,
    0x20, 0x62, 0x20, 0x62, 0x20, 0x62, 0x20, 0x62, 0x20, 0x62, 0x20, 0x62, 0x20, 0x62, 0x20, 0x62, 0x20, 0x62, 0x20,
    0x62, 0x20, 0x62, 0x20, 0x62, 0x20, 0x62, 0x20, 0x62, 0x20, 0x62, 0x20, 0x62, 0x20, 0x62, 0x20, 0x62, 0x20, 0x62,
    0x20, 0x62, 0x20, 0x62, 0x20, 0x62, 0x20, 0x62, 0x20, 0x62, 0x20, 0x62, 0x20, 0x62, 0x20, 0x62, 0x20, 0x62, 0x20,
    0x62, 0x20, 0x62, 0x20, 0x62, 0x20, 0x62, 0x20, 0x62, 0x20, 0x62, 0x20, 0x62, 0x20, 0x62, 0x20, 0x62, 0x20, 0x62,
    0x20, 0x62, 0x20, 0x62, 0x20, 0x62, 0x20, 0x62, 0x20, 0x62, 0x20, 0x62, 0x20, 0x62, 0x20, 0x62, 0x20, 0x62, 0xA4,
    0x62, 0xA4, 0x62, 0xA4, 0x62, 0x8C, 0x63, 0x8C, 0x63, 0x8C, 0x63, 0x8C, 0x63, 0x45, 0xB4, 0x45, 0xB4, 0x45, 0xB4,
    0x69, 0xFE, 0x69, 0xFE, 0x69, 0xFE, 0x69, 0xFE, 0x69, 0xFE, 0x69, 0xFE, 0x69, 0xFE, 0x69, 0xFE, 0x69, 0xFE, 0x69,
    0xFE, 0x69, 0xFE, 0x69, 0xFE, 0x69, 0xFE, 0x69, 0xFE, 0x69, 0xFE, 0x69, 0xFE, 0x69, 0xFE, 0x69, 0xFE, 0x69, 0xFE,
    0x69, 0xFE, 0x69, 0xFE, 0x69, 0xFE, 0x69, 0xFE, 0x69, 0xFE, 0x69, 0xFE, 0x69, 0xFE, 0x69, 0xFE, 0x69, 0xFE, 0x69,
    0xFE, 0x69, 0xFE, 0x69, 0xFE, 0x69, 0xFE, 0x69, 0xFE, 0x69, 0xFE, 0x69, 0xFE, 0x69, 0xFE, 0x69, 0xFE, 0x69, 0xFE,
    0x69, 0xFE, 0x69, 0xFE, 0x69, 0xFE, 0x69, 0xFE, 0x69, 0xFE, 0x69, 0xFE, 0x69, 0xFE, 0x69, 0xFE, 0x69, 0xFE, 0x69,
    0xFE, 0x69, 0xFE, 0x69, 0xFE, 0x69, 0xFE, 0x69, 0xFE, 0x69, 0xFE, 0x69, 0xFE, 0x69, 0xFE, 0x69, 0xFE, 0x69, 0xFE,
    0x69, 0xFE, 0x69, 0xFE, 0x69, 0xFE, 0x69, 0xFE, 0x69, 0xFE, 0x69, 0xFE, 0x69, 0xFE, 0x69, 0xFE, 0x69, 0xFE, 0x69,
    0xFE, 0x69, 0xFE, 0x69, 0xFE, 0x69, 0xFE, 0x69, 0xFE, 0x69, 0xFE, 0x69, 0xFE, 0x69, 0xFE, 0x69, 0xFE, 0x69, 0xFE,
    0x69, 0xFE, 0x69, 0xFE, 0x69, 0xFE, 0x69, 0xFE, 0x69, 0xFE, 0x69, 0xFE, 0x69, 0xFE, 0x69, 0xFE, 0x69, 0xFE, 0x69,
    0xFE, 0x69, 0xFE, 0x69, 0xFE, 0x69, 0xFE, 0x69, 0xFE, 0x69, 0xFE, 0x69, 0xFE, 0x69, 0xFE, 0x69, 0xFE, 0x69, 0xFE,
    0x69, 0xFE, 0x69, 0xFE, 0x69, 0xFE, 0x69, 0xFE, 0x69, 0xFE, 0x45, 0xB4, 0x45, 0xB4, 0x45, 0xB4, 0xCE, 0x63, 0xCE,
    0x63, 0xCE, 0x63, 0xCE, 0x63, 0xA4, 0x62, 0xA4, 0x62, 0xA4, 0x62, 0x20, 0x62, 0x20, 0x62, 0x20, 0x62, 0x20, 0x62,
    0x20, 0x62, 0x20, 0x62, 0x20, 0x62, 0x20, 0x62, 0x20, 0x62, 0x20, 0x62, 0x20, 0x62, 0x20, 0x62, 0x20, 0x62, 0x20,
    0x62, 0x20, 0x62, 0x20, 0x62, 0x20, 0x62, 0x20, 0x62, 0x20, 0x62, 0x20, 0x62, 0x20, 0x62, 0x20, 0x62, 0x20, 0x62,
    0x20, 0x62, 0x20, 0x62, 0x20, 0x62, 0x20, 0x62, 0x20, 0x62, 0x20, 0x62, 0x20, 0x62, 0x20, 0x62, 0x20, 0x62, 0x20,
    0x62, 0x20, 0x62, 0x20, 0x62, 0x20, 0x62, 0x20, 0x62, 0x20, 0x62, 0x20, 0x62, 0x20, 0x62, 0x20, 0x62, 0x20, 0x62,
    0x20, 0x62, 0x20, 0x62, 0x20, 0x62, 0x20, 0x62, 0x20, 0x62, 0x45, 0xB4, 0x45, 0xB4, 0x45, 0xB4, 0x69, 0xFE, 0x69,
    0xFE, 0x69, 0xFE, 0x69, 0xFE, 0x69, 0xFE, 0x69, 0xFE, 0x69, 0xFE, 0x69, 0xFE, 0x69, 0xFE, 0x69, 0xFE, 0x69, 0xFE,
    0x69, 0xFE, 0x69, 0xFE, 0x69, 0xFE, 0x69, 0xFE, 0x69, 0xFE, 0x69, 0xFE, 0x69, 0xFE, 0x69, 0xFE, 0x69, 0xFE, 0x45,
    0xB4, 0x45, 0xB4, 0x45, 0xB4, 0x20, 0x62, 0x20, 0x62, 0x20, 0x62, 0x20, 0x62, 0x20, 0x62, 0x20, 0x62, 0x20, 0x62,
    0x20, 0x62, 0x20, 0x62, 0x20, 0x62, 0x20, 0x62, 0x20, 0x62, 0x20, 0x62, 0x20, 0x62, 0x20, 0x62, 0x20, 0x62, 0x20,
    0x62, 0x20, 0x62, 0x20, 0x62, 0x20, 0x62, 0x20, 0x62, 0x20, 0x62, 0x20, 0x62, 0x20, 0x62, 0x20, 0x62, 0x20, 0x62,
    0x20, 0x62, 0x20, 0x62, 0x20, 0x62, 0x20, 0x62, 0x20, 0x62, 0x20, 0x62, 0x20, 0x62, 0x20, 0x62, 0x20, 0x62, 0x20,
    0x62, 0x20, 0x62, 0x20, 0x62, 0x20, 0x62, 0x20, 0x62, 0x20, 0x62, 0x20, 0x62, 0x20, 0x62, 0x20, 0x62, 0x20, 0x62,
    0x20, 0x62, 0x20, 0x62, 0xA4, 0x62, 0xA4, 0x62, 0xA4, 0x62, 0x8C, 0x63, 0x8C, 0x63, 0x8C, 0x63, 0x8C, 0x63, 0x45,
    0xB4, 0x45, 0xB4, 0x45, 0xB4, 0x69, 0xFE, 0x69, 0xFE, 0x69, 0xFE, 0x69, 0xFE, 0x69, 0xFE, 0x69, 0xFE, 0x69, 0xFE,
    0x69, 0xFE, 0x69, 0xFE, 0x69, 0xFE, 0x69, 0xFE, 0x69, 0xFE, 0x69, 0xFE, 0x69, 0xFE, 0x69, 0xFE, 0x69, 0xFE, 0x69,
    0xFE, 0x69, 0xFE, 0x69, 0xFE, 0x69, 0xFE, 0x69, 0xFE, 0x69, 0xFE, 0x69, 0xFE, 0x69, 0xFE, 0x69, 0xFE, 0x69, 0xFE,
    0x69, 0xFE, 0x69, 0xFE, 0x69, 0xFE, 0x69, 0xFE, 0x69, 0xFE, 0x69, 0xFE, 0x69, 0xFE, 0x69, 0xFE, 0x69, 0xFE, 0x69,
    0xFE, 0x69, 0xFE, 0x69, 0xFE, 0x69, 0xFE, 0x69, 0xFE, 0x69, 0xFE, 0x69, 0xFE, 0x69, 0xFE, 0x69, 0xFE, 0x69, 0xFE,
    0x69, 0xFE, 0x69, 0xFE, 0x69, 0xFE, 0x69, 0xFE, 0x69, 0xFE, 0x69, 0xFE, 0x69, 0xFE, 0x69, 0xFE, 0x69, 0xFE, 0x69,
    0xFE, 0x69, 0xFE, 0x69, 0xFE, 0x69, 0xFE, 0x69, 0xFE, 0x69, 0xFE, 0x69, 0xFE, 0x69, 0xFE, 0x69, 0xFE, 0x69, 0xFE,
    0x69, 0xFE, 0x69, 0xFE, 0x69, 0xFE, 0x69, 0xFE, 0x69, 0xFE, 0x69, 0xFE, 0x69, 0xFE, 0x69, 0xFE, 0x69, 0xFE, 0x69,
    0xFE, 0x69, 0xFE, 0x69, 0xFE, 0x69, 0xFE, 0x69, 0xFE, 0x69, 0xFE, 0x69, 0xFE, 0x69, 0xFE, 0x69, 0xFE, 0x69, 0xFE,
    0x69, 0xFE, 0x69, 0xFE, 0x69, 0xFE, 0x69, 0xFE, 0x69, 0xFE, 0x69, 0xFE, 0x69, 0xFE, 0x69, 0xFE, 0x69, 0xFE, 0x69,
    0xFE, 0x69, 0xFE, 0x69, 0xFE, 0x69, 0xFE, 0x69, 0xFE, 0x69, 0xFE, 0x69, 0xFE, 0x69, 0xFE, 0x45, 0xB4, 0x45, 0xB4,
    0x45, 0xB4, 0xCE, 0x63, 0xCE, 0x63, 0xCE, 0x63, 0xCE, 0x63, 0xA4, 0x62, 0xA4, 0x62, 0xA4, 0x62, 0x20, 0x62, 0x20,
    0x62, 0x20, 0x62, 0x20, 0x62, 0x20, 0x62, 0x20, 0x62, 0x20, 0x62, 0x20, 0x62, 0x20, 0x62, 0x20, 0x62, 0x20, 0x62,
    0x20, 0x62, 0x20, 0x62, 0x20, 0x62, 0x20, 0x62, 0x20, 0x62, 0x20, 0x62, 0x20, 0x62, 0x20, 0x62, 0x20, 0x62, 0x20,
    0x62, 0x20, 0x62, 0x20, 0x62, 0x20, 0x62, 0x20, 0x62, 0x20, 0x62, 0x20, 0x62, 0x20, 0x62, 0x20, 0x62, 0x20, 0x62,
    0x20, 0x62, 0x20, 0x62, 0x20, 0x62, 0x20, 0x62, 0x20, 0x62, 0x20, 0x62, 0x20, 0x62, 0x20, 0x62, 0x20, 0x62, 0x20,
    0x62, 0x20, 0x62, 0x20, 0x62, 0x20, 0x62, 0x20, 0x62, 0x20, 0x62, 0x20, 0x62, 0x20, 0x62, 0x45, 0xB4, 0x45, 0xB4,
    0x45, 0xB4, 0x69, 0xFE, 0x69, 0xFE, 0x69, 0xFE, 0x69, 0xFE, 0x69, 0xFE, 0x69, 0xFE, 0x69, 0xFE, 0x69, 0xFE, 0x69,
    0xFE, 0x69, 0xFE, 0x69, 0xFE, 0x69, 0xFE, 0x69, 0xFE, 0x69, 0xFE, 0x69, 0xFE, 0x69, 0xFE, 0x69, 0xFE, 0x69, 0xFE,
    0x69, 0xFE, 0x69, 0xFE, 0x45, 0xB4, 0x45, 0xB4, 0x45, 0xB4, 0x20, 0x62, 0x20, 0x62, 0x20, 0x62, 0x20, 0x62, 0x20,
    0x62, 0x20, 0x62, 0x20, 0x62, 0x20, 0x62, 0x20, 0x62, 0x20, 0x62, 0x20, 0x62, 0x20, 0x62, 0x20, 0x62, 0x20, 0x62,
    0x20, 0x62, 0x20, 0x62, 0x20, 0x62, 0x20, 0x62, 0x20, 0x62, 0x20, 0x62, 0x20, 0x62, 0x20, 0x62, 0x20, 0x62, 0x20,
    0x62, 0x20, 0x62, 0x20, 0x62, 0x20, 0x62, 0x20, 0x62, 0x20, 0x62, 0x20, 0x62, 0x20, 0x62, 0x20, 0x62, 0x20, 0x62,
    0x20, 0x62, 0x20, 0x62, 0x20, 0x62, 0x20, 0x62, 0x20, 0x62, 0x20, 0x62, 0x20, 0x62, 0x20, 0x62, 0x20, 0x62, 0x20,
    0x62, 0x20, 0x62, 0x20, 0x62, 0x20, 0x62, 0x20, 0x62, 0xA4, 0x62, 0xA4, 0x62, 0xA4, 0x62, 0x8C, 0x63, 0x8C, 0x63,
    0x8C, 0x63, 0x8C, 0x63, 0x45, 0xB4, 0x45, 0xB4, 0x45, 0xB4, 0x69, 0xFE, 0x69, 0xFE, 0x69, 0xFE, 0x69, 0xFE, 0x69,
    0xFE, 0x69, 0xFE, 0x69, 0xFE, 0x69, 0xFE, 0x69, 0xFE, 0x69, 0xFE, 0x69, 0xFE, 0x69, 0xFE, 0x69, 0xFE, 0x69, 0xFE,
    0x69, 0xFE, 0x69, 0xFE, 0x69, 0xFE, 0x69, 0xFE, 0x69, 0xFE, 0x69, 0xFE, 0x69, 0xFE, 0x69, 0xFE, 0x69, 0xFE, 0x69,
    0xFE, 0x69, 0xFE, 0x69, 0xFE, 0x69, 0xFE, 0x69, 0xFE, 0x69, 0xFE, 0x69, 0xFE, 0x69, 0xFE, 0x69, 0xFE, 0x69, 0xFE,
    0x69, 0xFE, 0x69, 0xFE, 0x69, 0xFE, 0x69, 0xFE, 0x69, 0xFE, 0x69, 0xFE, 0x69, 0xFE, 0x69, 0xFE, 0x69, 0xFE, 0x69,
    0xFE, 0x69, 0xFE, 0x69, 0xFE, 0x69, 0xFE, 0x69, 0xFE, 0x69, 0xFE, 0x69, 0xFE, 0x69, 0xFE, 0x69, 0xFE, 0x69, 0xFE,
    0x69, 0xFE, 0x69, 0xFE, 0x69, 0xFE, 0x69, 0xFE, 0x69, 0xFE, 0x69, 0xFE, 0x69, 0xFE, 0x69, 0xFE, 0x69, 0xFE, 0x69,
    0xFE, 0x69, 0xFE, 0x69, 0xFE, 0x69, 0xFE, 0x69, 0xFE, 0x69, 0xFE, 0x69, 0xFE, 0x69, 0xFE, 0x69, 0xFE, 0x69, 0xFE,
    0x69, 0xFE, 0x69, 0xFE, 0x69, 0xFE, 0x69, 0xFE, 0x69, 0xFE, 0x69, 0xFE, 0x69, 0xFE, 0x69, 0xFE, 0x69, 0xFE, 0x69,
    0xFE, 0x69, 0xFE, 0x69, 0xFE, 0x69, 0xFE, 0x69, 0xFE, 0x69, 0xFE, 0x69, 0xFE, 0x69, 0xFE, 0x69, 0xFE, 0x69, 0xFE,
    0x69, 0xFE, 0x69, 0xFE, 0x69, 0xFE, 0x69, 0xFE, 0x69, 0xFE, 0x69, 0xFE, 0x69, 0xFE, 0x0F, 0xCE, 0x0F, 0xCE, 0x0F,
    0xCE, 0x7C, 0x65, 0x7C, 0x65, 0x7C, 0x65, 0x7D, 0x5D, 0x7D, 0x5D, 0x7D, 0x5D, 0x7D, 0x5D, 0x7C, 0x65, 0x7C, 0x65,
    0x7C, 0x65, 0x20, 0x62, 0x20, 0x62, 0x20, 0x62, 0x22, 0x8B, 0x22, 0x8B, 0x22, 0x8B, 0x22, 0x8B, 0x45, 0xB4, 0x45,
    0xB4, 0x45, 0xB4, 0x47, 0xDD, 0x47, 0xDD, 0x47, 0xDD, 0x47, 0xDD, 0x47, 0xDD, 0x47, 0xDD, 0x47, 0xDD, 0x47, 0xDD,
    0x47, 0xDD, 0x47, 0xDD, 0x47, 0xDD, 0x47, 0xDD, 0x47, 0xDD, 0x47, 0xDD, 0x47, 0xDD, 0x47, 0xDD, 0x47, 0xDD, 0x47,
    0xDD, 0x47, 0xDD, 0x47, 0xDD, 0x45, 0xB4, 0x45, 0xB4, 0x45, 0xB4, 0x22, 0x8B, 0x22, 0x8B, 0x22, 0x8B, 0x22, 0x8B,
    0x20, 0x62, 0x20, 0x62, 0x20, 0x62, 0x20, 0x62, 0x20, 0x62, 0x20, 0x62, 0x20, 0x62, 0x20, 0x62, 0x20, 0x62, 0x20,
    0x62, 0x60, 0x72, 0x60, 0x72, 0x60, 0x72, 0x69, 0xFE, 0x69, 0xFE, 0x69, 0xFE, 0x69, 0xFE, 0x69, 0xFE, 0x69, 0xFE,
    0x69, 0xFE, 0x69, 0xFE, 0x69, 0xFE, 0x69, 0xFE, 0x69, 0xFE, 0x69, 0xFE, 0x69, 0xFE, 0x69, 0xFE, 0x69, 0xFE, 0x69,
    0xFE, 0x69, 0xFE, 0x69, 0xFE, 0x69, 0xFE, 0x69, 0xFE, 0x60, 0x72, 0x60, 0x72, 0x60, 0x72, 0x20, 0x62, 0x20, 0x62,
    0x20, 0x62, 0x20, 0x62, 0x20, 0x62, 0x20, 0x62, 0x20, 0x62, 0x20, 0x62, 0x20, 0x62, 0x20, 0x62, 0x22, 0x8B, 0x22,
    0x8B, 0x22, 0x8B, 0x22, 0x8B, 0x45, 0xB4, 0x45, 0xB4, 0x45, 0xB4, 0x47, 0xDD, 0x47, 0xDD, 0x47, 0xDD, 0x47, 0xDD,
    0x47, 0xDD, 0x47, 0xDD, 0x47, 0xDD, 0x47, 0xDD, 0x47, 0xDD, 0x47, 0xDD, 0x47, 0xDD, 0x47, 0xDD, 0x47, 0xDD, 0x47,
    0xDD, 0x47, 0xDD, 0x47, 0xDD, 0x47, 0xDD, 0x47, 0xDD, 0x47, 0xDD, 0x47, 0xDD, 0x45, 0xB4, 0x45, 0xB4, 0x45, 0xB4,
    0x22, 0x8B, 0x22, 0x8B, 0x22, 0x8B, 0x22, 0x8B, 0x20, 0x62, 0x20, 0x62, 0x20, 0x62, 0x7C, 0x65, 0x7C, 0x65, 0x7C,
    0x65, 0x7D, 0x5D, 0x7D, 0x5D, 0x7D, 0x5D, 0x7D, 0x5D, 0x7C, 0x65, 0x7C, 0x65, 0x7C, 0x65, 0x0F, 0xCE, 0x0F, 0xCE,
    0x0F, 0xCE, 0x69, 0xFE, 0x69, 0xFE, 0x69, 0xFE, 0x69, 0xFE, 0x69, 0xFE, 0x69, 0xFE, 0x69, 0xFE, 0x69, 0xFE, 0x69,
    0xFE, 0x69, 0xFE, 0x69, 0xFE, 0x69, 0xFE, 0x69, 0xFE, 0x69, 0xFE, 0x69, 0xFE, 0x69, 0xFE, 0x69, 0xFE, 0x69, 0xFE,
    0x69, 0xFE, 0x69, 0xFE, 0x69, 0xFE, 0x69, 0xFE, 0x69, 0xFE, 0x69, 0xFE, 0x69, 0xFE, 0x69, 0xFE, 0x69, 0xFE, 0x69,
    0xFE, 0x69, 0xFE, 0x69, 0xFE, 0x69, 0xFE, 0x69, 0xFE, 0x69, 0xFE, 0x69, 0xFE, 0x69, 0xFE, 0x69, 0xFE, 0x69, 0xFE,
    0x69, 0xFE, 0x69, 0xFE, 0x69, 0xFE, 0x69, 0xFE, 0x69, 0xFE, 0x69, 0xFE, 0x69, 0xFE, 0x69, 0xFE, 0x69, 0xFE, 0x69,
    0xFE, 0x69, 0xFE, 0x69, 0xFE, 0x69, 0xFE, 0x69, 0xFE, 0x69, 0xFE, 0x69, 0xFE, 0x69, 0xFE, 0x69, 0xFE, 0x69, 0xFE,
    0x69, 0xFE, 0x69, 0xFE, 0x69, 0xFE, 0x69, 0xFE, 0x69, 0xFE, 0x69, 0xFE, 0x69, 0xFE, 0x69, 0xFE, 0x69, 0xFE, 0x69,
    0xFE, 0x69, 0xFE, 0x69, 0xFE, 0x69, 0xFE, 0x69, 0xFE, 0x69, 0xFE, 0x69, 0xFE, 0x69, 0xFE, 0x69, 0xFE, 0x69, 0xFE,
    0x69, 0xFE, 0x69, 0xFE, 0x69, 0xFE, 0x69, 0xFE, 0x69, 0xFE, 0x69, 0xFE, 0x69, 0xFE, 0x69, 0xFE, 0x69, 0xFE, 0x69,
    0xFE, 0x69, 0xFE, 0x69, 0xFE, 0x69, 0xFE, 0x69, 0xFE, 0x69, 0xFE, 0x69, 0xFE, 0x69, 0xFE, 0x69, 0xFE, 0x69, 0xFE,
    0x0F, 0xCE, 0x0F, 0xCE, 0x0F, 0xCE, 0x7C, 0x65, 0x7C, 0x65, 0x7C, 0x65, 0x7D, 0x5D, 0x7D, 0x5D, 0x7D, 0x5D, 0x7D,
    0x5D, 0x7C, 0x65, 0x7C, 0x65, 0x7C, 0x65, 0x20, 0x62, 0x20, 0x62, 0x20, 0x62, 0x22, 0x8B, 0x22, 0x8B, 0x22, 0x8B,
    0x22, 0x8B, 0x45, 0xB4, 0x45, 0xB4, 0x45, 0xB4, 0x47, 0xDD, 0x47, 0xDD, 0x47, 0xDD, 0x47, 0xDD, 0x47, 0xDD, 0x47,
    0xDD, 0x47, 0xDD, 0x47, 0xDD, 0x47, 0xDD, 0x47, 0xDD, 0x47, 0xDD, 0x47, 0xDD, 0x47, 0xDD, 0x47, 0xDD, 0x47, 0xDD,
    0x47, 0xDD, 0x47, 0xDD, 0x47, 0xDD, 0x47, 0xDD, 0x47, 0xDD, 0x45, 0xB4, 0x45, 0xB4, 0x45, 0xB4, 0x22, 0x8B, 0x22,
    0x8B, 0x22, 0x8B, 0x22, 0x8B, 0x20, 0x62, 0x20, 0x62, 0x20, 0x62, 0x20, 0x62, 0x20, 0x62, 0x20, 0x62, 0x20, 0x62,
    0x20, 0x62, 0x20, 0x62, 0x20, 0x62, 0x60, 0x72, 0x60, 0x72, 0x60, 0x72, 0x69, 0xFE, 0x69, 0xFE, 0x69, 0xFE, 0x69,
    0xFE, 0x69, 0xFE, 0x69, 0xFE, 0x69, 0xFE, 0x69, 0xFE, 0x69, 0xFE, 0x69, 0xFE, 0x69, 0xFE, 0x69, 0xFE, 0x69, 0xFE,
    0x69, 0xFE, 0x69, 0xFE, 0x69, 0xFE, 0x69, 0xFE, 0x69, 0xFE, 0x69, 0xFE, 0x69, 0xFE, 0x60, 0x72, 0x60, 0x72, 0x60,
    0x72, 0x20, 0x62, 0x20, 0x62, 0x20, 0x62, 0x20, 0x62, 0x20, 0x62, 0x20, 0x62, 0x20, 0x62, 0x20, 0x62, 0x20, 0x62,
    0x20, 0x62, 0x22, 0x8B, 0x22, 0x8B, 0x22, 0x8B, 0x22, 0x8B, 0x45, 0xB4, 0x45, 0xB4, 0x45, 0xB4, 0x47, 0xDD, 0x47,
    0xDD, 0x47, 0xDD, 0x47, 0xDD, 0x47, 0xDD, 0x47, 0xDD, 0x47, 0xDD, 0x47, 0xDD, 0x47, 0xDD, 0x47, 0xDD, 0x47, 0xDD,
    0x47, 0xDD, 0x47, 0xDD, 0x47, 0xDD, 0x47, 0xDD, 0x47, 0xDD, 0x47, 0xDD, 0x47, 0xDD, 0x47, 0xDD, 0x47, 0xDD, 0x45,
    0xB4, 0x45, 0xB4, 0x45, 0xB4, 0x22, 0x8B, 0x22, 0x8B, 0x22, 0x8B, 0x22, 0x8B, 0x20, 0x62, 0x20, 0x62, 0x20, 0x62,
    0x7C, 0x65, 0x7C, 0x65, 0x7C, 0x65, 0x7D, 0x5D, 0x7D, 0x5D, 0x7D, 0x5D, 0x7D, 0x5D, 0x7C, 0x65, 0x7C, 0x65, 0x7C,
    0x65, 0x0F, 0xCE, 0x0F, 0xCE, 0x0F, 0xCE, 0x69, 0xFE, 0x69, 0xFE, 0x69, 0xFE, 0x69, 0xFE, 0x69, 0xFE, 0x69, 0xFE,
    0x69, 0xFE, 0x69, 0xFE, 0x69, 0xFE, 0x69, 0xFE, 0x69, 0xFE, 0x69, 0xFE, 0x69, 0xFE, 0x69, 0xFE, 0x69, 0xFE, 0x69,
    0xFE, 0x69, 0xFE, 0x69, 0xFE, 0x69, 0xFE, 0x69, 0xFE, 0x69, 0xFE, 0x69, 0xFE, 0x69, 0xFE, 0x69, 0xFE, 0x69, 0xFE,
    0x69, 0xFE, 0x69, 0xFE, 0x69, 0xFE, 0x69, 0xFE, 0x69, 0xFE, 0x69, 0xFE, 0x69, 0xFE, 0x69, 0xFE, 0x69, 0xFE, 0x69,
    0xFE, 0x69, 0xFE, 0x69, 0xFE, 0x69, 0xFE, 0x69, 0xFE, 0x69, 0xFE, 0x69, 0xFE, 0x69, 0xFE, 0x69, 0xFE, 0x69, 0xFE,
    0x69, 0xFE, 0x69, 0xFE, 0x69, 0xFE, 0x69, 0xFE, 0x69, 0xFE, 0x69, 0xFE, 0x69, 0xFE, 0x69, 0xFE, 0x69, 0xFE, 0x69,
    0xFE, 0x69, 0xFE, 0x69, 0xFE, 0x69, 0xFE, 0x69, 0xFE, 0x69, 0xFE, 0x69, 0xFE, 0x69, 0xFE, 0x69, 0xFE, 0x69, 0xFE,
    0x69, 0xFE, 0x69, 0xFE, 0x69, 0xFE, 0x69, 0xFE, 0x69, 0xFE, 0x69, 0xFE, 0x69, 0xFE, 0x69, 0xFE, 0x69, 0xFE, 0x69,
    0xFE, 0x69, 0xFE, 0x69, 0xFE, 0x69, 0xFE, 0x69, 0xFE, 0x69, 0xFE, 0x69, 0xFE, 0x69, 0xFE, 0x69, 0xFE, 0x69, 0xFE,
    0x69, 0xFE, 0x69, 0xFE, 0x69, 0xFE, 0x69, 0xFE, 0x69, 0xFE, 0x69, 0xFE, 0x69, 0xFE, 0x69, 0xFE, 0x69, 0xFE, 0x69,
    0xFE, 0x69, 0xFE, 0x69, 0xFE, 0x0F, 0xCE, 0x0F, 0xCE, 0x0F, 0xCE, 0x7C, 0x65, 0x7C, 0x65, 0x7C, 0x65, 0x7D, 0x5D,
    0x7D, 0x5D, 0x7D, 0x5D, 0x7D, 0x5D, 0x7C, 0x65, 0x7C, 0x65, 0x7C, 0x65, 0x20, 0x62, 0x20, 0x62, 0x20, 0x62, 0x22,
    0x8B, 0x22, 0x8B, 0x22, 0x8B, 0x22, 0x8B, 0x45, 0xB4, 0x45, 0xB4, 0x45, 0xB4, 0x47, 0xDD, 0x47, 0xDD, 0x47, 0xDD,
    0x47, 0xDD, 0x47, 0xDD, 0x47, 0xDD, 0x47, 0xDD, 0x47, 0xDD, 0x47, 0xDD, 0x47, 0xDD, 0x47, 0xDD, 0x47, 0xDD, 0x47,
    0xDD, 0x47, 0xDD, 0x47, 0xDD, 0x47, 0xDD, 0x47, 0xDD, 0x47, 0xDD, 0x47, 0xDD, 0x47, 0xDD, 0x45, 0xB4, 0x45, 0xB4,
    0x45, 0xB4, 0x22, 0x8B, 0x22, 0x8B, 0x22, 0x8B, 0x22, 0x8B, 0x20, 0x62, 0x20, 0x62, 0x20, 0x62, 0x20, 0x62, 0x20,
    0x62, 0x20, 0x62, 0x20, 0x62, 0x20, 0x62, 0x20, 0x62, 0x20, 0x62, 0x60, 0x72, 0x60, 0x72, 0x60, 0x72, 0x69, 0xFE,
    0x69, 0xFE, 0x69, 0xFE, 0x69, 0xFE, 0x69, 0xFE, 0x69, 0xFE, 0x69, 0xFE, 0x69, 0xFE, 0x69, 0xFE, 0x69, 0xFE, 0x69,
    0xFE, 0x69, 0xFE, 0x69, 0xFE, 0x69, 0xFE, 0x69, 0xFE, 0x69, 0xFE, 0x69, 0xFE, 0x69, 0xFE, 0x69, 0xFE, 0x69, 0xFE,
    0x60, 0x72, 0x60, 0x72, 0x60, 0x72, 0x20, 0x62, 0x20, 0x62, 0x20, 0x62, 0x20, 0x62, 0x20, 0x62, 0x20, 0x62, 0x20,
    0x62, 0x20, 0x62, 0x20, 0x62, 0x20, 0x62, 0x22, 0x8B, 0x22, 0x8B, 0x22, 0x8B, 0x22, 0x8B, 0x45, 0xB4, 0x45, 0xB4,
    0x45, 0xB4, 0x47, 0xDD, 0x47, 0xDD, 0x47, 0xDD, 0x47, 0xDD, 0x47, 0xDD, 0x47, 0xDD, 0x47, 0xDD, 0x47, 0xDD, 0x47,
    0xDD, 0x47, 0xDD, 0x47, 0xDD, 0x47, 0xDD, 0x47, 0xDD, 0x47, 0xDD, 0x47, 0xDD, 0x47, 0xDD, 0x47, 0xDD, 0x47, 0xDD,
    0x47, 0xDD, 0x47, 0xDD, 0x45, 0xB4, 0x45, 0xB4, 0x45, 0xB4, 0x22, 0x8B, 0x22, 0x8B, 0x22, 0x8B, 0x22, 0x8B, 0x20,
    0x62, 0x20, 0x62, 0x20, 0x62, 0x7C, 0x65, 0x7C, 0x65, 0x7C, 0x65, 0x7D, 0x5D, 0x7D, 0x5D, 0x7D, 0x5D, 0x7D, 0x5D,
    0x7C, 0x65, 0x7C, 0x65, 0x7C, 0x65, 0x0F, 0xCE, 0x0F, 0xCE, 0x0F, 0xCE, 0x69, 0xFE, 0x69, 0xFE, 0x69, 0xFE, 0x69,
    0xFE, 0x69, 0xFE, 0x69, 0xFE, 0x69, 0xFE, 0x69, 0xFE, 0x69, 0xFE, 0x69, 0xFE, 0x69, 0xFE, 0x69, 0xFE, 0x69, 0xFE,
    0x69, 0xFE, 0x69, 0xFE, 0x69, 0xFE, 0x69, 0xFE, 0x69, 0xFE, 0x69, 0xFE, 0x69, 0xFE, 0x69, 0xFE, 0x69, 0xFE, 0x69,
    0xFE, 0x69, 0xFE, 0x69, 0xFE, 0x69, 0xFE, 0x69, 0xFE, 0x69, 0xFE, 0x69, 0xFE, 0x69, 0xFE, 0x69, 0xFE, 0x69, 0xFE,
    0x69, 0xFE, 0x69, 0xFE, 0x69, 0xFE, 0x69, 0xFE, 0x69, 0xFE, 0x69, 0xFE, 0x69, 0xFE, 0x69, 0xFE, 0x69, 0xFE, 0x69,
    0xFE, 0x69, 0xFE, 0x69, 0xFE, 0x69, 0xFE, 0x69, 0xFE, 0x69, 0xFE, 0x69, 0xFE, 0x69, 0xFE, 0x69, 0xFE, 0x69, 0xFE,
    0x69, 0xFE, 0x69, 0xFE, 0x69, 0xFE, 0x69, 0xFE, 0x69, 0xFE, 0x69, 0xFE, 0x69, 0xFE, 0x69, 0xFE, 0x69, 0xFE, 0x69,
    0xFE, 0x69, 0xFE, 0x69, 0xFE, 0x69, 0xFE, 0x69, 0xFE, 0x69, 0xFE, 0x69, 0xFE, 0x69, 0xFE, 0x69, 0xFE, 0x69, 0xFE,
    0x69, 0xFE, 0x69, 0xFE, 0x69, 0xFE, 0x69, 0xFE, 0x69, 0xFE, 0x69, 0xFE, 0x69, 0xFE, 0x69, 0xFE, 0x69, 0xFE, 0x69,
    0xFE, 0x69, 0xFE, 0x69, 0xFE, 0x69, 0xFE, 0x69, 0xFE, 0x69, 0xFE, 0x69, 0xFE, 0x69, 0xFE, 0x69, 0xFE, 0x69, 0xFE,
    0x69, 0xFE, 0xF3, 0xAD, 0xF3, 0xAD, 0xF3, 0xAD, 0xF3, 0xAD, 0x7D, 0x5D, 0x7D, 0x5D, 0x7D, 0x5D, 0x7D, 0x5D, 0x7D,
    0x5D, 0x7D, 0x5D, 0x7D, 0x5D, 0x7D, 0x5D, 0x7D, 0x5D, 0x7D, 0x5D, 0x7D, 0x5D, 0x7D, 0x5D, 0x7D, 0x5D, 0xD1, 0xBD,
    0xD1, 0xBD, 0xD1, 0xBD, 0x69, 0xFE, 0x69, 0xFE, 0x69, 0xFE, 0x69, 0xFE, 0x69, 0xFE, 0x69, 0xFE, 0x69, 0xFE, 0x69,
    0xFE, 0x69, 0xFE, 0x69, 0xFE, 0x69, 0xFE, 0x69, 0xFE, 0x69, 0xFE, 0x69, 0xFE, 0x69, 0xFE, 0x69, 0xFE, 0x69, 0xFE,
    0x69, 0xFE, 0x69, 0xFE, 0x69, 0xFE, 0x69, 0xFE, 0x69, 0xFE, 0x69, 0xFE, 0x69, 0xFE, 0x69, 0xFE, 0x69, 0xFE, 0x69,
    0xFE, 0x69, 0xFE, 0x69, 0xFE, 0x69, 0xFE, 0x69, 0xFE, 0x69, 0xFE, 0x69, 0xFE, 0x69, 0xFE, 0x29, 0xF6, 0x29, 0xF6,
    0x29, 0xF6, 0x45, 0xB4, 0x45, 0xB4, 0x45, 0xB4, 0x60, 0x72, 0x60, 0x72, 0x60, 0x72, 0x60, 0x72, 0x60, 0x72, 0x60,
    0x72, 0x60, 0x72, 0x69, 0xFE, 0x69, 0xFE, 0x69, 0xFE, 0x69, 0xFE, 0x69, 0xFE, 0x69, 0xFE, 0x69, 0xFE, 0x69, 0xFE,
    0x69, 0xFE, 0x69, 0xFE, 0x69, 0xFE, 0x69, 0xFE, 0x69, 0xFE, 0x69, 0xFE, 0x69, 0xFE, 0x69, 0xFE, 0x69, 0xFE, 0x69,
    0xFE, 0x69, 0xFE, 0x69, 0xFE, 0x60, 0x72, 0x60, 0x72, 0x60, 0x72, 0x60, 0x72, 0x60, 0x72, 0x60, 0x72, 0x60, 0x72,
    0x45, 0xB4, 0x45, 0xB4, 0x45, 0xB4, 0x29, 0xF6, 0x29, 0xF6, 0x29, 0xF6, 0x69, 0xFE, 0x69, 0xFE, 0x69, 0xFE, 0x69,
    0xFE, 0x69, 0xFE, 0x69, 0xFE, 0x69, 0xFE, 0x69, 0xFE, 0x69, 0xFE, 0x69, 0xFE, 0x69, 0xFE, 0x69, 0xFE, 0x69, 0xFE,
    0x69, 0xFE, 0x69, 0xFE, 0x69, 0xFE, 0x69, 0xFE, 0x69, 0xFE, 0x69, 0xFE, 0x69, 0xFE, 0x69, 0xFE, 0x69, 0xFE, 0x69,
    0xFE, 0x69, 0xFE, 0x69, 0xFE, 0x69, 0xFE, 0x69, 0xFE, 0x69, 0xFE, 0x69, 0xFE, 0x69, 0xFE, 0x69, 0xFE, 0x69, 0xFE,
    0x69, 0xFE, 0x69, 0xFE, 0xF3, 0xAD, 0xF3, 0xAD, 0xF3, 0xAD, 0x7D, 0x5D, 0x7D, 0x5D, 0x7D, 0x5D, 0x7D, 0x5D, 0x7D,
    0x5D, 0x7D, 0x5D, 0x7D, 0x5D, 0x7D, 0x5D, 0x7D, 0x5D, 0x7D, 0x5D, 0x7D, 0x5D, 0x7D, 0x5D, 0x7D, 0x5D, 0xD1, 0xBD,
    0xD1, 0xBD, 0xD1, 0xBD, 0xD1, 0xBD, 0x69, 0xFE, 0x69, 0xFE, 0x69, 0xFE, 0x69, 0xFE, 0x69, 0xFE, 0x69, 0xFE, 0x69,
    0xFE, 0x69, 0xFE, 0x69, 0xFE, 0x69, 0xFE, 0x69, 0xFE, 0x69, 0xFE, 0x69, 0xFE, 0x69, 0xFE, 0x69, 0xFE, 0x69, 0xFE,
    0x69, 0xFE, 0x69, 0xFE, 0x69, 0xFE, 0x69, 0xFE, 0x69, 0xFE, 0x69, 0xFE, 0x69, 0xFE, 0x69, 0xFE, 0x69, 0xFE, 0x69,
    0xFE, 0x69, 0xFE, 0x69, 0xFE, 0x69, 0xFE, 0x69, 0xFE, 0x69, 0xFE, 0x69, 0xFE, 0x69, 0xFE, 0x69, 0xFE, 0x69, 0xFE,
    0x69, 0xFE, 0x69, 0xFE, 0x69, 0xFE, 0x69, 0xFE, 0x69, 0xFE, 0x69, 0xFE, 0x69, 0xFE, 0x69, 0xFE, 0x69, 0xFE, 0x69,
    0xFE, 0x69, 0xFE, 0x69, 0xFE, 0x69, 0xFE, 0x69, 0xFE, 0x69, 0xFE, 0x69, 0xFE, 0x69, 0xFE, 0x69, 0xFE, 0x69, 0xFE,
    0x69, 0xFE, 0x69, 0xFE, 0x69, 0xFE, 0x69, 0xFE, 0x69, 0xFE, 0x69, 0xFE, 0x69, 0xFE, 0x69, 0xFE, 0x69, 0xFE, 0x69,
    0xFE, 0x69, 0xFE, 0x69, 0xFE, 0x69, 0xFE, 0x69, 0xFE, 0x69, 0xFE, 0x69, 0xFE, 0x69, 0xFE, 0x69, 0xFE, 0x69, 0xFE,
    0x69, 0xFE, 0x69, 0xFE, 0x69, 0xFE, 0x69, 0xFE, 0x69, 0xFE, 0x69, 0xFE, 0x69, 0xFE, 0x69, 0xFE, 0x69, 0xFE, 0x69,
    0xFE, 0x69, 0xFE, 0x69, 0xFE, 0x69, 0xFE, 0xF3, 0xAD, 0xF3, 0xAD, 0xF3, 0xAD, 0xF3, 0xAD, 0x7D, 0x5D, 0x7D, 0x5D,
    0x7D, 0x5D, 0x7D, 0x5D, 0x7D, 0x5D, 0x7D, 0x5D, 0x7D, 0x5D, 0x7D, 0x5D, 0x7D, 0x5D, 0x7D, 0x5D, 0x7D, 0x5D, 0x7D,
    0x5D, 0x7D, 0x5D, 0xD1, 0xBD, 0xD1, 0xBD, 0xD1, 0xBD, 0x69, 0xFE, 0x69, 0xFE, 0x69, 0xFE, 0x69, 0xFE, 0x69, 0xFE,
    0x69, 0xFE, 0x69, 0xFE, 0x69, 0xFE, 0x69, 0xFE, 0x69, 0xFE, 0x69, 0xFE, 0x69, 0xFE, 0x69, 0xFE, 0x69, 0xFE, 0x69,
    0xFE, 0x69, 0xFE, 0x69, 0xFE, 0x69, 0xFE, 0x69, 0xFE, 0x69, 0xFE, 0x69, 0xFE, 0x69, 0xFE, 0x69, 0xFE, 0x69, 0xFE,
    0x69, 0xFE, 0x69, 0xFE, 0x69, 0xFE, 0x69, 0xFE, 0x69, 0xFE, 0x69, 0xFE, 0x69, 0xFE, 0x69, 0xFE, 0x69, 0xFE, 0x69,
    0xFE, 0x29, 0xF6, 0x29, 0xF6, 0x29, 0xF6, 0x45, 0xB4, 0x45, 0xB4, 0x45, 0xB4, 0x60, 0x72, 0x60, 0x72, 0x60, 0x72,
    0x60, 0x72, 0x60, 0x72, 0x60, 0x72, 0x60, 0x72, 0x69, 0xFE, 0x69, 0xFE, 0x69, 0xFE, 0x69, 0xFE, 0x69, 0xFE, 0x69,
    0xFE, 0x69, 0xFE, 0x69, 0xFE, 0x69, 0xFE, 0x69, 0xFE, 0x69, 0xFE, 0x69, 0xFE, 0x69, 0xFE, 0x69, 0xFE, 0x69, 0xFE,
    0x69, 0xFE, 0x69, 0xFE, 0x69, 0xFE, 0x69, 0xFE, 0x69, 0xFE, 0x60, 0x72, 0x60, 0x72, 0x60, 0x72, 0x60, 0x72, 0x60,
    0x72, 0x60, 0x72, 0x60, 0x72, 0x45, 0xB4, 0x45, 0xB4, 0x45, 0xB4, 0x29, 0xF6, 0x29, 0xF6, 0x29, 0xF6, 0x69, 0xFE,
    0x69, 0xFE, 0x69, 0xFE, 0x69, 0xFE, 0x69, 0xFE, 0x69, 0xFE, 0x69, 0xFE, 0x69, 0xFE, 0x69, 0xFE, 0x69, 0xFE, 0x69,
    0xFE, 0x69, 0xFE, 0x69, 0xFE, 0x69, 0xFE, 0x69, 0xFE, 0x69, 0xFE, 0x69, 0xFE, 0x69, 0xFE, 0x69, 0xFE, 0x69, 0xFE,
    0x69, 0xFE, 0x69, 0xFE, 0x69, 0xFE, 0x69, 0xFE, 0x69, 0xFE, 0x69, 0xFE, 0x69, 0xFE, 0x69, 0xFE, 0x69, 0xFE, 0x69,
    0xFE, 0x69, 0xFE, 0x69, 0xFE, 0x69, 0xFE, 0x69, 0xFE, 0xF3, 0xAD, 0xF3, 0xAD, 0xF3, 0xAD, 0x7D, 0x5D, 0x7D, 0x5D,
    0x7D, 0x5D, 0x7D, 0x5D, 0x7D, 0x5D, 0x7D, 0x5D, 0x7D, 0x5D, 0x7D, 0x5D, 0x7D, 0x5D, 0x7D, 0x5D, 0x7D, 0x5D, 0x7D,
    0x5D, 0x7D, 0x5D, 0xD1, 0xBD, 0xD1, 0xBD, 0xD1, 0xBD, 0xD1, 0xBD, 0x69, 0xFE, 0x69, 0xFE, 0x69, 0xFE, 0x69, 0xFE,
    0x69, 0xFE, 0x69, 0xFE, 0x69, 0xFE, 0x69, 0xFE, 0x69, 0xFE, 0x69, 0xFE, 0x69, 0xFE, 0x69, 0xFE, 0x69, 0xFE, 0x69,
    0xFE, 0x69, 0xFE, 0x69, 0xFE, 0x69, 0xFE, 0x69, 0xFE, 0x69, 0xFE, 0x69, 0xFE, 0x69, 0xFE, 0x69, 0xFE, 0x69, 0xFE,
    0x69, 0xFE, 0x69, 0xFE, 0x69, 0xFE, 0x69, 0xFE, 0x69, 0xFE, 0x69, 0xFE, 0x69, 0xFE, 0x69, 0xFE, 0x69, 0xFE, 0x69,
    0xFE, 0x69, 0xFE, 0x69, 0xFE, 0x69, 0xFE, 0x69, 0xFE, 0x69, 0xFE, 0x69, 0xFE, 0x69, 0xFE, 0x69, 0xFE, 0x69, 0xFE,
    0x69, 0xFE, 0x69, 0xFE, 0x69, 0xFE, 0x69, 0xFE, 0x69, 0xFE, 0x69, 0xFE, 0x69, 0xFE, 0x69, 0xFE, 0x69, 0xFE, 0x69,
    0xFE, 0x69, 0xFE, 0x69, 0xFE, 0x69, 0xFE, 0x69, 0xFE, 0x69, 0xFE, 0x69, 0xFE, 0x69, 0xFE, 0x69, 0xFE, 0x69, 0xFE,
    0x69, 0xFE, 0x69, 0xFE, 0x69, 0xFE, 0x69, 0xFE, 0x69, 0xFE, 0x69, 0xFE, 0x69, 0xFE, 0x69, 0xFE, 0x69, 0xFE, 0x69,
    0xFE, 0x69, 0xFE, 0x69, 0xFE, 0x69, 0xFE, 0x69, 0xFE, 0x69, 0xFE, 0x69, 0xFE, 0x69, 0xFE, 0x69, 0xFE, 0x69, 0xFE,
    0x69, 0xFE, 0x69, 0xFE, 0x69, 0xFE, 0x69, 0xFE, 0x69, 0xFE, 0x69, 0xFE, 0xF3, 0xAD, 0xF3, 0xAD, 0xF3, 0xAD, 0xF3,
    0xAD, 0x7D, 0x5D, 0x7D, 0x5D, 0x7D, 0x5D, 0x7D, 0x5D, 0x7D, 0x5D, 0x7D, 0x5D, 0x7D, 0x5D, 0x7D, 0x5D, 0x7D, 0x5D,
    0x7D, 0x5D, 0x7D, 0x5D, 0x7D, 0x5D, 0x7D, 0x5D, 0xD1, 0xBD, 0xD1, 0xBD, 0xD1, 0xBD, 0x69, 0xFE, 0x69, 0xFE, 0x69,
    0xFE, 0x69, 0xFE, 0x69, 0xFE, 0x69, 0xFE, 0x69, 0xFE, 0x69, 0xFE, 0x69, 0xFE, 0x69, 0xFE, 0x69, 0xFE, 0x69, 0xFE,
    0x69, 0xFE, 0x69, 0xFE, 0x69, 0xFE, 0x69, 0xFE, 0x69, 0xFE, 0x69, 0xFE, 0x69, 0xFE, 0x69, 0xFE, 0x69, 0xFE, 0x69,
    0xFE, 0x69, 0xFE, 0x69, 0xFE, 0x69, 0xFE, 0x69, 0xFE, 0x69, 0xFE, 0x69, 0xFE, 0x69, 0xFE, 0x69, 0xFE, 0x69, 0xFE,
    0x69, 0xFE, 0x69, 0xFE, 0x69, 0xFE, 0x29, 0xF6, 0x29, 0xF6, 0x29, 0xF6, 0x45, 0xB4, 0x45, 0xB4, 0x45, 0xB4, 0x60,
    0x72, 0x60, 0x72, 0x60, 0x72, 0x60, 0x72, 0x60, 0x72, 0x60, 0x72, 0x60, 0x72, 0x69, 0xFE, 0x69, 0xFE, 0x69, 0xFE,
    0x69, 0xFE, 0x69, 0xFE, 0x69, 0xFE, 0x69, 0xFE, 0x69, 0xFE, 0x69, 0xFE, 0x69, 0xFE, 0x69, 0xFE, 0x69, 0xFE, 0x69,
    0xFE, 0x69, 0xFE, 0x69, 0xFE, 0x69, 0xFE, 0x69, 0xFE, 0x69, 0xFE, 0x69, 0xFE, 0x69, 0xFE, 0x60, 0x72, 0x60, 0x72,
    0x60, 0x72, 0x60, 0x72, 0x60, 0x72, 0x60, 0x72, 0x60, 0x72, 0x45, 0xB4, 0x45, 0xB4, 0x45, 0xB4, 0x29, 0xF6, 0x29,
    0xF6, 0x29, 0xF6, 0x69, 0xFE, 0x69, 0xFE, 0x69, 0xFE, 0x69, 0xFE, 0x69, 0xFE, 0x69, 0xFE, 0x69, 0xFE, 0x69, 0xFE,
    0x69, 0xFE, 0x69, 0xFE, 0x69, 0xFE, 0x69, 0xFE, 0x69, 0xFE, 0x69, 0xFE, 0x69, 0xFE, 0x69, 0xFE, 0x69, 0xFE, 0x69,
    0xFE, 0x69, 0xFE, 0x69, 0xFE, 0x69, 0xFE, 0x69, 0xFE, 0x69, 0xFE, 0x69, 0xFE, 0x69, 0xFE, 0x69, 0xFE, 0x69, 0xFE,
    0x69, 0xFE, 0x69, 0xFE, 0x69, 0xFE, 0x69, 0xFE, 0x69, 0xFE, 0x69, 0xFE, 0x69, 0xFE, 0xF3, 0xAD, 0xF3, 0xAD, 0xF3,
    0xAD, 0x7D, 0x5D, 0x7D, 0x5D, 0x7D, 0x5D, 0x7D, 0x5D, 0x7D, 0x5D, 0x7D, 0x5D, 0x7D, 0x5D, 0x7D, 0x5D, 0x7D, 0x5D,
    0x7D, 0x5D, 0x7D, 0x5D, 0x7D, 0x5D, 0x7D, 0x5D, 0xD1, 0xBD, 0xD1, 0xBD, 0xD1, 0xBD, 0xD1, 0xBD, 0x69, 0xFE, 0x69,
    0xFE, 0x69, 0xFE, 0x69, 0xFE, 0x69, 0xFE, 0x69, 0xFE, 0x69, 0xFE, 0x69, 0xFE, 0x69, 0xFE, 0x69, 0xFE, 0x69, 0xFE,
    0x69, 0xFE, 0x69, 0xFE, 0x69, 0xFE, 0x69, 0xFE, 0x69, 0xFE, 0x69, 0xFE, 0x69, 0xFE, 0x69, 0xFE, 0x69, 0xFE, 0x69,
    0xFE, 0x69, 0xFE, 0x69, 0xFE, 0x69, 0xFE, 0x69, 0xFE, 0x69, 0xFE, 0x69, 0xFE, 0x69, 0xFE, 0x69, 0xFE, 0x69, 0xFE,
    0x69, 0xFE, 0x69, 0xFE, 0x69, 0xFE, 0x69, 0xFE, 0x69, 0xFE, 0x69, 0xFE, 0x69, 0xFE, 0x69, 0xFE, 0x69, 0xFE, 0x69,
    0xFE, 0x69, 0xFE, 0x69, 0xFE, 0x69, 0xFE, 0x69, 0xFE, 0x69, 0xFE, 0x69, 0xFE, 0x69, 0xFE, 0x69, 0xFE, 0x69, 0xFE,
    0x69, 0xFE, 0x69, 0xFE, 0x69, 0xFE, 0x69, 0xFE, 0x69, 0xFE, 0x69, 0xFE, 0x69, 0xFE, 0x69, 0xFE, 0x69, 0xFE, 0x69,
    0xFE, 0x69, 0xFE, 0x69, 0xFE, 0x69, 0xFE, 0x69, 0xFE, 0x69, 0xFE, 0x69, 0xFE, 0x69, 0xFE, 0x69, 0xFE, 0x69, 0xFE,
    0x69, 0xFE, 0x69, 0xFE, 0x69, 0xFE, 0x69, 0xFE, 0x69, 0xFE, 0x69, 0xFE, 0x69, 0xFE, 0x69, 0xFE, 0x69, 0xFE, 0x69,
    0xFE, 0x69, 0xFE, 0x69, 0xFE, 0x69, 0xFE, 0x69, 0xFE, 0x69, 0xFE, 0xD6, 0x9D, 0xD6, 0x9D, 0xD6, 0x9D, 0x7D, 0x5D,
    0x7D, 0x5D, 0x7D, 0x5D, 0x7D, 0x5D, 0x7D, 0x5D, 0x7D, 0x5D, 0x7D, 0x5D, 0x7D, 0x5D, 0x7D, 0x5D, 0x7D, 0x5D, 0x7D,
    0x5D, 0x7D, 0x5D, 0x7D, 0x5D, 0x7D, 0x5D, 0x7D, 0x5D, 0x7D, 0x5D, 0x7D, 0x5D, 0x9A, 0x75, 0x9A, 0x75, 0x9A, 0x75,
    0x69, 0xFE, 0x69, 0xFE, 0x69, 0xFE, 0x69, 0xFE, 0x69, 0xFE, 0x69, 0xFE, 0x69, 0xFE, 0x69, 0xFE, 0x69, 0xFE, 0x69,
    0xFE, 0x69, 0xFE, 0x69, 0xFE, 0x69, 0xFE, 0x69, 0xFE, 0x69, 0xFE, 0x69, 0xFE, 0x69, 0xFE, 0x69, 0xFE, 0x69, 0xFE,
    0x69, 0xFE, 0x69, 0xFE, 0x69, 0xFE, 0x69, 0xFE, 0x69, 0xFE, 0x69, 0xFE, 0x69, 0xFE, 0x69, 0xFE, 0x69, 0xFE, 0x69,
    0xFE, 0x69, 0xFE, 0x69, 0xFE, 0x69, 0xFE, 0x69, 0xFE, 0x69, 0xFE, 0x69, 0xFE, 0x69, 0xFE, 0x69, 0xFE, 0x69, 0xFE,
    0x69, 0xFE, 0x69, 0xFE, 0x69, 0xFE, 0x69, 0xFE, 0x69, 0xFE, 0x69, 0xFE, 0x69, 0xFE, 0x69, 0xFE, 0x69, 0xFE, 0x69,
    0xFE, 0x69, 0xFE, 0x69, 0xFE, 0x69, 0xFE, 0x69, 0xFE, 0x69, 0xFE, 0x69, 0xFE, 0x69, 0xFE, 0x69, 0xFE, 0x69, 0xFE,
    0x69, 0xFE, 0x69, 0xFE, 0x69, 0xFE, 0x69, 0xFE, 0x69, 0xFE, 0x69, 0xFE, 0x69, 0xFE, 0x69, 0xFE, 0x69, 0xFE, 0x69,
    0xFE, 0x69, 0xFE, 0x69, 0xFE, 0x69, 0xFE, 0x69, 0xFE, 0x69, 0xFE, 0x69, 0xFE, 0x69, 0xFE, 0x69, 0xFE, 0x69, 0xFE,
    0x69, 0xFE, 0x69, 0xFE, 0x69, 0xFE, 0x69, 0xFE, 0x69, 0xFE, 0x69, 0xFE, 0x69, 0xFE, 0x69, 0xFE, 0x69, 0xFE, 0x69,
    0xFE, 0x69, 0xFE, 0x69, 0xFE, 0x69, 0xFE, 0x69, 0xFE, 0x69, 0xFE, 0x69, 0xFE, 0x69, 0xFE, 0x69, 0xFE, 0x69, 0xFE,
    0x69, 0xFE, 0x69, 0xFE, 0x69, 0xFE, 0x69, 0xFE, 0x69, 0xFE, 0x69, 0xFE, 0x69, 0xFE, 0x69, 0xFE, 0x69, 0xFE, 0x69,
    0xFE, 0x69, 0xFE, 0x69, 0xFE, 0x69, 0xFE, 0x69, 0xFE, 0x69, 0xFE, 0x69, 0xFE, 0x69, 0xFE, 0x69, 0xFE, 0x69, 0xFE,
    0x9A, 0x75, 0x9A, 0x75, 0x9A, 0x75, 0x7D, 0x5D, 0x7D, 0x5D, 0x7D, 0x5D, 0x7D, 0x5D, 0x7D, 0x5D, 0x7D, 0x5D, 0x7D,
    0x5D, 0x7D, 0x5D, 0x7D, 0x5D, 0x7D, 0x5D, 0x7D, 0x5D, 0x7D, 0x5D, 0x7D, 0x5D, 0x7D, 0x5D, 0x7D, 0x5D, 0x7D, 0x5D,
    0x7D, 0x5D, 0xD6, 0x9D, 0xD6, 0x9D, 0xD6, 0x9D, 0x69, 0xFE, 0x69, 0xFE, 0x69, 0xFE, 0x69, 0xFE, 0x69, 0xFE, 0x69,
    0xFE, 0x69, 0xFE, 0x69, 0xFE, 0x69, 0xFE, 0x69, 0xFE, 0x69, 0xFE, 0x69, 0xFE, 0x69, 0xFE, 0x69, 0xFE, 0x69, 0xFE,
    0x69, 0xFE, 0x69, 0xFE, 0x69, 0xFE, 0x69, 0xFE, 0x69, 0xFE, 0x69, 0xFE, 0x69, 0xFE, 0x69, 0xFE, 0x69, 0xFE, 0x69,
    0xFE, 0x69, 0xFE, 0x69, 0xFE, 0x69, 0xFE, 0x69, 0xFE, 0x69, 0xFE, 0x69, 0xFE, 0x69, 0xFE, 0x69, 0xFE, 0x69, 0xFE,
    0x69, 0xFE, 0x69, 0xFE, 0x69, 0xFE, 0x69, 0xFE, 0x69, 0xFE, 0x69, 0xFE, 0x69, 0xFE, 0x69, 0xFE, 0x69, 0xFE, 0x69,
    0xFE, 0x69, 0xFE, 0x69, 0xFE, 0x69, 0xFE, 0x69, 0xFE, 0x69, 0xFE, 0x69, 0xFE, 0x69, 0xFE, 0x69, 0xFE, 0x69, 0xFE,
    0x69, 0xFE, 0x69, 0xFE, 0x69, 0xFE, 0x69, 0xFE, 0x69, 0xFE, 0x69, 0xFE, 0x69, 0xFE, 0x69, 0xFE, 0x69, 0xFE, 0x69,
    0xFE, 0x69, 0xFE, 0x69, 0xFE, 0x69, 0xFE, 0x69, 0xFE, 0x69, 0xFE, 0x69, 0xFE, 0x69, 0xFE, 0x69, 0xFE, 0x69, 0xFE,
    0x69, 0xFE, 0x69, 0xFE, 0x69, 0xFE, 0x69, 0xFE, 0x69, 0xFE, 0x69, 0xFE, 0x69, 0xFE, 0x69, 0xFE, 0xD6, 0x9D, 0xD6,
    0x9D, 0xD6, 0x9D, 0x7D, 0x5D, 0x7D, 0x5D, 0x7D, 0x5D, 0x7D, 0x5D, 0x7D, 0x5D, 0x7D, 0x5D, 0x7D, 0x5D, 0x7D, 0x5D,
    0x7D, 0x5D, 0x7D, 0x5D, 0x7D, 0x5D, 0x7D, 0x5D, 0x7D, 0x5D, 0x7D, 0x5D, 0x7D, 0x5D, 0x7D, 0x5D, 0x7D, 0x5D, 0x9A,
    0x75, 0x9A, 0x75, 0x9A, 0x75, 0x69, 0xFE, 0x69, 0xFE, 0x69, 0xFE, 0x69, 0xFE, 0x69, 0xFE, 0x69, 0xFE, 0x69, 0xFE,
    0x69, 0xFE, 0x69, 0xFE, 0x69, 0xFE, 0x69, 0xFE, 0x69, 0xFE, 0x69, 0xFE, 0x69, 0xFE, 0x69, 0xFE, 0x69, 0xFE, 0x69,
    0xFE, 0x69, 0xFE, 0x69, 0xFE, 0x69, 0xFE, 0x69, 0xFE, 0x69, 0xFE, 0x69, 0xFE, 0x69, 0xFE, 0x69, 0xFE, 0x69, 0xFE,
    0x69, 0xFE, 0x69, 0xFE, 0x69, 0xFE, 0x69, 0xFE, 0x69, 0xFE, 0x69, 0xFE, 0x69, 0xFE, 0x69, 0xFE, 0x69, 0xFE, 0x69,
    0xFE, 0x69, 0xFE, 0x69, 0xFE, 0x69, 0xFE, 0x69, 0xFE, 0x69, 0xFE, 0x69, 0xFE, 0x69, 0xFE, 0x69, 0xFE, 0x69, 0xFE,
    0x69, 0xFE, 0x69, 0xFE, 0x69, 0xFE, 0x69, 0xFE, 0x69, 0xFE, 0x69, 0xFE, 0x69, 0xFE, 0x69, 0xFE, 0x69, 0xFE, 0x69,
    0xFE, 0x69, 0xFE, 0x69, 0xFE, 0x69, 0xFE, 0x69, 0xFE, 0x69, 0xFE, 0x69, 0xFE, 0x69, 0xFE, 0x69, 0xFE, 0x69, 0xFE,
    0x69, 0xFE, 0x69, 0xFE, 0x69, 0xFE, 0x69, 0xFE, 0x69, 0xFE, 0x69, 0xFE, 0x69, 0xFE, 0x69, 0xFE, 0x69, 0xFE, 0x69,
    0xFE, 0x69, 0xFE, 0x69, 0xFE, 0x69, 0xFE, 0x69, 0xFE, 0x69, 0xFE, 0x69, 0xFE, 0x69, 0xFE, 0x69, 0xFE, 0x69, 0xFE,
    0x69, 0xFE, 0x69, 0xFE, 0x69, 0xFE, 0x69, 0xFE, 0x69, 0xFE, 0x69, 0xFE, 0x69, 0xFE, 0x69, 0xFE, 0x69, 0xFE, 0x69,
    0xFE, 0x69, 0xFE, 0x69, 0xFE, 0x69, 0xFE, 0x69, 0xFE, 0x69, 0xFE, 0x69, 0xFE, 0x69, 0xFE, 0x69, 0xFE, 0x69, 0xFE,
    0x69, 0xFE, 0x69, 0xFE, 0x69, 0xFE, 0x69, 0xFE, 0x69, 0xFE, 0x69, 0xFE, 0x69, 0xFE, 0x69, 0xFE, 0x69, 0xFE, 0x69,
    0xFE, 0x69, 0xFE, 0x69, 0xFE, 0x9A, 0x75, 0x9A, 0x75, 0x9A, 0x75, 0x7D, 0x5D, 0x7D, 0x5D, 0x7D, 0x5D, 0x7D, 0x5D,
    0x7D, 0x5D, 0x7D, 0x5D, 0x7D, 0x5D, 0x7D, 0x5D, 0x7D, 0x5D, 0x7D, 0x5D, 0x7D, 0x5D, 0x7D, 0x5D, 0x7D, 0x5D, 0x7D,
    0x5D, 0x7D, 0x5D, 0x7D, 0x5D, 0x7D, 0x5D, 0xD6, 0x9D, 0xD6, 0x9D, 0xD6, 0x9D, 0x69, 0xFE, 0x69, 0xFE, 0x69, 0xFE,
    0x69, 0xFE, 0x69, 0xFE, 0x69, 0xFE, 0x69, 0xFE, 0x69, 0xFE, 0x69, 0xFE, 0x69, 0xFE, 0x69, 0xFE, 0x69, 0xFE, 0x69,
    0xFE, 0x69, 0xFE, 0x69, 0xFE, 0x69, 0xFE, 0x69, 0xFE, 0x69, 0xFE, 0x69, 0xFE, 0x69, 0xFE, 0x69, 0xFE, 0x69, 0xFE,
    0x69, 0xFE, 0x69, 0xFE, 0x69, 0xFE, 0x69, 0xFE, 0x69, 0xFE, 0x69, 0xFE, 0x69, 0xFE, 0x69, 0xFE, 0x69, 0xFE, 0x69,
    0xFE, 0x69, 0xFE, 0x69, 0xFE, 0x69, 0xFE, 0x69, 0xFE, 0x69, 0xFE, 0x69, 0xFE, 0x69, 0xFE, 0x69, 0xFE, 0x69, 0xFE,
    0x69, 0xFE, 0x69, 0xFE, 0x69, 0xFE, 0x69, 0xFE, 0x69, 0xFE, 0x69, 0xFE, 0x69, 0xFE, 0x69, 0xFE, 0x69, 0xFE, 0x69,
    0xFE, 0x69, 0xFE, 0x69, 0xFE, 0x69, 0xFE, 0x69, 0xFE, 0x69, 0xFE, 0x69, 0xFE, 0x69, 0xFE, 0x69, 0xFE, 0x69, 0xFE,
    0x69, 0xFE, 0x69, 0xFE, 0x69, 0xFE, 0x69, 0xFE, 0x69, 0xFE, 0x69, 0xFE, 0x69, 0xFE, 0x69, 0xFE, 0x69, 0xFE, 0x69,
    0xFE, 0x69, 0xFE, 0x69, 0xFE, 0x69, 0xFE, 0x69, 0xFE, 0x69, 0xFE, 0x69, 0xFE, 0x69, 0xFE, 0x69, 0xFE, 0x69, 0xFE,
    0x69, 0xFE, 0xD6, 0x9D, 0xD6, 0x9D, 0xD6, 0x9D, 0x7D, 0x5D, 0x7D, 0x5D, 0x7D, 0x5D, 0x7D, 0x5D, 0x7D, 0x5D, 0x7D,
    0x5D, 0x7D, 0x5D, 0x7D, 0x5D, 0x7D, 0x5D, 0x7D, 0x5D, 0x7D, 0x5D, 0x7D, 0x5D, 0x7D, 0x5D, 0x7D, 0x5D, 0x7D, 0x5D,
    0x7D, 0x5D, 0x7D, 0x5D, 0x9A, 0x75, 0x9A, 0x75, 0x9A, 0x75, 0x69, 0xFE, 0x69, 0xFE, 0x69, 0xFE, 0x69, 0xFE, 0x69,
    0xFE, 0x69, 0xFE, 0x69, 0xFE, 0x69, 0xFE, 0x69, 0xFE, 0x69, 0xFE, 0x69, 0xFE, 0x69, 0xFE, 0x69, 0xFE, 0x69, 0xFE,
    0x69, 0xFE, 0x69, 0xFE, 0x69, 0xFE, 0x69, 0xFE, 0x69, 0xFE, 0x69, 0xFE, 0x69, 0xFE, 0x69, 0xFE, 0x69, 0xFE, 0x69,
    0xFE, 0x69, 0xFE, 0x69, 0xFE, 0x69, 0xFE, 0x69, 0xFE, 0x69, 0xFE, 0x69, 0xFE, 0x69, 0xFE, 0x69, 0xFE, 0x69, 0xFE,
    0x69, 0xFE, 0x69, 0xFE, 0x69, 0xFE, 0x69, 0xFE, 0x69, 0xFE, 0x69, 0xFE, 0x69, 0xFE, 0x69, 0xFE, 0x69, 0xFE, 0x69,
    0xFE, 0x69, 0xFE, 0x69, 0xFE, 0x69, 0xFE, 0x69, 0xFE, 0x69, 0xFE, 0x69, 0xFE, 0x69, 0xFE, 0x69, 0xFE, 0x69, 0xFE,
    0x69, 0xFE, 0x69, 0xFE, 0x69, 0xFE, 0x69, 0xFE, 0x69, 0xFE, 0x69, 0xFE, 0x69, 0xFE, 0x69, 0xFE, 0x69, 0xFE, 0x69,
    0xFE, 0x69, 0xFE, 0x69, 0xFE, 0x69, 0xFE, 0x69, 0xFE, 0x69, 0xFE, 0x69, 0xFE, 0x69, 0xFE, 0x69, 0xFE, 0x69, 0xFE,
    0x69, 0xFE, 0x69, 0xFE, 0x69, 0xFE, 0x69, 0xFE, 0x69, 0xFE, 0x69, 0xFE, 0x69, 0xFE, 0x69, 0xFE, 0x69, 0xFE, 0x69,
    0xFE, 0x69, 0xFE, 0x69, 0xFE, 0x69, 0xFE, 0x69, 0xFE, 0x69, 0xFE, 0x69, 0xFE, 0x69, 0xFE, 0x69, 0xFE, 0x69, 0xFE,
    0x69, 0xFE, 0x69, 0xFE, 0x69, 0xFE, 0x69, 0xFE, 0x69, 0xFE, 0x69, 0xFE, 0x69, 0xFE, 0x69, 0xFE, 0x69, 0xFE, 0x69,
    0xFE, 0x69, 0xFE, 0x69, 0xFE, 0x69, 0xFE, 0x69, 0xFE, 0x69, 0xFE, 0x69, 0xFE, 0x69, 0xFE, 0x69, 0xFE, 0x69, 0xFE,
    0x69, 0xFE, 0x69, 0xFE, 0x69, 0xFE, 0x69, 0xFE, 0x69, 0xFE, 0x9A, 0x75, 0x9A, 0x75, 0x9A, 0x75, 0x7D, 0x5D, 0x7D,
    0x5D, 0x7D, 0x5D, 0x7D, 0x5D, 0x7D, 0x5D, 0x7D, 0x5D, 0x7D, 0x5D, 0x7D, 0x5D, 0x7D, 0x5D, 0x7D, 0x5D, 0x7D, 0x5D,
    0x7D, 0x5D, 0x7D, 0x5D, 0x7D, 0x5D, 0x7D, 0x5D, 0x7D, 0x5D, 0x7D, 0x5D, 0xD6, 0x9D, 0xD6, 0x9D, 0xD6, 0x9D, 0x69,
    0xFE, 0x69, 0xFE, 0x69, 0xFE, 0x69, 0xFE, 0x69, 0xFE, 0x69, 0xFE, 0x69, 0xFE, 0x69, 0xFE, 0x69, 0xFE, 0x69, 0xFE,
    0x69, 0xFE, 0x69, 0xFE, 0x69, 0xFE, 0x69, 0xFE, 0x69, 0xFE, 0x69, 0xFE, 0x69, 0xFE, 0x69, 0xFE, 0x69, 0xFE, 0x69,
    0xFE, 0x69, 0xFE, 0x69, 0xFE, 0x69, 0xFE, 0x69, 0xFE, 0x69, 0xFE, 0x69, 0xFE, 0x69, 0xFE, 0x69, 0xFE, 0x69, 0xFE,
    0x69, 0xFE, 0x69, 0xFE, 0x69, 0xFE, 0x69, 0xFE, 0x69, 0xFE, 0x69, 0xFE, 0x69, 0xFE, 0x69, 0xFE, 0x69, 0xFE, 0x69,
    0xFE, 0x69, 0xFE, 0x69, 0xFE, 0x69, 0xFE, 0x69, 0xFE, 0x69, 0xFE, 0x69, 0xFE, 0x69, 0xFE, 0x69, 0xFE, 0x69, 0xFE,
    0x69, 0xFE, 0x69, 0xFE, 0x69, 0xFE, 0x69, 0xFE, 0x69, 0xFE, 0x69, 0xFE, 0x69, 0xFE, 0x69, 0xFE, 0x69, 0xFE, 0x69,
    0xFE, 0x69, 0xFE, 0x69, 0xFE, 0x69, 0xFE, 0x69, 0xFE, 0x69, 0xFE, 0x69, 0xFE, 0x69, 0xFE, 0x69, 0xFE, 0x69, 0xFE,
    0x69, 0xFE, 0x69, 0xFE, 0x69, 0xFE, 0x69, 0xFE, 0x69, 0xFE, 0x69, 0xFE, 0x69, 0xFE, 0x69, 0xFE, 0x69, 0xFE, 0x69,
    0xFE, 0x69, 0xFE, 0x69, 0xFE, 0x69, 0xFE, 0xD6, 0x9D, 0xD6, 0x9D, 0xD6, 0x9D, 0x7D, 0x5D, 0x7D, 0x5D, 0x7D, 0x5D,
    0x7D, 0x5D, 0x7D, 0x5D, 0x7D, 0x5D, 0x7D, 0x5D, 0x7D, 0x5D, 0x7D, 0x5D, 0x7D, 0x5D, 0x7D, 0x5D, 0x7D, 0x5D, 0x7D,
    0x5D, 0x7D, 0x5D, 0x7D, 0x5D, 0x7D, 0x5D, 0x7D, 0x5D, 0x9A, 0x75, 0x9A, 0x75, 0x9A, 0x75, 0x69, 0xFE, 0x69, 0xFE,
    0x69, 0xFE, 0x69, 0xFE, 0x69, 0xFE, 0x69, 0xFE, 0x69, 0xFE, 0x69, 0xFE, 0x69, 0xFE, 0x69, 0xFE, 0x69, 0xFE, 0x69,
    0xFE, 0x69, 0xFE, 0x69, 0xFE, 0x69, 0xFE, 0x69, 0xFE, 0x69, 0xFE, 0x69, 0xFE, 0x69, 0xFE, 0x69, 0xFE, 0x69, 0xFE,
    0x69, 0xFE, 0x69, 0xFE, 0x69, 0xFE, 0x69, 0xFE, 0x69, 0xFE, 0x69, 0xFE, 0x69, 0xFE, 0x69, 0xFE, 0x69, 0xFE, 0x69,
    0xFE, 0x69, 0xFE, 0x69, 0xFE, 0x69, 0xFE, 0x69, 0xFE, 0x69, 0xFE, 0x69, 0xFE, 0x69, 0xFE, 0x69, 0xFE, 0x69, 0xFE,
    0x69, 0xFE, 0x69, 0xFE, 0x69, 0xFE, 0x69, 0xFE, 0x69, 0xFE, 0x69, 0xFE, 0x69, 0xFE, 0x69, 0xFE, 0x69, 0xFE, 0x69,
    0xFE, 0x69, 0xFE, 0x69, 0xFE, 0x69, 0xFE, 0x69, 0xFE, 0x69, 0xFE, 0x69, 0xFE, 0x69, 0xFE, 0x69, 0xFE, 0x69, 0xFE,
    0x69, 0xFE, 0x69, 0xFE, 0x69, 0xFE, 0x69, 0xFE, 0x69, 0xFE, 0x69, 0xFE, 0x69, 0xFE, 0x69, 0xFE, 0x69, 0xFE, 0x69,
    0xFE, 0x69, 0xFE, 0x69, 0xFE, 0x69, 0xFE, 0x69, 0xFE, 0x69, 0xFE, 0x69, 0xFE, 0x69, 0xFE, 0x69, 0xFE, 0x69, 0xFE,
    0x69, 0xFE, 0x69, 0xFE, 0x69, 0xFE, 0x69, 0xFE, 0x69, 0xFE, 0x69, 0xFE, 0x69, 0xFE, 0x69, 0xFE, 0x69, 0xFE, 0x69,
    0xFE, 0x69, 0xFE, 0x69, 0xFE, 0x69, 0xFE, 0x69, 0xFE, 0x69, 0xFE, 0x69, 0xFE, 0x69, 0xFE, 0x69, 0xFE, 0x69, 0xFE,
    0x69, 0xFE, 0x69, 0xFE, 0x69, 0xFE, 0x69, 0xFE, 0x69, 0xFE, 0x69, 0xFE, 0x69, 0xFE, 0x69, 0xFE, 0x69, 0xFE, 0x69,
    0xFE, 0x69, 0xFE, 0x69, 0xFE, 0x69, 0xFE, 0x69, 0xFE, 0x69, 0xFE, 0x69, 0xFE, 0x69, 0xFE, 0x9A, 0x75, 0x9A, 0x75,
    0x9A, 0x75, 0x7D, 0x5D, 0x7D, 0x5D, 0x7D, 0x5D, 0x7D, 0x5D, 0x7D, 0x5D, 0x7D, 0x5D, 0x7D, 0x5D, 0x7D, 0x5D, 0x7D,
    0x5D, 0x7D, 0x5D, 0x7D, 0x5D, 0x7D, 0x5D, 0x7D, 0x5D, 0x7D, 0x5D, 0x7D, 0x5D, 0x7D, 0x5D, 0x7D, 0x5D, 0xD6, 0x9D,
    0xD6, 0x9D, 0xD6, 0x9D, 0x69, 0xFE, 0x69, 0xFE, 0x69, 0xFE, 0x69, 0xFE, 0x69, 0xFE, 0x69, 0xFE, 0x69, 0xFE, 0x69,
    0xFE, 0x69, 0xFE, 0x69, 0xFE, 0x69, 0xFE, 0x69, 0xFE, 0x69, 0xFE, 0x69, 0xFE, 0x69, 0xFE, 0x69, 0xFE, 0x69, 0xFE,
    0x69, 0xFE, 0x69, 0xFE, 0x69, 0xFE, 0x69, 0xFE, 0x69, 0xFE, 0x69, 0xFE, 0x69, 0xFE, 0x69, 0xFE, 0x69, 0xFE, 0x69,
    0xFE, 0x69, 0xFE, 0x69, 0xFE, 0x69, 0xFE, 0x69, 0xFE, 0x69, 0xFE, 0x69, 0xFE, 0x69, 0xFE, 0x69, 0xFE, 0x69, 0xFE,
    0x69, 0xFE, 0x69, 0xFE, 0x69, 0xFE, 0x69, 0xFE, 0x69, 0xFE, 0x69, 0xFE, 0x69, 0xFE, 0x69, 0xFE, 0x69, 0xFE, 0x69,
    0xFE, 0x69, 0xFE, 0x69, 0xFE, 0x69, 0xFE, 0x69, 0xFE, 0x69, 0xFE, 0x69, 0xFE, 0x69, 0xFE, 0x69, 0xFE, 0x69, 0xFE,
    0x69, 0xFE, 0x69, 0xFE, 0x69, 0xFE, 0x69, 0xFE, 0x69, 0xFE, 0x69, 0xFE, 0x69, 0xFE, 0x69, 0xFE, 0x69, 0xFE, 0x69,
    0xFE, 0x69, 0xFE, 0x69, 0xFE, 0x69, 0xFE, 0x69, 0xFE, 0x69, 0xFE, 0x69, 0xFE, 0x69, 0xFE, 0x69, 0xFE, 0x69, 0xFE,
    0x69, 0xFE, 0x69, 0xFE, 0x69, 0xFE, 0xD6, 0x9D, 0xD6, 0x9D, 0xD6, 0x9D, 0x7D, 0x5D, 0x7D, 0x5D, 0x7D, 0x5D, 0x7D,
    0x5D, 0x7D, 0x5D, 0x7D, 0x5D, 0x7D, 0x5D, 0x7D, 0x5D, 0x7D, 0x5D, 0x7D, 0x5D, 0x7D, 0x5D, 0x7D, 0x5D, 0x7D, 0x5D,
    0x7D, 0x5D, 0x7D, 0x5D, 0x7D, 0x5D, 0x7D, 0x5D, 0x7D, 0x5D, 0x7D, 0x5D, 0x7D, 0x5D, 0x7D, 0x5D, 0x7D, 0x5D, 0x7D,
    0x5D, 0x2E, 0xDE, 0x2E, 0xDE, 0x2E, 0xDE, 0x2E, 0xDE, 0x69, 0xFE, 0x69, 0xFE, 0x69, 0xFE, 0x69, 0xFE, 0x69, 0xFE,
    0x69, 0xFE, 0x69, 0xFE, 0x69, 0xFE, 0x69, 0xFE, 0x69, 0xFE, 0x69, 0xFE, 0x69, 0xFE, 0x69, 0xFE, 0x69, 0xFE, 0x69,
    0xFE, 0x69, 0xFE, 0x69, 0xFE, 0x69, 0xFE, 0x69, 0xFE, 0x69, 0xFE, 0x69, 0xFE, 0x69, 0xFE, 0x69, 0xFE, 0x69, 0xFE,
    0x69, 0xFE, 0x69, 0xFE, 0x69, 0xFE, 0x69, 0xFE, 0x69, 0xFE, 0x69, 0xFE, 0x69, 0xFE, 0x69, 0xFE, 0x69, 0xFE, 0x69,
    0xFE, 0x69, 0xFE, 0x69, 0xFE, 0x69, 0xFE, 0x69, 0xFE, 0x69, 0xFE, 0x69, 0xFE, 0x69, 0xFE, 0x69, 0xFE, 0x69, 0xFE,
    0x69, 0xFE, 0x69, 0xFE, 0x69, 0xFE, 0x69, 0xFE, 0x69, 0xFE, 0x69, 0xFE, 0x69, 0xFE, 0x69, 0xFE, 0x69, 0xFE, 0x69,
    0xFE, 0x69, 0xFE, 0x69, 0xFE, 0x69, 0xFE, 0x69, 0xFE, 0x69, 0xFE, 0x69, 0xFE, 0x69, 0xFE, 0x69, 0xFE, 0x69, 0xFE,
    0x69, 0xFE, 0x69, 0xFE, 0x69, 0xFE, 0x69, 0xFE, 0x69, 0xFE, 0x69, 0xFE, 0x69, 0xFE, 0x69, 0xFE, 0x69, 0xFE, 0x69,
    0xFE, 0x69, 0xFE, 0x69, 0xFE, 0x69, 0xFE, 0x69, 0xFE, 0x69, 0xFE, 0x69, 0xFE, 0x69, 0xFE, 0x69, 0xFE, 0x69, 0xFE,
    0x69, 0xFE, 0x69, 0xFE, 0x69, 0xFE, 0x69, 0xFE, 0x69, 0xFE, 0x69, 0xFE, 0x69, 0xFE, 0x69, 0xFE, 0x69, 0xFE, 0x69,
    0xFE, 0x69, 0xFE, 0x69, 0xFE, 0x69, 0xFE, 0x69, 0xFE, 0x69, 0xFE, 0x69, 0xFE, 0x69, 0xFE, 0x69, 0xFE, 0x69, 0xFE,
    0x69, 0xFE, 0x69, 0xFE, 0x69, 0xFE, 0x69, 0xFE, 0x69, 0xFE, 0x69, 0xFE, 0x0F, 0xCE, 0x0F, 0xCE, 0x0F, 0xCE, 0x0F,
    0xCE, 0x7D, 0x5D, 0x7D, 0x5D, 0x7D, 0x5D, 0x7D, 0x5D, 0x7D, 0x5D, 0x7D, 0x5D, 0x7D, 0x5D, 0x7D, 0x5D, 0x7D, 0x5D,
    0x7D, 0x5D, 0x7D, 0x5D, 0x7D, 0x5D, 0x7D, 0x5D, 0x7D, 0x5D, 0x7D, 0x5D, 0x7D, 0x5D, 0x7D, 0x5D, 0x7D, 0x5D, 0x7D,
    0x5D, 0x7D, 0x5D, 0x7D, 0x5D, 0x7D, 0x5D, 0x7D, 0x5D, 0xD6, 0x9D, 0xD6, 0x9D, 0xD6, 0x9D, 0x69, 0xFE, 0x69, 0xFE,
    0x69, 0xFE, 0x69, 0xFE, 0x69, 0xFE, 0x69, 0xFE, 0x69, 0xFE, 0x69, 0xFE, 0x69, 0xFE, 0x69, 0xFE, 0x69, 0xFE, 0x69,
    0xFE, 0x69, 0xFE, 0x69, 0xFE, 0x69, 0xFE, 0x69, 0xFE, 0x69, 0xFE, 0x69, 0xFE, 0x69, 0xFE, 0x69, 0xFE, 0x69, 0xFE,
    0x69, 0xFE, 0x69, 0xFE, 0x69, 0xFE, 0x69, 0xFE, 0x69, 0xFE, 0x69, 0xFE, 0x69, 0xFE, 0x69, 0xFE, 0x69, 0xFE, 0x69,
    0xFE, 0x69, 0xFE, 0x69, 0xFE, 0x69, 0xFE, 0x69, 0xFE, 0x69, 0xFE, 0x69, 0xFE, 0x69, 0xFE, 0x69, 0xFE, 0x69, 0xFE,
    0x69, 0xFE, 0x69, 0xFE, 0x69, 0xFE, 0x69, 0xFE, 0x69, 0xFE, 0x69, 0xFE, 0x69, 0xFE, 0x69, 0xFE, 0x69, 0xFE, 0x69,
    0xFE, 0x69, 0xFE, 0x69, 0xFE, 0x69, 0xFE, 0x69, 0xFE, 0x69, 0xFE, 0x69, 0xFE, 0x69, 0xFE, 0x69, 0xFE, 0x69, 0xFE,
    0x69, 0xFE, 0x69, 0xFE, 0x69, 0xFE, 0x69, 0xFE, 0x69, 0xFE, 0x69, 0xFE, 0x69, 0xFE, 0x69, 0xFE, 0x69, 0xFE, 0x69,
    0xFE, 0x69, 0xFE, 0x69, 0xFE, 0x69, 0xFE, 0x69, 0xFE, 0x69, 0xFE, 0xD6, 0x9D, 0xD6, 0x9D, 0xD6, 0x9D, 0x7D, 0x5D,
    0x7D, 0x5D, 0x7D, 0x5D, 0x7D, 0x5D, 0x7D, 0x5D, 0x7D, 0x5D, 0x7D, 0x5D, 0x7D, 0x5D, 0x7D, 0x5D, 0x7D, 0x5D, 0x7D,
    0x5D, 0x7D, 0x5D, 0x7D, 0x5D, 0x7D, 0x5D, 0x7D, 0x5D, 0x7D, 0x5D, 0x7D, 0x5D, 0x7D, 0x5D, 0x7D, 0x5D, 0x7D, 0x5D,
    0x7D, 0x5D, 0x7D, 0x5D, 0x7D, 0x5D, 0x2E, 0xDE, 0x2E, 0xDE, 0x2E, 0xDE, 0x2E, 0xDE, 0x69, 0xFE, 0x69, 0xFE, 0x69,
    0xFE, 0x69, 0xFE, 0x69, 0xFE, 0x69, 0xFE, 0x69, 0xFE, 0x69, 0xFE, 0x69, 0xFE, 0x69, 0xFE, 0x69, 0xFE, 0x69, 0xFE,
    0x69, 0xFE, 0x69, 0xFE, 0x69, 0xFE, 0x69, 0xFE, 0x69, 0xFE, 0x69, 0xFE, 0x69, 0xFE, 0x69, 0xFE, 0x69, 0xFE, 0x69,
    0xFE, 0x69, 0xFE, 0x69, 0xFE, 0x69, 0xFE, 0x69, 0xFE, 0x69, 0xFE, 0x69, 0xFE, 0x69, 0xFE, 0x69, 0xFE, 0x69, 0xFE,
    0x69, 0xFE, 0x69, 0xFE, 0x69, 0xFE, 0x69, 0xFE, 0x69, 0xFE, 0x69, 0xFE, 0x69, 0xFE, 0x69, 0xFE, 0x69, 0xFE, 0x69,
    0xFE, 0x69, 0xFE, 0x69, 0xFE, 0x69, 0xFE, 0x69, 0xFE, 0x69, 0xFE, 0x69, 0xFE, 0x69, 0xFE, 0x69, 0xFE, 0x69, 0xFE,
    0x69, 0xFE, 0x69, 0xFE, 0x69, 0xFE, 0x69, 0xFE, 0x69, 0xFE, 0x69, 0xFE, 0x69, 0xFE, 0x69, 0xFE, 0x69, 0xFE, 0x69,
    0xFE, 0x69, 0xFE, 0x69, 0xFE, 0x69, 0xFE, 0x69, 0xFE, 0x69, 0xFE, 0x69, 0xFE, 0x69, 0xFE, 0x69, 0xFE, 0x69, 0xFE,
    0x69, 0xFE, 0x69, 0xFE, 0x69, 0xFE, 0x69, 0xFE, 0x69, 0xFE, 0x69, 0xFE, 0x69, 0xFE, 0x69, 0xFE, 0x69, 0xFE, 0x69,
    0xFE, 0x69, 0xFE, 0x69, 0xFE, 0x69, 0xFE, 0x69, 0xFE, 0x69, 0xFE, 0x69, 0xFE, 0x69, 0xFE, 0x69, 0xFE, 0x69, 0xFE,
    0x69, 0xFE, 0x69, 0xFE, 0x69, 0xFE, 0x69, 0xFE, 0x69, 0xFE, 0x69, 0xFE, 0x69, 0xFE, 0x69, 0xFE, 0x69, 0xFE, 0x69,
    0xFE, 0x69, 0xFE, 0x69, 0xFE, 0x69, 0xFE, 0x69, 0xFE, 0x69, 0xFE, 0x69, 0xFE, 0x69, 0xFE, 0x69, 0xFE, 0x0F, 0xCE,
    0x0F, 0xCE, 0x0F, 0xCE, 0x0F, 0xCE, 0x7D, 0x5D, 0x7D, 0x5D, 0x7D, 0x5D, 0x7D, 0x5D, 0x7D, 0x5D, 0x7D, 0x5D, 0x7D,
    0x5D, 0x7D, 0x5D, 0x7D, 0x5D, 0x7D, 0x5D, 0x7D, 0x5D, 0x7D, 0x5D, 0x7D, 0x5D, 0x7D, 0x5D, 0x7D, 0x5D, 0x7D, 0x5D,
    0x7D, 0x5D, 0x7D, 0x5D, 0x7D, 0x5D, 0x7D, 0x5D, 0x7D, 0x5D, 0x7D, 0x5D, 0x7D, 0x5D, 0xD6, 0x9D, 0xD6, 0x9D, 0xD6,
    0x9D, 0x69, 0xFE, 0x69, 0xFE, 0x69, 0xFE, 0x69, 0xFE, 0x69, 0xFE, 0x69, 0xFE, 0x69, 0xFE, 0x69, 0xFE, 0x69, 0xFE,
    0x69, 0xFE, 0x69, 0xFE, 0x69, 0xFE, 0x69, 0xFE, 0x69, 0xFE, 0x69, 0xFE, 0x69, 0xFE, 0x69, 0xFE, 0x69, 0xFE, 0x69,
    0xFE, 0x69, 0xFE, 0x69, 0xFE, 0x69, 0xFE, 0x69, 0xFE, 0x69, 0xFE, 0x69, 0xFE, 0x69, 0xFE, 0x69, 0xFE, 0x69, 0xFE,
    0x69, 0xFE, 0x69, 0xFE, 0x69, 0xFE, 0x69, 0xFE, 0x69, 0xFE, 0x69, 0xFE, 0x69, 0xFE, 0x69, 0xFE, 0x69, 0xFE, 0x69,
    0xFE, 0x69, 0xFE, 0x69, 0xFE, 0x69, 0xFE, 0x69, 0xFE, 0x69, 0xFE, 0x69, 0xFE, 0x69, 0xFE, 0x69, 0xFE, 0x69, 0xFE,
    0x69, 0xFE, 0x69, 0xFE, 0x69, 0xFE, 0x69, 0xFE, 0x69, 0xFE, 0x69, 0xFE, 0x69, 0xFE, 0x69, 0xFE, 0x69, 0xFE, 0x69,
    0xFE, 0x69, 0xFE, 0x69, 0xFE, 0x69, 0xFE, 0x69, 0xFE, 0x69, 0xFE, 0x69, 0xFE, 0x69, 0xFE, 0x69, 0xFE, 0x69, 0xFE,
    0x69, 0xFE, 0x69, 0xFE, 0x69, 0xFE, 0x69, 0xFE, 0x69, 0xFE, 0x69, 0xFE, 0x69, 0xFE, 0x69, 0xFE, 0xD6, 0x9D, 0xD6,
    0x9D, 0xD6, 0x9D, 0x7D, 0x5D, 0x7D, 0x5D, 0x7D, 0x5D, 0x7D, 0x5D, 0x7D, 0x5D, 0x7D, 0x5D, 0x7D, 0x5D, 0x7D, 0x5D,
    0x7D, 0x5D, 0x7D, 0x5D, 0x7D, 0x5D, 0x7D, 0x5D, 0x7D, 0x5D, 0x7D, 0x5D, 0x7D, 0x5D, 0x7D, 0x5D, 0x7D, 0x5D, 0x7D,
    0x5D, 0x7D, 0x5D, 0x7D, 0x5D, 0x7D, 0x5D, 0x7D, 0x5D, 0x7D, 0x5D, 0x2E, 0xDE, 0x2E, 0xDE, 0x2E, 0xDE, 0x2E, 0xDE,
    0x69, 0xFE, 0x69, 0xFE, 0x69, 0xFE, 0x69, 0xFE, 0x69, 0xFE, 0x69, 0xFE, 0x69, 0xFE, 0x69, 0xFE, 0x69, 0xFE, 0x69,
    0xFE, 0x69, 0xFE, 0x69, 0xFE, 0x69, 0xFE, 0x69, 0xFE, 0x69, 0xFE, 0x69, 0xFE, 0x69, 0xFE, 0x69, 0xFE, 0x69, 0xFE,
    0x69, 0xFE, 0x69, 0xFE, 0x69, 0xFE, 0x69, 0xFE, 0x69, 0xFE, 0x69, 0xFE, 0x69, 0xFE, 0x69, 0xFE, 0x69, 0xFE, 0x69,
    0xFE, 0x69, 0xFE, 0x69, 0xFE, 0x69, 0xFE, 0x69, 0xFE, 0x69, 0xFE, 0x69, 0xFE, 0x69, 0xFE, 0x69, 0xFE, 0x69, 0xFE,
    0x69, 0xFE, 0x69, 0xFE, 0x69, 0xFE, 0x69, 0xFE, 0x69, 0xFE, 0x69, 0xFE, 0x69, 0xFE, 0x69, 0xFE, 0x69, 0xFE, 0x69,
    0xFE, 0x69, 0xFE, 0x69, 0xFE, 0x69, 0xFE, 0x69, 0xFE, 0x69, 0xFE, 0x69, 0xFE, 0x69, 0xFE, 0x69, 0xFE, 0x69, 0xFE,
    0x69, 0xFE, 0x69, 0xFE, 0x69, 0xFE, 0x69, 0xFE, 0x69, 0xFE, 0x69, 0xFE, 0x69, 0xFE, 0x69, 0xFE, 0x69, 0xFE, 0x69,
    0xFE, 0x69, 0xFE, 0x69, 0xFE, 0x69, 0xFE, 0x69, 0xFE, 0x69, 0xFE, 0x69, 0xFE, 0x69, 0xFE, 0x69, 0xFE, 0x69, 0xFE,
    0x69, 0xFE, 0x69, 0xFE, 0x69, 0xFE, 0x69, 0xFE, 0x69, 0xFE, 0x69, 0xFE, 0x69, 0xFE, 0x69, 0xFE, 0x69, 0xFE, 0x69,
    0xFE, 0x69, 0xFE, 0x69, 0xFE, 0x69, 0xFE, 0x69, 0xFE, 0x69, 0xFE, 0x69, 0xFE, 0x69, 0xFE, 0x69, 0xFE, 0x69, 0xFE,
    0x69, 0xFE, 0x69, 0xFE, 0x69, 0xFE, 0x69, 0xFE, 0x69, 0xFE, 0x69, 0xFE, 0x69, 0xFE, 0x69, 0xFE, 0x69, 0xFE, 0x69,
    0xFE, 0x69, 0xFE, 0x0F, 0xCE, 0x0F, 0xCE, 0x0F, 0xCE, 0x0F, 0xCE, 0x7D, 0x5D, 0x7D, 0x5D, 0x7D, 0x5D, 0x7D, 0x5D,
    0x7D, 0x5D, 0x7D, 0x5D, 0x7D, 0x5D, 0x7D, 0x5D, 0x7D, 0x5D, 0x7D, 0x5D, 0x7D, 0x5D, 0x7D, 0x5D, 0x7D, 0x5D, 0x7D,
    0x5D, 0x7D, 0x5D, 0x7D, 0x5D, 0x7D, 0x5D, 0x7D, 0x5D, 0x7D, 0x5D, 0x7D, 0x5D, 0x7D, 0x5D, 0x7D, 0x5D, 0x7D, 0x5D,
    0xD6, 0x9D, 0xD6, 0x9D, 0xD6, 0x9D, 0x69, 0xFE, 0x69, 0xFE, 0x69, 0xFE, 0x69, 0xFE, 0x69, 0xFE, 0x69, 0xFE, 0x69,
    0xFE, 0x69, 0xFE, 0x69, 0xFE, 0x69, 0xFE, 0x69, 0xFE, 0x69, 0xFE, 0x69, 0xFE, 0x69, 0xFE, 0x69, 0xFE, 0x69, 0xFE,
    0x69, 0xFE, 0x69, 0xFE, 0x69, 0xFE, 0x69, 0xFE, 0x69, 0xFE, 0x69, 0xFE, 0x69, 0xFE, 0x69, 0xFE, 0x69, 0xFE, 0x69,
    0xFE, 0x69, 0xFE, 0x69, 0xFE, 0x69, 0xFE, 0x69, 0xFE, 0x69, 0xFE, 0x69, 0xFE, 0x69, 0xFE, 0x69, 0xFE, 0x69, 0xFE,
    0x69, 0xFE, 0x69, 0xFE, 0x69, 0xFE, 0x69, 0xFE, 0x69, 0xFE, 0x69, 0xFE, 0x69, 0xFE, 0x69, 0xFE, 0x69, 0xFE, 0x69,
    0xFE, 0x69, 0xFE, 0x69, 0xFE, 0x69, 0xFE, 0x69, 0xFE, 0x69, 0xFE, 0x69, 0xFE, 0x69, 0xFE, 0x69, 0xFE, 0x69, 0xFE,
    0x69, 0xFE, 0x69, 0xFE, 0x69, 0xFE, 0x69, 0xFE, 0x69, 0xFE, 0x69, 0xFE, 0x69, 0xFE, 0x69, 0xFE, 0x69, 0xFE, 0x69,
    0xFE, 0x69, 0xFE, 0x69, 0xFE, 0x69, 0xFE, 0x69, 0xFE, 0x69, 0xFE, 0x69, 0xFE, 0xD6, 0x9D, 0xD6, 0x9D, 0xD6, 0x9D,
    0xD6, 0x9D, 0x7D, 0x5D, 0x7D, 0x5D, 0x7D, 0x5D, 0x7D, 0x5D, 0x7D, 0x5D, 0x7D, 0x5D, 0x7D, 0x5D, 0x7D, 0x5D, 0x7D,
    0x5D, 0x7D, 0x5D, 0x7D, 0x5D, 0x7D, 0x5D, 0x7D, 0x5D, 0x7D, 0x5D, 0x7D, 0x5D, 0x7D, 0x5D, 0x7D, 0x5D, 0x7D, 0x5D,
    0x7D, 0x5D, 0x7D, 0x5D, 0x7D, 0x5D, 0x7D, 0x5D, 0x7D, 0x5D, 0x7D, 0x5D, 0x7D, 0x5D, 0x7D, 0x5D, 0xD4, 0xA5, 0xD4,
    0xA5, 0xD4, 0xA5, 0xD4, 0xA5, 0x69, 0xFE, 0x69, 0xFE, 0x69, 0xFE, 0x69, 0xFE, 0x69, 0xFE, 0x69, 0xFE, 0x69, 0xFE,
    0x69, 0xFE, 0x69, 0xFE, 0x69, 0xFE, 0x69, 0xFE, 0x69, 0xFE, 0x69, 0xFE, 0x69, 0xFE, 0x69, 0xFE, 0x69, 0xFE, 0x69,
    0xFE, 0x69, 0xFE, 0x69, 0xFE, 0x69, 0xFE, 0x69, 0xFE, 0x69, 0xFE, 0x69, 0xFE, 0x69, 0xFE, 0x69, 0xFE, 0x69, 0xFE,
    0x69, 0xFE, 0x69, 0xFE, 0x69, 0xFE, 0x69, 0xFE, 0x69, 0xFE, 0x69, 0xFE, 0x69, 0xFE, 0x69, 0xFE, 0x69, 0xFE, 0x69,
    0xFE, 0x69, 0xFE, 0x69, 0xFE, 0x69, 0xFE, 0x69, 0xFE, 0x69, 0xFE, 0x69, 0xFE, 0x69, 0xFE, 0x69, 0xFE, 0x69, 0xFE,
    0x69, 0xFE, 0x69, 0xFE, 0x69, 0xFE, 0x69, 0xFE, 0x69, 0xFE, 0x69, 0xFE, 0x69, 0xFE, 0x69, 0xFE, 0x69, 0xFE, 0x69,
    0xFE, 0x69, 0xFE, 0x69, 0xFE, 0x69, 0xFE, 0x69, 0xFE, 0x69, 0xFE, 0x69, 0xFE, 0x69, 0xFE, 0x69, 0xFE, 0x69, 0xFE,
    0x69, 0xFE, 0x69, 0xFE, 0x69, 0xFE, 0x69, 0xFE, 0x69, 0xFE, 0x69, 0xFE, 0x69, 0xFE, 0x69, 0xFE, 0x69, 0xFE, 0x69,
    0xFE, 0x69, 0xFE, 0x69, 0xFE, 0x69, 0xFE, 0x69, 0xFE, 0x69, 0xFE, 0x69, 0xFE, 0x69, 0xFE, 0x69, 0xFE, 0x69, 0xFE,
    0x69, 0xFE, 0x69, 0xFE, 0x69, 0xFE, 0x69, 0xFE, 0x69, 0xFE, 0x69, 0xFE, 0x69, 0xFE, 0x69, 0xFE, 0x69, 0xFE, 0x69,
    0xFE, 0x69, 0xFE, 0x69, 0xFE, 0x69, 0xFE, 0x69, 0xFE, 0x69, 0xFE, 0x69, 0xFE, 0x69, 0xFE, 0x69, 0xFE, 0x69, 0xFE,
    0x69, 0xFE, 0x69, 0xFE, 0x69, 0xFE, 0x69, 0xFE, 0xD6, 0x9D, 0xD6, 0x9D, 0xD6, 0x9D, 0xD6, 0x9D, 0x7D, 0x5D, 0x7D,
    0x5D, 0x7D, 0x5D, 0x7D, 0x5D, 0x7D, 0x5D, 0x7D, 0x5D, 0x7D, 0x5D, 0x7D, 0x5D, 0x7D, 0x5D, 0x7D, 0x5D, 0x7D, 0x5D,
    0x7D, 0x5D, 0x7D, 0x5D, 0x7D, 0x5D, 0x7D, 0x5D, 0x7D, 0x5D, 0x7D, 0x5D, 0x7D, 0x5D, 0x7D, 0x5D, 0x7D, 0x5D, 0x7D,
    0x5D, 0x7D, 0x5D, 0x7D, 0x5D, 0x7D, 0x5D, 0x7D, 0x5D, 0x7D, 0x5D, 0xD6, 0x9D, 0xD6, 0x9D, 0xD6, 0x9D, 0xD6, 0x9D,
    0x69, 0xFE, 0x69, 0xFE, 0x69, 0xFE, 0x69, 0xFE, 0x69, 0xFE, 0x69, 0xFE, 0x69, 0xFE, 0x69, 0xFE, 0x69, 0xFE, 0x69,
    0xFE, 0x69, 0xFE, 0x69, 0xFE, 0x69, 0xFE, 0x69, 0xFE, 0x69, 0xFE, 0x69, 0xFE, 0x69, 0xFE, 0x69, 0xFE, 0x69, 0xFE,
    0x69, 0xFE, 0x69, 0xFE, 0x69, 0xFE, 0x69, 0xFE, 0x69, 0xFE, 0x69, 0xFE, 0x69, 0xFE, 0x69, 0xFE, 0x69, 0xFE, 0x69,
    0xFE, 0x69, 0xFE, 0x69, 0xFE, 0x69, 0xFE, 0x69, 0xFE, 0x69, 0xFE, 0x69, 0xFE, 0x69, 0xFE, 0x69, 0xFE, 0x69, 0xFE,
    0x69, 0xFE, 0x69, 0xFE, 0x69, 0xFE, 0x69, 0xFE, 0x69, 0xFE, 0x69, 0xFE, 0x69, 0xFE, 0x69, 0xFE, 0x69, 0xFE, 0x69,
    0xFE, 0x69, 0xFE, 0x69, 0xFE, 0x69, 0xFE, 0x69, 0xFE, 0x69, 0xFE, 0x69, 0xFE, 0x69, 0xFE, 0x69, 0xFE, 0x69, 0xFE,
    0x69, 0xFE, 0x69, 0xFE, 0x69, 0xFE, 0x69, 0xFE, 0x69, 0xFE, 0x69, 0xFE, 0x69, 0xFE, 0x69, 0xFE, 0x69, 0xFE, 0xD6,
    0x9D, 0xD6, 0x9D, 0xD6, 0x9D, 0xD6, 0x9D, 0x7D, 0x5D, 0x7D, 0x5D, 0x7D, 0x5D, 0x7D, 0x5D, 0x7D, 0x5D, 0x7D, 0x5D,
    0x7D, 0x5D, 0x7D, 0x5D, 0x7D, 0x5D, 0x7D, 0x5D, 0x7D, 0x5D, 0x7D, 0x5D, 0x7D, 0x5D, 0x7D, 0x5D, 0x7D, 0x5D, 0x7D,
    0x5D, 0x7D, 0x5D, 0x7D, 0x5D, 0x7D, 0x5D, 0x7D, 0x5D, 0x7D, 0x5D, 0x7D, 0x5D, 0x7D, 0x5D, 0x7D, 0x5D, 0x7D, 0x5D,
    0x7D, 0x5D, 0xD4, 0xA5, 0xD4, 0xA5, 0xD4, 0xA5, 0xD4, 0xA5, 0x69, 0xFE, 0x69, 0xFE, 0x69, 0xFE, 0x69, 0xFE, 0x69,
    0xFE, 0x69, 0xFE, 0x69, 0xFE, 0x69, 0xFE, 0x69, 0xFE, 0x69, 0xFE, 0x69, 0xFE, 0x69, 0xFE, 0x69, 0xFE, 0x69, 0xFE,
    0x69, 0xFE, 0x69, 0xFE, 0x69, 0xFE, 0x69, 0xFE, 0x69, 0xFE, 0x69, 0xFE, 0x69, 0xFE, 0x69, 0xFE, 0x69, 0xFE, 0x69,
    0xFE, 0x69, 0xFE, 0x69, 0xFE, 0x69, 0xFE, 0x69, 0xFE, 0x69, 0xFE, 0x69, 0xFE, 0x69, 0xFE, 0x69, 0xFE, 0x69, 0xFE,
    0x69, 0xFE, 0x69, 0xFE, 0x69, 0xFE, 0x69, 0xFE, 0x69, 0xFE, 0x69, 0xFE, 0x69, 0xFE, 0x69, 0xFE, 0x69, 0xFE, 0x69,
    0xFE, 0x69, 0xFE, 0x69, 0xFE, 0x69, 0xFE, 0x69, 0xFE, 0x69, 0xFE, 0x69, 0xFE, 0x69, 0xFE, 0x69, 0xFE, 0x69, 0xFE,
    0x69, 0xFE, 0x69, 0xFE, 0x69, 0xFE, 0x69, 0xFE, 0x69, 0xFE, 0x69, 0xFE, 0x69, 0xFE, 0x69, 0xFE, 0x69, 0xFE, 0x69,
    0xFE, 0x69, 0xFE, 0x69, 0xFE, 0x69, 0xFE, 0x69, 0xFE, 0x69, 0xFE, 0x69, 0xFE, 0x69, 0xFE, 0x69, 0xFE, 0x69, 0xFE,
    0x69, 0xFE, 0x69, 0xFE, 0x69, 0xFE, 0x69, 0xFE, 0x69, 0xFE, 0x69, 0xFE, 0x69, 0xFE, 0x69, 0xFE, 0x69, 0xFE, 0x69,
    0xFE, 0x69, 0xFE, 0x69, 0xFE, 0x69, 0xFE, 0x69, 0xFE, 0x69, 0xFE, 0x69, 0xFE, 0x69, 0xFE, 0x69, 0xFE, 0x69, 0xFE,
    0x69, 0xFE, 0x69, 0xFE, 0x69, 0xFE, 0x69, 0xFE, 0x69, 0xFE, 0x69, 0xFE, 0x69, 0xFE, 0x69, 0xFE, 0x69, 0xFE, 0x69,
    0xFE, 0x69, 0xFE, 0x69, 0xFE, 0x69, 0xFE, 0x69, 0xFE, 0x69, 0xFE, 0x69, 0xFE, 0xD6, 0x9D, 0xD6, 0x9D, 0xD6, 0x9D,
    0xD6, 0x9D, 0x7D, 0x5D, 0x7D, 0x5D, 0x7D, 0x5D, 0x7D, 0x5D, 0x7D, 0x5D, 0x7D, 0x5D, 0x7D, 0x5D, 0x7D, 0x5D, 0x7D,
    0x5D, 0x7D, 0x5D, 0x7D, 0x5D, 0x7D, 0x5D, 0x7D, 0x5D, 0x7D, 0x5D, 0x7D, 0x5D, 0x7D, 0x5D, 0x7D, 0x5D, 0x7D, 0x5D,
    0x7D, 0x5D, 0x7D, 0x5D, 0x7D, 0x5D, 0x7D, 0x5D, 0x7D, 0x5D, 0x7D, 0x5D, 0x7D, 0x5D, 0x7D, 0x5D, 0xD6, 0x9D, 0xD6,
    0x9D, 0xD6, 0x9D, 0xD6, 0x9D, 0x69, 0xFE, 0x69, 0xFE, 0x69, 0xFE, 0x69, 0xFE, 0x69, 0xFE, 0x69, 0xFE, 0x69, 0xFE,
    0x69, 0xFE, 0x69, 0xFE, 0x69, 0xFE, 0x69, 0xFE, 0x69, 0xFE, 0x69, 0xFE, 0x69, 0xFE, 0x69, 0xFE, 0x69, 0xFE, 0x69,
    0xFE, 0x69, 0xFE, 0x69, 0xFE, 0x69, 0xFE, 0x69, 0xFE, 0x69, 0xFE, 0x69, 0xFE, 0x69, 0xFE, 0x69, 0xFE, 0x69, 0xFE,
    0x69, 0xFE, 0x69, 0xFE, 0x69, 0xFE, 0x69, 0xFE, 0x69, 0xFE, 0x69, 0xFE, 0x69, 0xFE, 0x69, 0xFE, 0x69, 0xFE, 0x69,
    0xFE, 0x69, 0xFE, 0x69, 0xFE, 0x69, 0xFE, 0x69, 0xFE, 0x69, 0xFE, 0x69, 0xFE, 0x69, 0xFE, 0x69, 0xFE, 0x69, 0xFE,
    0x69, 0xFE, 0x69, 0xFE, 0x69, 0xFE, 0x69, 0xFE, 0x69, 0xFE, 0x69, 0xFE, 0x69, 0xFE, 0x69, 0xFE, 0x69, 0xFE, 0x69,
    0xFE, 0x69, 0xFE, 0x69, 0xFE, 0x69, 0xFE, 0x69, 0xFE, 0x69, 0xFE, 0x69, 0xFE, 0x69, 0xFE, 0x69, 0xFE, 0x69, 0xFE,
    0x69, 0xFE, 0x69, 0xFE, 0xD6, 0x9D, 0xD6, 0x9D, 0xD6, 0x9D, 0xD6, 0x9D, 0x7D, 0x5D, 0x7D, 0x5D, 0x7D, 0x5D, 0x7D,
    0x5D, 0x7D, 0x5D, 0x7D, 0x5D, 0x7D, 0x5D, 0x7D, 0x5D, 0x7D, 0x5D, 0x7D, 0x5D, 0x7D, 0x5D, 0x7D, 0x5D, 0x7D, 0x5D,
    0x7D, 0x5D, 0x7D, 0x5D, 0x7D, 0x5D, 0x7D, 0x5D, 0x7D, 0x5D, 0x7D, 0x5D, 0x7D, 0x5D, 0x7D, 0x5D, 0x7D, 0x5D, 0x7D,
    0x5D, 0x7D, 0x5D, 0x7D, 0x5D, 0x7D, 0x5D, 0xD4, 0xA5, 0xD4, 0xA5, 0xD4, 0xA5, 0xD4, 0xA5, 0x69, 0xFE, 0x69, 0xFE,
    0x69, 0xFE, 0x69, 0xFE, 0x69, 0xFE, 0x69, 0xFE, 0x69, 0xFE, 0x69, 0xFE, 0x69, 0xFE, 0x69, 0xFE, 0x69, 0xFE, 0x69,
    0xFE, 0x69, 0xFE, 0x69, 0xFE, 0x69, 0xFE, 0x69, 0xFE, 0x69, 0xFE, 0x69, 0xFE, 0x69, 0xFE, 0x69, 0xFE, 0x69, 0xFE,
    0x69, 0xFE, 0x69, 0xFE, 0x69, 0xFE, 0x69, 0xFE, 0x69, 0xFE, 0x69, 0xFE, 0x69, 0xFE, 0x69, 0xFE, 0x69, 0xFE, 0x69,
    0xFE, 0x69, 0xFE, 0x69, 0xFE, 0x69, 0xFE, 0x69, 0xFE, 0x69, 0xFE, 0x69, 0xFE, 0x69, 0xFE, 0x69, 0xFE, 0x69, 0xFE,
    0x69, 0xFE, 0x69, 0xFE, 0x69, 0xFE, 0x69, 0xFE, 0x69, 0xFE, 0x69, 0xFE, 0x69, 0xFE, 0x69, 0xFE, 0x69, 0xFE, 0x69,
    0xFE, 0x69, 0xFE, 0x69, 0xFE, 0x69, 0xFE, 0x69, 0xFE, 0x69, 0xFE, 0x69, 0xFE, 0x69, 0xFE, 0x69, 0xFE, 0x69, 0xFE,
    0x69, 0xFE, 0x69, 0xFE, 0x69, 0xFE, 0x69, 0xFE, 0x69, 0xFE, 0x69, 0xFE, 0x69, 0xFE, 0x69, 0xFE, 0x69, 0xFE, 0x69,
    0xFE, 0x69, 0xFE, 0x69, 0xFE, 0x69, 0xFE, 0x69, 0xFE, 0x69, 0xFE, 0x69, 0xFE, 0x69, 0xFE, 0x69, 0xFE, 0x69, 0xFE,
    0x69, 0xFE, 0x69, 0xFE, 0x69, 0xFE, 0x69, 0xFE, 0x69, 0xFE, 0x69, 0xFE, 0x69, 0xFE, 0x69, 0xFE, 0x69, 0xFE, 0x69,
    0xFE, 0x69, 0xFE, 0x69, 0xFE, 0x69, 0xFE, 0x69, 0xFE, 0x69, 0xFE, 0x69, 0xFE, 0x69, 0xFE, 0x69, 0xFE, 0x69, 0xFE,
    0x69, 0xFE, 0x69, 0xFE, 0x69, 0xFE, 0x69, 0xFE, 0x69, 0xFE, 0x69, 0xFE, 0x69, 0xFE, 0x69, 0xFE, 0x69, 0xFE, 0xD6,
    0x9D, 0xD6, 0x9D, 0xD6, 0x9D, 0xD6, 0x9D, 0x7D, 0x5D, 0x7D, 0x5D, 0x7D, 0x5D, 0x7D, 0x5D, 0x7D, 0x5D, 0x7D, 0x5D,
    0x7D, 0x5D, 0x7D, 0x5D, 0x7D, 0x5D, 0x7D, 0x5D, 0x7D, 0x5D, 0x7D, 0x5D, 0x7D, 0x5D, 0x7D, 0x5D, 0x7D, 0x5D, 0x7D,
    0x5D, 0x7D, 0x5D, 0x7D, 0x5D, 0x7D, 0x5D, 0x7D, 0x5D, 0x7D, 0x5D, 0x7D, 0x5D, 0x7D, 0x5D, 0x7D, 0x5D, 0x7D, 0x5D,
    0x7D, 0x5D, 0xD6, 0x9D, 0xD6, 0x9D, 0xD6, 0x9D, 0xD6, 0x9D, 0x69, 0xFE, 0x69, 0xFE, 0x69, 0xFE, 0x69, 0xFE, 0x69,
    0xFE, 0x69, 0xFE, 0x69, 0xFE, 0x69, 0xFE, 0x69, 0xFE, 0x69, 0xFE, 0x69, 0xFE, 0x69, 0xFE, 0x69, 0xFE, 0x69, 0xFE,
    0x69, 0xFE, 0x69, 0xFE, 0x69, 0xFE, 0x69, 0xFE, 0x69, 0xFE, 0x69, 0xFE, 0x69, 0xFE, 0x69, 0xFE, 0x69, 0xFE, 0x69,
    0xFE, 0x69, 0xFE, 0x69, 0xFE, 0x69, 0xFE, 0x69, 0xFE, 0x69, 0xFE, 0x69, 0xFE, 0x69, 0xFE, 0x69, 0xFE, 0x69, 0xFE,
    0x69, 0xFE, 0x69, 0xFE, 0x69, 0xFE, 0x69, 0xFE, 0x69, 0xFE, 0x69, 0xFE, 0x69, 0xFE, 0x69, 0xFE, 0x69, 0xFE, 0x69,
    0xFE, 0x69, 0xFE, 0x69, 0xFE, 0x69, 0xFE, 0x69, 0xFE, 0x69, 0xFE, 0x69, 0xFE, 0x69, 0xFE, 0x69, 0xFE, 0x69, 0xFE,
    0x69, 0xFE, 0x69, 0xFE, 0x69, 0xFE, 0x69, 0xFE, 0x69, 0xFE, 0x69, 0xFE, 0x69, 0xFE, 0x69, 0xFE, 0x69, 0xFE, 0x69,
    0xFE, 0x69, 0xFE, 0xF3, 0xAD, 0xF3, 0xAD, 0xF3, 0xAD, 0x7D, 0x5D, 0x7D, 0x5D, 0x7D, 0x5D, 0x7D, 0x5D, 0x7D, 0x5D,
    0x7D, 0x5D, 0x7D, 0x5D, 0x7D, 0x5D, 0x7D, 0x5D, 0x7D, 0x5D, 0x7D, 0x5D, 0x7D, 0x5D, 0x7D, 0x5D, 0x7D, 0x5D, 0x7D,
    0x5D, 0x7D, 0x5D, 0x7D, 0x5D, 0x7D, 0x5D, 0x7D, 0x5D, 0x7D, 0x5D, 0x7D, 0x5D, 0x7D, 0x5D, 0x7D, 0x5D, 0x7D, 0x5D,
    0x7D, 0x5D, 0x7D, 0x5D, 0x7D, 0x5D, 0x7D, 0x5D, 0x7D, 0x5D, 0x7D, 0x5D, 0x9A, 0x75, 0x9A, 0x75, 0x9A, 0x75, 0x9A,
    0x75, 0x69, 0xFE, 0x69, 0xFE, 0x69, 0xFE, 0x69, 0xFE, 0x69, 0xFE, 0x69, 0xFE, 0x69, 0xFE, 0x69, 0xFE, 0x69, 0xFE,
    0x69, 0xFE, 0x69, 0xFE, 0x69, 0xFE, 0x69, 0xFE, 0x69, 0xFE, 0x69, 0xFE, 0x69, 0xFE, 0x69, 0xFE, 0x69, 0xFE, 0x69,
    0xFE, 0x69, 0xFE, 0x69, 0xFE, 0x69, 0xFE, 0x69, 0xFE, 0x69, 0xFE, 0x69, 0xFE, 0x69, 0xFE, 0x69, 0xFE, 0x69, 0xFE,
    0x69, 0xFE, 0x69, 0xFE, 0x69, 0xFE, 0x69, 0xFE, 0x69, 0xFE, 0x69, 0xFE, 0x69, 0xFE, 0x69, 0xFE, 0x69, 0xFE, 0x69,
    0xFE, 0x69, 0xFE, 0x69, 0xFE, 0x69, 0xFE, 0x69, 0xFE, 0x69, 0xFE, 0x69, 0xFE, 0x69, 0xFE, 0x69, 0xFE, 0x69, 0xFE,
    0x69, 0xFE, 0x69, 0xFE, 0x69, 0xFE, 0x69, 0xFE, 0x69, 0xFE, 0x69, 0xFE, 0x69, 0xFE, 0x69, 0xFE, 0x69, 0xFE, 0x69,
    0xFE, 0x69, 0xFE, 0x69, 0xFE, 0x69, 0xFE, 0x69, 0xFE, 0x69, 0xFE, 0x69, 0xFE, 0x69, 0xFE, 0x69, 0xFE, 0x69, 0xFE,
    0x69, 0xFE, 0x69, 0xFE, 0x69, 0xFE, 0x69, 0xFE, 0x69, 0xFE, 0x69, 0xFE, 0x69, 0xFE, 0x69, 0xFE, 0x69, 0xFE, 0x69,
    0xFE, 0x69, 0xFE, 0x69, 0xFE, 0x69, 0xFE, 0x69, 0xFE, 0x69, 0xFE, 0x69, 0xFE, 0x69, 0xFE, 0x69, 0xFE, 0x69, 0xFE,
    0x69, 0xFE, 0x69, 0xFE, 0x69, 0xFE, 0x69, 0xFE, 0x69, 0xFE, 0x69, 0xFE, 0x69, 0xFE, 0x69, 0xFE, 0x69, 0xFE, 0x69,
    0xFE, 0x69, 0xFE, 0x69, 0xFE, 0x69, 0xFE, 0x69, 0xFE, 0x69, 0xFE, 0x69, 0xFE, 0x69, 0xFE, 0x69, 0xFE, 0x69, 0xFE,
    0x69, 0xFE, 0x69, 0xFE, 0x9A, 0x75, 0x9A, 0x75, 0x9A, 0x75, 0x9A, 0x75, 0x7D, 0x5D, 0x7D, 0x5D, 0x7D, 0x5D, 0x7D,
    0x5D, 0x7D, 0x5D, 0x7D, 0x5D, 0x7D, 0x5D, 0x7D, 0x5D, 0x7D, 0x5D, 0x7D, 0x5D, 0x7D, 0x5D, 0x7D, 0x5D, 0x7D, 0x5D,
    0x7D, 0x5D, 0x7D, 0x5D, 0x7D, 0x5D, 0x7D, 0x5D, 0x7D, 0x5D, 0x7D, 0x5D, 0x7D, 0x5D, 0x7D, 0x5D, 0x7D, 0x5D, 0x7D,
    0x5D, 0x7D, 0x5D, 0x7D, 0x5D, 0x7D, 0x5D, 0x7D, 0x5D, 0x7D, 0x5D, 0x7D, 0x5D, 0x7D, 0x5D, 0xD1, 0xBD, 0xD1, 0xBD,
    0xD1, 0xBD, 0x69, 0xFE, 0x69, 0xFE, 0x69, 0xFE, 0x69, 0xFE, 0x69, 0xFE, 0x69, 0xFE, 0x69, 0xFE, 0x69, 0xFE, 0x69,
    0xFE, 0x69, 0xFE, 0x69, 0xFE, 0x69, 0xFE, 0x69, 0xFE, 0x69, 0xFE, 0x69, 0xFE, 0x69, 0xFE, 0x69, 0xFE, 0x69, 0xFE,
    0x69, 0xFE, 0x69, 0xFE, 0x69, 0xFE, 0x69, 0xFE, 0x69, 0xFE, 0x69, 0xFE, 0x69, 0xFE, 0x69, 0xFE, 0x69, 0xFE, 0x69,
    0xFE, 0x69, 0xFE, 0x69, 0xFE, 0x69, 0xFE, 0x69, 0xFE, 0x69, 0xFE, 0x69, 0xFE, 0x69, 0xFE, 0x69, 0xFE, 0x69, 0xFE,
    0x69, 0xFE, 0x69, 0xFE, 0x69, 0xFE, 0x69, 0xFE, 0x69, 0xFE, 0x69, 0xFE, 0x69, 0xFE, 0x69, 0xFE, 0x69, 0xFE, 0x69,
    0xFE, 0x69, 0xFE, 0x69, 0xFE, 0x69, 0xFE, 0x69, 0xFE, 0x69, 0xFE, 0x69, 0xFE, 0x69, 0xFE, 0x69, 0xFE, 0x69, 0xFE,
    0x69, 0xFE, 0x69, 0xFE, 0x69, 0xFE, 0x69, 0xFE, 0xF3, 0xAD, 0xF3, 0xAD, 0xF3, 0xAD, 0x7D, 0x5D, 0x7D, 0x5D, 0x7D,
    0x5D, 0x7D, 0x5D, 0x7D, 0x5D, 0x7D, 0x5D, 0x7D, 0x5D, 0x7D, 0x5D, 0x7D, 0x5D, 0x7D, 0x5D, 0x7D, 0x5D, 0x7D, 0x5D,
    0x7D, 0x5D, 0x7D, 0x5D, 0x7D, 0x5D, 0x7D, 0x5D, 0x7D, 0x5D, 0x7D, 0x5D, 0x7D, 0x5D, 0x7D, 0x5D, 0x7D, 0x5D, 0x7D,
    0x5D, 0x7D, 0x5D, 0x7D, 0x5D, 0x7D, 0x5D, 0x7D, 0x5D, 0x7D, 0x5D, 0x7D, 0x5D, 0x7D, 0x5D, 0x7D, 0x5D, 0x9A, 0x75,
    0x9A, 0x75, 0x9A, 0x75, 0x9A, 0x75, 0x69, 0xFE, 0x69, 0xFE, 0x69, 0xFE, 0x69, 0xFE, 0x69, 0xFE, 0x69, 0xFE, 0x69,
    0xFE, 0x69, 0xFE, 0x69, 0xFE, 0x69, 0xFE, 0x69, 0xFE, 0x69, 0xFE, 0x69, 0xFE, 0x69, 0xFE, 0x69, 0xFE, 0x69, 0xFE,
    0x69, 0xFE, 0x69, 0xFE, 0x69, 0xFE, 0x69, 0xFE, 0x69, 0xFE, 0x69, 0xFE, 0x69, 0xFE, 0x69, 0xFE, 0x69, 0xFE, 0x69,
    0xFE, 0x69, 0xFE, 0x69, 0xFE, 0x69, 0xFE, 0x69, 0xFE, 0x69, 0xFE, 0x69, 0xFE, 0x69, 0xFE, 0x69, 0xFE, 0x69, 0xFE,
    0x69, 0xFE, 0x69, 0xFE, 0x69, 0xFE, 0x69, 0xFE, 0x69, 0xFE, 0x69, 0xFE, 0x69, 0xFE, 0x69, 0xFE, 0x69, 0xFE, 0x69,
    0xFE, 0x69, 0xFE, 0x69, 0xFE, 0x69, 0xFE, 0x69, 0xFE, 0x69, 0xFE, 0x69, 0xFE, 0x69, 0xFE, 0x69, 0xFE, 0x69, 0xFE,
    0x69, 0xFE, 0x69, 0xFE, 0x69, 0xFE, 0x69, 0xFE, 0x69, 0xFE, 0x69, 0xFE, 0x69, 0xFE, 0x69, 0xFE, 0x69, 0xFE, 0x69,
    0xFE, 0x69, 0xFE, 0x69, 0xFE, 0x69, 0xFE, 0x69, 0xFE, 0x69, 0xFE, 0x69, 0xFE, 0x69, 0xFE, 0x69, 0xFE, 0x69, 0xFE,
    0x69, 0xFE, 0x69, 0xFE, 0x69, 0xFE, 0x69, 0xFE, 0x69, 0xFE, 0x69, 0xFE, 0x69, 0xFE, 0x69, 0xFE, 0x69, 0xFE, 0x69,
    0xFE, 0x69, 0xFE, 0x69, 0xFE, 0x69, 0xFE, 0x69, 0xFE, 0x69, 0xFE, 0x69, 0xFE, 0x69, 0xFE, 0x69, 0xFE, 0x69, 0xFE,
    0x69, 0xFE, 0x69, 0xFE, 0x69, 0xFE, 0x69, 0xFE, 0x69, 0xFE, 0x69, 0xFE, 0x69, 0xFE, 0x69, 0xFE, 0x69, 0xFE, 0x69,
    0xFE, 0x69, 0xFE, 0x69, 0xFE, 0x69, 0xFE, 0x69, 0xFE, 0x9A, 0x75, 0x9A, 0x75, 0x9A, 0x75, 0x9A, 0x75, 0x7D, 0x5D,
    0x7D, 0x5D, 0x7D, 0x5D, 0x7D, 0x5D, 0x7D, 0x5D, 0x7D, 0x5D, 0x7D, 0x5D, 0x7D, 0x5D, 0x7D, 0x5D, 0x7D, 0x5D, 0x7D,
    0x5D, 0x7D, 0x5D, 0x7D, 0x5D, 0x7D, 0x5D, 0x7D, 0x5D, 0x7D, 0x5D, 0x7D, 0x5D, 0x7D, 0x5D, 0x7D, 0x5D, 0x7D, 0x5D,
    0x7D, 0x5D, 0x7D, 0x5D, 0x7D, 0x5D, 0x7D, 0x5D, 0x7D, 0x5D, 0x7D, 0x5D, 0x7D, 0x5D, 0x7D, 0x5D, 0x7D, 0x5D, 0x7D,
    0x5D, 0xD1, 0xBD, 0xD1, 0xBD, 0xD1, 0xBD, 0x69, 0xFE, 0x69, 0xFE, 0x69, 0xFE, 0x69, 0xFE, 0x69, 0xFE, 0x69, 0xFE,
    0x69, 0xFE, 0x69, 0xFE, 0x69, 0xFE, 0x69, 0xFE, 0x69, 0xFE, 0x69, 0xFE, 0x69, 0xFE, 0x69, 0xFE, 0x69, 0xFE, 0x69,
    0xFE, 0x69, 0xFE, 0x69, 0xFE, 0x69, 0xFE, 0x69, 0xFE, 0x69, 0xFE, 0x69, 0xFE, 0x69, 0xFE, 0x69, 0xFE, 0x69, 0xFE,
    0x69, 0xFE, 0x69, 0xFE, 0x69, 0xFE, 0x69, 0xFE, 0x69, 0xFE, 0x69, 0xFE, 0x69, 0xFE, 0x69, 0xFE, 0x69, 0xFE, 0x69,
    0xFE, 0x69, 0xFE, 0x69, 0xFE, 0x69, 0xFE, 0x69, 0xFE, 0x69, 0xFE, 0x69, 0xFE, 0x69, 0xFE, 0x69, 0xFE, 0x69, 0xFE,
    0x69, 0xFE, 0x69, 0xFE, 0x69, 0xFE, 0x69, 0xFE, 0x69, 0xFE, 0x69, 0xFE, 0x69, 0xFE, 0x69, 0xFE, 0x69, 0xFE, 0x69,
    0xFE, 0x69, 0xFE, 0x69, 0xFE, 0x69, 0xFE, 0x69, 0xFE, 0x69, 0xFE, 0x69, 0xFE, 0xF3, 0xAD, 0xF3, 0xAD, 0xF3, 0xAD,
    0x7D, 0x5D, 0x7D, 0x5D, 0x7D, 0x5D, 0x7D, 0x5D, 0x7D, 0x5D, 0x7D, 0x5D, 0x7D, 0x5D, 0x7D, 0x5D, 0x7D, 0x5D, 0x7D,
    0x5D, 0x7D, 0x5D, 0x7D, 0x5D, 0x7D, 0x5D, 0x7D, 0x5D, 0x7D, 0x5D, 0x7D, 0x5D, 0x7D, 0x5D, 0x7D, 0x5D, 0x7D, 0x5D,
    0x7D, 0x5D, 0x7D, 0x5D, 0x7D, 0x5D, 0x7D, 0x5D, 0x7D, 0x5D, 0x7D, 0x5D, 0x7D, 0x5D, 0x7D, 0x5D, 0x7D, 0x5D, 0x7D,
    0x5D, 0x7D, 0x5D, 0x9A, 0x75, 0x9A, 0x75, 0x9A, 0x75, 0x9A, 0x75, 0x69, 0xFE, 0x69, 0xFE, 0x69, 0xFE, 0x69, 0xFE,
    0x69, 0xFE, 0x69, 0xFE, 0x69, 0xFE, 0x69, 0xFE, 0x69, 0xFE, 0x69, 0xFE, 0x69, 0xFE, 0x69, 0xFE, 0x69, 0xFE, 0x69,
    0xFE, 0x69, 0xFE, 0x69, 0xFE, 0x69, 0xFE, 0x69, 0xFE, 0x69, 0xFE, 0x69, 0xFE, 0x69, 0xFE, 0x69, 0xFE, 0x69, 0xFE,
    0x69, 0xFE, 0x69, 0xFE, 0x69, 0xFE, 0x69, 0xFE, 0x69, 0xFE, 0x69, 0xFE, 0x69, 0xFE, 0x69, 0xFE, 0x69, 0xFE, 0x69,
    0xFE, 0x69, 0xFE, 0x69, 0xFE, 0x69, 0xFE, 0x69, 0xFE, 0x69, 0xFE, 0x69, 0xFE, 0x69, 0xFE, 0x69, 0xFE, 0x69, 0xFE,
    0x69, 0xFE, 0x69, 0xFE, 0x69, 0xFE, 0x69, 0xFE, 0x69, 0xFE, 0x69, 0xFE, 0x69, 0xFE, 0x69, 0xFE, 0x69, 0xFE, 0x69,
    0xFE, 0x69, 0xFE, 0x69, 0xFE, 0x69, 0xFE, 0x69, 0xFE, 0x69, 0xFE, 0x69, 0xFE, 0x69, 0xFE, 0x69, 0xFE, 0x69, 0xFE,
    0x69, 0xFE, 0x69, 0xFE, 0x69, 0xFE, 0x69, 0xFE, 0x69, 0xFE, 0x69, 0xFE, 0x69, 0xFE, 0x69, 0xFE, 0x69, 0xFE, 0x69,
    0xFE, 0x69, 0xFE, 0x69, 0xFE, 0x69, 0xFE, 0x69, 0xFE, 0x69, 0xFE, 0x69, 0xFE, 0x69, 0xFE, 0x69, 0xFE, 0x69, 0xFE,
    0x69, 0xFE, 0x69, 0xFE, 0x69, 0xFE, 0x69, 0xFE, 0x69, 0xFE, 0x69, 0xFE, 0x69, 0xFE, 0x69, 0xFE, 0x69, 0xFE, 0x69,
    0xFE, 0x69, 0xFE, 0x69, 0xFE, 0x69, 0xFE, 0x69, 0xFE, 0x69, 0xFE, 0x69, 0xFE, 0x69, 0xFE, 0x69, 0xFE, 0x69, 0xFE,
    0x69, 0xFE, 0x69, 0xFE, 0x69, 0xFE, 0x69, 0xFE, 0x69, 0xFE, 0x69, 0xFE, 0x69, 0xFE, 0x9A, 0x75, 0x9A, 0x75, 0x9A,
    0x75, 0x9A, 0x75, 0x7D, 0x5D, 0x7D, 0x5D, 0x7D, 0x5D, 0x7D, 0x5D, 0x7D, 0x5D, 0x7D, 0x5D, 0x7D, 0x5D, 0x7D, 0x5D,
    0x7D, 0x5D, 0x7D, 0x5D, 0x7D, 0x5D, 0x7D, 0x5D, 0x7D, 0x5D, 0x7D, 0x5D, 0x7D, 0x5D, 0x7D, 0x5D, 0x7D, 0x5D, 0x7D,
    0x5D, 0x7D, 0x5D, 0x7D, 0x5D, 0x7D, 0x5D, 0x7D, 0x5D, 0x7D, 0x5D, 0x7D, 0x5D, 0x7D, 0x5D, 0x7D, 0x5D, 0x7D, 0x5D,
    0x7D, 0x5D, 0x7D, 0x5D, 0x7D, 0x5D, 0xD1, 0xBD, 0xD1, 0xBD, 0xD1, 0xBD, 0x69, 0xFE, 0x69, 0xFE, 0x69, 0xFE, 0x69,
    0xFE, 0x69, 0xFE, 0x69, 0xFE, 0x69, 0xFE, 0x69, 0xFE, 0x69, 0xFE, 0x69, 0xFE, 0x69, 0xFE, 0x69, 0xFE, 0x69, 0xFE,
    0x69, 0xFE, 0x69, 0xFE, 0x69, 0xFE, 0x69, 0xFE, 0x69, 0xFE, 0x69, 0xFE, 0x69, 0xFE, 0x69, 0xFE, 0x69, 0xFE, 0x69,
    0xFE, 0x69, 0xFE, 0x69, 0xFE, 0x69, 0xFE, 0x69, 0xFE, 0x69, 0xFE, 0x69, 0xFE, 0x69, 0xFE, 0x69, 0xFE, 0x69, 0xFE,
    0x69, 0xFE, 0x69, 0xFE, 0x69, 0xFE, 0x69, 0xFE, 0x69, 0xFE, 0x69, 0xFE, 0x69, 0xFE, 0x69, 0xFE, 0x69, 0xFE, 0x69,
    0xFE, 0x69, 0xFE, 0x69, 0xFE, 0x69, 0xFE, 0x69, 0xFE, 0x69, 0xFE, 0x69, 0xFE, 0x69, 0xFE, 0x69, 0xFE, 0x69, 0xFE,
    0x69, 0xFE, 0x69, 0xFE, 0x69, 0xFE, 0x69, 0xFE, 0x69, 0xFE, 0x69, 0xFE, 0x69, 0xFE, 0x69, 0xFE, 0x69, 0xFE, 0xF3,
    0xAD, 0xF3, 0xAD, 0xF3, 0xAD, 0x7D, 0x5D, 0x7D, 0x5D, 0x7D, 0x5D, 0x7D, 0x5D, 0x7D, 0x5D, 0x7D, 0x5D, 0x7D, 0x5D,
    0x7D, 0x5D, 0x7D, 0x5D, 0x7D, 0x5D, 0x7D, 0x5D, 0x7D, 0x5D, 0x7D, 0x5D, 0x7D, 0x5D, 0x7D, 0x5D, 0x7D, 0x5D, 0x7D,
    0x5D, 0x7D, 0x5D, 0x7D, 0x5D, 0x7D, 0x5D, 0x7D, 0x5D, 0x7D, 0x5D, 0x7D, 0x5D, 0x7D, 0x5D, 0x7D, 0x5D, 0x7D, 0x5D,
    0x7D, 0x5D, 0x7D, 0x5D, 0x7D, 0x5D, 0x7D, 0x5D, 0x9A, 0x75, 0x9A, 0x75, 0x9A, 0x75, 0x9A, 0x75, 0x69, 0xFE, 0x69,
    0xFE, 0x69, 0xFE, 0x69, 0xFE, 0x69, 0xFE, 0x69, 0xFE, 0x69, 0xFE, 0x69, 0xFE, 0x69, 0xFE, 0x69, 0xFE, 0x69, 0xFE,
    0x69, 0xFE, 0x69, 0xFE, 0x69, 0xFE, 0x69, 0xFE, 0x69, 0xFE, 0x69, 0xFE, 0x69, 0xFE, 0x69, 0xFE, 0x69, 0xFE, 0x69,
    0xFE, 0x69, 0xFE, 0x69, 0xFE, 0x69, 0xFE, 0x69, 0xFE, 0x69, 0xFE, 0x69, 0xFE, 0x69, 0xFE, 0x69, 0xFE, 0x69, 0xFE,
    0x69, 0xFE, 0x69, 0xFE, 0x69, 0xFE, 0x69, 0xFE, 0x69, 0xFE, 0x69, 0xFE, 0x69, 0xFE, 0x69, 0xFE, 0x69, 0xFE, 0x69,
    0xFE, 0x69, 0xFE, 0x69, 0xFE, 0x69, 0xFE, 0x69, 0xFE, 0x69, 0xFE, 0x69, 0xFE, 0x69, 0xFE, 0x69, 0xFE, 0x69, 0xFE,
    0x69, 0xFE, 0x69, 0xFE, 0x69, 0xFE, 0x69, 0xFE, 0x69, 0xFE, 0x69, 0xFE, 0x69, 0xFE, 0x69, 0xFE, 0x69, 0xFE, 0x69,
    0xFE, 0x69, 0xFE, 0x69, 0xFE, 0x69, 0xFE, 0x69, 0xFE, 0x69, 0xFE, 0x69, 0xFE, 0x69, 0xFE, 0x69, 0xFE, 0x69, 0xFE,
    0x69, 0xFE, 0x69, 0xFE, 0x69, 0xFE, 0x69, 0xFE, 0x69, 0xFE, 0x69, 0xFE, 0x69, 0xFE, 0x69, 0xFE, 0x69, 0xFE, 0x69,
    0xFE, 0x69, 0xFE, 0x69, 0xFE, 0x69, 0xFE, 0x69, 0xFE, 0x69, 0xFE, 0x69, 0xFE, 0x69, 0xFE, 0x69, 0xFE, 0x69, 0xFE,
    0x69, 0xFE, 0x69, 0xFE, 0x69, 0xFE, 0x69, 0xFE, 0x69, 0xFE, 0x69, 0xFE, 0x69, 0xFE, 0x69, 0xFE, 0x69, 0xFE, 0x69,
    0xFE, 0x69, 0xFE, 0x69, 0xFE, 0x69, 0xFE, 0x69, 0xFE, 0x69, 0xFE, 0x69, 0xFE, 0x69, 0xFE, 0x69, 0xFE, 0x69, 0xFE,
    0x9A, 0x75, 0x9A, 0x75, 0x9A, 0x75, 0x9A, 0x75, 0x7D, 0x5D, 0x7D, 0x5D, 0x7D, 0x5D, 0x7D, 0x5D, 0x7D, 0x5D, 0x7D,
    0x5D, 0x7D, 0x5D, 0x7D, 0x5D, 0x7D, 0x5D, 0x7D, 0x5D, 0x7D, 0x5D, 0x7D, 0x5D, 0x7D, 0x5D, 0x7D, 0x5D, 0x7D, 0x5D,
    0x7D, 0x5D, 0x7D, 0x5D, 0x7D, 0x5D, 0x7D, 0x5D, 0x7D, 0x5D, 0x7D, 0x5D, 0x7D, 0x5D, 0x7D, 0x5D, 0x7D, 0x5D, 0x7D,
    0x5D, 0x7D, 0x5D, 0x7D, 0x5D, 0x7D, 0x5D, 0x7D, 0x5D, 0x7D, 0x5D, 0xD1, 0xBD, 0xD1, 0xBD, 0xD1, 0xBD, 0x69, 0xFE,
    0x69, 0xFE, 0x69, 0xFE, 0x69, 0xFE, 0x69, 0xFE, 0x69, 0xFE, 0x69, 0xFE, 0x69, 0xFE, 0x69, 0xFE, 0x69, 0xFE, 0x69,
    0xFE, 0x69, 0xFE, 0x69, 0xFE, 0x69, 0xFE, 0x69, 0xFE, 0x69, 0xFE, 0x69, 0xFE, 0x69, 0xFE, 0x69, 0xFE, 0x69, 0xFE,
    0x69, 0xFE, 0x69, 0xFE, 0x69, 0xFE, 0x69, 0xFE, 0x69, 0xFE, 0x69, 0xFE, 0x69, 0xFE, 0x69, 0xFE, 0x69, 0xFE, 0x69,
    0xFE, 0x69, 0xFE, 0x69, 0xFE, 0x69, 0xFE, 0x69, 0xFE, 0x69, 0xFE, 0x69, 0xFE, 0x69, 0xFE, 0x69, 0xFE, 0x69, 0xFE,
    0x69, 0xFE, 0x69, 0xFE, 0x69, 0xFE, 0x69, 0xFE, 0x69, 0xFE, 0x69, 0xFE, 0x69, 0xFE, 0x69, 0xFE, 0x69, 0xFE, 0x69,
    0xFE, 0x69, 0xFE, 0x69, 0xFE, 0x69, 0xFE, 0x69, 0xFE, 0x69, 0xFE, 0x69, 0xFE, 0x69, 0xFE, 0x69, 0xFE, 0xD1, 0xBD,
    0xD1, 0xBD, 0xD1, 0xBD, 0x7D, 0x5D, 0x7D, 0x5D, 0x7D, 0x5D, 0x7D, 0x5D, 0x7D, 0x5D, 0x7D, 0x5D, 0x7D, 0x5D, 0x7D,
    0x5D, 0x7D, 0x5D, 0x7D, 0x5D, 0x7D, 0x5D, 0x7D, 0x5D, 0x7D, 0x5D, 0x7D, 0x5D, 0x7D, 0x5D, 0x7D, 0x5D, 0x7D, 0x5D,
    0x7D, 0x5D, 0x7D, 0x5D, 0x7D, 0x5D, 0x7D, 0x5D, 0x7D, 0x5D, 0x7D, 0x5D, 0x7D, 0x5D, 0x7D, 0x5D, 0x7D, 0x5D, 0x7D,
    0x5D, 0x7D, 0x5D, 0x7D, 0x5D, 0x7D, 0x5D, 0x7D, 0x5D, 0x7D, 0x5D, 0x7D, 0x5D, 0x7D, 0x5D, 0x7D, 0x5D, 0x7D, 0x5D,
    0x7D, 0x5D, 0x4B, 0xF6, 0x4B, 0xF6, 0x4B, 0xF6, 0x69, 0xFE, 0x69, 0xFE, 0x69, 0xFE, 0x69, 0xFE, 0x69, 0xFE, 0x69,
    0xFE, 0x69, 0xFE, 0x69, 0xFE, 0x69, 0xFE, 0x69, 0xFE, 0x69, 0xFE, 0x69, 0xFE, 0x69, 0xFE, 0x69, 0xFE, 0x69, 0xFE,
    0x69, 0xFE, 0x69, 0xFE, 0x69, 0xFE, 0x69, 0xFE, 0x69, 0xFE, 0x69, 0xFE, 0x69, 0xFE, 0x69, 0xFE, 0x69, 0xFE, 0x69,
    0xFE, 0x69, 0xFE, 0x69, 0xFE, 0x69, 0xFE, 0x69, 0xFE, 0x69, 0xFE, 0x69, 0xFE, 0x69, 0xFE, 0x69, 0xFE, 0x69, 0xFE,
    0x69, 0xFE, 0x69, 0xFE, 0x69, 0xFE, 0x69, 0xFE, 0x69, 0xFE, 0x69, 0xFE, 0x69, 0xFE, 0x69, 0xFE, 0x69, 0xFE, 0x69,
    0xFE, 0x69, 0xFE, 0x69, 0xFE, 0x69, 0xFE, 0x69, 0xFE, 0x69, 0xFE, 0x69, 0xFE, 0x69, 0xFE, 0x69, 0xFE, 0x69, 0xFE,
    0x69, 0xFE, 0x69, 0xFE, 0x69, 0xFE, 0x69, 0xFE, 0x69, 0xFE, 0x69, 0xFE, 0x69, 0xFE, 0x69, 0xFE, 0x69, 0xFE, 0x69,
    0xFE, 0x69, 0xFE, 0x69, 0xFE, 0x69, 0xFE, 0x69, 0xFE, 0x69, 0xFE, 0x69, 0xFE, 0x69, 0xFE, 0x69, 0xFE, 0x69, 0xFE,
    0x69, 0xFE, 0x69, 0xFE, 0x69, 0xFE, 0x69, 0xFE, 0x69, 0xFE, 0x69, 0xFE, 0x69, 0xFE, 0x69, 0xFE, 0x69, 0xFE, 0x69,
    0xFE, 0x69, 0xFE, 0x69, 0xFE, 0x69, 0xFE, 0x69, 0xFE, 0x69, 0xFE, 0x69, 0xFE, 0x69, 0xFE, 0x69, 0xFE, 0x69, 0xFE,
    0x69, 0xFE, 0x69, 0xFE, 0x69, 0xFE, 0x69, 0xFE, 0x69, 0xFE, 0x69, 0xFE, 0x69, 0xFE, 0x69, 0xFE, 0x69, 0xFE, 0x2E,
    0xDE, 0x2E, 0xDE, 0x2E, 0xDE, 0x7D, 0x5D, 0x7D, 0x5D, 0x7D, 0x5D, 0x7D, 0x5D, 0x7D, 0x5D, 0x7D, 0x5D, 0x7D, 0x5D,
    0x7D, 0x5D, 0x7D, 0x5D, 0x7D, 0x5D, 0x7D, 0x5D, 0x7D, 0x5D, 0x7D, 0x5D, 0x7D, 0x5D, 0x7D, 0x5D, 0x7D, 0x5D, 0x7D,
    0x5D, 0x7D, 0x5D, 0x7D, 0x5D, 0x7D, 0x5D, 0x7D, 0x5D, 0x7D, 0x5D, 0x7D, 0x5D, 0x7D, 0x5D, 0x7D, 0x5D, 0x7D, 0x5D,
    0x7D, 0x5D, 0x7D, 0x5D, 0x7D, 0x5D, 0x7D, 0x5D, 0x7D, 0x5D, 0x7D, 0x5D, 0x7D, 0x5D, 0x7D, 0x5D, 0x7D, 0x5D, 0x7D,
    0x5D, 0x7D, 0x5D, 0xD1, 0xBD, 0xD1, 0xBD, 0xD1, 0xBD, 0x69, 0xFE, 0x69, 0xFE, 0x69, 0xFE, 0x69, 0xFE, 0x69, 0xFE,
    0x69, 0xFE, 0x69, 0xFE, 0x69, 0xFE, 0x69, 0xFE, 0x69, 0xFE, 0x69, 0xFE, 0x69, 0xFE, 0x69, 0xFE, 0x69, 0xFE, 0x69,
    0xFE, 0x69, 0xFE, 0x69, 0xFE, 0x69, 0xFE, 0x69, 0xFE, 0x69, 0xFE, 0x69, 0xFE, 0x69, 0xFE, 0x69, 0xFE, 0x69, 0xFE,
    0x69, 0xFE, 0x69, 0xFE, 0x69, 0xFE, 0x69, 0xFE, 0x69, 0xFE, 0x69, 0xFE, 0x69, 0xFE, 0x69, 0xFE, 0x69, 0xFE, 0x69,
    0xFE, 0x69, 0xFE, 0x69, 0xFE, 0x69, 0xFE, 0x69, 0xFE, 0x69, 0xFE, 0x69, 0xFE, 0x69, 0xFE, 0x69, 0xFE, 0x69, 0xFE,
    0x69, 0xFE, 0x69, 0xFE, 0x69, 0xFE, 0x69, 0xFE, 0x69, 0xFE, 0x69, 0xFE, 0x69, 0xFE, 0x69, 0xFE, 0x69, 0xFE, 0x69,
    0xFE, 0x69, 0xFE, 0xD1, 0xBD, 0xD1, 0xBD, 0xD1, 0xBD, 0x7D, 0x5D, 0x7D, 0x5D, 0x7D, 0x5D, 0x7D, 0x5D, 0x7D, 0x5D,
    0x7D, 0x5D, 0x7D, 0x5D, 0x7D, 0x5D, 0x7D, 0x5D, 0x7D, 0x5D, 0x7D, 0x5D, 0x7D, 0x5D, 0x7D, 0x5D, 0x7D, 0x5D, 0x7D,
    0x5D, 0x7D, 0x5D, 0x7D, 0x5D, 0x7D, 0x5D, 0x7D, 0x5D, 0x7D, 0x5D, 0x7D, 0x5D, 0x7D, 0x5D, 0x7D, 0x5D, 0x7D, 0x5D,
    0x7D, 0x5D, 0x7D, 0x5D, 0x7D, 0x5D, 0x7D, 0x5D, 0x7D, 0x5D, 0x7D, 0x5D, 0x7D, 0x5D, 0x7D, 0x5D, 0x7D, 0x5D, 0x7D,
    0x5D, 0x7D, 0x5D, 0x7D, 0x5D, 0x7D, 0x5D, 0x4B, 0xF6, 0x4B, 0xF6, 0x4B, 0xF6, 0x69, 0xFE, 0x69, 0xFE, 0x69, 0xFE,
    0x69, 0xFE, 0x69, 0xFE, 0x69, 0xFE, 0x69, 0xFE, 0x69, 0xFE, 0x69, 0xFE, 0x69, 0xFE, 0x69, 0xFE, 0x69, 0xFE, 0x69,
    0xFE, 0x69, 0xFE, 0x69, 0xFE, 0x69, 0xFE, 0x69, 0xFE, 0x69, 0xFE, 0x69, 0xFE, 0x69, 0xFE, 0x69, 0xFE, 0x69, 0xFE,
    0x69, 0xFE, 0x69, 0xFE, 0x69, 0xFE, 0x69, 0xFE, 0x69, 0xFE, 0x69, 0xFE, 0x69, 0xFE, 0x69, 0xFE, 0x69, 0xFE, 0x69,
    0xFE, 0x69, 0xFE, 0x69, 0xFE, 0x69, 0xFE, 0x69, 0xFE, 0x69, 0xFE, 0x69, 0xFE, 0x69, 0xFE, 0x69, 0xFE, 0x69, 0xFE,
    0x69, 0xFE, 0x69, 0xFE, 0x69, 0xFE, 0x69, 0xFE, 0x69, 0xFE, 0x69, 0xFE, 0x69, 0xFE, 0x69, 0xFE, 0x69, 0xFE, 0x69,
    0xFE, 0x69, 0xFE, 0x69, 0xFE, 0x69, 0xFE, 0x69, 0xFE, 0x69, 0xFE, 0x69, 0xFE, 0x69, 0xFE, 0x69, 0xFE, 0x69, 0xFE,
    0x69, 0xFE, 0x69, 0xFE, 0x69, 0xFE, 0x69, 0xFE, 0x69, 0xFE, 0x69, 0xFE, 0x69, 0xFE, 0x69, 0xFE, 0x69, 0xFE, 0x69,
    0xFE, 0x69, 0xFE, 0x69, 0xFE, 0x69, 0xFE, 0x69, 0xFE, 0x69, 0xFE, 0x69, 0xFE, 0x69, 0xFE, 0x69, 0xFE, 0x69, 0xFE,
    0x69, 0xFE, 0x69, 0xFE, 0x69, 0xFE, 0x69, 0xFE, 0x69, 0xFE, 0x69, 0xFE, 0x69, 0xFE, 0x69, 0xFE, 0x69, 0xFE, 0x69,
    0xFE, 0x69, 0xFE, 0x69, 0xFE, 0x69, 0xFE, 0x69, 0xFE, 0x69, 0xFE, 0x69, 0xFE, 0x69, 0xFE, 0x69, 0xFE, 0x69, 0xFE,
    0x69, 0xFE, 0x69, 0xFE, 0x2E, 0xDE, 0x2E, 0xDE, 0x2E, 0xDE, 0x7D, 0x5D, 0x7D, 0x5D, 0x7D, 0x5D, 0x7D, 0x5D, 0x7D,
    0x5D, 0x7D, 0x5D, 0x7D, 0x5D, 0x7D, 0x5D, 0x7D, 0x5D, 0x7D, 0x5D, 0x7D, 0x5D, 0x7D, 0x5D, 0x7D, 0x5D, 0x7D, 0x5D,
    0x7D, 0x5D, 0x7D, 0x5D, 0x7D, 0x5D, 0x7D, 0x5D, 0x7D, 0x5D, 0x7D, 0x5D, 0x7D, 0x5D, 0x7D, 0x5D, 0x7D, 0x5D, 0x7D,
    0x5D, 0x7D, 0x5D, 0x7D, 0x5D, 0x7D, 0x5D, 0x7D, 0x5D, 0x7D, 0x5D, 0x7D, 0x5D, 0x7D, 0x5D, 0x7D, 0x5D, 0x7D, 0x5D,
    0x7D, 0x5D, 0x7D, 0x5D, 0x7D, 0x5D, 0x7D, 0x5D, 0xD1, 0xBD, 0xD1, 0xBD, 0xD1, 0xBD, 0x69, 0xFE, 0x69, 0xFE, 0x69,
    0xFE, 0x69, 0xFE, 0x69, 0xFE, 0x69, 0xFE, 0x69, 0xFE, 0x69, 0xFE, 0x69, 0xFE, 0x69, 0xFE, 0x69, 0xFE, 0x69, 0xFE,
    0x69, 0xFE, 0x69, 0xFE, 0x69, 0xFE, 0x69, 0xFE, 0x69, 0xFE, 0x69, 0xFE, 0x69, 0xFE, 0x69, 0xFE, 0x69, 0xFE, 0x69,
    0xFE, 0x69, 0xFE, 0x69, 0xFE, 0x69, 0xFE, 0x69, 0xFE, 0x69, 0xFE, 0x69, 0xFE, 0x69, 0xFE, 0x69, 0xFE, 0x69, 0xFE,
    0x69, 0xFE, 0x69, 0xFE, 0x69, 0xFE, 0x69, 0xFE, 0x69, 0xFE, 0x69, 0xFE, 0x69, 0xFE, 0x69, 0xFE, 0x69, 0xFE, 0x69,
    0xFE, 0x69, 0xFE, 0x69, 0xFE, 0x69, 0xFE, 0x69, 0xFE, 0x69, 0xFE, 0x69, 0xFE, 0x69, 0xFE, 0x69, 0xFE, 0x69, 0xFE,
    0x69, 0xFE, 0x69, 0xFE, 0x69, 0xFE, 0x69, 0xFE, 0xD1, 0xBD, 0xD1, 0xBD, 0xD1, 0xBD, 0x7D, 0x5D, 0x7D, 0x5D, 0x7D,
    0x5D, 0x7D, 0x5D, 0x7D, 0x5D, 0x7D, 0x5D, 0x7D, 0x5D, 0x7D, 0x5D, 0x7D, 0x5D, 0x7D, 0x5D, 0x7D, 0x5D, 0x7D, 0x5D,
    0x7D, 0x5D, 0x7D, 0x5D, 0x7D, 0x5D, 0x7D, 0x5D, 0x7D, 0x5D, 0x7D, 0x5D, 0x7D, 0x5D, 0x7D, 0x5D, 0x7D, 0x5D, 0x7D,
    0x5D, 0x7D, 0x5D, 0x7D, 0x5D, 0x7D, 0x5D, 0x7D, 0x5D, 0x7D, 0x5D, 0x7D, 0x5D, 0x7D, 0x5D, 0x7D, 0x5D, 0x7D, 0x5D,
    0x7D, 0x5D, 0x7D, 0x5D, 0x7D, 0x5D, 0x7D, 0x5D, 0x7D, 0x5D, 0x7D, 0x5D, 0x4B, 0xF6, 0x4B, 0xF6, 0x4B, 0xF6, 0x69,
    0xFE, 0x69, 0xFE, 0x69, 0xFE, 0x69, 0xFE, 0x69, 0xFE, 0x69, 0xFE, 0x69, 0xFE, 0x69, 0xFE, 0x69, 0xFE, 0x69, 0xFE,
    0x69, 0xFE, 0x69, 0xFE, 0x69, 0xFE, 0x69, 0xFE, 0x69, 0xFE, 0x69, 0xFE, 0x69, 0xFE, 0x69, 0xFE, 0x69, 0xFE, 0x69,
    0xFE, 0x69, 0xFE, 0x69, 0xFE, 0x69, 0xFE, 0x69, 0xFE, 0x69, 0xFE, 0x69, 0xFE, 0x69, 0xFE, 0x69, 0xFE, 0x69, 0xFE,
    0x69, 0xFE, 0x69, 0xFE, 0x69, 0xFE, 0x69, 0xFE, 0x69, 0xFE, 0x69, 0xFE, 0x69, 0xFE, 0x69, 0xFE, 0x69, 0xFE, 0x69,
    0xFE, 0x69, 0xFE, 0x69, 0xFE, 0x69, 0xFE, 0x69, 0xFE, 0x69, 0xFE, 0x69, 0xFE, 0x69, 0xFE, 0x69, 0xFE, 0x69, 0xFE,
    0x69, 0xFE, 0x69, 0xFE, 0x69, 0xFE, 0x69, 0xFE, 0x69, 0xFE, 0x69, 0xFE, 0x69, 0xFE, 0x69, 0xFE, 0x69, 0xFE, 0x69,
    0xFE, 0x69, 0xFE, 0x69, 0xFE, 0x69, 0xFE, 0x69, 0xFE, 0x69, 0xFE, 0x69, 0xFE, 0x69, 0xFE, 0x69, 0xFE, 0x69, 0xFE,
    0x69, 0xFE, 0x69, 0xFE, 0x69, 0xFE, 0x69, 0xFE, 0x69, 0xFE, 0x69, 0xFE, 0x69, 0xFE, 0x69, 0xFE, 0x69, 0xFE, 0x69,
    0xFE, 0x69, 0xFE, 0x69, 0xFE, 0x69, 0xFE, 0x69, 0xFE, 0x69, 0xFE, 0x69, 0xFE, 0x69, 0xFE, 0x69, 0xFE, 0x69, 0xFE,
    0x69, 0xFE, 0x69, 0xFE, 0x69, 0xFE, 0x69, 0xFE, 0x69, 0xFE, 0x69, 0xFE, 0x69, 0xFE, 0x69, 0xFE, 0x69, 0xFE, 0x69,
    0xFE, 0x69, 0xFE, 0x69, 0xFE, 0x69, 0xFE, 0x69, 0xFE, 0x2E, 0xDE, 0x2E, 0xDE, 0x2E, 0xDE, 0x7D, 0x5D, 0x7D, 0x5D,
    0x7D, 0x5D, 0x7D, 0x5D, 0x7D, 0x5D, 0x7D, 0x5D, 0x7D, 0x5D, 0x7D, 0x5D, 0x7D, 0x5D, 0x7D, 0x5D, 0x7D, 0x5D, 0x7D,
    0x5D, 0x7D, 0x5D, 0x7D, 0x5D, 0x7D, 0x5D, 0x7D, 0x5D, 0x7D, 0x5D, 0x7D, 0x5D, 0x7D, 0x5D, 0x7D, 0x5D, 0x7D, 0x5D,
    0x7D, 0x5D, 0x7D, 0x5D, 0x7D, 0x5D, 0x7D, 0x5D, 0x7D, 0x5D, 0x7D, 0x5D, 0x7D, 0x5D, 0x7D, 0x5D, 0x7D, 0x5D, 0x7D,
    0x5D, 0x7D, 0x5D, 0x7D, 0x5D, 0x7D, 0x5D, 0x7D, 0x5D, 0x7D, 0x5D, 0x7D, 0x5D, 0xD1, 0xBD, 0xD1, 0xBD, 0xD1, 0xBD,
    0x69, 0xFE, 0x69, 0xFE, 0x69, 0xFE, 0x69, 0xFE, 0x69, 0xFE, 0x69, 0xFE, 0x69, 0xFE, 0x69, 0xFE, 0x69, 0xFE, 0x69,
    0xFE, 0x69, 0xFE, 0x69, 0xFE, 0x69, 0xFE, 0x69, 0xFE, 0x69, 0xFE, 0x69, 0xFE, 0x69, 0xFE, 0x69, 0xFE, 0x69, 0xFE,
    0x69, 0xFE, 0x69, 0xFE, 0x69, 0xFE, 0x69, 0xFE, 0x69, 0xFE, 0x69, 0xFE, 0x69, 0xFE, 0x69, 0xFE, 0x69, 0xFE, 0x69,
    0xFE, 0x69, 0xFE, 0x69, 0xFE, 0x69, 0xFE, 0x69, 0xFE, 0x69, 0xFE, 0x69, 0xFE, 0x69, 0xFE, 0x69, 0xFE, 0x69, 0xFE,
    0x69, 0xFE, 0x69, 0xFE, 0x69, 0xFE, 0x69, 0xFE, 0x69, 0xFE, 0x69, 0xFE, 0x69, 0xFE, 0x69, 0xFE, 0x69, 0xFE, 0x69,
    0xFE, 0x69, 0xFE, 0x69, 0xFE, 0x2E, 0xDE, 0x2E, 0xDE, 0x2E, 0xDE, 0x2E, 0xDE, 0x7D, 0x5D, 0x7D, 0x5D, 0x7D, 0x5D,
    0x7D, 0x5D, 0x7D, 0x5D, 0x7D, 0x5D, 0x7D, 0x5D, 0x7D, 0x5D, 0x7D, 0x5D, 0x7D, 0x5D, 0x7D, 0x5D, 0x7D, 0x5D, 0x7D,
    0x5D, 0x7D, 0x5D, 0x7D, 0x5D, 0x7D, 0x5D, 0x7D, 0x5D, 0x7D, 0x5D, 0x7D, 0x5D, 0x7D, 0x5D, 0x7D, 0x5D, 0x7D, 0x5D,
    0x7D, 0x5D, 0x7D, 0x5D, 0x7D, 0x5D, 0x7D, 0x5D, 0x7D, 0x5D, 0x7D, 0x5D, 0x7D, 0x5D, 0x7D, 0x5D, 0x7D, 0x5D, 0x7D,
    0x5D, 0x7D, 0x5D, 0x7D, 0x5D, 0x7D, 0x5D, 0x7D, 0x5D, 0x7D, 0x5D, 0x7D, 0x5D, 0x7D, 0x5D, 0x7D, 0x5D, 0x4D, 0x84,
    0x4D, 0x84, 0x4D, 0x84, 0x45, 0xB4, 0x45, 0xB4, 0x45, 0xB4, 0x06, 0xCD, 0x06, 0xCD, 0x06, 0xCD, 0x06, 0xCD, 0xC8,
    0xED, 0xC8, 0xED, 0xC8, 0xED, 0x69, 0xFE, 0x69, 0xFE, 0x69, 0xFE, 0x69, 0xFE, 0x69, 0xFE, 0x69, 0xFE, 0x69, 0xFE,
    0x69, 0xFE, 0x69, 0xFE, 0x69, 0xFE, 0x69, 0xFE, 0x69, 0xFE, 0x69, 0xFE, 0x69, 0xFE, 0x69, 0xFE, 0x69, 0xFE, 0x69,
    0xFE, 0x69, 0xFE, 0x69, 0xFE, 0x69, 0xFE, 0x69, 0xFE, 0x69, 0xFE, 0x69, 0xFE, 0x69, 0xFE, 0x69, 0xFE, 0x69, 0xFE,
    0x69, 0xFE, 0x69, 0xFE, 0x69, 0xFE, 0x69, 0xFE, 0x69, 0xFE, 0x69, 0xFE, 0x69, 0xFE, 0x69, 0xFE, 0x69, 0xFE, 0x69,
    0xFE, 0x69, 0xFE, 0x69, 0xFE, 0x69, 0xFE, 0x69, 0xFE, 0x69, 0xFE, 0x69, 0xFE, 0x69, 0xFE, 0x69, 0xFE, 0x69, 0xFE,
    0x69, 0xFE, 0x69, 0xFE, 0x69, 0xFE, 0x69, 0xFE, 0x69, 0xFE, 0x69, 0xFE, 0x69, 0xFE, 0x69, 0xFE, 0x69, 0xFE, 0x69,
    0xFE, 0x69, 0xFE, 0x69, 0xFE, 0x69, 0xFE, 0x69, 0xFE, 0x69, 0xFE, 0x69, 0xFE, 0x69, 0xFE, 0x69, 0xFE, 0x69, 0xFE,
    0x69, 0xFE, 0x69, 0xFE, 0x69, 0xFE, 0x69, 0xFE, 0x69, 0xFE, 0x69, 0xFE, 0x69, 0xFE, 0x69, 0xFE, 0x69, 0xFE, 0x69,
    0xFE, 0x69, 0xFE, 0x69, 0xFE, 0x69, 0xFE, 0x69, 0xFE, 0x69, 0xFE, 0x69, 0xFE, 0xC8, 0xED, 0xC8, 0xED, 0xC8, 0xED,
    0x06, 0xCD, 0x06, 0xCD, 0x06, 0xCD, 0x06, 0xCD, 0x45, 0xB4, 0x45, 0xB4, 0x45, 0xB4, 0x4D, 0x84, 0x4D, 0x84, 0x4D,
    0x84, 0x7D, 0x5D, 0x7D, 0x5D, 0x7D, 0x5D, 0x7D, 0x5D, 0x7D, 0x5D, 0x7D, 0x5D, 0x7D, 0x5D, 0x7D, 0x5D, 0x7D, 0x5D,
    0x7D, 0x5D, 0x7D, 0x5D, 0x7D, 0x5D, 0x7D, 0x5D, 0x7D, 0x5D, 0x7D, 0x5D, 0x7D, 0x5D, 0x7D, 0x5D, 0x7D, 0x5D, 0x7D,
    0x5D, 0x7D, 0x5D, 0x7D, 0x5D, 0x7D, 0x5D, 0x7D, 0x5D, 0x7D, 0x5D, 0x7D, 0x5D, 0x7D, 0x5D, 0x7D, 0x5D, 0x7D, 0x5D,
    0x7D, 0x5D, 0x7D, 0x5D, 0x7D, 0x5D, 0x7D, 0x5D, 0x7D, 0x5D, 0x7D, 0x5D, 0x7D, 0x5D, 0x7D, 0x5D, 0x7D, 0x5D, 0x7D,
    0x5D, 0x7D, 0x5D, 0x7D, 0x5D, 0x2E, 0xDE, 0x2E, 0xDE, 0x2E, 0xDE, 0x2E, 0xDE, 0x69, 0xFE, 0x69, 0xFE, 0x69, 0xFE,
    0x69, 0xFE, 0x69, 0xFE, 0x69, 0xFE, 0x69, 0xFE, 0x69, 0xFE, 0x69, 0xFE, 0x69, 0xFE, 0x69, 0xFE, 0x69, 0xFE, 0x69,
    0xFE, 0x69, 0xFE, 0x69, 0xFE, 0x69, 0xFE, 0x69, 0xFE, 0x69, 0xFE, 0x69, 0xFE, 0x69, 0xFE, 0x69, 0xFE, 0x69, 0xFE,
    0x69, 0xFE, 0x69, 0xFE, 0x69, 0xFE, 0x69, 0xFE, 0x69, 0xFE, 0x69, 0xFE, 0x69, 0xFE, 0x69, 0xFE, 0x69, 0xFE, 0x69,
    0xFE, 0x69, 0xFE, 0x69, 0xFE, 0x69, 0xFE, 0x69, 0xFE, 0x69, 0xFE, 0x69, 0xFE, 0x69, 0xFE, 0x69, 0xFE, 0x69, 0xFE,
    0x69, 0xFE, 0x69, 0xFE, 0x69, 0xFE, 0x69, 0xFE, 0x69, 0xFE, 0x2E, 0xDE, 0x2E, 0xDE, 0x2E, 0xDE, 0x2E, 0xDE, 0x7D,
    0x5D, 0x7D, 0x5D, 0x7D, 0x5D, 0x7D, 0x5D, 0x7D, 0x5D, 0x7D, 0x5D, 0x7D, 0x5D, 0x7D, 0x5D, 0x7D, 0x5D, 0x7D, 0x5D,
    0x7D, 0x5D, 0x7D, 0x5D, 0x7D, 0x5D, 0x7D, 0x5D, 0x7D, 0x5D, 0x7D, 0x5D, 0x7D, 0x5D, 0x7D, 0x5D, 0x7D, 0x5D, 0x7D,
    0x5D, 0x7D, 0x5D, 0x7D, 0x5D, 0x7D, 0x5D, 0x7D, 0x5D, 0x7D, 0x5D, 0x7D, 0x5D, 0x7D, 0x5D, 0x7D, 0x5D, 0x7D, 0x5D,
    0x7D, 0x5D, 0x7D, 0x5D, 0x7D, 0x5D, 0x7D, 0x5D, 0x7D, 0x5D, 0x7D, 0x5D, 0x7D, 0x5D, 0x7D, 0x5D, 0x7D, 0x5D, 0x7D,
    0x5D, 0x7D, 0x5D, 0x4D, 0x84, 0x4D, 0x84, 0x4D, 0x84, 0x45, 0xB4, 0x45, 0xB4, 0x45, 0xB4, 0x06, 0xCD, 0x06, 0xCD,
    0x06, 0xCD, 0x06, 0xCD, 0xC8, 0xED, 0xC8, 0xED, 0xC8, 0xED, 0x69, 0xFE, 0x69, 0xFE, 0x69, 0xFE, 0x69, 0xFE, 0x69,
    0xFE, 0x69, 0xFE, 0x69, 0xFE, 0x69, 0xFE, 0x69, 0xFE, 0x69, 0xFE, 0x69, 0xFE, 0x69, 0xFE, 0x69, 0xFE, 0x69, 0xFE,
    0x69, 0xFE, 0x69, 0xFE, 0x69, 0xFE, 0x69, 0xFE, 0x69, 0xFE, 0x69, 0xFE, 0x69, 0xFE, 0x69, 0xFE, 0x69, 0xFE, 0x69,
    0xFE, 0x69, 0xFE, 0x69, 0xFE, 0x69, 0xFE, 0x69, 0xFE, 0x69, 0xFE, 0x69, 0xFE, 0x69, 0xFE, 0x69, 0xFE, 0x69, 0xFE,
    0x69, 0xFE, 0x69, 0xFE, 0x69, 0xFE, 0x69, 0xFE, 0x69, 0xFE, 0x69, 0xFE, 0x69, 0xFE, 0x69, 0xFE, 0x69, 0xFE, 0x69,
    0xFE, 0x69, 0xFE, 0x69, 0xFE, 0x69, 0xFE, 0x69, 0xFE, 0x69, 0xFE, 0x69, 0xFE, 0x69, 0xFE, 0x69, 0xFE, 0x69, 0xFE,
    0x69, 0xFE, 0x69, 0xFE, 0x69, 0xFE, 0x69, 0xFE, 0x69, 0xFE, 0x69, 0xFE, 0x69, 0xFE, 0x69, 0xFE, 0x69, 0xFE, 0x69,
    0xFE, 0x69, 0xFE, 0x69, 0xFE, 0x69, 0xFE, 0x69, 0xFE, 0x69, 0xFE, 0x69, 0xFE, 0x69, 0xFE, 0x69, 0xFE, 0x69, 0xFE,
    0x69, 0xFE, 0x69, 0xFE, 0x69, 0xFE, 0x69, 0xFE, 0x69, 0xFE, 0x69, 0xFE, 0x69, 0xFE, 0x69, 0xFE, 0x69, 0xFE, 0xC8,
    0xED, 0xC8, 0xED, 0xC8, 0xED, 0x06, 0xCD, 0x06, 0xCD, 0x06, 0xCD, 0x06, 0xCD, 0x45, 0xB4, 0x45, 0xB4, 0x45, 0xB4,
    0x4D, 0x84, 0x4D, 0x84, 0x4D, 0x84, 0x7D, 0x5D, 0x7D, 0x5D, 0x7D, 0x5D, 0x7D, 0x5D, 0x7D, 0x5D, 0x7D, 0x5D, 0x7D,
    0x5D, 0x7D, 0x5D, 0x7D, 0x5D, 0x7D, 0x5D, 0x7D, 0x5D, 0x7D, 0x5D, 0x7D, 0x5D, 0x7D, 0x5D, 0x7D, 0x5D, 0x7D, 0x5D,
    0x7D, 0x5D, 0x7D, 0x5D, 0x7D, 0x5D, 0x7D, 0x5D, 0x7D, 0x5D, 0x7D, 0x5D, 0x7D, 0x5D, 0x7D, 0x5D, 0x7D, 0x5D, 0x7D,
    0x5D, 0x7D, 0x5D, 0x7D, 0x5D, 0x7D, 0x5D, 0x7D, 0x5D, 0x7D, 0x5D, 0x7D, 0x5D, 0x7D, 0x5D, 0x7D, 0x5D, 0x7D, 0x5D,
    0x7D, 0x5D, 0x7D, 0x5D, 0x7D, 0x5D, 0x7D, 0x5D, 0x7D, 0x5D, 0x2E, 0xDE, 0x2E, 0xDE, 0x2E, 0xDE, 0x2E, 0xDE, 0x69,
    0xFE, 0x69, 0xFE, 0x69, 0xFE, 0x69, 0xFE, 0x69, 0xFE, 0x69, 0xFE, 0x69, 0xFE, 0x69, 0xFE, 0x69, 0xFE, 0x69, 0xFE,
    0x69, 0xFE, 0x69, 0xFE, 0x69, 0xFE, 0x69, 0xFE, 0x69, 0xFE, 0x69, 0xFE, 0x69, 0xFE, 0x69, 0xFE, 0x69, 0xFE, 0x69,
    0xFE, 0x69, 0xFE, 0x69, 0xFE, 0x69, 0xFE, 0x69, 0xFE, 0x69, 0xFE, 0x69, 0xFE, 0x69, 0xFE, 0x69, 0xFE, 0x69, 0xFE,
    0x69, 0xFE, 0x69, 0xFE, 0x69, 0xFE, 0x69, 0xFE, 0x69, 0xFE, 0x69, 0xFE, 0x69, 0xFE, 0x69, 0xFE, 0x69, 0xFE, 0x69,
    0xFE, 0x69, 0xFE, 0x69, 0xFE, 0x69, 0xFE, 0x69, 0xFE, 0x69, 0xFE, 0x69, 0xFE, 0x69, 0xFE, 0x2E, 0xDE, 0x2E, 0xDE,
    0x2E, 0xDE, 0x2E, 0xDE, 0x7D, 0x5D, 0x7D, 0x5D, 0x7D, 0x5D, 0x7D, 0x5D, 0x7D, 0x5D, 0x7D, 0x5D, 0x7D, 0x5D, 0x7D,
    0x5D, 0x7D, 0x5D, 0x7D, 0x5D, 0x7D, 0x5D, 0x7D, 0x5D, 0x7D, 0x5D, 0x7D, 0x5D, 0x7D, 0x5D, 0x7D, 0x5D, 0x7D, 0x5D,
    0x7D, 0x5D, 0x7D, 0x5D, 0x7D, 0x5D, 0x7D, 0x5D, 0x7D, 0x5D, 0x7D, 0x5D, 0x7D, 0x5D, 0x7D, 0x5D, 0x7D, 0x5D, 0x7D,
    0x5D, 0x7D, 0x5D, 0x7D, 0x5D, 0x7D, 0x5D, 0x7D, 0x5D, 0x7D, 0x5D, 0x7D, 0x5D, 0x7D, 0x5D, 0x7D, 0x5D, 0x7D, 0x5D,
    0x7D, 0x5D, 0x7D, 0x5D, 0x7D, 0x5D, 0x7D, 0x5D, 0x4D, 0x84, 0x4D, 0x84, 0x4D, 0x84, 0x45, 0xB4, 0x45, 0xB4, 0x45,
    0xB4, 0x06, 0xCD, 0x06, 0xCD, 0x06, 0xCD, 0x06, 0xCD, 0xC8, 0xED, 0xC8, 0xED, 0xC8, 0xED, 0x69, 0xFE, 0x69, 0xFE,
    0x69, 0xFE, 0x69, 0xFE, 0x69, 0xFE, 0x69, 0xFE, 0x69, 0xFE, 0x69, 0xFE, 0x69, 0xFE, 0x69, 0xFE, 0x69, 0xFE, 0x69,
    0xFE, 0x69, 0xFE, 0x69, 0xFE, 0x69, 0xFE, 0x69, 0xFE, 0x69, 0xFE, 0x69, 0xFE, 0x69, 0xFE, 0x69, 0xFE, 0x69, 0xFE,
    0x69, 0xFE, 0x69, 0xFE, 0x69, 0xFE, 0x69, 0xFE, 0x69, 0xFE, 0x69, 0xFE, 0x69, 0xFE, 0x69, 0xFE, 0x69, 0xFE, 0x69,
    0xFE, 0x69, 0xFE, 0x69, 0xFE, 0x69, 0xFE, 0x69, 0xFE, 0x69, 0xFE, 0x69, 0xFE, 0x69, 0xFE, 0x69, 0xFE, 0x69, 0xFE,
    0x69, 0xFE, 0x69, 0xFE, 0x69, 0xFE, 0x69, 0xFE, 0x69, 0xFE, 0x69, 0xFE, 0x69, 0xFE, 0x69, 0xFE, 0x69, 0xFE, 0x69,
    0xFE, 0x69, 0xFE, 0x69, 0xFE, 0x69, 0xFE, 0x69, 0xFE, 0x69, 0xFE, 0x69, 0xFE, 0x69, 0xFE, 0x69, 0xFE, 0x69, 0xFE,
    0x69, 0xFE, 0x69, 0xFE, 0x69, 0xFE, 0x69, 0xFE, 0x69, 0xFE, 0x69, 0xFE, 0x69, 0xFE, 0x69, 0xFE, 0x69, 0xFE, 0x69,
    0xFE, 0x69, 0xFE, 0x69, 0xFE, 0x69, 0xFE, 0x69, 0xFE, 0x69, 0xFE, 0x69, 0xFE, 0x69, 0xFE, 0x69, 0xFE, 0x69, 0xFE,
    0x69, 0xFE, 0x69, 0xFE, 0xC8, 0xED, 0xC8, 0xED, 0xC8, 0xED, 0x06, 0xCD, 0x06, 0xCD, 0x06, 0xCD, 0x06, 0xCD, 0x45,
    0xB4, 0x45, 0xB4, 0x45, 0xB4, 0x4D, 0x84, 0x4D, 0x84, 0x4D, 0x84, 0x7D, 0x5D, 0x7D, 0x5D, 0x7D, 0x5D, 0x7D, 0x5D,
    0x7D, 0x5D, 0x7D, 0x5D, 0x7D, 0x5D, 0x7D, 0x5D, 0x7D, 0x5D, 0x7D, 0x5D, 0x7D, 0x5D, 0x7D, 0x5D, 0x7D, 0x5D, 0x7D,
    0x5D, 0x7D, 0x5D, 0x7D, 0x5D, 0x7D, 0x5D, 0x7D, 0x5D, 0x7D, 0x5D, 0x7D, 0x5D, 0x7D, 0x5D, 0x7D, 0x5D, 0x7D, 0x5D,
    0x7D, 0x5D, 0x7D, 0x5D, 0x7D, 0x5D, 0x7D, 0x5D, 0x7D, 0x5D, 0x7D, 0x5D, 0x7D, 0x5D, 0x7D, 0x5D, 0x7D, 0x5D, 0x7D,
    0x5D, 0x7D, 0x5D, 0x7D, 0x5D, 0x7D, 0x5D, 0x7D, 0x5D, 0x7D, 0x5D, 0x7D, 0x5D, 0x7D, 0x5D, 0x2E, 0xDE, 0x2E, 0xDE,
    0x2E, 0xDE, 0x2E, 0xDE, 0x69, 0xFE, 0x69, 0xFE, 0x69, 0xFE, 0x69, 0xFE, 0x69, 0xFE, 0x69, 0xFE, 0x69, 0xFE, 0x69,
    0xFE, 0x69, 0xFE, 0x69, 0xFE, 0x69, 0xFE, 0x69, 0xFE, 0x69, 0xFE, 0x69, 0xFE, 0x69, 0xFE, 0x69, 0xFE, 0x69, 0xFE,
    0x69, 0xFE, 0x69, 0xFE, 0x69, 0xFE, 0x69, 0xFE, 0x69, 0xFE, 0x69, 0xFE, 0x69, 0xFE, 0x69, 0xFE, 0x69, 0xFE, 0x69,
    0xFE, 0x69, 0xFE, 0x69, 0xFE, 0x69, 0xFE, 0x69, 0xFE, 0x69, 0xFE, 0x69, 0xFE, 0x69, 0xFE, 0x69, 0xFE, 0x69, 0xFE,
    0x69, 0xFE, 0x69, 0xFE, 0x69, 0xFE, 0x69, 0xFE, 0x69, 0xFE, 0x69, 0xFE, 0x69, 0xFE, 0x4B, 0xF6, 0x4B, 0xF6, 0x4B,
    0xF6, 0x7C, 0x65, 0x7C, 0x65, 0x7C, 0x65, 0x7C, 0x65, 0x7D, 0x5D, 0x7D, 0x5D, 0x7D, 0x5D, 0x7D, 0x5D, 0x7D, 0x5D,
    0x7D, 0x5D, 0x7D, 0x5D, 0x7D, 0x5D, 0x7D, 0x5D, 0x7D, 0x5D, 0x7D, 0x5D, 0x7D, 0x5D, 0x7D, 0x5D, 0x7D, 0x5D, 0x7D,
    0x5D, 0x7D, 0x5D, 0x7D, 0x5D, 0x7D, 0x5D, 0x7D, 0x5D, 0x7D, 0x5D, 0x7D, 0x5D, 0x7D, 0x5D, 0x7D, 0x5D, 0x7D, 0x5D,
    0x7D, 0x5D, 0x7D, 0x5D, 0x7D, 0x5D, 0x7D, 0x5D, 0x7D, 0x5D, 0x7D, 0x5D, 0x7D, 0x5D, 0x7D, 0x5D, 0x7D, 0x5D, 0x7D,
    0x5D, 0x7D, 0x5D, 0x7D, 0x5D, 0x7D, 0x5D, 0x7D, 0x5D, 0x7D, 0x5D, 0x7D, 0x5D, 0x32, 0x64, 0x32, 0x64, 0x32, 0x64,
    0x20, 0x62, 0x20, 0x62, 0x20, 0x62, 0x20, 0x62, 0x20, 0x62, 0x20, 0x62, 0x20, 0x62, 0x20, 0x62, 0x20, 0x62, 0x20,
    0x62, 0x20, 0x62, 0x20, 0x62, 0x20, 0x62, 0xE1, 0x82, 0xE1, 0x82, 0xE1, 0x82, 0xE1, 0x82, 0x22, 0x8B, 0x22, 0x8B,
    0x22, 0x8B, 0x04, 0xAC, 0x04, 0xAC, 0x04, 0xAC, 0x45, 0xB4, 0x45, 0xB4, 0x45, 0xB4, 0x45, 0xB4, 0x85, 0xBC, 0x85,
    0xBC, 0x85, 0xBC, 0x47, 0xDD, 0x47, 0xDD, 0x47, 0xDD, 0x47, 0xDD, 0x47, 0xDD, 0x47, 0xDD, 0x47, 0xDD, 0x47, 0xDD,
    0x47, 0xDD, 0x47, 0xDD, 0x47, 0xDD, 0x47, 0xDD, 0x47, 0xDD, 0x47, 0xDD, 0x47, 0xDD, 0x47, 0xDD, 0x47, 0xDD, 0x47,
    0xDD, 0x47, 0xDD, 0x47, 0xDD, 0xC8, 0xED, 0xC8, 0xED, 0xC8, 0xED, 0x47, 0xDD, 0x47, 0xDD, 0x47, 0xDD, 0x47, 0xDD,
    0x47, 0xDD, 0x47, 0xDD, 0x47, 0xDD, 0x47, 0xDD, 0x47, 0xDD, 0x47, 0xDD, 0x47, 0xDD, 0x47, 0xDD, 0x47, 0xDD, 0x47,
    0xDD, 0x47, 0xDD, 0x47, 0xDD, 0x47, 0xDD, 0x85, 0xBC, 0x85, 0xBC, 0x85, 0xBC, 0x45, 0xB4, 0x45, 0xB4, 0x45, 0xB4,
    0x45, 0xB4, 0x04, 0xAC, 0x04, 0xAC, 0x04, 0xAC, 0x22, 0x8B, 0x22, 0x8B, 0x22, 0x8B, 0xE1, 0x82, 0xE1, 0x82, 0xE1,
    0x82, 0xE1, 0x82, 0x20, 0x62, 0x20, 0x62, 0x20, 0x62, 0x20, 0x62, 0x20, 0x62, 0x20, 0x62, 0x20, 0x62, 0x20, 0x62,
    0x20, 0x62, 0x20, 0x62, 0x20, 0x62, 0x20, 0x62, 0x20, 0x62, 0x32, 0x64, 0x32, 0x64, 0x32, 0x64, 0x7D, 0x5D, 0x7D,
    0x5D, 0x7D, 0x5D, 0x7D, 0x5D, 0x7D, 0x5D, 0x7D, 0x5D, 0x7D, 0x5D, 0x7D, 0x5D, 0x7D, 0x5D, 0x7D, 0x5D, 0x7D, 0x5D,
    0x7D, 0x5D, 0x7D, 0x5D, 0x7D, 0x5D, 0x7D, 0x5D, 0x7D, 0x5D, 0x7D, 0x5D, 0x7D, 0x5D, 0x7D, 0x5D, 0x7D, 0x5D, 0x7D,
    0x5D, 0x7D, 0x5D, 0x7D, 0x5D, 0x7D, 0x5D, 0x7D, 0x5D, 0x7D, 0x5D, 0x7D, 0x5D, 0x7D, 0x5D, 0x7D, 0x5D, 0x7D, 0x5D,
    0x7D, 0x5D, 0x7D, 0x5D, 0x7D, 0x5D, 0x7D, 0x5D, 0x7D, 0x5D, 0x7D, 0x5D, 0x7D, 0x5D, 0x7D, 0x5D, 0x7D, 0x5D, 0x7D,
    0x5D, 0x7C, 0x65, 0x7C, 0x65, 0x7C, 0x65, 0x7C, 0x65, 0x4B, 0xF6, 0x4B, 0xF6, 0x4B, 0xF6, 0x69, 0xFE, 0x69, 0xFE,
    0x69, 0xFE, 0x69, 0xFE, 0x69, 0xFE, 0x69, 0xFE, 0x69, 0xFE, 0x69, 0xFE, 0x69, 0xFE, 0x69, 0xFE, 0x69, 0xFE, 0x69,
    0xFE, 0x69, 0xFE, 0x69, 0xFE, 0x69, 0xFE, 0x69, 0xFE, 0x69, 0xFE, 0x69, 0xFE, 0x69, 0xFE, 0x69, 0xFE, 0x69, 0xFE,
    0x69, 0xFE, 0x69, 0xFE, 0x69, 0xFE, 0x69, 0xFE, 0x69, 0xFE, 0x69, 0xFE, 0x69, 0xFE, 0x69, 0xFE, 0x69, 0xFE, 0x69,
    0xFE, 0x69, 0xFE, 0x69, 0xFE, 0x69, 0xFE, 0x69, 0xFE, 0x69, 0xFE, 0x69, 0xFE, 0x69, 0xFE, 0x69, 0xFE, 0x69, 0xFE,
    0x4B, 0xF6, 0x4B, 0xF6, 0x4B, 0xF6, 0x7C, 0x65, 0x7C, 0x65, 0x7C, 0x65, 0x7C, 0x65, 0x7D, 0x5D, 0x7D, 0x5D, 0x7D,
    0x5D, 0x7D, 0x5D, 0x7D, 0x5D, 0x7D, 0x5D, 0x7D, 0x5D, 0x7D, 0x5D, 0x7D, 0x5D, 0x7D, 0x5D, 0x7D, 0x5D, 0x7D, 0x5D,
    0x7D, 0x5D, 0x7D, 0x5D, 0x7D, 0x5D, 0x7D, 0x5D, 0x7D, 0x5D, 0x7D, 0x5D, 0x7D, 0x5D, 0x7D, 0x5D, 0x7D, 0x5D, 0x7D,
    0x5D, 0x7D, 0x5D, 0x7D, 0x5D, 0x7D, 0x5D, 0x7D, 0x5D, 0x7D, 0x5D, 0x7D, 0x5D, 0x7D, 0x5D, 0x7D, 0x5D, 0x7D, 0x5D,
    0x7D, 0x5D, 0x7D, 0x5D, 0x7D, 0x5D, 0x7D, 0x5D, 0x7D, 0x5D, 0x7D, 0x5D, 0x7D, 0x5D, 0x7D, 0x5D, 0x7D, 0x5D, 0x32,
    0x64, 0x32, 0x64, 0x32, 0x64, 0x20, 0x62, 0x20, 0x62, 0x20, 0x62, 0x20, 0x62, 0x20, 0x62, 0x20, 0x62, 0x20, 0x62,
    0x20, 0x62, 0x20, 0x62, 0x20, 0x62, 0x20, 0x62, 0x20, 0x62, 0x20, 0x62, 0xE1, 0x82, 0xE1, 0x82, 0xE1, 0x82, 0xE1,
    0x82, 0x22, 0x8B, 0x22, 0x8B, 0x22, 0x8B, 0x04, 0xAC, 0x04, 0xAC, 0x04, 0xAC, 0x45, 0xB4, 0x45, 0xB4, 0x45, 0xB4,
    0x45, 0xB4, 0x85, 0xBC, 0x85, 0xBC, 0x85, 0xBC, 0x47, 0xDD, 0x47, 0xDD, 0x47, 0xDD, 0x47, 0xDD, 0x47, 0xDD, 0x47,
    0xDD, 0x47, 0xDD, 0x47, 0xDD, 0x47, 0xDD, 0x47, 0xDD, 0x47, 0xDD, 0x47, 0xDD, 0x47, 0xDD, 0x47, 0xDD, 0x47, 0xDD,
    0x47, 0xDD, 0x47, 0xDD, 0x47, 0xDD, 0x47, 0xDD, 0x47, 0xDD, 0xC8, 0xED, 0xC8, 0xED, 0xC8, 0xED, 0x47, 0xDD, 0x47,
    0xDD, 0x47, 0xDD, 0x47, 0xDD, 0x47, 0xDD, 0x47, 0xDD, 0x47, 0xDD, 0x47, 0xDD, 0x47, 0xDD, 0x47, 0xDD, 0x47, 0xDD,
    0x47, 0xDD, 0x47, 0xDD, 0x47, 0xDD, 0x47, 0xDD, 0x47, 0xDD, 0x47, 0xDD, 0x85, 0xBC, 0x85, 0xBC, 0x85, 0xBC, 0x45,
    0xB4, 0x45, 0xB4, 0x45, 0xB4, 0x45, 0xB4, 0x04, 0xAC, 0x04, 0xAC, 0x04, 0xAC, 0x22, 0x8B, 0x22, 0x8B, 0x22, 0x8B,
    0xE1, 0x82, 0xE1, 0x82, 0xE1, 0x82, 0xE1, 0x82, 0x20, 0x62, 0x20, 0x62, 0x20, 0x62, 0x20, 0x62, 0x20, 0x62, 0x20,
    0x62, 0x20, 0x62, 0x20, 0x62, 0x20, 0x62, 0x20, 0x62, 0x20, 0x62, 0x20, 0x62, 0x20, 0x62, 0x32, 0x64, 0x32, 0x64,
    0x32, 0x64, 0x7D, 0x5D, 0x7D, 0x5D, 0x7D, 0x5D, 0x7D, 0x5D, 0x7D, 0x5D, 0x7D, 0x5D, 0x7D, 0x5D, 0x7D, 0x5D, 0x7D,
    0x5D, 0x7D, 0x5D, 0x7D, 0x5D, 0x7D, 0x5D, 0x7D, 0x5D, 0x7D, 0x5D, 0x7D, 0x5D, 0x7D, 0x5D, 0x7D, 0x5D, 0x7D, 0x5D,
    0x7D, 0x5D, 0x7D, 0x5D, 0x7D, 0x5D, 0x7D, 0x5D, 0x7D, 0x5D, 0x7D, 0x5D, 0x7D, 0x5D, 0x7D, 0x5D, 0x7D, 0x5D, 0x7D,
    0x5D, 0x7D, 0x5D, 0x7D, 0x5D, 0x7D, 0x5D, 0x7D, 0x5D, 0x7D, 0x5D, 0x7D, 0x5D, 0x7D, 0x5D, 0x7D, 0x5D, 0x7D, 0x5D,
    0x7D, 0x5D, 0x7D, 0x5D, 0x7D, 0x5D, 0x7C, 0x65, 0x7C, 0x65, 0x7C, 0x65, 0x7C, 0x65, 0x4B, 0xF6, 0x4B, 0xF6, 0x4B,
    0xF6, 0x69, 0xFE, 0x69, 0xFE, 0x69, 0xFE, 0x69, 0xFE, 0x69, 0xFE, 0x69, 0xFE, 0x69, 0xFE, 0x69, 0xFE, 0x69, 0xFE,
    0x69, 0xFE, 0x69, 0xFE, 0x69, 0xFE, 0x69, 0xFE, 0x69, 0xFE, 0x69, 0xFE, 0x69, 0xFE, 0x69, 0xFE, 0x69, 0xFE, 0x69,
    0xFE, 0x69, 0xFE, 0x69, 0xFE, 0x69, 0xFE, 0x69, 0xFE, 0x69, 0xFE, 0x69, 0xFE, 0x69, 0xFE, 0x69, 0xFE, 0x69, 0xFE,
    0x69, 0xFE, 0x69, 0xFE, 0x69, 0xFE, 0x69, 0xFE, 0x69, 0xFE, 0x69, 0xFE, 0x69, 0xFE, 0x69, 0xFE, 0x69, 0xFE, 0x69,
    0xFE, 0x69, 0xFE, 0x69, 0xFE, 0x4B, 0xF6, 0x4B, 0xF6, 0x4B, 0xF6, 0x7C, 0x65, 0x7C, 0x65, 0x7C, 0x65, 0x7C, 0x65,
    0x7D, 0x5D, 0x7D, 0x5D, 0x7D, 0x5D, 0x7D, 0x5D, 0x7D, 0x5D, 0x7D, 0x5D, 0x7D, 0x5D, 0x7D, 0x5D, 0x7D, 0x5D, 0x7D,
    0x5D, 0x7D, 0x5D, 0x7D, 0x5D, 0x7D, 0x5D, 0x7D, 0x5D, 0x7D, 0x5D, 0x7D, 0x5D, 0x7D, 0x5D, 0x7D, 0x5D, 0x7D, 0x5D,
    0x7D, 0x5D, 0x7D, 0x5D, 0x7D, 0x5D, 0x7D, 0x5D, 0x7D, 0x5D, 0x7D, 0x5D, 0x7D, 0x5D, 0x7D, 0x5D, 0x7D, 0x5D, 0x7D,
    0x5D, 0x7D, 0x5D, 0x7D, 0x5D, 0x7D, 0x5D, 0x7D, 0x5D, 0x7D, 0x5D, 0x7D, 0x5D, 0x7D, 0x5D, 0x7D, 0x5D, 0x7D, 0x5D,
    0x7D, 0x5D, 0x7D, 0x5D, 0x32, 0x64, 0x32, 0x64, 0x32, 0x64, 0x20, 0x62, 0x20, 0x62, 0x20, 0x62, 0x20, 0x62, 0x20,
    0x62, 0x20, 0x62, 0x20, 0x62, 0x20, 0x62, 0x20, 0x62, 0x20, 0x62, 0x20, 0x62, 0x20, 0x62, 0x20, 0x62, 0xE1, 0x82,
    0xE1, 0x82, 0xE1, 0x82, 0xE1, 0x82, 0x22, 0x8B, 0x22, 0x8B, 0x22, 0x8B, 0x04, 0xAC, 0x04, 0xAC, 0x04, 0xAC, 0x45,
    0xB4, 0x45, 0xB4, 0x45, 0xB4, 0x45, 0xB4, 0x85, 0xBC, 0x85, 0xBC, 0x85, 0xBC, 0x47, 0xDD, 0x47, 0xDD, 0x47, 0xDD,
    0x47, 0xDD, 0x47, 0xDD, 0x47, 0xDD, 0x47, 0xDD, 0x47, 0xDD, 0x47, 0xDD, 0x47, 0xDD, 0x47, 0xDD, 0x47, 0xDD, 0x47,
    0xDD, 0x47, 0xDD, 0x47, 0xDD, 0x47, 0xDD, 0x47, 0xDD, 0x47, 0xDD, 0x47, 0xDD, 0x47, 0xDD, 0xC8, 0xED, 0xC8, 0xED,
    0xC8, 0xED, 0x47, 0xDD, 0x47, 0xDD, 0x47, 0xDD, 0x47, 0xDD, 0x47, 0xDD, 0x47, 0xDD, 0x47, 0xDD, 0x47, 0xDD, 0x47,
    0xDD, 0x47, 0xDD, 0x47, 0xDD, 0x47, 0xDD, 0x47, 0xDD, 0x47, 0xDD, 0x47, 0xDD, 0x47, 0xDD, 0x47, 0xDD, 0x85, 0xBC,
    0x85, 0xBC, 0x85, 0xBC, 0x45, 0xB4, 0x45, 0xB4, 0x45, 0xB4, 0x45, 0xB4, 0x04, 0xAC, 0x04, 0xAC, 0x04, 0xAC, 0x22,
    0x8B, 0x22, 0x8B, 0x22, 0x8B, 0xE1, 0x82, 0xE1, 0x82, 0xE1, 0x82, 0xE1, 0x82, 0x20, 0x62, 0x20, 0x62, 0x20, 0x62,
    0x20, 0x62, 0x20, 0x62, 0x20, 0x62, 0x20, 0x62, 0x20, 0x62, 0x20, 0x62, 0x20, 0x62, 0x20, 0x62, 0x20, 0x62, 0x20,
    0x62, 0x32, 0x64, 0x32, 0x64, 0x32, 0x64, 0x7D, 0x5D, 0x7D, 0x5D, 0x7D, 0x5D, 0x7D, 0x5D, 0x7D, 0x5D, 0x7D, 0x5D,
    0x7D, 0x5D, 0x7D, 0x5D, 0x7D, 0x5D, 0x7D, 0x5D, 0x7D, 0x5D, 0x7D, 0x5D, 0x7D, 0x5D, 0x7D, 0x5D, 0x7D, 0x5D, 0x7D,
    0x5D, 0x7D, 0x5D, 0x7D, 0x5D, 0x7D, 0x5D, 0x7D, 0x5D, 0x7D, 0x5D, 0x7D, 0x5D, 0x7D, 0x5D, 0x7D, 0x5D, 0x7D, 0x5D,
    0x7D, 0x5D, 0x7D, 0x5D, 0x7D, 0x5D, 0x7D, 0x5D, 0x7D, 0x5D, 0x7D, 0x5D, 0x7D, 0x5D, 0x7D, 0x5D, 0x7D, 0x5D, 0x7D,
    0x5D, 0x7D, 0x5D, 0x7D, 0x5D, 0x7D, 0x5D, 0x7D, 0x5D, 0x7D, 0x5D, 0x7C, 0x65, 0x7C, 0x65, 0x7C, 0x65, 0x7C, 0x65,
    0x4B, 0xF6, 0x4B, 0xF6, 0x4B, 0xF6, 0x69, 0xFE, 0x69, 0xFE, 0x69, 0xFE, 0x69, 0xFE, 0x69, 0xFE, 0x69, 0xFE, 0x69,
    0xFE, 0x69, 0xFE, 0x69, 0xFE, 0x69, 0xFE, 0x69, 0xFE, 0x69, 0xFE, 0x69, 0xFE, 0x69, 0xFE, 0x69, 0xFE, 0x69, 0xFE,
    0x69, 0xFE, 0x69, 0xFE, 0x69, 0xFE, 0x69, 0xFE, 0x69, 0xFE, 0x69, 0xFE, 0x69, 0xFE, 0x69, 0xFE, 0x69, 0xFE, 0x69,
    0xFE, 0x69, 0xFE, 0x69, 0xFE, 0x69, 0xFE, 0x69, 0xFE, 0x69, 0xFE, 0x69, 0xFE, 0x69, 0xFE, 0x69, 0xFE, 0x69, 0xFE,
    0x69, 0xFE, 0x69, 0xFE, 0x69, 0xFE, 0x69, 0xFE, 0x69, 0xFE, 0x4B, 0xF6, 0x4B, 0xF6, 0x4B, 0xF6, 0x7C, 0x65, 0x7C,
    0x65, 0x7C, 0x65, 0x7C, 0x65, 0x7D, 0x5D, 0x7D, 0x5D, 0x7D, 0x5D, 0x7D, 0x5D, 0x7D, 0x5D, 0x7D, 0x5D, 0x7D, 0x5D,
    0x7D, 0x5D, 0x7D, 0x5D, 0x7D, 0x5D, 0x7D, 0x5D, 0x7D, 0x5D, 0x7D, 0x5D, 0x7D, 0x5D, 0x7D, 0x5D, 0x7D, 0x5D, 0x7D,
    0x5D, 0x7D, 0x5D, 0x7D, 0x5D, 0x7D, 0x5D, 0x7D, 0x5D, 0x7D, 0x5D, 0x7D, 0x5D, 0x7D, 0x5D, 0x7D, 0x5D, 0x7D, 0x5D,
    0x7D, 0x5D, 0x7D, 0x5D, 0x7D, 0x5D, 0x7D, 0x5D, 0x7D, 0x5D, 0x7D, 0x5D, 0x7D, 0x5D, 0x7D, 0x5D, 0x7D, 0x5D, 0x7D,
    0x5D, 0x7D, 0x5D, 0x7D, 0x5D, 0x7D, 0x5D, 0x7D, 0x5D, 0x32, 0x64, 0x32, 0x64, 0x32, 0x64, 0x20, 0x62, 0x20, 0x62,
    0x20, 0x62, 0x20, 0x62, 0x20, 0x62, 0x20, 0x62, 0x20, 0x62, 0x20, 0x62, 0x20, 0x62, 0x20, 0x62, 0x20, 0x62, 0x20,
    0x62, 0x20, 0x62, 0xE1, 0x82, 0xE1, 0x82, 0xE1, 0x82, 0xE1, 0x82, 0x22, 0x8B, 0x22, 0x8B, 0x22, 0x8B, 0x04, 0xAC,
    0x04, 0xAC, 0x04, 0xAC, 0x45, 0xB4, 0x45, 0xB4, 0x45, 0xB4, 0x45, 0xB4, 0x85, 0xBC, 0x85, 0xBC, 0x85, 0xBC, 0x47,
    0xDD, 0x47, 0xDD, 0x47, 0xDD, 0x47, 0xDD, 0x47, 0xDD, 0x47, 0xDD, 0x47, 0xDD, 0x47, 0xDD, 0x47, 0xDD, 0x47, 0xDD,
    0x47, 0xDD, 0x47, 0xDD, 0x47, 0xDD, 0x47, 0xDD, 0x47, 0xDD, 0x47, 0xDD, 0x47, 0xDD, 0x47, 0xDD, 0x47, 0xDD, 0x47,
    0xDD, 0xC8, 0xED, 0xC8, 0xED, 0xC8, 0xED, 0x47, 0xDD, 0x47, 0xDD, 0x47, 0xDD, 0x47, 0xDD, 0x47, 0xDD, 0x47, 0xDD,
    0x47, 0xDD, 0x47, 0xDD, 0x47, 0xDD, 0x47, 0xDD, 0x47, 0xDD, 0x47, 0xDD, 0x47, 0xDD, 0x47, 0xDD, 0x47, 0xDD, 0x47,
    0xDD, 0x47, 0xDD, 0x85, 0xBC, 0x85, 0xBC, 0x85, 0xBC, 0x45, 0xB4, 0x45, 0xB4, 0x45, 0xB4, 0x45, 0xB4, 0x04, 0xAC,
    0x04, 0xAC, 0x04, 0xAC, 0x22, 0x8B, 0x22, 0x8B, 0x22, 0x8B, 0xE1, 0x82, 0xE1, 0x82, 0xE1, 0x82, 0xE1, 0x82, 0x20,
    0x62, 0x20, 0x62, 0x20, 0x62, 0x20, 0x62, 0x20, 0x62, 0x20, 0x62, 0x20, 0x62, 0x20, 0x62, 0x20, 0x62, 0x20, 0x62,
    0x20, 0x62, 0x20, 0x62, 0x20, 0x62, 0x32, 0x64, 0x32, 0x64, 0x32, 0x64, 0x7D, 0x5D, 0x7D, 0x5D, 0x7D, 0x5D, 0x7D,
    0x5D, 0x7D, 0x5D, 0x7D, 0x5D, 0x7D, 0x5D, 0x7D, 0x5D, 0x7D, 0x5D, 0x7D, 0x5D, 0x7D, 0x5D, 0x7D, 0x5D, 0x7D, 0x5D,
    0x7D, 0x5D, 0x7D, 0x5D, 0x7D, 0x5D, 0x7D, 0x5D, 0x7D, 0x5D, 0x7D, 0x5D, 0x7D, 0x5D, 0x7D, 0x5D, 0x7D, 0x5D, 0x7D,
    0x5D, 0x7D, 0x5D, 0x7D, 0x5D, 0x7D, 0x5D, 0x7D, 0x5D, 0x7D, 0x5D, 0x7D, 0x5D, 0x7D, 0x5D, 0x7D, 0x5D, 0x7D, 0x5D,
    0x7D, 0x5D, 0x7D, 0x5D, 0x7D, 0x5D, 0x7D, 0x5D, 0x7D, 0x5D, 0x7D, 0x5D, 0x7D, 0x5D, 0x7D, 0x5D, 0x7C, 0x65, 0x7C,
    0x65, 0x7C, 0x65, 0x7C, 0x65, 0x4B, 0xF6, 0x4B, 0xF6, 0x4B, 0xF6, 0x69, 0xFE, 0x69, 0xFE, 0x69, 0xFE, 0x69, 0xFE,
    0x69, 0xFE, 0x69, 0xFE, 0x69, 0xFE, 0x69, 0xFE, 0x69, 0xFE, 0x69, 0xFE, 0x69, 0xFE, 0x69, 0xFE, 0x69, 0xFE, 0x69,
    0xFE, 0x69, 0xFE, 0x69, 0xFE, 0x69, 0xFE, 0x69, 0xFE, 0x69, 0xFE, 0x69, 0xFE, 0x69, 0xFE, 0x69, 0xFE, 0x69, 0xFE,
    0x69, 0xFE, 0x69, 0xFE, 0x69, 0xFE, 0x69, 0xFE, 0x69, 0xFE, 0x69, 0xFE, 0x69, 0xFE, 0x69, 0xFE, 0x69, 0xFE, 0x69,
    0xFE, 0x69, 0xFE, 0x69, 0xFE, 0x69, 0xFE, 0x69, 0xFE, 0x69, 0xFE, 0x69, 0xFE, 0x69, 0xFE, 0x9A, 0x75, 0x9A, 0x75,
    0x9A, 0x75, 0x7D, 0x5D, 0x7D, 0x5D, 0x7D, 0x5D, 0x7D, 0x5D, 0x7D, 0x5D, 0x7D, 0x5D, 0x7D, 0x5D, 0x7D, 0x5D, 0x7D,
    0x5D, 0x7D, 0x5D, 0x7D, 0x5D, 0x7D, 0x5D, 0x7D, 0x5D, 0x7D, 0x5D, 0x7D, 0x5D, 0x7D, 0x5D, 0x7D, 0x5D, 0x7D, 0x5D,
    0x7D, 0x5D, 0x7D, 0x5D, 0x7D, 0x5D, 0x7D, 0x5D, 0x7D, 0x5D, 0x7D, 0x5D, 0x7D, 0x5D, 0x7D, 0x5D, 0x7D, 0x5D, 0x7D,
    0x5D, 0x7D, 0x5D, 0x7D, 0x5D, 0x7D, 0x5D, 0x7D, 0x5D, 0x7D, 0x5D, 0x7D, 0x5D, 0x7D, 0x5D, 0x7D, 0x5D, 0x7D, 0x5D,
    0x7D, 0x5D, 0x7D, 0x5D, 0x7D, 0x5D, 0x7D, 0x5D, 0x7D, 0x5D, 0x7D, 0x5D, 0x7D, 0x5D, 0x19, 0x5D, 0x19, 0x5D, 0x19,
    0x5D, 0x20, 0x62, 0x20, 0x62, 0x20, 0x62, 0x20, 0x62, 0x20, 0x62, 0x20, 0x62, 0x20, 0x62, 0x20, 0x62, 0x20, 0x62,
    0x20, 0x62, 0x20, 0x62, 0x20, 0x62, 0x20, 0x62, 0x20, 0x62, 0x20, 0x62, 0x20, 0x62, 0x20, 0x62, 0x20, 0x62, 0x20,
    0x62, 0x20, 0x62, 0x20, 0x62, 0x20, 0x62, 0x20, 0x62, 0x20, 0x62, 0x20, 0x62, 0x20, 0x62, 0x20, 0x62, 0x20, 0x62,
    0x20, 0x62, 0x20, 0x62, 0x20, 0x62, 0x20, 0x62, 0x20, 0x62, 0x20, 0x62, 0x20, 0x62, 0x20, 0x62, 0x20, 0x62, 0x20,
    0x62, 0x20, 0x62, 0x20, 0x62, 0x20, 0x62, 0x20, 0x62, 0x20, 0x62, 0x20, 0x62, 0x20, 0x62, 0x20, 0x62, 0x20, 0x62,
    0x20, 0x62, 0x20, 0x62, 0x20, 0x62, 0x20, 0x62, 0x20, 0x62, 0x20, 0x62, 0x20, 0x62, 0x20, 0x62, 0x20, 0x62, 0x20,
    0x62, 0x20, 0x62, 0x20, 0x62, 0x20, 0x62, 0x20, 0x62, 0x20, 0x62, 0x20, 0x62, 0x20, 0x62, 0x20, 0x62, 0x20, 0x62,
    0x20, 0x62, 0x20, 0x62, 0x20, 0x62, 0x20, 0x62, 0x20, 0x62, 0x20, 0x62, 0x20, 0x62, 0x20, 0x62, 0x20, 0x62, 0x20,
    0x62, 0x20, 0x62, 0x20, 0x62, 0x20, 0x62, 0x20, 0x62, 0x20, 0x62, 0x20, 0x62, 0x20, 0x62, 0x20, 0x62, 0x20, 0x62,
    0x20, 0x62, 0x20, 0x62, 0x20, 0x62, 0x20, 0x62, 0x20, 0x62, 0x20, 0x62, 0x20, 0x62, 0x20, 0x62, 0x20, 0x62, 0x20,
    0x62, 0x20, 0x62, 0x20, 0x62, 0x20, 0x62, 0x20, 0x62, 0x20, 0x62, 0x7C, 0x65, 0x7C, 0x65, 0x7C, 0x65, 0x7D, 0x5D,
    0x7D, 0x5D, 0x7D, 0x5D, 0x7D, 0x5D, 0x7D, 0x5D, 0x7D, 0x5D, 0x7D, 0x5D, 0x7D, 0x5D, 0x7D, 0x5D, 0x7D, 0x5D, 0x7D,
    0x5D, 0x7D, 0x5D, 0x7D, 0x5D, 0x7D, 0x5D, 0x7D, 0x5D, 0x7D, 0x5D, 0x7D, 0x5D, 0x7D, 0x5D, 0x7D, 0x5D, 0x7D, 0x5D,
    0x7D, 0x5D, 0x7D, 0x5D, 0x7D, 0x5D, 0x7D, 0x5D, 0x7D, 0x5D, 0x7D, 0x5D, 0x7D, 0x5D, 0x7D, 0x5D, 0x7D, 0x5D, 0x7D,
    0x5D, 0x7D, 0x5D, 0x7D, 0x5D, 0x7D, 0x5D, 0x7D, 0x5D, 0x7D, 0x5D, 0x7D, 0x5D, 0x7D, 0x5D, 0x7D, 0x5D, 0x7D, 0x5D,
    0x7D, 0x5D, 0x7D, 0x5D, 0x7D, 0x5D, 0x7D, 0x5D, 0x7D, 0x5D, 0x9A, 0x75, 0x9A, 0x75, 0x9A, 0x75, 0x69, 0xFE, 0x69,
    0xFE, 0x69, 0xFE, 0x69, 0xFE, 0x69, 0xFE, 0x69, 0xFE, 0x69, 0xFE, 0x69, 0xFE, 0x69, 0xFE, 0x69, 0xFE, 0x69, 0xFE,
    0x69, 0xFE, 0x69, 0xFE, 0x69, 0xFE, 0x69, 0xFE, 0x69, 0xFE, 0x69, 0xFE, 0x69, 0xFE, 0x69, 0xFE, 0x69, 0xFE, 0x69,
    0xFE, 0x69, 0xFE, 0x69, 0xFE, 0x69, 0xFE, 0x69, 0xFE, 0x69, 0xFE, 0x69, 0xFE, 0x69, 0xFE, 0x69, 0xFE, 0x69, 0xFE,
    0x69, 0xFE, 0x69, 0xFE, 0x69, 0xFE, 0x69, 0xFE, 0x69, 0xFE, 0x69, 0xFE, 0x69, 0xFE, 0x69, 0xFE, 0x69, 0xFE, 0x69,
    0xFE, 0x9A, 0x75, 0x9A, 0x75, 0x9A, 0x75, 0x7D, 0x5D, 0x7D, 0x5D, 0x7D, 0x5D, 0x7D, 0x5D, 0x7D, 0x5D, 0x7D, 0x5D,
    0x7D, 0x5D, 0x7D, 0x5D, 0x7D, 0x5D, 0x7D, 0x5D, 0x7D, 0x5D, 0x7D, 0x5D, 0x7D, 0x5D, 0x7D, 0x5D, 0x7D, 0x5D, 0x7D,
    0x5D, 0x7D, 0x5D, 0x7D, 0x5D, 0x7D, 0x5D, 0x7D, 0x5D, 0x7D, 0x5D, 0x7D, 0x5D, 0x7D, 0x5D, 0x7D, 0x5D, 0x7D, 0x5D,
    0x7D, 0x5D, 0x7D, 0x5D, 0x7D, 0x5D, 0x7D, 0x5D, 0x7D, 0x5D, 0x7D, 0x5D, 0x7D, 0x5D, 0x7D, 0x5D, 0x7D, 0x5D, 0x7D,
    0x5D, 0x7D, 0x5D, 0x7D, 0x5D, 0x7D, 0x5D, 0x7D, 0x5D, 0x7D, 0x5D, 0x7D, 0x5D, 0x7D, 0x5D, 0x7D, 0x5D, 0x7D, 0x5D,
    0x19, 0x5D, 0x19, 0x5D, 0x19, 0x5D, 0x20, 0x62, 0x20, 0x62, 0x20, 0x62, 0x20, 0x62, 0x20, 0x62, 0x20, 0x62, 0x20,
    0x62, 0x20, 0x62, 0x20, 0x62, 0x20, 0x62, 0x20, 0x62, 0x20, 0x62, 0x20, 0x62, 0x20, 0x62, 0x20, 0x62, 0x20, 0x62,
    0x20, 0x62, 0x20, 0x62, 0x20, 0x62, 0x20, 0x62, 0x20, 0x62, 0x20, 0x62, 0x20, 0x62, 0x20, 0x62, 0x20, 0x62, 0x20,
    0x62, 0x20, 0x62, 0x20, 0x62, 0x20, 0x62, 0x20, 0x62, 0x20, 0x62, 0x20, 0x62, 0x20, 0x62, 0x20, 0x62, 0x20, 0x62,
    0x20, 0x62, 0x20, 0x62, 0x20, 0x62, 0x20, 0x62, 0x20, 0x62, 0x20, 0x62, 0x20, 0x62, 0x20, 0x62, 0x20, 0x62, 0x20,
    0x62, 0x20, 0x62, 0x20, 0x62, 0x20, 0x62, 0x20, 0x62, 0x20, 0x62, 0x20, 0x62, 0x20, 0x62, 0x20, 0x62, 0x20, 0x62,
    0x20, 0x62, 0x20, 0x62, 0x20, 0x62, 0x20, 0x62, 0x20, 0x62, 0x20, 0x62, 0x20, 0x62, 0x20, 0x62, 0x20, 0x62, 0x20,
    0x62, 0x20, 0x62, 0x20, 0x62, 0x20, 0x62, 0x20, 0x62, 0x20, 0x62, 0x20, 0x62, 0x20, 0x62, 0x20, 0x62, 0x20, 0x62,
    0x20, 0x62, 0x20, 0x62, 0x20, 0x62, 0x20, 0x62, 0x20, 0x62, 0x20, 0x62, 0x20, 0x62, 0x20, 0x62, 0x20, 0x62, 0x20,
    0x62, 0x20, 0x62, 0x20, 0x62, 0x20, 0x62, 0x20, 0x62, 0x20, 0x62, 0x20, 0x62, 0x20, 0x62, 0x20, 0x62, 0x20, 0x62,
    0x20, 0x62, 0x20, 0x62, 0x20, 0x62, 0x20, 0x62, 0x20, 0x62, 0x20, 0x62, 0x20, 0x62, 0x20, 0x62, 0x7C, 0x65, 0x7C,
    0x65, 0x7C, 0x65, 0x7D, 0x5D, 0x7D, 0x5D, 0x7D, 0x5D, 0x7D, 0x5D, 0x7D, 0x5D, 0x7D, 0x5D, 0x7D, 0x5D, 0x7D, 0x5D,
    0x7D, 0x5D, 0x7D, 0x5D, 0x7D, 0x5D, 0x7D, 0x5D, 0x7D, 0x5D, 0x7D, 0x5D, 0x7D, 0x5D, 0x7D, 0x5D, 0x7D, 0x5D, 0x7D,
    0x5D, 0x7D, 0x5D, 0x7D, 0x5D, 0x7D, 0x5D, 0x7D, 0x5D, 0x7D, 0x5D, 0x7D, 0x5D, 0x7D, 0x5D, 0x7D, 0x5D, 0x7D, 0x5D,
    0x7D, 0x5D, 0x7D, 0x5D, 0x7D, 0x5D, 0x7D, 0x5D, 0x7D, 0x5D, 0x7D, 0x5D, 0x7D, 0x5D, 0x7D, 0x5D, 0x7D, 0x5D, 0x7D,
    0x5D, 0x7D, 0x5D, 0x7D, 0x5D, 0x7D, 0x5D, 0x7D, 0x5D, 0x7D, 0x5D, 0x7D, 0x5D, 0x7D, 0x5D, 0x9A, 0x75, 0x9A, 0x75,
    0x9A, 0x75, 0x69, 0xFE, 0x69, 0xFE, 0x69, 0xFE, 0x69, 0xFE, 0x69, 0xFE, 0x69, 0xFE, 0x69, 0xFE, 0x69, 0xFE, 0x69,
    0xFE, 0x69, 0xFE, 0x69, 0xFE, 0x69, 0xFE, 0x69, 0xFE, 0x69, 0xFE, 0x69, 0xFE, 0x69, 0xFE, 0x69, 0xFE, 0x69, 0xFE,
    0x69, 0xFE, 0x69, 0xFE, 0x69, 0xFE, 0x69, 0xFE, 0x69, 0xFE, 0x69, 0xFE, 0x69, 0xFE, 0x69, 0xFE, 0x69, 0xFE, 0x69,
    0xFE, 0x69, 0xFE, 0x69, 0xFE, 0x69, 0xFE, 0x69, 0xFE, 0x69, 0xFE, 0x69, 0xFE, 0x69, 0xFE, 0x69, 0xFE, 0x69, 0xFE,
    0x69, 0xFE, 0x69, 0xFE, 0x69, 0xFE, 0x9A, 0x75, 0x9A, 0x75, 0x9A, 0x75, 0x7D, 0x5D, 0x7D, 0x5D, 0x7D, 0x5D, 0x7D,
    0x5D, 0x7D, 0x5D, 0x7D, 0x5D, 0x7D, 0x5D, 0x7D, 0x5D, 0x7D, 0x5D, 0x7D, 0x5D, 0x7D, 0x5D, 0x7D, 0x5D, 0x7D, 0x5D,
    0x7D, 0x5D, 0x7D, 0x5D, 0x7D, 0x5D, 0x7D, 0x5D, 0x7D, 0x5D, 0x7D, 0x5D, 0x7D, 0x5D, 0x7D, 0x5D, 0x7D, 0x5D, 0x7D,
    0x5D, 0x7D, 0x5D, 0x7D, 0x5D, 0x7D, 0x5D, 0x7D, 0x5D, 0x7D, 0x5D, 0x7D, 0x5D, 0x7D, 0x5D, 0x7D, 0x5D, 0x7D, 0x5D,
    0x7D, 0x5D, 0x7D, 0x5D, 0x7D, 0x5D, 0x7D, 0x5D, 0x7D, 0x5D, 0x7D, 0x5D, 0x7D, 0x5D, 0x7D, 0x5D, 0x7D, 0x5D, 0x7D,
    0x5D, 0x7D, 0x5D, 0x7D, 0x5D, 0x19, 0x5D, 0x19, 0x5D, 0x19, 0x5D, 0x20, 0x62, 0x20, 0x62, 0x20, 0x62, 0x20, 0x62,
    0x20, 0x62, 0x20, 0x62, 0x20, 0x62, 0x20, 0x62, 0x20, 0x62, 0x20, 0x62, 0x20, 0x62, 0x20, 0x62, 0x20, 0x62, 0x20,
    0x62, 0x20, 0x62, 0x20, 0x62, 0x20, 0x62, 0x20, 0x62, 0x20, 0x62, 0x20, 0x62, 0x20, 0x62, 0x20, 0x62, 0x20, 0x62,
    0x20, 0x62, 0x20, 0x62, 0x20, 0x62, 0x20, 0x62, 0x20, 0x62, 0x20, 0x62, 0x20, 0x62, 0x20, 0x62, 0x20, 0x62, 0x20,
    0x62, 0x20, 0x62, 0x20, 0x62, 0x20, 0x62, 0x20, 0x62, 0x20, 0x62, 0x20, 0x62, 0x20, 0x62, 0x20, 0x62, 0x20, 0x62,
    0x20, 0x62, 0x20, 0x62, 0x20, 0x62, 0x20, 0x62, 0x20, 0x62, 0x20, 0x62, 0x20, 0x62, 0x20, 0x62, 0x20, 0x62, 0x20,
    0x62, 0x20, 0x62, 0x20, 0x62, 0x20, 0x62, 0x20, 0x62, 0x20, 0x62, 0x20, 0x62, 0x20, 0x62, 0x20, 0x62, 0x20, 0x62,
    0x20, 0x62, 0x20, 0x62, 0x20, 0x62, 0x20, 0x62, 0x20, 0x62, 0x20, 0x62, 0x20, 0x62, 0x20, 0x62, 0x20, 0x62, 0x20,
    0x62, 0x20, 0x62, 0x20, 0x62, 0x20, 0x62, 0x20, 0x62, 0x20, 0x62, 0x20, 0x62, 0x20, 0x62, 0x20, 0x62, 0x20, 0x62,
    0x20, 0x62, 0x20, 0x62, 0x20, 0x62, 0x20, 0x62, 0x20, 0x62, 0x20, 0x62, 0x20, 0x62, 0x20, 0x62, 0x20, 0x62, 0x20,
    0x62, 0x20, 0x62, 0x20, 0x62, 0x20, 0x62, 0x20, 0x62, 0x20, 0x62, 0x20, 0x62, 0x20, 0x62, 0x20, 0x62, 0x20, 0x62,
    0x20, 0x62, 0x7C, 0x65, 0x7C, 0x65, 0x7C, 0x65, 0x7D, 0x5D, 0x7D, 0x5D, 0x7D, 0x5D, 0x7D, 0x5D, 0x7D, 0x5D, 0x7D,
    0x5D, 0x7D, 0x5D, 0x7D, 0x5D, 0x7D, 0x5D, 0x7D, 0x5D, 0x7D, 0x5D, 0x7D, 0x5D, 0x7D, 0x5D, 0x7D, 0x5D, 0x7D, 0x5D,
    0x7D, 0x5D, 0x7D, 0x5D, 0x7D, 0x5D, 0x7D, 0x5D, 0x7D, 0x5D, 0x7D, 0x5D, 0x7D, 0x5D, 0x7D, 0x5D, 0x7D, 0x5D, 0x7D,
    0x5D, 0x7D, 0x5D, 0x7D, 0x5D, 0x7D, 0x5D, 0x7D, 0x5D, 0x7D, 0x5D, 0x7D, 0x5D, 0x7D, 0x5D, 0x7D, 0x5D, 0x7D, 0x5D,
    0x7D, 0x5D, 0x7D, 0x5D, 0x7D, 0x5D, 0x7D, 0x5D, 0x7D, 0x5D, 0x7D, 0x5D, 0x7D, 0x5D, 0x7D, 0x5D, 0x7D, 0x5D, 0x7D,
    0x5D, 0x9A, 0x75, 0x9A, 0x75, 0x9A, 0x75, 0x69, 0xFE, 0x69, 0xFE, 0x69, 0xFE, 0x69, 0xFE, 0x69, 0xFE, 0x69, 0xFE,
    0x69, 0xFE, 0x69, 0xFE, 0x69, 0xFE, 0x69, 0xFE, 0x69, 0xFE, 0x69, 0xFE, 0x69, 0xFE, 0x69, 0xFE, 0x69, 0xFE, 0x69,
    0xFE, 0x69, 0xFE, 0x69, 0xFE, 0x69, 0xFE, 0x69, 0xFE, 0x89, 0x43, 0x89, 0x43, 0x89, 0x43, 0x69, 0xFE, 0x69, 0xFE,
    0x69, 0xFE, 0x69, 0xFE, 0x69, 0xFE, 0x69, 0xFE, 0x69, 0xFE, 0x69, 0xFE, 0x69, 0xFE, 0x69, 0xFE, 0x69, 0xFE, 0x69,
    0xFE, 0x69, 0xFE, 0x69, 0xFE, 0xD4, 0xA5, 0xD4, 0xA5, 0xD4, 0xA5, 0x7D, 0x5D, 0x7D, 0x5D, 0x7D, 0x5D, 0x7D, 0x5D,
    0x7D, 0x5D, 0x7D, 0x5D, 0x7D, 0x5D, 0x7D, 0x5D, 0x7D, 0x5D, 0x7D, 0x5D, 0x7D, 0x5D, 0x7D, 0x5D, 0x7D, 0x5D, 0x7D,
    0x5D, 0x7D, 0x5D, 0x7D, 0x5D, 0x7D, 0x5D, 0x7D, 0x5D, 0x7D, 0x5D, 0x7D, 0x5D, 0x7D, 0x5D, 0x7D, 0x5D, 0x7D, 0x5D,
    0x7D, 0x5D, 0x7D, 0x5D, 0x7D, 0x5D, 0x7D, 0x5D, 0x7D, 0x5D, 0x7D, 0x5D, 0x7D, 0x5D, 0x7D, 0x5D, 0x7D, 0x5D, 0x7D,
    0x5D, 0x7D, 0x5D, 0x7D, 0x5D, 0x7D, 0x5D, 0x7D, 0x5D, 0x7D, 0x5D, 0x7D, 0x5D, 0x7D, 0x5D, 0x7D, 0x5D, 0x7D, 0x5D,
    0x7D, 0x5D, 0x7D, 0x5D, 0x7D, 0x5D, 0x7D, 0x5D, 0x7D, 0x5D, 0x7D, 0x5D, 0x7D, 0x5D, 0x7D, 0x5D, 0x20, 0x62, 0x20,
    0x62, 0x20, 0x62, 0x20, 0x62, 0x20, 0x62, 0x20, 0x62, 0x20, 0x62, 0x20, 0x62, 0x20, 0x62, 0x20, 0x62, 0x20, 0x62,
    0x20, 0x62, 0x20, 0x62, 0x20, 0x62, 0x20, 0x62, 0x20, 0x62, 0x20, 0x62, 0x20, 0x62, 0x20, 0x62, 0x20, 0x62, 0x20,
    0x62, 0x20, 0x62, 0x20, 0x62, 0x20, 0x62, 0x20, 0x62, 0x20, 0x62, 0x20, 0x62, 0x20, 0x62, 0x20, 0x62, 0x20, 0x62,
    0x20, 0x62, 0x20, 0x62, 0x20, 0x62, 0x20, 0x62, 0x20, 0x62, 0x20, 0x62, 0x20, 0x62, 0x20, 0x62, 0x20, 0x62, 0x20,
    0x62, 0x20, 0x62, 0x20, 0x62, 0x20, 0x62, 0x20, 0x62, 0x20, 0x62, 0x20, 0x62, 0x20, 0x62, 0x20, 0x62, 0x20, 0x62,
    0x20, 0x62, 0x20, 0x62, 0x20, 0x62, 0x20, 0x62, 0x20, 0x62, 0x20, 0x62, 0x20, 0x62, 0x20, 0x62, 0x20, 0x62, 0x20,
    0x62, 0x20, 0x62, 0x20, 0x62, 0x20, 0x62, 0x20, 0x62, 0x20, 0x62, 0x20, 0x62, 0x20, 0x62, 0x20, 0x62, 0x20, 0x62,
    0x20, 0x62, 0x20, 0x62, 0x20, 0x62, 0x20, 0x62, 0x20, 0x62, 0x20, 0x62, 0x20, 0x62, 0x20, 0x62, 0x20, 0x62, 0x20,
    0x62, 0x20, 0x62, 0x20, 0x62, 0x20, 0x62, 0x20, 0x62, 0x20, 0x62, 0x20, 0x62, 0x20, 0x62, 0x20, 0x62, 0x20, 0x62,
    0x20, 0x62, 0x20, 0x62, 0x20, 0x62, 0x20, 0x62, 0x20, 0x62, 0x20, 0x62, 0x20, 0x62, 0x20, 0x62, 0x20, 0x62, 0x20,
    0x62, 0xA4, 0x62, 0xA4, 0x62, 0xA4, 0x62, 0x7D, 0x5D, 0x7D, 0x5D, 0x7D, 0x5D, 0x7D, 0x5D, 0x7D, 0x5D, 0x7D, 0x5D,
    0x7D, 0x5D, 0x7D, 0x5D, 0x7D, 0x5D, 0x7D, 0x5D, 0x7D, 0x5D, 0x7D, 0x5D, 0x7D, 0x5D, 0x7D, 0x5D, 0x7D, 0x5D, 0x7D,
    0x5D, 0x7D, 0x5D, 0x7D, 0x5D, 0x7D, 0x5D, 0x7D, 0x5D, 0x7D, 0x5D, 0x7D, 0x5D, 0x7D, 0x5D, 0x7D, 0x5D, 0x7D, 0x5D,
    0x7D, 0x5D, 0x7D, 0x5D, 0x7D, 0x5D, 0x7D, 0x5D, 0x7D, 0x5D, 0x7D, 0x5D, 0x7D, 0x5D, 0x7D, 0x5D, 0x7D, 0x5D, 0x7D,
    0x5D, 0x7D, 0x5D, 0x7D, 0x5D, 0x7D, 0x5D, 0x7D, 0x5D, 0x7D, 0x5D, 0x7D, 0x5D, 0x7D, 0x5D, 0x7D, 0x5D, 0x7D, 0x5D,
    0x7D, 0x5D, 0x7D, 0x5D, 0x7D, 0x5D, 0x7D, 0x5D, 0x7D, 0x5D, 0x7D, 0x5D, 0xF3, 0xAD, 0xF3, 0xAD, 0xF3, 0xAD, 0x69,
    0xFE, 0x69, 0xFE, 0x69, 0xFE, 0x69, 0xFE, 0x69, 0xFE, 0x69, 0xFE, 0x69, 0xFE, 0x69, 0xFE, 0x69, 0xFE, 0x69, 0xFE,
    0x69, 0xFE, 0x69, 0xFE, 0x69, 0xFE, 0x69, 0xFE, 0x89, 0x43, 0x89, 0x43, 0x89, 0x43, 0x89, 0x43, 0x89, 0x43, 0x89,
    0x43, 0x69, 0xFE, 0x69, 0xFE, 0x69, 0xFE, 0x69, 0xFE, 0x69, 0xFE, 0x69, 0xFE, 0x69, 0xFE, 0x69, 0xFE, 0x69, 0xFE,
    0x69, 0xFE, 0x69, 0xFE, 0x69, 0xFE, 0x69, 0xFE, 0x69, 0xFE, 0xD4, 0xA5, 0xD4, 0xA5, 0xD4, 0xA5, 0x7D, 0x5D, 0x7D,
    0x5D, 0x7D, 0x5D, 0x7D, 0x5D, 0x7D, 0x5D, 0x7D, 0x5D, 0x7D, 0x5D, 0x7D, 0x5D, 0x7D, 0x5D, 0x7D, 0x5D, 0x7D, 0x5D,
    0x7D, 0x5D, 0x7D, 0x5D, 0x7D, 0x5D, 0x7D, 0x5D, 0x7D, 0x5D, 0x7D, 0x5D, 0x7D, 0x5D, 0x7D, 0x5D, 0x7D, 0x5D, 0x7D,
    0x5D, 0x7D, 0x5D, 0x7D, 0x5D, 0x7D, 0x5D, 0x7D, 0x5D, 0x7D, 0x5D, 0x7D, 0x5D, 0x7D, 0x5D, 0x7D, 0x5D, 0x7D, 0x5D,
    0x7D, 0x5D, 0x7D, 0x5D, 0x7D, 0x5D, 0x7D, 0x5D, 0x7D, 0x5D, 0x7D, 0x5D, 0x7D, 0x5D, 0x7D, 0x5D, 0x7D, 0x5D, 0x7D,
    0x5D, 0x7D, 0x5D, 0x7D, 0x5D, 0x7D, 0x5D, 0x7D, 0x5D, 0x7D, 0x5D, 0x7D, 0x5D, 0x7D, 0x5D, 0x7D, 0x5D, 0x7D, 0x5D,
    0x7D, 0x5D, 0x20, 0x62, 0x20, 0x62, 0x20, 0x62, 0x20, 0x62, 0x20, 0x62, 0x20, 0x62, 0x20, 0x62, 0x20, 0x62, 0x20,
    0x62, 0x20, 0x62, 0x20, 0x62, 0x20, 0x62, 0x20, 0x62, 0x20, 0x62, 0x20, 0x62, 0x20, 0x62, 0x20, 0x62, 0x20, 0x62,
    0x20, 0x62, 0x20, 0x62, 0x20, 0x62, 0x20, 0x62, 0x20, 0x62, 0x20, 0x62, 0x20, 0x62, 0x20, 0x62, 0x20, 0x62, 0x20,
    0x62, 0x20, 0x62, 0x20, 0x62, 0x20, 0x62, 0x20, 0x62, 0x20, 0x62, 0x20, 0x62, 0x20, 0x62, 0x20, 0x62, 0x20, 0x62,
    0x20, 0x62, 0x20, 0x62, 0x20, 0x62, 0x20, 0x62, 0x20, 0x62, 0x20, 0x62, 0x20, 0x62, 0x20, 0x62, 0x20, 0x62, 0x20,
    0x62, 0x20, 0x62, 0x20, 0x62, 0x20, 0x62, 0x20, 0x62, 0x20, 0x62, 0x20, 0x62, 0x20, 0x62, 0x20, 0x62, 0x20, 0x62,
    0x20, 0x62, 0x20, 0x62, 0x20, 0x62, 0x20, 0x62, 0x20, 0x62, 0x20, 0x62, 0x20, 0x62, 0x20, 0x62, 0x20, 0x62, 0x20,
    0x62, 0x20, 0x62, 0x20, 0x62, 0x20, 0x62, 0x20, 0x62, 0x20, 0x62, 0x20, 0x62, 0x20, 0x62, 0x20, 0x62, 0x20, 0x62,
    0x20, 0x62, 0x20, 0x62, 0x20, 0x62, 0x20, 0x62, 0x20, 0x62, 0x20, 0x62, 0x20, 0x62, 0x20, 0x62, 0x20, 0x62, 0x20,
    0x62, 0x20, 0x62, 0x20, 0x62, 0x20, 0x62, 0x20, 0x62, 0x20, 0x62, 0x20, 0x62, 0x20, 0x62, 0x20, 0x62, 0x20, 0x62,
    0x20, 0x62, 0x20, 0x62, 0x20, 0x62, 0xA4, 0x62, 0xA4, 0x62, 0xA4, 0x62, 0x7D, 0x5D, 0x7D, 0x5D, 0x7D, 0x5D, 0x7D,
    0x5D, 0x7D, 0x5D, 0x7D, 0x5D, 0x7D, 0x5D, 0x7D, 0x5D, 0x7D, 0x5D, 0x7D, 0x5D, 0x7D, 0x5D, 0x7D, 0x5D, 0x7D, 0x5D,
    0x7D, 0x5D, 0x7D, 0x5D, 0x7D, 0x5D, 0x7D, 0x5D, 0x7D, 0x5D, 0x7D, 0x5D, 0x7D, 0x5D, 0x7D, 0x5D, 0x7D, 0x5D, 0x7D,
    0x5D, 0x7D, 0x5D, 0x7D, 0x5D, 0x7D, 0x5D, 0x7D, 0x5D, 0x7D, 0x5D, 0x7D, 0x5D, 0x7D, 0x5D, 0x7D, 0x5D, 0x7D, 0x5D,
    0x7D, 0x5D, 0x7D, 0x5D, 0x7D, 0x5D, 0x7D, 0x5D, 0x7D, 0x5D, 0x7D, 0x5D, 0x7D, 0x5D, 0x7D, 0x5D, 0x7D, 0x5D, 0x7D,
    0x5D, 0x7D, 0x5D, 0x7D, 0x5D, 0x7D, 0x5D, 0x7D, 0x5D, 0x7D, 0x5D, 0x7D, 0x5D, 0x7D, 0x5D, 0x7D, 0x5D, 0xF3, 0xAD,
    0xF3, 0xAD, 0xF3, 0xAD, 0x69, 0xFE, 0x69, 0xFE, 0x69, 0xFE, 0x69, 0xFE, 0x69, 0xFE, 0x69, 0xFE, 0x69, 0xFE, 0x69,
    0xFE, 0x69, 0xFE, 0x69, 0xFE, 0x69, 0xFE, 0x69, 0xFE, 0x69, 0xFE, 0x69, 0xFE, 0x89, 0x43, 0x89, 0x43, 0x89, 0x43,
    0x89, 0x43, 0x89, 0x43, 0x89, 0x43, 0x69, 0xFE, 0x69, 0xFE, 0x69, 0xFE, 0x69, 0xFE, 0x69, 0xFE, 0x69, 0xFE, 0x69,
    0xFE, 0x69, 0xFE, 0x69, 0xFE, 0x69, 0xFE, 0x69, 0xFE, 0x69, 0xFE, 0x69, 0xFE, 0x69, 0xFE, 0xD4, 0xA5, 0xD4, 0xA5,
    0xD4, 0xA5, 0x7D, 0x5D, 0x7D, 0x5D, 0x7D, 0x5D, 0x7D, 0x5D, 0x7D, 0x5D, 0x7D, 0x5D, 0x7D, 0x5D, 0x7D, 0x5D, 0x7D,
    0x5D, 0x7D, 0x5D, 0x7D, 0x5D, 0x7D, 0x5D, 0x7D, 0x5D, 0x7D, 0x5D, 0x7D, 0x5D, 0x7D, 0x5D, 0x7D, 0x5D, 0x7D, 0x5D,
    0x7D, 0x5D, 0x7D, 0x5D, 0x7D, 0x5D, 0x7D, 0x5D, 0x7D, 0x5D, 0x7D, 0x5D, 0x7D, 0x5D, 0x7D, 0x5D, 0x7D, 0x5D, 0x7D,
    0x5D, 0x7D, 0x5D, 0x7D, 0x5D, 0x7D, 0x5D, 0x7D, 0x5D, 0x7D, 0x5D, 0x7D, 0x5D, 0x7D, 0x5D, 0x7D, 0x5D, 0x7D, 0x5D,
    0x7D, 0x5D, 0x7D, 0x5D, 0x7D, 0x5D, 0x7D, 0x5D, 0x7D, 0x5D, 0x7D, 0x5D, 0x7D, 0x5D, 0x7D, 0x5D, 0x7D, 0x5D, 0x7D,
    0x5D, 0x7D, 0x5D, 0x7D, 0x5D, 0x7D, 0x5D, 0x20, 0x62, 0x20, 0x62, 0x20, 0x62, 0x20, 0x62, 0x20, 0x62, 0x20, 0x62,
    0x20, 0x62, 0x20, 0x62, 0x20, 0x62, 0x20, 0x62, 0x20, 0x62, 0x20, 0x62, 0x20, 0x62, 0x20, 0x62, 0x20, 0x62, 0x20,
    0x62, 0x20, 0x62, 0x20, 0x62, 0x20, 0x62, 0x20, 0x62, 0x20, 0x62, 0x20, 0x62, 0x20, 0x62, 0x20, 0x62, 0x20, 0x62,
    0x20, 0x62, 0x20, 0x62, 0x20, 0x62, 0x20, 0x62, 0x20, 0x62, 0x20, 0x62, 0x20, 0x62, 0x20, 0x62, 0x20, 0x62, 0x20,
    0x62, 0x20, 0x62, 0x20, 0x62, 0x20, 0x62, 0x20, 0x62, 0x20, 0x62, 0x20, 0x62, 0x20, 0x62, 0x20, 0x62, 0x20, 0x62,
    0x20, 0x62, 0x20, 0x62, 0x20, 0x62, 0x20, 0x62, 0x20, 0x62, 0x20, 0x62, 0x20, 0x62, 0x20, 0x62, 0x20, 0x62, 0x20,
    0x62, 0x20, 0x62, 0x20, 0x62, 0x20, 0x62, 0x20, 0x62, 0x20, 0x62, 0x20, 0x62, 0x20, 0x62, 0x20, 0x62, 0x20, 0x62,
    0x20, 0x62, 0x20, 0x62, 0x20, 0x62, 0x20, 0x62, 0x20, 0x62, 0x20, 0x62, 0x20, 0x62, 0x20, 0x62, 0x20, 0x62, 0x20,
    0x62, 0x20, 0x62, 0x20, 0x62, 0x20, 0x62, 0x20, 0x62, 0x20, 0x62, 0x20, 0x62, 0x20, 0x62, 0x20, 0x62, 0x20, 0x62,
    0x20, 0x62, 0x20, 0x62, 0x20, 0x62, 0x20, 0x62, 0x20, 0x62, 0x20, 0x62, 0x20, 0x62, 0x20, 0x62, 0x20, 0x62, 0x20,
    0x62, 0x20, 0x62, 0x20, 0x62, 0x20, 0x62, 0x20, 0x62, 0x20, 0x62, 0xA4, 0x62, 0xA4, 0x62, 0xA4, 0x62, 0x7D, 0x5D,
    0x7D, 0x5D, 0x7D, 0x5D, 0x7D, 0x5D, 0x7D, 0x5D, 0x7D, 0x5D, 0x7D, 0x5D, 0x7D, 0x5D, 0x7D, 0x5D, 0x7D, 0x5D, 0x7D,
    0x5D, 0x7D, 0x5D, 0x7D, 0x5D, 0x7D, 0x5D, 0x7D, 0x5D, 0x7D, 0x5D, 0x7D, 0x5D, 0x7D, 0x5D, 0x7D, 0x5D, 0x7D, 0x5D,
    0x7D, 0x5D, 0x7D, 0x5D, 0x7D, 0x5D, 0x7D, 0x5D, 0x7D, 0x5D, 0x7D, 0x5D, 0x7D, 0x5D, 0x7D, 0x5D, 0x7D, 0x5D, 0x7D,
    0x5D, 0x7D, 0x5D, 0x7D, 0x5D, 0x7D, 0x5D, 0x7D, 0x5D, 0x7D, 0x5D, 0x7D, 0x5D, 0x7D, 0x5D, 0x7D, 0x5D, 0x7D, 0x5D,
    0x7D, 0x5D, 0x7D, 0x5D, 0x7D, 0x5D, 0x7D, 0x5D, 0x7D, 0x5D, 0x7D, 0x5D, 0x7D, 0x5D, 0x7D, 0x5D, 0x7D, 0x5D, 0x7D,
    0x5D, 0x7D, 0x5D, 0xF3, 0xAD, 0xF3, 0xAD, 0xF3, 0xAD, 0x69, 0xFE, 0x69, 0xFE, 0x69, 0xFE, 0x69, 0xFE, 0x69, 0xFE,
    0x69, 0xFE, 0x69, 0xFE, 0x69, 0xFE, 0x69, 0xFE, 0x69, 0xFE, 0x69, 0xFE, 0x69, 0xFE, 0x69, 0xFE, 0x69, 0xFE, 0x89,
    0x43, 0x89, 0x43, 0x89, 0x43, 0x89, 0x43, 0x89, 0x43, 0x89, 0x43, 0x69, 0xFE, 0x69, 0xFE, 0x69, 0xFE, 0x69, 0xFE,
    0x69, 0xFE, 0x69, 0xFE, 0x69, 0xFE, 0x69, 0xFE, 0x69, 0xFE, 0x69, 0xFE, 0x2E, 0xDE, 0x2E, 0xDE, 0x2E, 0xDE, 0x2E,
    0xDE, 0x7D, 0x5D, 0x7D, 0x5D, 0x7D, 0x5D, 0x7D, 0x5D, 0x7D, 0x5D, 0x7D, 0x5D, 0x7D, 0x5D, 0x7D, 0x5D, 0x7D, 0x5D,
    0x7D, 0x5D, 0x7D, 0x5D, 0x7D, 0x5D, 0x7D, 0x5D, 0x7D, 0x5D, 0x7D, 0x5D, 0x7D, 0x5D, 0x7D, 0x5D, 0x7D, 0x5D, 0x7D,
    0x5D, 0x7D, 0x5D, 0x7D, 0x5D, 0x7D, 0x5D, 0x7D, 0x5D, 0x7D, 0x5D, 0x7D, 0x5D, 0x7D, 0x5D, 0x7D, 0x5D, 0x7D, 0x5D,
    0x7D, 0x5D, 0x7D, 0x5D, 0x7D, 0x5D, 0x7D, 0x5D, 0x7D, 0x5D, 0x7D, 0x5D, 0x7D, 0x5D, 0x7D, 0x5D, 0x7D, 0x5D, 0x7D,
    0x5D, 0x7D, 0x5D, 0x7D, 0x5D, 0x7D, 0x5D, 0x7D, 0x5D, 0x7D, 0x5D, 0x7D, 0x5D, 0x7D, 0x5D, 0x7D, 0x5D, 0x7D, 0x5D,
    0x7D, 0x5D, 0x7D, 0x5D, 0x7D, 0x5D, 0x7D, 0x5D, 0x7D, 0x5D, 0x7D, 0x5D, 0x4D, 0x84, 0x4D, 0x84, 0x4D, 0x84, 0x46,
    0x83, 0x46, 0x83, 0x46, 0x83, 0x46, 0x83, 0x20, 0x62, 0x20, 0x62, 0x20, 0x62, 0x20, 0x62, 0x20, 0x62, 0x20, 0x62,
    0x20, 0x62, 0x20, 0x62, 0x20, 0x62, 0x20, 0x62, 0x20, 0x62, 0x20, 0x62, 0x20, 0x62, 0x20, 0x62, 0x20, 0x62, 0x20,
    0x62, 0x20, 0x62, 0x20, 0x62, 0x20, 0x62, 0x20, 0x62, 0x20, 0x62, 0x20, 0x62, 0x20, 0x62, 0x20, 0x62, 0x20, 0x62,
    0x20, 0x62, 0x20, 0x62, 0x20, 0x62, 0x20, 0x62, 0x20, 0x62, 0x20, 0x62, 0x20, 0x62, 0x20, 0x62, 0x20, 0x62, 0x20,
    0x62, 0x20, 0x62, 0x20, 0x62, 0x20, 0x62, 0x20, 0x62, 0x20, 0x62, 0x20, 0x62, 0x20, 0x62, 0x20, 0x62, 0x20, 0x62,
    0x20, 0x62, 0x20, 0x62, 0x20, 0x62, 0x20, 0x62, 0x20, 0x62, 0x20, 0x62, 0x20, 0x62, 0x20, 0x62, 0x20, 0x62, 0x20,
    0x62, 0x20, 0x62, 0x20, 0x62, 0x20, 0x62, 0x20, 0x62, 0x20, 0x62, 0x20, 0x62, 0x20, 0x62, 0x20, 0x62, 0x20, 0x62,
    0x20, 0x62, 0x20, 0x62, 0x20, 0x62, 0x20, 0x62, 0x20, 0x62, 0x20, 0x62, 0x20, 0x62, 0x20, 0x62, 0x20, 0x62, 0x20,
    0x62, 0x20, 0x62, 0x20, 0x62, 0x20, 0x62, 0x20, 0x62, 0x20, 0x62, 0x20, 0x62, 0x20, 0x62, 0x20, 0x62, 0x20, 0x62,
    0x20, 0x62, 0x20, 0x62, 0x20, 0x62, 0x20, 0x62, 0xA1, 0x7A, 0xA1, 0x7A, 0xA1, 0x7A, 0xA1, 0x7A, 0x4D, 0x84, 0x4D,
    0x84, 0x4D, 0x84, 0x7D, 0x5D, 0x7D, 0x5D, 0x7D, 0x5D, 0x7D, 0x5D, 0x7D, 0x5D, 0x7D, 0x5D, 0x7D, 0x5D, 0x7D, 0x5D,
    0x7D, 0x5D, 0x7D, 0x5D, 0x7D, 0x5D, 0x7D, 0x5D, 0x7D, 0x5D, 0x7D, 0x5D, 0x7D, 0x5D, 0x7D, 0x5D, 0x7D, 0x5D, 0x7D,
    0x5D, 0x7D, 0x5D, 0x7D, 0x5D, 0x7D, 0x5D, 0x7D, 0x5D, 0x7D, 0x5D, 0x7D, 0x5D, 0x7D, 0x5D, 0x7D, 0x5D, 0x7D, 0x5D,
    0x7D, 0x5D, 0x7D, 0x5D, 0x7D, 0x5D, 0x7D, 0x5D, 0x7D, 0x5D, 0x7D, 0x5D, 0x7D, 0x5D, 0x7D, 0x5D, 0x7D, 0x5D, 0x7D,
    0x5D, 0x7D, 0x5D, 0x7D, 0x5D, 0x7D, 0x5D, 0x7D, 0x5D, 0x7D, 0x5D, 0x7D, 0x5D, 0x7D, 0x5D, 0x7D, 0x5D, 0x7D, 0x5D,
    0x7D, 0x5D, 0x7D, 0x5D, 0x7D, 0x5D, 0x7D, 0x5D, 0x7D, 0x5D, 0x7D, 0x5D, 0x7D, 0x5D, 0x2E, 0xDE, 0x2E, 0xDE, 0x2E,
    0xDE, 0x2E, 0xDE, 0x69, 0xFE, 0x69, 0xFE, 0x69, 0xFE, 0x69, 0xFE, 0x69, 0xFE, 0x69, 0xFE, 0x69, 0xFE, 0x69, 0xFE,
    0x69, 0xFE, 0x69, 0xFE, 0x89, 0x43, 0x89, 0x43, 0x89, 0x43, 0x89, 0x43, 0x89, 0x43, 0x89, 0x43, 0x69, 0xFE, 0x69,
    0xFE, 0x69, 0xFE, 0x69, 0xFE, 0x69, 0xFE, 0x69, 0xFE, 0x69, 0xFE, 0x69, 0xFE, 0x69, 0xFE, 0x69, 0xFE, 0x2E, 0xDE,
    0x2E, 0xDE, 0x2E, 0xDE, 0x2E, 0xDE, 0x7D, 0x5D, 0x7D, 0x5D, 0x7D, 0x5D, 0x7D, 0x5D, 0x7D, 0x5D, 0x7D, 0x5D, 0x7D,
    0x5D, 0x7D, 0x5D, 0x7D, 0x5D, 0x7D, 0x5D, 0x7D, 0x5D, 0x7D, 0x5D, 0x7D, 0x5D, 0x7D, 0x5D, 0x7D, 0x5D, 0x7D, 0x5D,
    0x7D, 0x5D, 0x7D, 0x5D, 0x7D, 0x5D, 0x7D, 0x5D, 0x7D, 0x5D, 0x7D, 0x5D, 0x7D, 0x5D, 0x7D, 0x5D, 0x7D, 0x5D, 0x7D,
    0x5D, 0x7D, 0x5D, 0x7D, 0x5D, 0x7D, 0x5D, 0x7D, 0x5D, 0x7D, 0x5D, 0x7D, 0x5D, 0x7D, 0x5D, 0x7D, 0x5D, 0x7D, 0x5D,
    0x7D, 0x5D, 0x7D, 0x5D, 0x7D, 0x5D, 0x7D, 0x5D, 0x7D, 0x5D, 0x7D, 0x5D, 0x7D, 0x5D, 0x7D, 0x5D, 0x7D, 0x5D, 0x7D,
    0x5D, 0x7D, 0x5D, 0x7D, 0x5D, 0x7D, 0x5D, 0x7D, 0x5D, 0x7D, 0x5D, 0x7D, 0x5D, 0x7D, 0x5D, 0x7D, 0x5D, 0x4D, 0x84,
    0x4D, 0x84, 0x4D, 0x84, 0x46, 0x83, 0x46, 0x83, 0x46, 0x83, 0x46, 0x83, 0x20, 0x62, 0x20, 0x62, 0x20, 0x62, 0x20,
    0x62, 0x20, 0x62, 0x20, 0x62, 0x20, 0x62, 0x20, 0x62, 0x20, 0x62, 0x20, 0x62, 0x20, 0x62, 0x20, 0x62, 0x20, 0x62,
    0x20, 0x62, 0x20, 0x62, 0x20, 0x62, 0x20, 0x62, 0x20, 0x62, 0x20, 0x62, 0x20, 0x62, 0x20, 0x62, 0x20, 0x62, 0x20,
    0x62, 0x20, 0x62, 0x20, 0x62, 0x20, 0x62, 0x20, 0x62, 0x20, 0x62, 0x20, 0x62, 0x20, 0x62, 0x20, 0x62, 0x20, 0x62,
    0x20, 0x62, 0x20, 0x62, 0x20, 0x62, 0x20, 0x62, 0x20, 0x62, 0x20, 0x62, 0x20, 0x62, 0x20, 0x62, 0x20, 0x62, 0x20,
    0x62, 0x20, 0x62, 0x20, 0x62, 0x20, 0x62, 0x20, 0x62, 0x20, 0x62, 0x20, 0x62, 0x20, 0x62, 0x20, 0x62, 0x20, 0x62,
    0x20, 0x62, 0x20, 0x62, 0x20, 0x62, 0x20, 0x62, 0x20, 0x62, 0x20, 0x62, 0x20, 0x62, 0x20, 0x62, 0x20, 0x62, 0x20,
    0x62, 0x20, 0x62, 0x20, 0x62, 0x20, 0x62, 0x20, 0x62, 0x20, 0x62, 0x20, 0x62, 0x20, 0x62, 0x20, 0x62, 0x20, 0x62,
    0x20, 0x62, 0x20, 0x62, 0x20, 0x62, 0x20, 0x62, 0x20, 0x62, 0x20, 0x62, 0x20, 0x62, 0x20, 0x62, 0x20, 0x62, 0x20,
    0x62, 0x20, 0x62, 0x20, 0x62, 0x20, 0x62, 0x20, 0x62, 0x20, 0x62, 0x20, 0x62, 0xA1, 0x7A, 0xA1, 0x7A, 0xA1, 0x7A,
    0xA1, 0x7A, 0x4D, 0x84, 0x4D, 0x84, 0x4D, 0x84, 0x7D, 0x5D, 0x7D, 0x5D, 0x7D, 0x5D, 0x7D, 0x5D, 0x7D, 0x5D, 0x7D,
    0x5D, 0x7D, 0x5D, 0x7D, 0x5D, 0x7D, 0x5D, 0x7D, 0x5D, 0x7D, 0x5D, 0x7D, 0x5D, 0x7D, 0x5D, 0x7D, 0x5D, 0x7D, 0x5D,
    0x7D, 0x5D, 0x7D, 0x5D, 0x7D, 0x5D, 0x7D, 0x5D, 0x7D, 0x5D, 0x7D, 0x5D, 0x7D, 0x5D, 0x7D, 0x5D, 0x7D, 0x5D, 0x7D,
    0x5D, 0x7D, 0x5D, 0x7D, 0x5D, 0x7D, 0x5D, 0x7D, 0x5D, 0x7D, 0x5D, 0x7D, 0x5D, 0x7D, 0x5D, 0x7D, 0x5D, 0x7D, 0x5D,
    0x7D, 0x5D, 0x7D, 0x5D, 0x7D, 0x5D, 0x7D, 0x5D, 0x7D, 0x5D, 0x7D, 0x5D, 0x7D, 0x5D, 0x7D, 0x5D, 0x7D, 0x5D, 0x7D,
    0x5D, 0x7D, 0x5D, 0x7D, 0x5D, 0x7D, 0x5D, 0x7D, 0x5D, 0x7D, 0x5D, 0x7D, 0x5D, 0x7D, 0x5D, 0x7D, 0x5D, 0x7D, 0x5D,
    0x2E, 0xDE, 0x2E, 0xDE, 0x2E, 0xDE, 0x2E, 0xDE, 0x69, 0xFE, 0x69, 0xFE, 0x69, 0xFE, 0x69, 0xFE, 0x69, 0xFE, 0x69,
    0xFE, 0x69, 0xFE, 0x69, 0xFE, 0x69, 0xFE, 0x69, 0xFE, 0x89, 0x43, 0x89, 0x43, 0x89, 0x43, 0x89, 0x43, 0x89, 0x43,
    0x89, 0x43, 0x69, 0xFE, 0x69, 0xFE, 0x69, 0xFE, 0x69, 0xFE, 0x69, 0xFE, 0x69, 0xFE, 0x69, 0xFE, 0x69, 0xFE, 0x69,
    0xFE, 0x69, 0xFE, 0x2E, 0xDE, 0x2E, 0xDE, 0x2E, 0xDE, 0x2E, 0xDE, 0x7D, 0x5D, 0x7D, 0x5D, 0x7D, 0x5D, 0x7D, 0x5D,
    0x7D, 0x5D, 0x7D, 0x5D, 0x7D, 0x5D, 0x7D, 0x5D, 0x7D, 0x5D, 0x7D, 0x5D, 0x7D, 0x5D, 0x7D, 0x5D, 0x7D, 0x5D, 0x7D,
    0x5D, 0x7D, 0x5D, 0x7D, 0x5D, 0x7D, 0x5D, 0x7D, 0x5D, 0x7D, 0x5D, 0x7D, 0x5D, 0x7D, 0x5D, 0x7D, 0x5D, 0x7D, 0x5D,
    0x7D, 0x5D, 0x7D, 0x5D, 0x7D, 0x5D, 0x7D, 0x5D, 0x7D, 0x5D, 0x7D, 0x5D, 0x7D, 0x5D, 0x7D, 0x5D, 0x7D, 0x5D, 0x7D,
    0x5D, 0x7D, 0x5D, 0x7D, 0x5D, 0x7D, 0x5D, 0x7D, 0x5D, 0x7D, 0x5D, 0x7D, 0x5D, 0x7D, 0x5D, 0x7D, 0x5D, 0x7D, 0x5D,
    0x7D, 0x5D, 0x7D, 0x5D, 0x7D, 0x5D, 0x7D, 0x5D, 0x7D, 0x5D, 0x7D, 0x5D, 0x7D, 0x5D, 0x7D, 0x5D, 0x7D, 0x5D, 0x7D,
    0x5D, 0x7D, 0x5D, 0x4D, 0x84, 0x4D, 0x84, 0x4D, 0x84, 0x46, 0x83, 0x46, 0x83, 0x46, 0x83, 0x46, 0x83, 0x20, 0x62,
    0x20, 0x62, 0x20, 0x62, 0x20, 0x62, 0x20, 0x62, 0x20, 0x62, 0x20, 0x62, 0x20, 0x62, 0x20, 0x62, 0x20, 0x62, 0x20,
    0x62, 0x20, 0x62, 0x20, 0x62, 0x20, 0x62, 0x20, 0x62, 0x20, 0x62, 0x20, 0x62, 0x20, 0x62, 0x20, 0x62, 0x20, 0x62,
    0x20, 0x62, 0x20, 0x62, 0x20, 0x62, 0x20, 0x62, 0x20, 0x62, 0x20, 0x62, 0x20, 0x62, 0x20, 0x62, 0x20, 0x62, 0x20,
    0x62, 0x20, 0x62, 0x20, 0x62, 0x20, 0x62, 0x20, 0x62, 0x20, 0x62, 0x20, 0x62, 0x20, 0x62, 0x20, 0x62, 0x20, 0x62,
    0x20, 0x62, 0x20, 0x62, 0x20, 0x62, 0x20, 0x62, 0x20, 0x62, 0x20, 0x62, 0x20, 0x62, 0x20, 0x62, 0x20, 0x62, 0x20,
    0x62, 0x20, 0x62, 0x20, 0x62, 0x20, 0x62, 0x20, 0x62, 0x20, 0x62, 0x20, 0x62, 0x20, 0x62, 0x20, 0x62, 0x20, 0x62,
    0x20, 0x62, 0x20, 0x62, 0x20, 0x62, 0x20, 0x62, 0x20, 0x62, 0x20, 0x62, 0x20, 0x62, 0x20, 0x62, 0x20, 0x62, 0x20,
    0x62, 0x20, 0x62, 0x20, 0x62, 0x20, 0x62, 0x20, 0x62, 0x20, 0x62, 0x20, 0x62, 0x20, 0x62, 0x20, 0x62, 0x20, 0x62,
    0x20, 0x62, 0x20, 0x62, 0x20, 0x62, 0x20, 0x62, 0x20, 0x62, 0x20, 0x62, 0x20, 0x62, 0x20, 0x62, 0x20, 0x62, 0xA1,
    0x7A, 0xA1, 0x7A, 0xA1, 0x7A, 0xA1, 0x7A, 0x4D, 0x84, 0x4D, 0x84, 0x4D, 0x84, 0x7D, 0x5D, 0x7D, 0x5D, 0x7D, 0x5D,
    0x7D, 0x5D, 0x7D, 0x5D, 0x7D, 0x5D, 0x7D, 0x5D, 0x7D, 0x5D, 0x7D, 0x5D, 0x7D, 0x5D, 0x7D, 0x5D, 0x7D, 0x5D, 0x7D,
    0x5D, 0x7D, 0x5D, 0x7D, 0x5D, 0x7D, 0x5D, 0x7D, 0x5D, 0x7D, 0x5D, 0x7D, 0x5D, 0x7D, 0x5D, 0x7D, 0x5D, 0x7D, 0x5D,
    0x7D, 0x5D, 0x7D, 0x5D, 0x7D, 0x5D, 0x7D, 0x5D, 0x7D, 0x5D, 0x7D, 0x5D, 0x7D, 0x5D, 0x7D, 0x5D, 0x7D, 0x5D, 0x7D,
    0x5D, 0x7D, 0x5D, 0x7D, 0x5D, 0x7D, 0x5D, 0x7D, 0x5D, 0x7D, 0x5D, 0x7D, 0x5D, 0x7D, 0x5D, 0x7D, 0x5D, 0x7D, 0x5D,
    0x7D, 0x5D, 0x7D, 0x5D, 0x7D, 0x5D, 0x7D, 0x5D, 0x7D, 0x5D, 0x7D, 0x5D, 0x7D, 0x5D, 0x7D, 0x5D, 0x7D, 0x5D, 0x7D,
    0x5D, 0x7D, 0x5D, 0x7D, 0x5D, 0x2E, 0xDE, 0x2E, 0xDE, 0x2E, 0xDE, 0x2E, 0xDE, 0x69, 0xFE, 0x69, 0xFE, 0x69, 0xFE,
    0x69, 0xFE, 0x69, 0xFE, 0x69, 0xFE, 0x69, 0xFE, 0x69, 0xFE, 0x69, 0xFE, 0x69, 0xFE, 0x89, 0x43, 0x89, 0x43, 0x89,
    0x43, 0x89, 0x43, 0x89, 0x43, 0x89, 0x43, 0x69, 0xFE, 0x69, 0xFE, 0x69, 0xFE, 0x69, 0xFE, 0x69, 0xFE, 0x69, 0xFE,
    0x69, 0xFE, 0x69, 0xFE, 0x69, 0xFE, 0x69, 0xFE, 0x2E, 0xDE, 0x2E, 0xDE, 0x2E, 0xDE, 0x2E, 0xDE, 0x7D, 0x5D, 0x7D,
    0x5D, 0x7D, 0x5D, 0x7D, 0x5D, 0x7D, 0x5D, 0x7D, 0x5D, 0x7D, 0x5D, 0x7D, 0x5D, 0x7D, 0x5D, 0x7D, 0x5D, 0x7D, 0x5D,
    0x7D, 0x5D, 0x7D, 0x5D, 0x7D, 0x5D, 0x7D, 0x5D, 0x7D, 0x5D, 0x7D, 0x5D, 0x7D, 0x5D, 0x7D, 0x5D, 0x7D, 0x5D, 0x7D,
    0x5D, 0x7D, 0x5D, 0x7D, 0x5D, 0x7D, 0x5D, 0x7D, 0x5D, 0x7D, 0x5D, 0x7D, 0x5D, 0x7D, 0x5D, 0x7D, 0x5D, 0x7D, 0x5D,
    0x7D, 0x5D, 0x7D, 0x5D, 0x7D, 0x5D, 0x7D, 0x5D, 0x7D, 0x5D, 0x7D, 0x5D, 0x7D, 0x5D, 0x7D, 0x5D, 0x7D, 0x5D, 0x7D,
    0x5D, 0x7D, 0x5D, 0x7D, 0x5D, 0x7D, 0x5D, 0x7D, 0x5D, 0x7D, 0x5D, 0x7D, 0x5D, 0x7D, 0x5D, 0x7D, 0x5D, 0x7D, 0x5D,
    0x7D, 0x5D, 0x7D, 0x5D, 0x7D, 0x5D, 0x7D, 0x5D, 0x4D, 0x84, 0x4D, 0x84, 0x4D, 0x84, 0x46, 0x83, 0x46, 0x83, 0x46,
    0x83, 0x46, 0x83, 0x20, 0x62, 0x20, 0x62, 0x20, 0x62, 0x20, 0x62, 0x20, 0x62, 0x20, 0x62, 0x20, 0x62, 0x20, 0x62,
    0x20, 0x62, 0x20, 0x62, 0x20, 0x62, 0x20, 0x62, 0x20, 0x62, 0x20, 0x62, 0x20, 0x62, 0x20, 0x62, 0x20, 0x62, 0x20,
    0x62, 0x20, 0x62, 0x20, 0x62, 0x20, 0x62, 0x20, 0x62, 0x20, 0x62, 0x20, 0x62, 0x20, 0x62, 0x20, 0x62, 0x20, 0x62,
    0x20, 0x62, 0x20, 0x62, 0x20, 0x62, 0x20, 0x62, 0x20, 0x62, 0x20, 0x62, 0x20, 0x62, 0x20, 0x62, 0x20, 0x62, 0x20,
    0x62, 0x20, 0x62, 0x20, 0x62, 0x20, 0x62, 0x20, 0x62, 0x20, 0x62, 0x20, 0x62, 0x20, 0x62, 0x20, 0x62, 0x20, 0x62,
    0x20, 0x62, 0x20, 0x62, 0x20, 0x62, 0x20, 0x62, 0x20, 0x62, 0x20, 0x62, 0x20, 0x62, 0x20, 0x62, 0x20, 0x62, 0x20,
    0x62, 0x20, 0x62, 0x20, 0x62, 0x20, 0x62, 0x20, 0x62, 0x20, 0x62, 0x20, 0x62, 0x20, 0x62, 0x20, 0x62, 0x20, 0x62,
    0x20, 0x62, 0x20, 0x62, 0x20, 0x62, 0x20, 0x62, 0x20, 0x62, 0x20, 0x62, 0x20, 0x62, 0x20, 0x62, 0x20, 0x62, 0x20,
    0x62, 0x20, 0x62, 0x20, 0x62, 0x20, 0x62, 0x20, 0x62, 0x20, 0x62, 0x20, 0x62, 0x20, 0x62, 0x20, 0x62, 0x20, 0x62,
    0x20, 0x62, 0x20, 0x62, 0xA1, 0x7A, 0xA1, 0x7A, 0xA1, 0x7A, 0xA1, 0x7A, 0x4D, 0x84, 0x4D, 0x84, 0x4D, 0x84, 0x7D,
    0x5D, 0x7D, 0x5D, 0x7D, 0x5D, 0x7D, 0x5D, 0x7D, 0x5D, 0x7D, 0x5D, 0x7D, 0x5D, 0x7D, 0x5D, 0x7D, 0x5D, 0x7D, 0x5D,
    0x7D, 0x5D, 0x7D, 0x5D, 0x7D, 0x5D, 0x7D, 0x5D, 0x7D, 0x5D, 0x7D, 0x5D, 0x7D, 0x5D, 0x7D, 0x5D, 0x7D, 0x5D, 0x7D,
    0x5D, 0x7D, 0x5D, 0x7D, 0x5D, 0x7D, 0x5D, 0x7D, 0x5D, 0x7D, 0x5D, 0x7D, 0x5D, 0x7D, 0x5D, 0x7D, 0x5D, 0x7D, 0x5D,
    0x7D, 0x5D, 0x7D, 0x5D, 0x7D, 0x5D, 0x7D, 0x5D, 0x7D, 0x5D, 0x7D, 0x5D, 0x7D, 0x5D, 0x7D, 0x5D, 0x7D, 0x5D, 0x7D,
    0x5D, 0x7D, 0x5D, 0x7D, 0x5D, 0x7D, 0x5D, 0x7D, 0x5D, 0x7D, 0x5D, 0x7D, 0x5D, 0x7D, 0x5D, 0x7D, 0x5D, 0x7D, 0x5D,
    0x7D, 0x5D, 0x7D, 0x5D, 0x7D, 0x5D, 0x7D, 0x5D, 0x7D, 0x5D, 0x2E, 0xDE, 0x2E, 0xDE, 0x2E, 0xDE, 0x2E, 0xDE, 0x69,
    0xFE, 0x69, 0xFE, 0x69, 0xFE, 0x69, 0xFE, 0x69, 0xFE, 0x69, 0xFE, 0x69, 0xFE, 0x69, 0xFE, 0x69, 0xFE, 0x69, 0xFE,
    0x89, 0x43, 0x89, 0x43, 0x89, 0x43, 0x89, 0x43, 0x89, 0x43, 0x89, 0x43, 0x69, 0xFE, 0x69, 0xFE, 0x69, 0xFE, 0x69,
    0xFE, 0x69, 0xFE, 0x69, 0xFE, 0x69, 0xFE, 0x4B, 0xF6, 0x4B, 0xF6, 0x4B, 0xF6, 0x9A, 0x75, 0x9A, 0x75, 0x9A, 0x75,
    0x9A, 0x75, 0x7D, 0x5D, 0x7D, 0x5D, 0x7D, 0x5D, 0x7D, 0x5D, 0x7D, 0x5D, 0x7D, 0x5D, 0x7D, 0x5D, 0x7D, 0x5D, 0x7D,
    0x5D, 0x7D, 0x5D, 0x7D, 0x5D, 0x7D, 0x5D, 0x7D, 0x5D, 0x7D, 0x5D, 0x7D, 0x5D, 0x7D, 0x5D, 0x7D, 0x5D, 0x7D, 0x5D,
    0x7D, 0x5D, 0x7D, 0x5D, 0x7D, 0x5D, 0x7D, 0x5D, 0x7D, 0x5D, 0x7D, 0x5D, 0x7D, 0x5D, 0x7D, 0x5D, 0x7D, 0x5D, 0x7D,
    0x5D, 0x7D, 0x5D, 0x7D, 0x5D, 0x7D, 0x5D, 0x7D, 0x5D, 0x7D, 0x5D, 0x7D, 0x5D, 0x7D, 0x5D, 0x7D, 0x5D, 0x7D, 0x5D,
    0x7D, 0x5D, 0x7D, 0x5D, 0x7D, 0x5D, 0x7D, 0x5D, 0x7D, 0x5D, 0x7D, 0x5D, 0x7D, 0x5D, 0x7D, 0x5D, 0x7D, 0x5D, 0x7D,
    0x5D, 0x7D, 0x5D, 0x7D, 0x5D, 0x7D, 0x5D, 0x7D, 0x5D, 0x7D, 0x5D, 0x7D, 0x5D, 0x9E, 0xAE, 0x9E, 0xAE, 0x9E, 0xAE,
    0xFF, 0xFF, 0xFF, 0xFF, 0xFF, 0xFF, 0xFF, 0xFF, 0xFF, 0xFF, 0xFF, 0xFF, 0xFF, 0xFF, 0xF9, 0xE6, 0xF9, 0xE6, 0xF9,
    0xE6, 0x97, 0xDE, 0x97, 0xDE, 0x97, 0xDE, 0x97, 0xDE, 0xD1, 0xBD, 0xD1, 0xBD, 0xD1, 0xBD, 0x10, 0xB5, 0x10, 0xB5,
    0x10, 0xB5, 0x10, 0xB5, 0x10, 0xB5, 0x10, 0xB5, 0x10, 0xB5, 0xA8, 0x8B, 0xA8, 0x8B, 0xA8, 0x8B, 0xA8, 0x8B, 0xA8,
    0x8B, 0xA8, 0x8B, 0xA8, 0x8B, 0xA8, 0x8B, 0xA8, 0x8B, 0xA8, 0x8B, 0xA8, 0x8B, 0xA8, 0x8B, 0xA8, 0x8B, 0xA8, 0x8B,
    0xA8, 0x8B, 0xA8, 0x8B, 0xA8, 0x8B, 0xA8, 0x8B, 0xA8, 0x8B, 0xA8, 0x8B, 0x46, 0x83, 0x46, 0x83, 0x46, 0x83, 0xA8,
    0x8B, 0xA8, 0x8B, 0xA8, 0x8B, 0xA8, 0x8B, 0xA8, 0x8B, 0xA8, 0x8B, 0xA8, 0x8B, 0xA8, 0x8B, 0xA8, 0x8B, 0xA8, 0x8B,
    0xA8, 0x8B, 0xA8, 0x8B, 0xA8, 0x8B, 0xA8, 0x8B, 0xA8, 0x8B, 0xA8, 0x8B, 0xA8, 0x8B, 0xA8, 0x8B, 0xA8, 0x8B, 0xA8,
    0x8B, 0xA8, 0x8B, 0xA8, 0x8B, 0xA8, 0x8B, 0x10, 0xB5, 0x10, 0xB5, 0x10, 0xB5, 0x10, 0xB5, 0x10, 0xB5, 0x10, 0xB5,
    0x10, 0xB5, 0xD1, 0xBD, 0xD1, 0xBD, 0xD1, 0xBD, 0x97, 0xDE, 0x97, 0xDE, 0x97, 0xDE, 0x97, 0xDE, 0xF9, 0xE6, 0xF9,
    0xE6, 0xF9, 0xE6, 0xFF, 0xFF, 0xFF, 0xFF, 0xFF, 0xFF, 0xFF, 0xFF, 0xFF, 0xFF, 0xFF, 0xFF, 0xFF, 0xFF, 0x9E, 0xAE,
    0x9E, 0xAE, 0x9E, 0xAE, 0x7D, 0x5D, 0x7D, 0x5D, 0x7D, 0x5D, 0x7D, 0x5D, 0x7D, 0x5D, 0x7D, 0x5D, 0x7D, 0x5D, 0x7D,
    0x5D, 0x7D, 0x5D, 0x7D, 0x5D, 0x7D, 0x5D, 0x7D, 0x5D, 0x7D, 0x5D, 0x7D, 0x5D, 0x7D, 0x5D, 0x7D, 0x5D, 0x7D, 0x5D,
    0x7D, 0x5D, 0x7D, 0x5D, 0x7D, 0x5D, 0x7D, 0x5D, 0x7D, 0x5D, 0x7D, 0x5D, 0x7D, 0x5D, 0x7D, 0x5D, 0x7D, 0x5D, 0x7D,
    0x5D, 0x7D, 0x5D, 0x7D, 0x5D, 0x7D, 0x5D, 0x7D, 0x5D, 0x7D, 0x5D, 0x7D, 0x5D, 0x7D, 0x5D, 0x7D, 0x5D, 0x7D, 0x5D,
    0x7D, 0x5D, 0x7D, 0x5D, 0x7D, 0x5D, 0x7D, 0x5D, 0x7D, 0x5D, 0x7D, 0x5D, 0x7D, 0x5D, 0x7D, 0x5D, 0x7D, 0x5D, 0x7D,
    0x5D, 0x7D, 0x5D, 0x7D, 0x5D, 0x7D, 0x5D, 0x7D, 0x5D, 0x7D, 0x5D, 0x7D, 0x5D, 0x7D, 0x5D, 0x9A, 0x75, 0x9A, 0x75,
    0x9A, 0x75, 0x9A, 0x75, 0x4B, 0xF6, 0x4B, 0xF6, 0x4B, 0xF6, 0x69, 0xFE, 0x69, 0xFE, 0x69, 0xFE, 0x69, 0xFE, 0x69,
    0xFE, 0x69, 0xFE, 0x69, 0xFE, 0x89, 0x43, 0x89, 0x43, 0x89, 0x43, 0x89, 0x43, 0x89, 0x43, 0x89, 0x43, 0x69, 0xFE,
    0x69, 0xFE, 0x69, 0xFE, 0x69, 0xFE, 0x69, 0xFE, 0x69, 0xFE, 0x69, 0xFE, 0x4B, 0xF6, 0x4B, 0xF6, 0x4B, 0xF6, 0x9A,
    0x75, 0x9A, 0x75, 0x9A, 0x75, 0x9A, 0x75, 0x7D, 0x5D, 0x7D, 0x5D, 0x7D, 0x5D, 0x7D, 0x5D, 0x7D, 0x5D, 0x7D, 0x5D,
    0x7D, 0x5D, 0x7D, 0x5D, 0x7D, 0x5D, 0x7D, 0x5D, 0x7D, 0x5D, 0x7D, 0x5D, 0x7D, 0x5D, 0x7D, 0x5D, 0x7D, 0x5D, 0x7D,
    0x5D, 0x7D, 0x5D, 0x7D, 0x5D, 0x7D, 0x5D, 0x7D, 0x5D, 0x7D, 0x5D, 0x7D, 0x5D, 0x7D, 0x5D, 0x7D, 0x5D, 0x7D, 0x5D,
    0x7D, 0x5D, 0x7D, 0x5D, 0x7D, 0x5D, 0x7D, 0x5D, 0x7D, 0x5D, 0x7D, 0x5D, 0x7D, 0x5D, 0x7D, 0x5D, 0x7D, 0x5D, 0x7D,
    0x5D, 0x7D, 0x5D, 0x7D, 0x5D, 0x7D, 0x5D, 0x7D, 0x5D, 0x7D, 0x5D, 0x7D, 0x5D, 0x7D, 0x5D, 0x7D, 0x5D, 0x7D, 0x5D,
    0x7D, 0x5D, 0x7D, 0x5D, 0x7D, 0x5D, 0x7D, 0x5D, 0x7D, 0x5D, 0x7D, 0x5D, 0x7D, 0x5D, 0x7D, 0x5D, 0x7D, 0x5D, 0x9E,
    0xAE, 0x9E, 0xAE, 0x9E, 0xAE, 0xFF, 0xFF, 0xFF, 0xFF, 0xFF, 0xFF, 0xFF, 0xFF, 0xFF, 0xFF, 0xFF, 0xFF, 0xFF, 0xFF,
    0xF9, 0xE6, 0xF9, 0xE6, 0xF9, 0xE6, 0x97, 0xDE, 0x97, 0xDE, 0x97, 0xDE, 0x97, 0xDE, 0xD1, 0xBD, 0xD1, 0xBD, 0xD1,
    0xBD, 0x10, 0xB5, 0x10, 0xB5, 0x10, 0xB5, 0x10, 0xB5, 0x10, 0xB5, 0x10, 0xB5, 0x10, 0xB5, 0xA8, 0x8B, 0xA8, 0x8B,
    0xA8, 0x8B, 0xA8, 0x8B, 0xA8, 0x8B, 0xA8, 0x8B, 0xA8, 0x8B, 0xA8, 0x8B, 0xA8, 0x8B, 0xA8, 0x8B, 0xA8, 0x8B, 0xA8,
    0x8B, 0xA8, 0x8B, 0xA8, 0x8B, 0xA8, 0x8B, 0xA8, 0x8B, 0xA8, 0x8B, 0xA8, 0x8B, 0xA8, 0x8B, 0xA8, 0x8B, 0x46, 0x83,
    0x46, 0x83, 0x46, 0x83, 0xA8, 0x8B, 0xA8, 0x8B, 0xA8, 0x8B, 0xA8, 0x8B, 0xA8, 0x8B, 0xA8, 0x8B, 0xA8, 0x8B, 0xA8,
    0x8B, 0xA8, 0x8B, 0xA8, 0x8B, 0xA8, 0x8B, 0xA8, 0x8B, 0xA8, 0x8B, 0xA8, 0x8B, 0xA8, 0x8B, 0xA8, 0x8B, 0xA8, 0x8B,
    0xA8, 0x8B, 0xA8, 0x8B, 0xA8, 0x8B, 0xA8, 0x8B, 0xA8, 0x8B, 0xA8, 0x8B, 0x10, 0xB5, 0x10, 0xB5, 0x10, 0xB5, 0x10,
    0xB5, 0x10, 0xB5, 0x10, 0xB5, 0x10, 0xB5, 0xD1, 0xBD, 0xD1, 0xBD, 0xD1, 0xBD, 0x97, 0xDE, 0x97, 0xDE, 0x97, 0xDE,
    0x97, 0xDE, 0xF9, 0xE6, 0xF9, 0xE6, 0xF9, 0xE6, 0xFF, 0xFF, 0xFF, 0xFF, 0xFF, 0xFF, 0xFF, 0xFF, 0xFF, 0xFF, 0xFF,
    0xFF, 0xFF, 0xFF, 0x9E, 0xAE, 0x9E, 0xAE, 0x9E, 0xAE, 0x7D, 0x5D, 0x7D, 0x5D, 0x7D, 0x5D, 0x7D, 0x5D, 0x7D, 0x5D,
    0x7D, 0x5D, 0x7D, 0x5D, 0x7D, 0x5D, 0x7D, 0x5D, 0x7D, 0x5D, 0x7D, 0x5D, 0x7D, 0x5D, 0x7D, 0x5D, 0x7D, 0x5D, 0x7D,
    0x5D, 0x7D, 0x5D, 0x7D, 0x5D, 0x7D, 0x5D, 0x7D, 0x5D, 0x7D, 0x5D, 0x7D, 0x5D, 0x7D, 0x5D, 0x7D, 0x5D, 0x7D, 0x5D,
    0x7D, 0x5D, 0x7D, 0x5D, 0x7D, 0x5D, 0x7D, 0x5D, 0x7D, 0x5D, 0x7D, 0x5D, 0x7D, 0x5D, 0x7D, 0x5D, 0x7D, 0x5D, 0x7D,
    0x5D, 0x7D, 0x5D, 0x7D, 0x5D, 0x7D, 0x5D, 0x7D, 0x5D, 0x7D, 0x5D, 0x7D, 0x5D, 0x7D, 0x5D, 0x7D, 0x5D, 0x7D, 0x5D,
    0x7D, 0x5D, 0x7D, 0x5D, 0x7D, 0x5D, 0x7D, 0x5D, 0x7D, 0x5D, 0x7D, 0x5D, 0x7D, 0x5D, 0x7D, 0x5D, 0x7D, 0x5D, 0x7D,
    0x5D, 0x9A, 0x75, 0x9A, 0x75, 0x9A, 0x75, 0x9A, 0x75, 0x4B, 0xF6, 0x4B, 0xF6, 0x4B, 0xF6, 0x69, 0xFE, 0x69, 0xFE,
    0x69, 0xFE, 0x69, 0xFE, 0x69, 0xFE, 0x69, 0xFE, 0x69, 0xFE, 0x89, 0x43, 0x89, 0x43, 0x89, 0x43, 0x89, 0x43, 0x89,
    0x43, 0x89, 0x43, 0x69, 0xFE, 0x69, 0xFE, 0x69, 0xFE, 0x69, 0xFE, 0x69, 0xFE, 0x69, 0xFE, 0x69, 0xFE, 0x4B, 0xF6,
    0x4B, 0xF6, 0x4B, 0xF6, 0x9A, 0x75, 0x9A, 0x75, 0x9A, 0x75, 0x9A, 0x75, 0x7D, 0x5D, 0x7D, 0x5D, 0x7D, 0x5D, 0x7D,
    0x5D, 0x7D, 0x5D, 0x7D, 0x5D, 0x7D, 0x5D, 0x7D, 0x5D, 0x7D, 0x5D, 0x7D, 0x5D, 0x7D, 0x5D, 0x7D, 0x5D, 0x7D, 0x5D,
    0x7D, 0x5D, 0x7D, 0x5D, 0x7D, 0x5D, 0x7D, 0x5D, 0x7D, 0x5D, 0x7D, 0x5D, 0x7D, 0x5D, 0x7D, 0x5D, 0x7D, 0x5D, 0x7D,
    0x5D, 0x7D, 0x5D, 0x7D, 0x5D, 0x7D, 0x5D, 0x7D, 0x5D, 0x7D, 0x5D, 0x7D, 0x5D, 0x7D, 0x5D, 0x7D, 0x5D, 0x7D, 0x5D,
    0x7D, 0x5D, 0x7D, 0x5D, 0x7D, 0x5D, 0x7D, 0x5D, 0x7D, 0x5D, 0x7D, 0x5D, 0x7D, 0x5D, 0x7D, 0x5D, 0x7D, 0x5D, 0x7D,
    0x5D, 0x7D, 0x5D, 0x7D, 0x5D, 0x7D, 0x5D, 0x7D, 0x5D, 0x7D, 0x5D, 0x7D, 0x5D, 0x7D, 0x5D, 0x7D, 0x5D, 0x7D, 0x5D,
    0x7D, 0x5D, 0x7D, 0x5D, 0x9E, 0xAE, 0x9E, 0xAE, 0x9E, 0xAE, 0xFF, 0xFF, 0xFF, 0xFF, 0xFF, 0xFF, 0xFF, 0xFF, 0xFF,
    0xFF, 0xFF, 0xFF, 0xFF, 0xFF, 0xF9, 0xE6, 0xF9, 0xE6, 0xF9, 0xE6, 0x97, 0xDE, 0x97, 0xDE, 0x97, 0xDE, 0x97, 0xDE,
    0xD1, 0xBD, 0xD1, 0xBD, 0xD1, 0xBD, 0x10, 0xB5, 0x10, 0xB5, 0x10, 0xB5, 0x10, 0xB5, 0x10, 0xB5, 0x10, 0xB5, 0x10,
    0xB5, 0xA8, 0x8B, 0xA8, 0x8B, 0xA8, 0x8B, 0xA8, 0x8B, 0xA8, 0x8B, 0xA8, 0x8B, 0xA8, 0x8B, 0xA8, 0x8B, 0xA8, 0x8B,
    0xA8, 0x8B, 0xA8, 0x8B, 0xA8, 0x8B, 0xA8, 0x8B, 0xA8, 0x8B, 0xA8, 0x8B, 0xA8, 0x8B, 0xA8, 0x8B, 0xA8, 0x8B, 0xA8,
    0x8B, 0xA8, 0x8B, 0x46, 0x83, 0x46, 0x83, 0x46, 0x83, 0xA8, 0x8B, 0xA8, 0x8B, 0xA8, 0x8B, 0xA8, 0x8B, 0xA8, 0x8B,
    0xA8, 0x8B, 0xA8, 0x8B, 0xA8, 0x8B, 0xA8, 0x8B, 0xA8, 0x8B, 0xA8, 0x8B, 0xA8, 0x8B, 0xA8, 0x8B, 0xA8, 0x8B, 0xA8,
    0x8B, 0xA8, 0x8B, 0xA8, 0x8B, 0xA8, 0x8B, 0xA8, 0x8B, 0xA8, 0x8B, 0xA8, 0x8B, 0xA8, 0x8B, 0xA8, 0x8B, 0x10, 0xB5,
    0x10, 0xB5, 0x10, 0xB5, 0x10, 0xB5, 0x10, 0xB5, 0x10, 0xB5, 0x10, 0xB5, 0xD1, 0xBD, 0xD1, 0xBD, 0xD1, 0xBD, 0x97,
    0xDE, 0x97, 0xDE, 0x97, 0xDE, 0x97, 0xDE, 0xF9, 0xE6, 0xF9, 0xE6, 0xF9, 0xE6, 0xFF, 0xFF, 0xFF, 0xFF, 0xFF, 0xFF,
    0xFF, 0xFF, 0xFF, 0xFF, 0xFF, 0xFF, 0xFF, 0xFF, 0x9E, 0xAE, 0x9E, 0xAE, 0x9E, 0xAE, 0x7D, 0x5D, 0x7D, 0x5D, 0x7D,
    0x5D, 0x7D, 0x5D, 0x7D, 0x5D, 0x7D, 0x5D, 0x7D, 0x5D, 0x7D, 0x5D, 0x7D, 0x5D, 0x7D, 0x5D, 0x7D, 0x5D, 0x7D, 0x5D,
    0x7D, 0x5D, 0x7D, 0x5D, 0x7D, 0x5D, 0x7D, 0x5D, 0x7D, 0x5D, 0x7D, 0x5D, 0x7D, 0x5D, 0x7D, 0x5D, 0x7D, 0x5D, 0x7D,
    0x5D, 0x7D, 0x5D, 0x7D, 0x5D, 0x7D, 0x5D, 0x7D, 0x5D, 0x7D, 0x5D, 0x7D, 0x5D, 0x7D, 0x5D, 0x7D, 0x5D, 0x7D, 0x5D,
    0x7D, 0x5D, 0x7D, 0x5D, 0x7D, 0x5D, 0x7D, 0x5D, 0x7D, 0x5D, 0x7D, 0x5D, 0x7D, 0x5D, 0x7D, 0x5D, 0x7D, 0x5D, 0x7D,
    0x5D, 0x7D, 0x5D, 0x7D, 0x5D, 0x7D, 0x5D, 0x7D, 0x5D, 0x7D, 0x5D, 0x7D, 0x5D, 0x7D, 0x5D, 0x7D, 0x5D, 0x7D, 0x5D,
    0x7D, 0x5D, 0x7D, 0x5D, 0x7D, 0x5D, 0x9A, 0x75, 0x9A, 0x75, 0x9A, 0x75, 0x9A, 0x75, 0x4B, 0xF6, 0x4B, 0xF6, 0x4B,
    0xF6, 0x69, 0xFE, 0x69, 0xFE, 0x69, 0xFE, 0x69, 0xFE, 0x69, 0xFE, 0x69, 0xFE, 0x69, 0xFE, 0x89, 0x43, 0x89, 0x43,
    0x89, 0x43, 0x89, 0x43, 0x89, 0x43, 0x89, 0x43, 0x89, 0x43, 0x89, 0x43, 0x89, 0x43, 0x89, 0x43, 0x69, 0xFE, 0x69,
    0xFE, 0x69, 0xFE, 0xF3, 0xAD, 0xF3, 0xAD, 0xF3, 0xAD, 0x7D, 0x5D, 0x7D, 0x5D, 0x7D, 0x5D, 0x7D, 0x5D, 0x7D, 0x5D,
    0x7D, 0x5D, 0x7D, 0x5D, 0x7D, 0x5D, 0x7D, 0x5D, 0x7D, 0x5D, 0x7D, 0x5D, 0x7D, 0x5D, 0x7D, 0x5D, 0x7D, 0x5D, 0x7D,
    0x5D, 0x7D, 0x5D, 0x7D, 0x5D, 0x7D, 0x5D, 0x7D, 0x5D, 0x7D, 0x5D, 0x7D, 0x5D, 0x7D, 0x5D, 0x7D, 0x5D, 0x7D, 0x5D,
    0x7D, 0x5D, 0x7D, 0x5D, 0x7D, 0x5D, 0x7D, 0x5D, 0x7D, 0x5D, 0x7D, 0x5D, 0x7D, 0x5D, 0x7D, 0x5D, 0x7D, 0x5D, 0x7D,
    0x5D, 0x7D, 0x5D, 0x7D, 0x5D, 0x7D, 0x5D, 0x7D, 0x5D, 0x7D, 0x5D, 0x7D, 0x5D, 0x7D, 0x5D, 0x7D, 0x5D, 0x7D, 0x5D,
    0x7D, 0x5D, 0x7D, 0x5D, 0x7D, 0x5D, 0x7D, 0x5D, 0x7D, 0x5D, 0x7D, 0x5D, 0x7D, 0x5D, 0x7D, 0x5D, 0x7D, 0x5D, 0x7D,
    0x5D, 0x7D, 0x5D, 0x7D, 0x5D, 0x7D, 0x5D, 0x7D, 0x5D, 0x9E, 0xAE, 0x9E, 0xAE, 0x9E, 0xAE, 0xFF, 0xFF, 0xFF, 0xFF,
    0xFF, 0xFF, 0xFF, 0xFF, 0xFF, 0xFF, 0xFF, 0xFF, 0xFF, 0xFF, 0xFF, 0xFF, 0xFF, 0xFF, 0xFF, 0xFF, 0xFF, 0xFF, 0xFF,
    0xFF, 0xFF, 0xFF, 0xFF, 0xFF, 0xFF, 0xFF, 0xFF, 0xFF, 0xFF, 0xFF, 0xFF, 0xFF, 0xFF, 0xFF, 0xFF, 0xFF, 0xFF, 0xFF,
    0xFF, 0xFF, 0xFF, 0xFF, 0xFF, 0xFF, 0xFF, 0xFF, 0xFF, 0xFF, 0xFF, 0xFF, 0xFF, 0xFF, 0xFF, 0xFF, 0xFF, 0xFF, 0xFF,
    0xFF, 0xFF, 0xFF, 0xFF, 0xFF, 0xFF, 0xFF, 0xFF, 0xFF, 0xFF, 0xFF, 0xFF, 0xFF, 0xFF, 0xFF, 0xFF, 0xFF, 0xFF, 0xFF,
    0xFF, 0xFF, 0xFF, 0xFF, 0xFF, 0xFF, 0xFF, 0xFF, 0xFF, 0xFF, 0xFF, 0xFF, 0xFF, 0xFF, 0xFF, 0xFF, 0xFF, 0xFF, 0xFF,
    0xFF, 0xFF, 0xFF, 0xFF, 0xFF, 0xFF, 0xFF, 0xFF, 0xFF, 0xFF, 0xFF, 0xFF, 0xFF, 0xFF, 0xFF, 0xFF, 0xFF, 0xFF, 0xFF,
    0xFF, 0xFF, 0xFF, 0xFF, 0xFF, 0xFF, 0xFF, 0xFF, 0xFF, 0xFF, 0xFF, 0xFF, 0xFF, 0xFF, 0xFF, 0xFF, 0xFF, 0xFF, 0xFF,
    0xFF, 0xFF, 0xFF, 0xFF, 0xFF, 0xFF, 0xFF, 0xFF, 0xFF, 0xFF, 0xFF, 0xFF, 0xFF, 0xFF, 0xFF, 0xFF, 0xFF, 0xFF, 0xFF,
    0xFF, 0xFF, 0xFF, 0xFF, 0xFF, 0xFF, 0xFF, 0xFF, 0xFF, 0xFF, 0xFF, 0xFF, 0xFF, 0xFF, 0xFF, 0xFF, 0xFF, 0xFF, 0xFF,
    0xFF, 0xFF, 0xFF, 0xFF, 0xFF, 0xFF, 0xFF, 0xFF, 0xFF, 0xFF, 0xFF, 0xFF, 0xFF, 0x3E, 0x8E, 0x3E, 0x8E, 0x3E, 0x8E,
    0x7D, 0x5D, 0x7D, 0x5D, 0x7D, 0x5D, 0x7D, 0x5D, 0x7D, 0x5D, 0x7D, 0x5D, 0x7D, 0x5D, 0x7D, 0x5D, 0x7D, 0x5D, 0x7D,
    0x5D, 0x7D, 0x5D, 0x7D, 0x5D, 0x7D, 0x5D, 0x7D, 0x5D, 0x7D, 0x5D, 0x7D, 0x5D, 0x7D, 0x5D, 0x7D, 0x5D, 0x7D, 0x5D,
    0x7D, 0x5D, 0x7D, 0x5D, 0x7D, 0x5D, 0x7D, 0x5D, 0x7D, 0x5D, 0x7D, 0x5D, 0x7D, 0x5D, 0x7D, 0x5D, 0x7D, 0x5D, 0x7D,
    0x5D, 0x7D, 0x5D, 0x7D, 0x5D, 0x7D, 0x5D, 0x7D, 0x5D, 0x7D, 0x5D, 0x7D, 0x5D, 0x7D, 0x5D, 0x7D, 0x5D, 0x7D, 0x5D,
    0x7D, 0x5D, 0x7D, 0x5D, 0x7D, 0x5D, 0x7D, 0x5D, 0x7D, 0x5D, 0x7D, 0x5D, 0x7D, 0x5D, 0x7D, 0x5D, 0x7D, 0x5D, 0x7D,
    0x5D, 0x7D, 0x5D, 0x7D, 0x5D, 0x7D, 0x5D, 0x7D, 0x5D, 0x7D, 0x5D, 0x7D, 0x5D, 0x7D, 0x5D, 0x7D, 0x5D, 0x7D, 0x5D,
    0xF3, 0xAD, 0xF3, 0xAD, 0xF3, 0xAD, 0x69, 0xFE, 0x69, 0xFE, 0x69, 0xFE, 0x89, 0x43, 0x89, 0x43, 0x89, 0x43, 0x89,
    0x43, 0x89, 0x43, 0x89, 0x43, 0x89, 0x43, 0x89, 0x43, 0x89, 0x43, 0x89, 0x43, 0x89, 0x43, 0x89, 0x43, 0x89, 0x43,
    0x89, 0x43, 0x69, 0xFE, 0x69, 0xFE, 0x69, 0xFE, 0xF3, 0xAD, 0xF3, 0xAD, 0xF3, 0xAD, 0x7D, 0x5D, 0x7D, 0x5D, 0x7D,
    0x5D, 0x7D, 0x5D, 0x7D, 0x5D, 0x7D, 0x5D, 0x7D, 0x5D, 0x7D, 0x5D, 0x7D, 0x5D, 0x7D, 0x5D, 0x7D, 0x5D, 0x7D, 0x5D,
    0x7D, 0x5D, 0x7D, 0x5D, 0x7D, 0x5D, 0x7D, 0x5D, 0x7D, 0x5D, 0x7D, 0x5D, 0x7D, 0x5D, 0x7D, 0x5D, 0x7D, 0x5D, 0x7D,
    0x5D, 0x7D, 0x5D, 0x7D, 0x5D, 0x7D, 0x5D, 0x7D, 0x5D, 0x7D, 0x5D, 0x7D, 0x5D, 0x7D, 0x5D, 0x7D, 0x5D, 0x7D, 0x5D,
    0x7D, 0x5D, 0x7D, 0x5D, 0x7D, 0x5D, 0x7D, 0x5D, 0x7D, 0x5D, 0x7D, 0x5D, 0x7D, 0x5D, 0x7D, 0x5D, 0x7D, 0x5D, 0x7D,
    0x5D, 0x7D, 0x5D, 0x7D, 0x5D, 0x7D, 0x5D, 0x7D, 0x5D, 0x7D, 0x5D, 0x7D, 0x5D, 0x7D, 0x5D, 0x7D, 0x5D, 0x7D, 0x5D,
    0x7D, 0x5D, 0x7D, 0x5D, 0x7D, 0x5D, 0x7D, 0x5D, 0x7D, 0x5D, 0x7D, 0x5D, 0x7D, 0x5D, 0x9E, 0xAE, 0x9E, 0xAE, 0x9E,
    0xAE, 0xFF, 0xFF, 0xFF, 0xFF, 0xFF, 0xFF, 0xFF, 0xFF, 0xFF, 0xFF, 0xFF, 0xFF, 0xFF, 0xFF, 0xFF, 0xFF, 0xFF, 0xFF,
    0xFF, 0xFF, 0xFF, 0xFF, 0xFF, 0xFF, 0xFF, 0xFF, 0xFF, 0xFF, 0xFF, 0xFF, 0xFF, 0xFF, 0xFF, 0xFF, 0xFF, 0xFF, 0xFF,
    0xFF, 0xFF, 0xFF, 0xFF, 0xFF, 0xFF, 0xFF, 0xFF, 0xFF, 0xFF, 0xFF, 0xFF, 0xFF, 0xFF, 0xFF, 0xFF, 0xFF, 0xFF, 0xFF,
    0xFF, 0xFF, 0xFF, 0xFF, 0xFF, 0xFF, 0xFF, 0xFF, 0xFF, 0xFF, 0xFF, 0xFF, 0xFF, 0xFF, 0xFF, 0xFF, 0xFF, 0xFF, 0xFF,
    0xFF, 0xFF, 0xFF, 0xFF, 0xFF, 0xFF, 0xFF, 0xFF, 0xFF, 0xFF, 0xFF, 0xFF, 0xFF, 0xFF, 0xFF, 0xFF, 0xFF, 0xFF, 0xFF,
    0xFF, 0xFF, 0xFF, 0xFF, 0xFF, 0xFF, 0xFF, 0xFF, 0xFF, 0xFF, 0xFF, 0xFF, 0xFF, 0xFF, 0xFF, 0xFF, 0xFF, 0xFF, 0xFF,
    0xFF, 0xFF, 0xFF, 0xFF, 0xFF, 0xFF, 0xFF, 0xFF, 0xFF, 0xFF, 0xFF, 0xFF, 0xFF, 0xFF, 0xFF, 0xFF, 0xFF, 0xFF, 0xFF,
    0xFF, 0xFF, 0xFF, 0xFF, 0xFF, 0xFF, 0xFF, 0xFF, 0xFF, 0xFF, 0xFF, 0xFF, 0xFF, 0xFF, 0xFF, 0xFF, 0xFF, 0xFF, 0xFF,
    0xFF, 0xFF, 0xFF, 0xFF, 0xFF, 0xFF, 0xFF, 0xFF, 0xFF, 0xFF, 0xFF, 0xFF, 0xFF, 0xFF, 0xFF, 0xFF, 0xFF, 0xFF, 0xFF,
    0xFF, 0xFF, 0xFF, 0xFF, 0xFF, 0xFF, 0xFF, 0xFF, 0xFF, 0xFF, 0xFF, 0xFF, 0xFF, 0xFF, 0xFF, 0xFF, 0xFF, 0xFF, 0x3E,
    0x8E, 0x3E, 0x8E, 0x3E, 0x8E, 0x7D, 0x5D, 0x7D, 0x5D, 0x7D, 0x5D, 0x7D, 0x5D, 0x7D, 0x5D, 0x7D, 0x5D, 0x7D, 0x5D,
    0x7D, 0x5D, 0x7D, 0x5D, 0x7D, 0x5D, 0x7D, 0x5D, 0x7D, 0x5D, 0x7D, 0x5D, 0x7D, 0x5D, 0x7D, 0x5D, 0x7D, 0x5D, 0x7D,
    0x5D, 0x7D, 0x5D, 0x7D, 0x5D, 0x7D, 0x5D, 0x7D, 0x5D, 0x7D, 0x5D, 0x7D, 0x5D, 0x7D, 0x5D, 0x7D, 0x5D, 0x7D, 0x5D,
    0x7D, 0x5D, 0x7D, 0x5D, 0x7D, 0x5D, 0x7D, 0x5D, 0x7D, 0x5D, 0x7D, 0x5D, 0x7D, 0x5D, 0x7D, 0x5D, 0x7D, 0x5D, 0x7D,
    0x5D, 0x7D, 0x5D, 0x7D, 0x5D, 0x7D, 0x5D, 0x7D, 0x5D, 0x7D, 0x5D, 0x7D, 0x5D, 0x7D, 0x5D, 0x7D, 0x5D, 0x7D, 0x5D,
    0x7D, 0x5D, 0x7D, 0x5D, 0x7D, 0x5D, 0x7D, 0x5D, 0x7D, 0x5D, 0x7D, 0x5D, 0x7D, 0x5D, 0x7D, 0x5D, 0x7D, 0x5D, 0x7D,
    0x5D, 0x7D, 0x5D, 0x7D, 0x5D, 0xF3, 0xAD, 0xF3, 0xAD, 0xF3, 0xAD, 0x69, 0xFE, 0x69, 0xFE, 0x69, 0xFE, 0x89, 0x43,
    0x89, 0x43, 0x89, 0x43, 0x89, 0x43, 0x89, 0x43, 0x89, 0x43, 0x89, 0x43, 0x89, 0x43, 0x89, 0x43, 0x89, 0x43, 0x89,
    0x43, 0x89, 0x43, 0x89, 0x43, 0x89, 0x43, 0x69, 0xFE, 0x69, 0xFE, 0x69, 0xFE, 0xF3, 0xAD, 0xF3, 0xAD, 0xF3, 0xAD,
    0x7D, 0x5D, 0x7D, 0x5D, 0x7D, 0x5D, 0x7D, 0x5D, 0x7D, 0x5D, 0x7D, 0x5D, 0x7D, 0x5D, 0x7D, 0x5D, 0x7D, 0x5D, 0x7D,
    0x5D, 0x7D, 0x5D, 0x7D, 0x5D, 0x7D, 0x5D, 0x7D, 0x5D, 0x7D, 0x5D, 0x7D, 0x5D, 0x7D, 0x5D, 0x7D, 0x5D, 0x7D, 0x5D,
    0x7D, 0x5D, 0x7D, 0x5D, 0x7D, 0x5D, 0x7D, 0x5D, 0x7D, 0x5D, 0x7D, 0x5D, 0x7D, 0x5D, 0x7D, 0x5D, 0x7D, 0x5D, 0x7D,
    0x5D, 0x7D, 0x5D, 0x7D, 0x5D, 0x7D, 0x5D, 0x7D, 0x5D, 0x7D, 0x5D, 0x7D, 0x5D, 0x7D, 0x5D, 0x7D, 0x5D, 0x7D, 0x5D,
    0x7D, 0x5D, 0x7D, 0x5D, 0x7D, 0x5D, 0x7D, 0x5D, 0x7D, 0x5D, 0x7D, 0x5D, 0x7D, 0x5D, 0x7D, 0x5D, 0x7D, 0x5D, 0x7D,
    0x5D, 0x7D, 0x5D, 0x7D, 0x5D, 0x7D, 0x5D, 0x7D, 0x5D, 0x7D, 0x5D, 0x7D, 0x5D, 0x7D, 0x5D, 0x7D, 0x5D, 0x7D, 0x5D,
    0x9E, 0xAE, 0x9E, 0xAE, 0x9E, 0xAE, 0xFF, 0xFF, 0xFF, 0xFF, 0xFF, 0xFF, 0xFF, 0xFF, 0xFF, 0xFF, 0xFF, 0xFF, 0xFF,
    0xFF, 0xFF, 0xFF, 0xFF, 0xFF, 0xFF, 0xFF, 0xFF, 0xFF, 0xFF, 0xFF, 0xFF, 0xFF, 0xFF, 0xFF, 0xFF, 0xFF, 0xFF, 0xFF,
    0xFF, 0xFF, 0xFF, 0xFF, 0xFF, 0xFF, 0xFF, 0xFF, 0xFF, 0xFF, 0xFF, 0xFF, 0xFF, 0xFF, 0xFF, 0xFF, 0xFF, 0xFF, 0xFF,
    0xFF, 0xFF, 0xFF, 0xFF, 0xFF, 0xFF, 0xFF, 0xFF, 0xFF, 0xFF, 0xFF, 0xFF, 0xFF, 0xFF, 0xFF, 0xFF, 0xFF, 0xFF, 0xFF,
    0xFF, 0xFF, 0xFF, 0xFF, 0xFF, 0xFF, 0xFF, 0xFF, 0xFF, 0xFF, 0xFF, 0xFF, 0xFF, 0xFF, 0xFF, 0xFF, 0xFF, 0xFF, 0xFF,
    0xFF, 0xFF, 0xFF, 0xFF, 0xFF, 0xFF, 0xFF, 0xFF, 0xFF, 0xFF, 0xFF, 0xFF, 0xFF, 0xFF, 0xFF, 0xFF, 0xFF, 0xFF, 0xFF,
    0xFF, 0xFF, 0xFF, 0xFF, 0xFF, 0xFF, 0xFF, 0xFF, 0xFF, 0xFF, 0xFF, 0xFF, 0xFF, 0xFF, 0xFF, 0xFF, 0xFF, 0xFF, 0xFF,
    0xFF, 0xFF, 0xFF, 0xFF, 0xFF, 0xFF, 0xFF, 0xFF, 0xFF, 0xFF, 0xFF, 0xFF, 0xFF, 0xFF, 0xFF, 0xFF, 0xFF, 0xFF, 0xFF,
    0xFF, 0xFF, 0xFF, 0xFF, 0xFF, 0xFF, 0xFF, 0xFF, 0xFF, 0xFF, 0xFF, 0xFF, 0xFF, 0xFF, 0xFF, 0xFF, 0xFF, 0xFF, 0xFF,
    0xFF, 0xFF, 0xFF, 0xFF, 0xFF, 0xFF, 0xFF, 0xFF, 0xFF, 0xFF, 0xFF, 0xFF, 0xFF, 0xFF, 0xFF, 0xFF, 0xFF, 0xFF, 0xFF,
    0xFF, 0xFF, 0xFF, 0xFF, 0x3E, 0x8E, 0x3E, 0x8E, 0x3E, 0x8E, 0x7D, 0x5D, 0x7D, 0x5D, 0x7D, 0x5D, 0x7D, 0x5D, 0x7D,
    0x5D, 0x7D, 0x5D, 0x7D, 0x5D, 0x7D, 0x5D, 0x7D, 0x5D, 0x7D, 0x5D, 0x7D, 0x5D, 0x7D, 0x5D, 0x7D, 0x5D, 0x7D, 0x5D,
    0x7D, 0x5D, 0x7D, 0x5D, 0x7D, 0x5D, 0x7D, 0x5D, 0x7D, 0x5D, 0x7D, 0x5D, 0x7D, 0x5D, 0x7D, 0x5D, 0x7D, 0x5D, 0x7D,
    0x5D, 0x7D, 0x5D, 0x7D, 0x5D, 0x7D, 0x5D, 0x7D, 0x5D, 0x7D, 0x5D, 0x7D, 0x5D, 0x7D, 0x5D, 0x7D, 0x5D, 0x7D, 0x5D,
    0x7D, 0x5D, 0x7D, 0x5D, 0x7D, 0x5D, 0x7D, 0x5D, 0x7D, 0x5D, 0x7D, 0x5D, 0x7D, 0x5D, 0x7D, 0x5D, 0x7D, 0x5D, 0x7D,
    0x5D, 0x7D, 0x5D, 0x7D, 0x5D, 0x7D, 0x5D, 0x7D, 0x5D, 0x7D, 0x5D, 0x7D, 0x5D, 0x7D, 0x5D, 0x7D, 0x5D, 0x7D, 0x5D,
    0x7D, 0x5D, 0x7D, 0x5D, 0x7D, 0x5D, 0x7D, 0x5D, 0x7D, 0x5D, 0xF3, 0xAD, 0xF3, 0xAD, 0xF3, 0xAD, 0x69, 0xFE, 0x69,
    0xFE, 0x69, 0xFE, 0x89, 0x43, 0x89, 0x43, 0x89, 0x43, 0x89, 0x43, 0x89, 0x43, 0x89, 0x43, 0x89, 0x43, 0x89, 0x43,
    0x89, 0x43, 0x89, 0x43, 0x89, 0x43, 0x89, 0x43, 0x89, 0x43, 0x89, 0x43, 0x2E, 0xDE, 0x2E, 0xDE, 0x2E, 0xDE, 0x7D,
    0x5D, 0x7D, 0x5D, 0x7D, 0x5D, 0x7D, 0x5D, 0x7D, 0x5D, 0x7D, 0x5D, 0x7D, 0x5D, 0x7D, 0x5D, 0x7D, 0x5D, 0x7D, 0x5D,
    0x7D, 0x5D, 0x7D, 0x5D, 0x7D, 0x5D, 0x7D, 0x5D, 0x7D, 0x5D, 0x7D, 0x5D, 0x7D, 0x5D, 0x7D, 0x5D, 0x7D, 0x5D, 0x7D,
    0x5D, 0x7D, 0x5D, 0x7D, 0x5D, 0x7D, 0x5D, 0x7D, 0x5D, 0x7D, 0x5D, 0x7D, 0x5D, 0x7D, 0x5D, 0x7D, 0x5D, 0x7D, 0x5D,
    0x7D, 0x5D, 0x7D, 0x5D, 0x7D, 0x5D, 0x7D, 0x5D, 0x7D, 0x5D, 0x7D, 0x5D, 0x7D, 0x5D, 0x7D, 0x5D, 0x7D, 0x5D, 0x7D,
    0x5D, 0x7D, 0x5D, 0x7D, 0x5D, 0x7D, 0x5D, 0x7D, 0x5D, 0x7D, 0x5D, 0x7D, 0x5D, 0x7D, 0x5D, 0x7D, 0x5D, 0x7D, 0x5D,
    0x7D, 0x5D, 0x7D, 0x5D, 0x7D, 0x5D, 0x7D, 0x5D, 0x7D, 0x5D, 0x7D, 0x5D, 0x7D, 0x5D, 0x7D, 0x5D, 0x7D, 0x5D, 0x7D,
    0x5D, 0x7D, 0x5D, 0x7D, 0x5D, 0x3E, 0x8E, 0x3E, 0x8E, 0x3E, 0x8E, 0xFF, 0xFF, 0xFF, 0xFF, 0xFF, 0xFF, 0xFF, 0xFF,
    0xFF, 0xFF, 0xFF, 0xFF, 0xFF, 0xFF, 0xFF, 0xFF, 0xFF, 0xFF, 0xFF, 0xFF, 0xFF, 0xFF, 0xFF, 0xFF, 0xFF, 0xFF, 0xFF,
    0xFF, 0xFF, 0xFF, 0xFF, 0xFF, 0xFF, 0xFF, 0xFF, 0xFF, 0xFF, 0xFF, 0xFF, 0xFF, 0xFF, 0xFF, 0xFF, 0xFF, 0xFF, 0xFF,
    0xFF, 0xFF, 0xFF, 0xFF, 0xFF, 0xFF, 0xFF, 0xFF, 0xFF, 0xFF, 0xFF, 0xFF, 0xFF, 0xFF, 0xFF, 0xFF, 0xFF, 0xFF, 0xFF,
    0xFF, 0xFF, 0xFF, 0xFF, 0xFF, 0xFF, 0xFF, 0xFF, 0xFF, 0xFF, 0xFF, 0xFF, 0xFF, 0xFF, 0xFF, 0xFF, 0xFF, 0xFF, 0xFF,
    0xFF, 0xFF, 0xFF, 0xFF, 0xFF, 0xFF, 0xFF, 0xFF, 0xFF, 0xFF, 0xFF, 0xFF, 0xFF, 0xFF, 0xFF, 0xFF, 0xFF, 0xFF, 0xFF,
    0xFF, 0xFF, 0xFF, 0xFF, 0xFF, 0xFF, 0xFF, 0xFF, 0xFF, 0xFF, 0xFF, 0xFF, 0xFF, 0xFF, 0xFF, 0xFF, 0xFF, 0xFF, 0xFF,
    0xFF, 0xFF, 0xFF, 0xFF, 0xFF, 0xFF, 0xFF, 0xFF, 0xFF, 0xFF, 0xFF, 0xFF, 0xFF, 0xFF, 0xFF, 0xFF, 0xFF, 0xFF, 0xFF,
    0xFF, 0xFF, 0xFF, 0xFF, 0xFF, 0xFF, 0xFF, 0xFF, 0xFF, 0xFF, 0xFF, 0xFF, 0xFF, 0xFF, 0xFF, 0xFF, 0xFF, 0xFF, 0xFF,
    0xFF, 0xFF, 0xFF, 0xFF, 0xFF, 0xFF, 0xFF, 0xFF, 0xFF, 0xFF, 0xFF, 0xFF, 0xFF, 0xFF, 0xFF, 0xFF, 0xFF, 0xFF, 0xFF,
    0xFF, 0xFF, 0xFF, 0xFF, 0xFF, 0xFF, 0xFF, 0xFF, 0xFF, 0x3E, 0x8E, 0x3E, 0x8E, 0x3E, 0x8E, 0x7D, 0x5D, 0x7D, 0x5D,
    0x7D, 0x5D, 0x7D, 0x5D, 0x7D, 0x5D, 0x7D, 0x5D, 0x7D, 0x5D, 0x7D, 0x5D, 0x7D, 0x5D, 0x7D, 0x5D, 0x7D, 0x5D, 0x7D,
    0x5D, 0x7D, 0x5D, 0x7D, 0x5D, 0x7D, 0x5D, 0x7D, 0x5D, 0x7D, 0x5D, 0x7D, 0x5D, 0x7D, 0x5D, 0x7D, 0x5D, 0x7D, 0x5D,
    0x7D, 0x5D, 0x7D, 0x5D, 0x7D, 0x5D, 0x7D, 0x5D, 0x7D, 0x5D, 0x7D, 0x5D, 0x7D, 0x5D, 0x7D, 0x5D, 0x7D, 0x5D, 0x7D,
    0x5D, 0x7D, 0x5D, 0x7D, 0x5D, 0x7D, 0x5D, 0x7D, 0x5D, 0x7D, 0x5D, 0x7D, 0x5D, 0x7D, 0x5D, 0x7D, 0x5D, 0x7D, 0x5D,
    0x7D, 0x5D, 0x7D, 0x5D, 0x7D, 0x5D, 0x7D, 0x5D, 0x7D, 0x5D, 0x7D, 0x5D, 0x7D, 0x5D, 0x7D, 0x5D, 0x7D, 0x5D, 0x7D,
    0x5D, 0x7D, 0x5D, 0x7D, 0x5D, 0x7D, 0x5D, 0x7D, 0x5D, 0x7D, 0x5D, 0x7D, 0x5D, 0x7D, 0x5D, 0x7C, 0x65, 0x7C, 0x65,
    0x7C, 0x65, 0x69, 0xFE, 0x69, 0xFE, 0x69, 0xFE, 0x89, 0x43, 0x89, 0x43, 0x89, 0x43, 0x89, 0x43, 0x89, 0x43, 0x89,
    0x43, 0x89, 0x43, 0x89, 0x43, 0x89, 0x43, 0x89, 0x43, 0x89, 0x43, 0x89, 0x43, 0x89, 0x43, 0x89, 0x43, 0x2E, 0xDE,
    0x2E, 0xDE, 0x2E, 0xDE, 0x7D, 0x5D, 0x7D, 0x5D, 0x7D, 0x5D, 0x7D, 0x5D, 0x7D, 0x5D, 0x7D, 0x5D, 0x7D, 0x5D, 0x7D,
    0x5D, 0x7D, 0x5D, 0x7D, 0x5D, 0x7D, 0x5D, 0x7D, 0x5D, 0x7D, 0x5D, 0x7D, 0x5D, 0x7D, 0x5D, 0x7D, 0x5D, 0x7D, 0x5D,
    0x7D, 0x5D, 0x7D, 0x5D, 0x7D, 0x5D, 0x7D, 0x5D, 0x7D, 0x5D, 0x7D, 0x5D, 0x7D, 0x5D, 0x7D, 0x5D, 0x7D, 0x5D, 0x7D,
    0x5D, 0x7D, 0x5D, 0x7D, 0x5D, 0x7D, 0x5D, 0x7D, 0x5D, 0x7D, 0x5D, 0x7D, 0x5D, 0x7D, 0x5D, 0x7D, 0x5D, 0x7D, 0x5D,
    0x7D, 0x5D, 0x7D, 0x5D, 0x7D, 0x5D, 0x7D, 0x5D, 0x7D, 0x5D, 0x7D, 0x5D, 0x7D, 0x5D, 0x7D, 0x5D, 0x7D, 0x5D, 0x7D,
    0x5D, 0x7D, 0x5D, 0x7D, 0x5D, 0x7D, 0x5D, 0x7D, 0x5D, 0x7D, 0x5D, 0x7D, 0x5D, 0x7D, 0x5D, 0x7D, 0x5D, 0x7D, 0x5D,
    0x7D, 0x5D, 0x7D, 0x5D, 0x7D, 0x5D, 0x7D, 0x5D, 0x7D, 0x5D, 0x3E, 0x8E, 0x3E, 0x8E, 0x3E, 0x8E, 0xFF, 0xFF, 0xFF,
    0xFF, 0xFF, 0xFF, 0xFF, 0xFF, 0xFF, 0xFF, 0xFF, 0xFF, 0xFF, 0xFF, 0xFF, 0xFF, 0xFF, 0xFF, 0xFF, 0xFF, 0xFF, 0xFF,
    0xFF, 0xFF, 0xFF, 0xFF, 0xFF, 0xFF, 0xFF, 0xFF, 0xFF, 0xFF, 0xFF, 0xFF, 0xFF, 0xFF, 0xFF, 0xFF, 0xFF, 0xFF, 0xFF,
    0xFF, 0xFF, 0xFF, 0xFF, 0xFF, 0xFF, 0xFF, 0xFF, 0xFF, 0xFF, 0xFF, 0xFF, 0xFF, 0xFF, 0xFF, 0xFF, 0xFF, 0xFF, 0xFF,
    0xFF, 0xFF, 0xFF, 0xFF, 0xFF, 0xFF, 0xFF, 0xFF, 0xFF, 0xFF, 0xFF, 0xFF, 0xFF, 0xFF, 0xFF, 0xFF, 0xFF, 0xFF, 0xFF,
    0xFF, 0xFF, 0xFF, 0xFF, 0xFF, 0xFF, 0xFF, 0xFF, 0xFF, 0xFF, 0xFF, 0xFF, 0xFF, 0xFF, 0xFF, 0xFF, 0xFF, 0xFF, 0xFF,
    0xFF, 0xFF, 0xFF, 0xFF, 0xFF, 0xFF, 0xFF, 0xFF, 0xFF, 0xFF, 0xFF, 0xFF, 0xFF, 0xFF, 0xFF, 0xFF, 0xFF, 0xFF, 0xFF,
    0xFF, 0xFF, 0xFF, 0xFF, 0xFF, 0xFF, 0xFF, 0xFF, 0xFF, 0xFF, 0xFF, 0xFF, 0xFF, 0xFF, 0xFF, 0xFF, 0xFF, 0xFF, 0xFF,
    0xFF, 0xFF, 0xFF, 0xFF, 0xFF, 0xFF, 0xFF, 0xFF, 0xFF, 0xFF, 0xFF, 0xFF, 0xFF, 0xFF, 0xFF, 0xFF, 0xFF, 0xFF, 0xFF,
    0xFF, 0xFF, 0xFF, 0xFF, 0xFF, 0xFF, 0xFF, 0xFF, 0xFF, 0xFF, 0xFF, 0xFF, 0xFF, 0xFF, 0xFF, 0xFF, 0xFF, 0xFF, 0xFF,
    0xFF, 0xFF, 0xFF, 0xFF, 0xFF, 0xFF, 0xFF, 0xFF, 0xFF, 0xFF, 0xFF, 0xFF, 0xFF, 0xFF, 0x3E, 0x8E, 0x3E, 0x8E, 0x3E,
    0x8E, 0x7D, 0x5D, 0x7D, 0x5D, 0x7D, 0x5D, 0x7D, 0x5D, 0x7D, 0x5D, 0x7D, 0x5D, 0x7D, 0x5D, 0x7D, 0x5D, 0x7D, 0x5D,
    0x7D, 0x5D, 0x7D, 0x5D, 0x7D, 0x5D, 0x7D, 0x5D, 0x7D, 0x5D, 0x7D, 0x5D, 0x7D, 0x5D, 0x7D, 0x5D, 0x7D, 0x5D, 0x7D,
    0x5D, 0x7D, 0x5D, 0x7D, 0x5D, 0x7D, 0x5D, 0x7D, 0x5D, 0x7D, 0x5D, 0x7D, 0x5D, 0x7D, 0x5D, 0x7D, 0x5D, 0x7D, 0x5D,
    0x7D, 0x5D, 0x7D, 0x5D, 0x7D, 0x5D, 0x7D, 0x5D, 0x7D, 0x5D, 0x7D, 0x5D, 0x7D, 0x5D, 0x7D, 0x5D, 0x7D, 0x5D, 0x7D,
    0x5D, 0x7D, 0x5D, 0x7D, 0x5D, 0x7D, 0x5D, 0x7D, 0x5D, 0x7D, 0x5D, 0x7D, 0x5D, 0x7D, 0x5D, 0x7D, 0x5D, 0x7D, 0x5D,
    0x7D, 0x5D, 0x7D, 0x5D, 0x7D, 0x5D, 0x7D, 0x5D, 0x7D, 0x5D, 0x7D, 0x5D, 0x7D, 0x5D, 0x7D, 0x5D, 0x7D, 0x5D, 0x7D,
    0x5D, 0x7C, 0x65, 0x7C, 0x65, 0x7C, 0x65, 0x69, 0xFE, 0x69, 0xFE, 0x69, 0xFE, 0x89, 0x43, 0x89, 0x43, 0x89, 0x43,
    0x89, 0x43, 0x89, 0x43, 0x89, 0x43, 0x89, 0x43, 0x89, 0x43, 0x89, 0x43, 0x89, 0x43, 0x89, 0x43, 0x89, 0x43, 0x89,
    0x43, 0x89, 0x43, 0x2E, 0xDE, 0x2E, 0xDE, 0x2E, 0xDE, 0x7D, 0x5D, 0x7D, 0x5D, 0x7D, 0x5D, 0x7D, 0x5D, 0x7D, 0x5D,
    0x7D, 0x5D, 0x7D, 0x5D, 0x7D, 0x5D, 0x7D, 0x5D, 0x7D, 0x5D, 0x7D, 0x5D, 0x7D, 0x5D, 0x7D, 0x5D, 0x7D, 0x5D, 0x7D,
    0x5D, 0x7D, 0x5D, 0x7D, 0x5D, 0x7D, 0x5D, 0x7D, 0x5D, 0x7D, 0x5D, 0x7D, 0x5D, 0x7D, 0x5D, 0x7D, 0x5D, 0x7D, 0x5D,
    0x7D, 0x5D, 0x7D, 0x5D, 0x7D, 0x5D, 0x7D, 0x5D, 0x7D, 0x5D, 0x7D, 0x5D, 0x7D, 0x5D, 0x7D, 0x5D, 0x7D, 0x5D, 0x7D,
    0x5D, 0x7D, 0x5D, 0x7D, 0x5D, 0x7D, 0x5D, 0x7D, 0x5D, 0x7D, 0x5D, 0x7D, 0x5D, 0x7D, 0x5D, 0x7D, 0x5D, 0x7D, 0x5D,
    0x7D, 0x5D, 0x7D, 0x5D, 0x7D, 0x5D, 0x7D, 0x5D, 0x7D, 0x5D, 0x7D, 0x5D, 0x7D, 0x5D, 0x7D, 0x5D, 0x7D, 0x5D, 0x7D,
    0x5D, 0x7D, 0x5D, 0x7D, 0x5D, 0x7D, 0x5D, 0x7D, 0x5D, 0x7D, 0x5D, 0x7D, 0x5D, 0x7D, 0x5D, 0x3E, 0x8E, 0x3E, 0x8E,
    0x3E, 0x8E, 0xFF, 0xFF, 0xFF, 0xFF, 0xFF, 0xFF, 0xFF, 0xFF, 0xFF, 0xFF, 0xFF, 0xFF, 0xFF, 0xFF, 0xFF, 0xFF, 0xFF,
    0xFF, 0xFF, 0xFF, 0xFF, 0xFF, 0xFF, 0xFF, 0xFF, 0xFF, 0xFF, 0xFF, 0xFF, 0xFF, 0xFF, 0xFF, 0xFF, 0xFF, 0xFF, 0xFF,
    0xFF, 0xFF, 0xFF, 0xFF, 0xFF, 0xFF, 0xFF, 0xFF, 0xFF, 0xFF, 0xFF, 0xFF, 0xFF, 0xFF, 0xFF, 0xFF, 0xFF, 0xFF, 0xFF,
    0xFF, 0xFF, 0xFF, 0xFF, 0xFF, 0xFF, 0xFF, 0xFF, 0xFF, 0xFF, 0xFF, 0xFF, 0xFF, 0xFF, 0xFF, 0xFF, 0xFF, 0xFF, 0xFF,
    0xFF, 0xFF, 0xFF, 0xFF, 0xFF, 0xFF, 0xFF, 0xFF, 0xFF, 0xFF, 0xFF, 0xFF, 0xFF, 0xFF, 0xFF, 0xFF, 0xFF, 0xFF, 0xFF,
    0xFF, 0xFF, 0xFF, 0xFF, 0xFF, 0xFF, 0xFF, 0xFF, 0xFF, 0xFF, 0xFF, 0xFF, 0xFF, 0xFF, 0xFF, 0xFF, 0xFF, 0xFF, 0xFF,
    0xFF, 0xFF, 0xFF, 0xFF, 0xFF, 0xFF, 0xFF, 0xFF, 0xFF, 0xFF, 0xFF, 0xFF, 0xFF, 0xFF, 0xFF, 0xFF, 0xFF, 0xFF, 0xFF,
    0xFF, 0xFF, 0xFF, 0xFF, 0xFF, 0xFF, 0xFF, 0xFF, 0xFF, 0xFF, 0xFF, 0xFF, 0xFF, 0xFF, 0xFF, 0xFF, 0xFF, 0xFF, 0xFF,
    0xFF, 0xFF, 0xFF, 0xFF, 0xFF, 0xFF, 0xFF, 0xFF, 0xFF, 0xFF, 0xFF, 0xFF, 0xFF, 0xFF, 0xFF, 0xFF, 0xFF, 0xFF, 0xFF,
    0xFF, 0xFF, 0xFF, 0xFF, 0xFF, 0xFF, 0xFF, 0xFF, 0xFF, 0xFF, 0xFF, 0xFF, 0xFF, 0xFF, 0xFF, 0xFF, 0xFF, 0xFF, 0xFF,
    0x3E, 0x8E, 0x3E, 0x8E, 0x3E, 0x8E, 0x7D, 0x5D, 0x7D, 0x5D, 0x7D, 0x5D, 0x7D, 0x5D, 0x7D, 0x5D, 0x7D, 0x5D, 0x7D,
    0x5D, 0x7D, 0x5D, 0x7D, 0x5D, 0x7D, 0x5D, 0x7D, 0x5D, 0x7D, 0x5D, 0x7D, 0x5D, 0x7D, 0x5D, 0x7D, 0x5D, 0x7D, 0x5D,
    0x7D, 0x5D, 0x7D, 0x5D, 0x7D, 0x5D, 0x7D, 0x5D, 0x7D, 0x5D, 0x7D, 0x5D, 0x7D, 0x5D, 0x7D, 0x5D, 0x7D, 0x5D, 0x7D,
    0x5D, 0x7D, 0x5D, 0x7D, 0x5D, 0x7D, 0x5D, 0x7D, 0x5D, 0x7D, 0x5D, 0x7D, 0x5D, 0x7D, 0x5D, 0x7D, 0x5D, 0x7D, 0x5D,
    0x7D, 0x5D, 0x7D, 0x5D, 0x7D, 0x5D, 0x7D, 0x5D, 0x7D, 0x5D, 0x7D, 0x5D, 0x7D, 0x5D, 0x7D, 0x5D, 0x7D, 0x5D, 0x7D,
    0x5D, 0x7D, 0x5D, 0x7D, 0x5D, 0x7D, 0x5D, 0x7D, 0x5D, 0x7D, 0x5D, 0x7D, 0x5D, 0x7D, 0x5D, 0x7D, 0x5D, 0x7D, 0x5D,
    0x7D, 0x5D, 0x7D, 0x5D, 0x7D, 0x5D, 0x7C, 0x65, 0x7C, 0x65, 0x7C, 0x65, 0x69, 0xFE, 0x69, 0xFE, 0x69, 0xFE, 0x89,
    0x43, 0x89, 0x43, 0x89, 0x43, 0x89, 0x43, 0x89, 0x43, 0x89, 0x43, 0x89, 0x43, 0x89, 0x43, 0x89, 0x43, 0x89, 0x43,
    0x89, 0x43, 0x89, 0x43, 0x89, 0x43, 0x89, 0x43, 0x2E, 0xDE, 0x2E, 0xDE, 0x2E, 0xDE, 0x7D, 0x5D, 0x7D, 0x5D, 0x7D,
    0x5D, 0x7D, 0x5D, 0x7D, 0x5D, 0x7D, 0x5D, 0x7D, 0x5D, 0x7D, 0x5D, 0x7D, 0x5D, 0x7D, 0x5D, 0x7D, 0x5D, 0x7D, 0x5D,
    0x7D, 0x5D, 0x7D, 0x5D, 0x7D, 0x5D, 0x7D, 0x5D, 0x7D, 0x5D, 0x7D, 0x5D, 0x7D, 0x5D, 0x7D, 0x5D, 0x7D, 0x5D, 0x7D,
    0x5D, 0x7D, 0x5D, 0x7D, 0x5D, 0x7D, 0x5D, 0x7D, 0x5D, 0x7D, 0x5D, 0x7D, 0x5D, 0x7D, 0x5D, 0x7D, 0x5D, 0x7D, 0x5D,
    0x7D, 0x5D, 0x7D, 0x5D, 0x7D, 0x5D, 0x7D, 0x5D, 0x7D, 0x5D, 0x7D, 0x5D, 0x7D, 0x5D, 0x7D, 0x5D, 0x7D, 0x5D, 0x7D,
    0x5D, 0x7D, 0x5D, 0x7D, 0x5D, 0x7D, 0x5D, 0x7D, 0x5D, 0x7D, 0x5D, 0x7D, 0x5D, 0x7D, 0x5D, 0x7D, 0x5D, 0x7D, 0x5D,
    0x7D, 0x5D, 0x7D, 0x5D, 0x7D, 0x5D, 0x7D, 0x5D, 0x7D, 0x5D, 0x7D, 0x5D, 0x7D, 0x5D, 0x7D, 0x5D, 0x7D, 0x5D, 0x7D,
    0x5D, 0x3E, 0x8E, 0x3E, 0x8E, 0x3E, 0x8E, 0xFF, 0xFF, 0xFF, 0xFF, 0xFF, 0xFF, 0xFF, 0xFF, 0xFF, 0xFF, 0xFF, 0xFF,
    0xFF, 0xFF, 0xFF, 0xFF, 0xFF, 0xFF, 0xFF, 0xFF, 0xFF, 0xFF, 0xFF, 0xFF, 0xFF, 0xFF, 0xFF, 0xFF, 0xFF, 0xFF, 0xFF,
    0xFF, 0xFF, 0xFF, 0xFF, 0xFF, 0xFF, 0xFF, 0xFF, 0xFF, 0xFF, 0xFF, 0xFF, 0xFF, 0xFF, 0xFF, 0xFF, 0xFF, 0xFF, 0xFF,
    0xFF, 0xFF, 0xFF, 0xFF, 0xFF, 0xFF, 0xFF, 0xFF, 0xFF, 0xFF, 0xFF, 0xFF, 0xFF, 0xFF, 0xFF, 0xFF, 0xFF, 0xFF, 0xFF,
    0xFF, 0xFF, 0xFF, 0xFF, 0xFF, 0xFF, 0xFF, 0xFF, 0xFF, 0xFF, 0xFF, 0xFF, 0xFF, 0xFF, 0xFF, 0xFF, 0xFF, 0xFF, 0xFF,
    0xFF, 0xFF, 0xFF, 0xFF, 0xFF, 0xFF, 0xFF, 0xFF, 0xFF, 0xFF, 0xFF, 0xFF, 0xFF, 0xFF, 0xFF, 0xFF, 0xFF, 0xFF, 0xFF,
    0xFF, 0xFF, 0xFF, 0xFF, 0xFF, 0xFF, 0xFF, 0xFF, 0xFF, 0xFF, 0xFF, 0xFF, 0xFF, 0xFF, 0xFF, 0xFF, 0xFF, 0xFF, 0xFF,
    0xFF, 0xFF, 0xFF, 0xFF, 0xFF, 0xFF, 0xFF, 0xFF, 0xFF, 0xFF, 0xFF, 0xFF, 0xFF, 0xFF, 0xFF, 0xFF, 0xFF, 0xFF, 0xFF,
    0xFF, 0xFF, 0xFF, 0xFF, 0xFF, 0xFF, 0xFF, 0xFF, 0xFF, 0xFF, 0xFF, 0xFF, 0xFF, 0xFF, 0xFF, 0xFF, 0xFF, 0xFF, 0xFF,
    0xFF, 0xFF, 0xFF, 0xFF, 0xFF, 0xFF, 0xFF, 0xFF, 0xFF, 0xFF, 0xFF, 0xFF, 0xFF, 0xFF, 0xFF, 0xFF, 0xFF, 0xFF, 0xFF,
    0xFF, 0xFF, 0xFF, 0xFF, 0xFF, 0x3E, 0x8E, 0x3E, 0x8E, 0x3E, 0x8E, 0x7D, 0x5D, 0x7D, 0x5D, 0x7D, 0x5D, 0x7D, 0x5D,
    0x7D, 0x5D, 0x7D, 0x5D, 0x7D, 0x5D, 0x7D, 0x5D, 0x7D, 0x5D, 0x7D, 0x5D, 0x7D, 0x5D, 0x7D, 0x5D, 0x7D, 0x5D, 0x7D,
    0x5D, 0x7D, 0x5D, 0x7D, 0x5D, 0x7D, 0x5D, 0x7D, 0x5D, 0x7D, 0x5D, 0x7D, 0x5D, 0x7D, 0x5D, 0x7D, 0x5D, 0x7D, 0x5D,
    0x7D, 0x5D, 0x7D, 0x5D, 0x7D, 0x5D, 0x7D, 0x5D, 0x7D, 0x5D, 0x7D, 0x5D, 0x7D, 0x5D, 0x7D, 0x5D, 0x7D, 0x5D, 0x7D,
    0x5D, 0x7D, 0x5D, 0x7D, 0x5D, 0x7D, 0x5D, 0x7D, 0x5D, 0x7D, 0x5D, 0x7D, 0x5D, 0x7D, 0x5D, 0x7D, 0x5D, 0x7D, 0x5D,
    0x7D, 0x5D, 0x7D, 0x5D, 0x7D, 0x5D, 0x7D, 0x5D, 0x7D, 0x5D, 0x7D, 0x5D, 0x7D, 0x5D, 0x7D, 0x5D, 0x7D, 0x5D, 0x7D,
    0x5D, 0x7D, 0x5D, 0x7D, 0x5D, 0x7D, 0x5D, 0x7D, 0x5D, 0x7D, 0x5D, 0x7C, 0x65, 0x7C, 0x65, 0x7C, 0x65, 0x69, 0xFE,
    0x69, 0xFE, 0x69, 0xFE, 0x89, 0x43, 0x89, 0x43, 0x89, 0x43, 0x89, 0x43, 0x89, 0x43, 0x89, 0x43, 0x89, 0x43, 0x89,
    0x43, 0x89, 0x43, 0x89, 0x43, 0x89, 0x43, 0x89, 0x43, 0x89, 0x43, 0x89, 0x43, 0x7D, 0x5D, 0x7D, 0x5D, 0x7D, 0x5D,
    0x7D, 0x5D, 0x7D, 0x5D, 0x7D, 0x5D, 0x7D, 0x5D, 0x7D, 0x5D, 0x7D, 0x5D, 0x7D, 0x5D, 0x7D, 0x5D, 0x7D, 0x5D, 0x7D,
    0x5D, 0x7D, 0x5D, 0x7D, 0x5D, 0x7D, 0x5D, 0x7D, 0x5D, 0x7D, 0x5D, 0x7D, 0x5D, 0x7D, 0x5D, 0x7D, 0x5D, 0x7D, 0x5D,
    0x7D, 0x5D, 0x7D, 0x5D, 0x7D, 0x5D, 0x7D, 0x5D, 0x7D, 0x5D, 0x7D, 0x5D, 0x7D, 0x5D, 0x7D, 0x5D, 0x7D, 0x5D, 0x7D,
    0x5D, 0x7D, 0x5D, 0x7D, 0x5D, 0x7D, 0x5D, 0x7D, 0x5D, 0x7D, 0x5D, 0x7D, 0x5D, 0x7D, 0x5D, 0x7D, 0x5D, 0x7D, 0x5D,
    0x7D, 0x5D, 0x7D, 0x5D, 0x7D, 0x5D, 0x7D, 0x5D, 0x7D, 0x5D, 0x7D, 0x5D, 0x7D, 0x5D, 0x7D, 0x5D, 0x7D, 0x5D, 0x7D,
    0x5D, 0x7D, 0x5D, 0x7D, 0x5D, 0x7D, 0x5D, 0x7D, 0x5D, 0x7D, 0x5D, 0x7D, 0x5D, 0x7D, 0x5D, 0x7D, 0x5D, 0x7D, 0x5D,
    0x7D, 0x5D, 0x7D, 0x5D, 0x7D, 0x5D, 0x7D, 0x5D, 0x7D, 0x5D, 0x7D, 0x5D, 0x97, 0xDE, 0x97, 0xDE, 0x97, 0xDE, 0x97,
    0xDE, 0xFF, 0xFF, 0xFF, 0xFF, 0xFF, 0xFF, 0xFF, 0xFF, 0xFF, 0xFF, 0xFF, 0xFF, 0xFF, 0xFF, 0xFF, 0xFF, 0xFF, 0xFF,
    0xFF, 0xFF, 0xFF, 0xFF, 0xFF, 0xFF, 0xFF, 0xFF, 0xFF, 0xFF, 0xFF, 0xFF, 0xFF, 0xFF, 0xFF, 0xFF, 0xFF, 0xFF, 0xFF,
    0xFF, 0xFF, 0xFF, 0xFF, 0xFF, 0xFF, 0xFF, 0xFF, 0xFF, 0xFF, 0xFF, 0xFF, 0xFF, 0xFF, 0xFF, 0xFF, 0xFF, 0xFF, 0xFF,
    0xFF, 0xFF, 0xFF, 0xFF, 0xFF, 0xFF, 0xFF, 0xFF, 0xFF, 0xFF, 0xFF, 0xFF, 0xFF, 0xFF, 0xFF, 0xFF, 0xFF, 0xFF, 0xFF,
    0xFF, 0xFF, 0xFF, 0xFF, 0xFF, 0xFF, 0xFF, 0xFF, 0xFF, 0xFF, 0xFF, 0xFF, 0xFF, 0xFF, 0xFF, 0xFF, 0xFF, 0xFF, 0xFF,
    0xFF, 0xFF, 0xFF, 0xFF, 0xFF, 0xFF, 0xFF, 0xFF, 0xFF, 0xFF, 0xFF, 0xFF, 0xFF, 0xFF, 0xFF, 0xFF, 0xFF, 0xFF, 0xFF,
    0xFF, 0xFF, 0xFF, 0xFF, 0xFF, 0xFF, 0xFF, 0xFF, 0xFF, 0xFF, 0xFF, 0xFF, 0xFF, 0xFF, 0xFF, 0xFF, 0xFF, 0xFF, 0xFF,
    0xFF, 0xFF, 0xFF, 0xFF, 0xFF, 0xFF, 0xFF, 0xFF, 0xFF, 0xFF, 0xFF, 0xFF, 0xFF, 0xFF, 0xFF, 0xFF, 0xFF, 0xFF, 0xFF,
    0xFF, 0xFF, 0xFF, 0xFF, 0xFF, 0xFF, 0xFF, 0xFF, 0xFF, 0xFF, 0xFF, 0xFF, 0xFF, 0xFF, 0xFF, 0xFF, 0xFF, 0xFF, 0xFF,
    0xFF, 0xFF, 0x97, 0xDE, 0x97, 0xDE, 0x97, 0xDE, 0x97, 0xDE, 0x7D, 0x5D, 0x7D, 0x5D, 0x7D, 0x5D, 0x7D, 0x5D, 0x7D,
    0x5D, 0x7D, 0x5D, 0x7D, 0x5D, 0x7D, 0x5D, 0x7D, 0x5D, 0x7D, 0x5D, 0x7D, 0x5D, 0x7D, 0x5D, 0x7D, 0x5D, 0x7D, 0x5D,
    0x7D, 0x5D, 0x7D, 0x5D, 0x7D, 0x5D, 0x7D, 0x5D, 0x7D, 0x5D, 0x7D, 0x5D, 0x7D, 0x5D, 0x7D, 0x5D, 0x7D, 0x5D, 0x7D,
    0x5D, 0x7D, 0x5D, 0x7D, 0x5D, 0x7D, 0x5D, 0x7D, 0x5D, 0x7D, 0x5D, 0x7D, 0x5D, 0x7D, 0x5D, 0x7D, 0x5D, 0x7D, 0x5D,
    0x7D, 0x5D, 0x7D, 0x5D, 0x7D, 0x5D, 0x7D, 0x5D, 0x7D, 0x5D, 0x7D, 0x5D, 0x7D, 0x5D, 0x7D, 0x5D, 0x7D, 0x5D, 0x7D,
    0x5D, 0x7D, 0x5D, 0x7D, 0x5D, 0x7D, 0x5D, 0x7D, 0x5D, 0x7D, 0x5D, 0x7D, 0x5D, 0x7D, 0x5D, 0x7D, 0x5D, 0x7D, 0x5D,
    0x7D, 0x5D, 0x7D, 0x5D, 0x7D, 0x5D, 0x7D, 0x5D, 0x7D, 0x5D, 0x7D, 0x5D, 0x7D, 0x5D, 0x7D, 0x5D, 0x7D, 0x5D, 0x7D,
    0x5D, 0x7D, 0x5D, 0x7D, 0x5D, 0x7D, 0x5D, 0x7D, 0x5D, 0x89, 0x43, 0x89, 0x43, 0x89, 0x43, 0x89, 0x43, 0x89, 0x43,
    0x89, 0x43, 0x89, 0x43, 0x89, 0x43, 0x89, 0x43, 0x89, 0x43, 0x89, 0x43, 0x89, 0x43, 0x89, 0x43, 0x89, 0x43, 0x7D,
    0x5D, 0x7D, 0x5D, 0x7D, 0x5D, 0x7D, 0x5D, 0x7D, 0x5D, 0x7D, 0x5D, 0x7D, 0x5D, 0x7D, 0x5D, 0x7D, 0x5D, 0x7D, 0x5D,
    0x7D, 0x5D, 0x7D, 0x5D, 0x7D, 0x5D, 0x7D, 0x5D, 0x7D, 0x5D, 0x7D, 0x5D, 0x7D, 0x5D, 0x7D, 0x5D, 0x7D, 0x5D, 0x7D,
    0x5D, 0x7D, 0x5D, 0x7D, 0x5D, 0x7D, 0x5D, 0x7D, 0x5D, 0x7D, 0x5D, 0x7D, 0x5D, 0x7D, 0x5D, 0x7D, 0x5D, 0x7D, 0x5D,
    0x7D, 0x5D, 0x7D, 0x5D, 0x7D, 0x5D, 0x7D, 0x5D, 0x7D, 0x5D, 0x7D, 0x5D, 0x7D, 0x5D, 0x7D, 0x5D, 0x7D, 0x5D, 0x7D,
    0x5D, 0x7D, 0x5D, 0x7D, 0x5D, 0x7D, 0x5D, 0x7D, 0x5D, 0x7D, 0x5D, 0x7D, 0x5D, 0x7D, 0x5D, 0x7D, 0x5D, 0x7D, 0x5D,
    0x7D, 0x5D, 0x7D, 0x5D, 0x7D, 0x5D, 0x7D, 0x5D, 0x7D, 0x5D, 0x7D, 0x5D, 0x7D, 0x5D, 0x7D, 0x5D, 0x7D, 0x5D, 0x7D,
    0x5D, 0x7D, 0x5D, 0x7D, 0x5D, 0x7D, 0x5D, 0x7D, 0x5D, 0x7D, 0x5D, 0x7D, 0x5D, 0x7D, 0x5D, 0x7D, 0x5D, 0x97, 0xDE,
    0x97, 0xDE, 0x97, 0xDE, 0x97, 0xDE, 0xFF, 0xFF, 0xFF, 0xFF, 0xFF, 0xFF, 0xFF, 0xFF, 0xFF, 0xFF, 0xFF, 0xFF, 0xFF,
    0xFF, 0xFF, 0xFF, 0xFF, 0xFF, 0xFF, 0xFF, 0xFF, 0xFF, 0xFF, 0xFF, 0xFF, 0xFF, 0xFF, 0xFF, 0xFF, 0xFF, 0xFF, 0xFF,
    0xFF, 0xFF, 0xFF, 0xFF, 0xFF, 0xFF, 0xFF, 0xFF, 0xFF, 0xFF, 0xFF, 0xFF, 0xFF, 0xFF, 0xFF, 0xFF, 0xFF, 0xFF, 0xFF,
    0xFF, 0xFF, 0xFF, 0xFF, 0xFF, 0xFF, 0xFF, 0xFF, 0xFF, 0xFF, 0xFF, 0xFF, 0xFF, 0xFF, 0xFF, 0xFF, 0xFF, 0xFF, 0xFF,
    0xFF, 0xFF, 0xFF, 0xFF, 0xFF, 0xFF, 0xFF, 0xFF, 0xFF, 0xFF, 0xFF, 0xFF, 0xFF, 0xFF, 0xFF, 0xFF, 0xFF, 0xFF, 0xFF,
    0xFF, 0xFF, 0xFF, 0xFF, 0xFF, 0xFF, 0xFF, 0xFF, 0xFF, 0xFF, 0xFF, 0xFF, 0xFF, 0xFF, 0xFF, 0xFF, 0xFF, 0xFF, 0xFF,
    0xFF, 0xFF, 0xFF, 0xFF, 0xFF, 0xFF, 0xFF, 0xFF, 0xFF, 0xFF, 0xFF, 0xFF, 0xFF, 0xFF, 0xFF, 0xFF, 0xFF, 0xFF, 0xFF,
    0xFF, 0xFF, 0xFF, 0xFF, 0xFF, 0xFF, 0xFF, 0xFF, 0xFF, 0xFF, 0xFF, 0xFF, 0xFF, 0xFF, 0xFF, 0xFF, 0xFF, 0xFF, 0xFF,
    0xFF, 0xFF, 0xFF, 0xFF, 0xFF, 0xFF, 0xFF, 0xFF, 0xFF, 0xFF, 0xFF, 0xFF, 0xFF, 0xFF, 0xFF, 0xFF, 0xFF, 0xFF, 0xFF,
    0xFF, 0xFF, 0xFF, 0xFF, 0xFF, 0xFF, 0xFF, 0x97, 0xDE, 0x97, 0xDE, 0x97, 0xDE, 0x97, 0xDE, 0x7D, 0x5D, 0x7D, 0x5D,
    0x7D, 0x5D, 0x7D, 0x5D, 0x7D, 0x5D, 0x7D, 0x5D, 0x7D, 0x5D, 0x7D, 0x5D, 0x7D, 0x5D, 0x7D, 0x5D, 0x7D, 0x5D, 0x7D,
    0x5D, 0x7D, 0x5D, 0x7D, 0x5D, 0x7D, 0x5D, 0x7D, 0x5D, 0x7D, 0x5D, 0x7D, 0x5D, 0x7D, 0x5D, 0x7D, 0x5D, 0x7D, 0x5D,
    0x7D, 0x5D, 0x7D, 0x5D, 0x7D, 0x5D, 0x7D, 0x5D, 0x7D, 0x5D, 0x7D, 0x5D, 0x7D, 0x5D, 0x7D, 0x5D, 0x7D, 0x5D, 0x7D,
    0x5D, 0x7D, 0x5D, 0x7D, 0x5D, 0x7D, 0x5D, 0x7D, 0x5D, 0x7D, 0x5D, 0x7D, 0x5D, 0x7D, 0x5D, 0x7D, 0x5D, 0x7D, 0x5D,
    0x7D, 0x5D, 0x7D, 0x5D, 0x7D, 0x5D, 0x7D, 0x5D, 0x7D, 0x5D, 0x7D, 0x5D, 0x7D, 0x5D, 0x7D, 0x5D, 0x7D, 0x5D, 0x7D,
    0x5D, 0x7D, 0x5D, 0x7D, 0x5D, 0x7D, 0x5D, 0x7D, 0x5D, 0x7D, 0x5D, 0x7D, 0x5D, 0x7D, 0x5D, 0x7D, 0x5D, 0x7D, 0x5D,
    0x7D, 0x5D, 0x7D, 0x5D, 0x7D, 0x5D, 0x7D, 0x5D, 0x7D, 0x5D, 0x7D, 0x5D, 0x7D, 0x5D, 0x89, 0x43, 0x89, 0x43, 0x89,
    0x43, 0x89, 0x43, 0x89, 0x43, 0x89, 0x43, 0x89, 0x43, 0x89, 0x43, 0x89, 0x43, 0x89, 0x43, 0x89, 0x43, 0x89, 0x43,
    0x89, 0x43, 0x89, 0x43, 0x7D, 0x5D, 0x7D, 0x5D, 0x7D, 0x5D, 0x7D, 0x5D, 0x7D, 0x5D, 0x7D, 0x5D, 0x7D, 0x5D, 0x7D,
    0x5D, 0x7D, 0x5D, 0x7D, 0x5D, 0x7D, 0x5D, 0x7D, 0x5D, 0x7D, 0x5D, 0x7D, 0x5D, 0x7D, 0x5D, 0x7D, 0x5D, 0x7D, 0x5D,
    0x7D, 0x5D, 0x7D, 0x5D, 0x7D, 0x5D, 0x7D, 0x5D, 0x7D, 0x5D, 0x7D, 0x5D, 0x7D, 0x5D, 0x7D, 0x5D, 0x7D, 0x5D, 0x7D,
    0x5D, 0x7D, 0x5D, 0x7D, 0x5D, 0x7D, 0x5D, 0x7D, 0x5D, 0x7D, 0x5D, 0x7D, 0x5D, 0x7D, 0x5D, 0x7D, 0x5D, 0x7D, 0x5D,
    0x7D, 0x5D, 0x7D, 0x5D, 0x7D, 0x5D, 0x7D, 0x5D, 0x7D, 0x5D, 0x7D, 0x5D, 0x7D, 0x5D, 0x7D, 0x5D, 0x7D, 0x5D, 0x7D,
    0x5D, 0x7D, 0x5D, 0x7D, 0x5D, 0x7D, 0x5D, 0x7D, 0x5D, 0x7D, 0x5D, 0x7D, 0x5D, 0x7D, 0x5D, 0x7D, 0x5D, 0x7D, 0x5D,
    0x7D, 0x5D, 0x7D, 0x5D, 0x7D, 0x5D, 0x7D, 0x5D, 0x7D, 0x5D, 0x7D, 0x5D, 0x7D, 0x5D, 0x7D, 0x5D, 0x7D, 0x5D, 0x7D,
    0x5D, 0x7D, 0x5D, 0x97, 0xDE, 0x97, 0xDE, 0x97, 0xDE, 0x97, 0xDE, 0xFF, 0xFF, 0xFF, 0xFF, 0xFF, 0xFF, 0xFF, 0xFF,
    0xFF, 0xFF, 0xFF, 0xFF, 0xFF, 0xFF, 0xFF, 0xFF, 0xFF, 0xFF, 0xFF, 0xFF, 0xFF, 0xFF, 0xFF, 0xFF, 0xFF, 0xFF, 0xFF,
    0xFF, 0xFF, 0xFF, 0xFF, 0xFF, 0xFF, 0xFF, 0xFF, 0xFF, 0xFF, 0xFF, 0xFF, 0xFF, 0xFF, 0xFF, 0xFF, 0xFF, 0xFF, 0xFF,
    0xFF, 0xFF, 0xFF, 0xFF, 0xFF, 0xFF, 0xFF, 0xFF, 0xFF, 0xFF, 0xFF, 0xFF, 0xFF, 0xFF, 0xFF, 0xFF, 0xFF, 0xFF, 0xFF,
    0xFF, 0xFF, 0xFF, 0xFF, 0xFF, 0xFF, 0xFF, 0xFF, 0xFF, 0xFF, 0xFF, 0xFF, 0xFF, 0xFF, 0xFF, 0xFF, 0xFF, 0xFF, 0xFF,
    0xFF, 0xFF, 0xFF, 0xFF, 0xFF, 0xFF, 0xFF, 0xFF, 0xFF, 0xFF, 0xFF, 0xFF, 0xFF, 0xFF, 0xFF, 0xFF, 0xFF, 0xFF, 0xFF,
    0xFF, 0xFF, 0xFF, 0xFF, 0xFF, 0xFF, 0xFF, 0xFF, 0xFF, 0xFF, 0xFF, 0xFF, 0xFF, 0xFF, 0xFF, 0xFF, 0xFF, 0xFF, 0xFF,
    0xFF, 0xFF, 0xFF, 0xFF, 0xFF, 0xFF, 0xFF, 0xFF, 0xFF, 0xFF, 0xFF, 0xFF, 0xFF, 0xFF, 0xFF, 0xFF, 0xFF, 0xFF, 0xFF,
    0xFF, 0xFF, 0xFF, 0xFF, 0xFF, 0xFF, 0xFF, 0xFF, 0xFF, 0xFF, 0xFF, 0xFF, 0xFF, 0xFF, 0xFF, 0xFF, 0xFF, 0xFF, 0xFF,
    0xFF, 0xFF, 0xFF, 0xFF, 0xFF, 0xFF, 0xFF, 0xFF, 0xFF, 0xFF, 0xFF, 0xFF, 0x97, 0xDE, 0x97, 0xDE, 0x97, 0xDE, 0x97,
    0xDE, 0x7D, 0x5D, 0x7D, 0x5D, 0x7D, 0x5D, 0x7D, 0x5D, 0x7D, 0x5D, 0x7D, 0x5D, 0x7D, 0x5D, 0x7D, 0x5D, 0x7D, 0x5D,
    0x7D, 0x5D, 0x7D, 0x5D, 0x7D, 0x5D, 0x7D, 0x5D, 0x7D, 0x5D, 0x7D, 0x5D, 0x7D, 0x5D, 0x7D, 0x5D, 0x7D, 0x5D, 0x7D,
    0x5D, 0x7D, 0x5D, 0x7D, 0x5D, 0x7D, 0x5D, 0x7D, 0x5D, 0x7D, 0x5D, 0x7D, 0x5D, 0x7D, 0x5D, 0x7D, 0x5D, 0x7D, 0x5D,
    0x7D, 0x5D, 0x7D, 0x5D, 0x7D, 0x5D, 0x7D, 0x5D, 0x7D, 0x5D, 0x7D, 0x5D, 0x7D, 0x5D, 0x7D, 0x5D, 0x7D, 0x5D, 0x7D,
    0x5D, 0x7D, 0x5D, 0x7D, 0x5D, 0x7D, 0x5D, 0x7D, 0x5D, 0x7D, 0x5D, 0x7D, 0x5D, 0x7D, 0x5D, 0x7D, 0x5D, 0x7D, 0x5D,
    0x7D, 0x5D, 0x7D, 0x5D, 0x7D, 0x5D, 0x7D, 0x5D, 0x7D, 0x5D, 0x7D, 0x5D, 0x7D, 0x5D, 0x7D, 0x5D, 0x7D, 0x5D, 0x7D,
    0x5D, 0x7D, 0x5D, 0x7D, 0x5D, 0x7D, 0x5D, 0x7D, 0x5D, 0x7D, 0x5D, 0x7D, 0x5D, 0x7D, 0x5D, 0x7D, 0x5D, 0x7D, 0x5D,
    0x89, 0x43, 0x89, 0x43, 0x89, 0x43, 0x89, 0x43, 0x89, 0x43, 0x89, 0x43, 0x89, 0x43, 0x89, 0x43, 0x89, 0x43, 0x89,
    0x43, 0x89, 0x43, 0x89, 0x43, 0x89, 0x43, 0x89, 0x43, 0x7D, 0x5D, 0x7D, 0x5D, 0x7D, 0x5D, 0x7D, 0x5D, 0x7D, 0x5D,
    0x7D, 0x5D, 0x7D, 0x5D, 0x7D, 0x5D, 0x7D, 0x5D, 0x7D, 0x5D, 0x7D, 0x5D, 0x7D, 0x5D, 0x7D, 0x5D, 0x7D, 0x5D, 0x7D,
    0x5D, 0x7D, 0x5D, 0x7D, 0x5D, 0x7D, 0x5D, 0x7D, 0x5D, 0x7D, 0x5D, 0x7D, 0x5D, 0x7D, 0x5D, 0x7D, 0x5D, 0x7D, 0x5D,
    0x7D, 0x5D, 0x7D, 0x5D, 0x7D, 0x5D, 0x7D, 0x5D, 0x7D, 0x5D, 0x7D, 0x5D, 0x7D, 0x5D, 0x7D, 0x5D, 0x7D, 0x5D, 0x7D,
    0x5D, 0x7D, 0x5D, 0x7D, 0x5D, 0x7D, 0x5D, 0x7D, 0x5D, 0x7D, 0x5D, 0x7D, 0x5D, 0x7D, 0x5D, 0x7D, 0x5D, 0x7D, 0x5D,
    0x7D, 0x5D, 0x7D, 0x5D, 0x7D, 0x5D, 0x7D, 0x5D, 0x7D, 0x5D, 0x7D, 0x5D, 0x7D, 0x5D, 0x7D, 0x5D, 0x7D, 0x5D, 0x7D,
    0x5D, 0x7D, 0x5D, 0x7D, 0x5D, 0x7D, 0x5D, 0x7D, 0x5D, 0x7D, 0x5D, 0x7D, 0x5D, 0x7D, 0x5D, 0x7D, 0x5D, 0x7D, 0x5D,
    0x7D, 0x5D, 0x7D, 0x5D, 0x7D, 0x5D, 0x7D, 0x5D, 0x20, 0x62, 0x20, 0x62, 0x20, 0x62, 0x20, 0x62, 0xEA, 0x93, 0xEA,
    0x93, 0xEA, 0x93, 0x7C, 0xF7, 0x7C, 0xF7, 0x7C, 0xF7, 0xFF, 0xFF, 0xFF, 0xFF, 0xFF, 0xFF, 0xFF, 0xFF, 0xFF, 0xFF,
    0xFF, 0xFF, 0xFF, 0xFF, 0xFF, 0xFF, 0xFF, 0xFF, 0xFF, 0xFF, 0xFF, 0xFF, 0xFF, 0xFF, 0xFF, 0xFF, 0xFF, 0xFF, 0xFF,
    0xFF, 0xFF, 0xFF, 0xFF, 0xFF, 0xFF, 0xFF, 0xFF, 0xFF, 0xFF, 0xFF, 0xFF, 0xFF, 0xFF, 0xFF, 0xFF, 0xFF, 0xFF, 0xFF,
    0xFF, 0xFF, 0xFF, 0xFF, 0xFF, 0xFF, 0xFF, 0xFF, 0xFF, 0xFF, 0xFF, 0xFF, 0xFF, 0xFF, 0xFF, 0xFF, 0xFF, 0xFF, 0xFF,
    0xFF, 0xFF, 0xFF, 0xFF, 0xFF, 0xFF, 0xFF, 0xFF, 0xFF, 0xFF, 0xFF, 0xFF, 0xFF, 0xFF, 0xFF, 0xFF, 0xFF, 0xFF, 0xFF,
    0xFF, 0xFF, 0xFF, 0xFF, 0xFF, 0xFF, 0xFF, 0xFF, 0xFF, 0xFF, 0xFF, 0xFF, 0xFF, 0xFF, 0xFF, 0xFF, 0xFF, 0xFF, 0xFF,
    0xFF, 0xFF, 0xFF, 0xFF, 0xFF, 0xFF, 0xFF, 0xFF, 0xFF, 0xFF, 0xFF, 0xFF, 0xFF, 0xFF, 0xFF, 0xFF, 0xFF, 0xFF, 0xFF,
    0xFF, 0xFF, 0xFF, 0xFF, 0xFF, 0xFF, 0xFF, 0xFF, 0xFF, 0xFF, 0xFF, 0xFF, 0xFF, 0xFF, 0xFF, 0xFF, 0xFF, 0xFF, 0xFF,
    0xFF, 0xFF, 0xFF, 0xFF, 0xFF, 0x7C, 0xF7, 0x7C, 0xF7, 0x7C, 0xF7, 0xEA, 0x93, 0xEA, 0x93, 0xEA, 0x93, 0x20, 0x62,
    0x20, 0x62, 0x20, 0x62, 0x20, 0x62, 0x7D, 0x5D, 0x7D, 0x5D, 0x7D, 0x5D, 0x7D, 0x5D, 0x7D, 0x5D, 0x7D, 0x5D, 0x7D,
    0x5D, 0x7D, 0x5D, 0x7D, 0x5D, 0x7D, 0x5D, 0x7D, 0x5D, 0x7D, 0x5D, 0x7D, 0x5D, 0x7D, 0x5D, 0x7D, 0x5D, 0x7D, 0x5D,
    0x7D, 0x5D, 0x7D, 0x5D, 0x7D, 0x5D, 0x7D, 0x5D, 0x7D, 0x5D, 0x7D, 0x5D, 0x7D, 0x5D, 0x7D, 0x5D, 0x7D, 0x5D, 0x7D,
    0x5D, 0x7D, 0x5D, 0x7D, 0x5D, 0x7D, 0x5D, 0x7D, 0x5D, 0x7D, 0x5D, 0x7D, 0x5D, 0x7D, 0x5D, 0x7D, 0x5D, 0x7D, 0x5D,
    0x7D, 0x5D, 0x7D, 0x5D, 0x7D, 0x5D, 0x7D, 0x5D, 0x7D, 0x5D, 0x7D, 0x5D, 0x7D, 0x5D, 0x7D, 0x5D, 0x7D, 0x5D, 0x7D,
    0x5D, 0x7D, 0x5D, 0x7D, 0x5D, 0x7D, 0x5D, 0x7D, 0x5D, 0x7D, 0x5D, 0x7D, 0x5D, 0x7D, 0x5D, 0x7D, 0x5D, 0x7D, 0x5D,
    0x7D, 0x5D, 0x7D, 0x5D, 0x7D, 0x5D, 0x7D, 0x5D, 0x7D, 0x5D, 0x7D, 0x5D, 0x7D, 0x5D, 0x7D, 0x5D, 0x7D, 0x5D, 0x7D,
    0x5D, 0x7D, 0x5D, 0x7D, 0x5D, 0x89, 0x43, 0x89, 0x43, 0x89, 0x43, 0x89, 0x43, 0x89, 0x43, 0x89, 0x43, 0x89, 0x43,
    0x89, 0x43, 0x89, 0x43, 0x89, 0x43, 0x89, 0x43, 0x89, 0x43, 0x89, 0x43, 0x89, 0x43, 0x7D, 0x5D, 0x7D, 0x5D, 0x7D,
    0x5D, 0x7D, 0x5D, 0x7D, 0x5D, 0x7D, 0x5D, 0x7D, 0x5D, 0x7D, 0x5D, 0x7D, 0x5D, 0x7D, 0x5D, 0x7D, 0x5D, 0x7D, 0x5D,
    0x7D, 0x5D, 0x7D, 0x5D, 0x7D, 0x5D, 0x7D, 0x5D, 0x7D, 0x5D, 0x7D, 0x5D, 0x7D, 0x5D, 0x7D, 0x5D, 0x7D, 0x5D, 0x7D,
    0x5D, 0x7D, 0x5D, 0x7D, 0x5D, 0x7D, 0x5D, 0x7D, 0x5D, 0x7D, 0x5D, 0x7D, 0x5D, 0x7D, 0x5D, 0x7D, 0x5D, 0x7D, 0x5D,
    0x7D, 0x5D, 0x7D, 0x5D, 0x7D, 0x5D, 0x7D, 0x5D, 0x7D, 0x5D, 0x7D, 0x5D, 0x7D, 0x5D, 0x7D, 0x5D, 0x7D, 0x5D, 0x7D,
    0x5D, 0x7D, 0x5D, 0x7D, 0x5D, 0x7D, 0x5D, 0x7D, 0x5D, 0x7D, 0x5D, 0x7D, 0x5D, 0x7D, 0x5D, 0x7D, 0x5D, 0x7D, 0x5D,
    0x7D, 0x5D, 0x7D, 0x5D, 0x7D, 0x5D, 0x7D, 0x5D, 0x7D, 0x5D, 0x7D, 0x5D, 0x7D, 0x5D, 0x7D, 0x5D, 0x7D, 0x5D, 0x7D,
    0x5D, 0x7D, 0x5D, 0x7D, 0x5D, 0x7D, 0x5D, 0x7D, 0x5D, 0x7D, 0x5D, 0x7D, 0x5D, 0x20, 0x62, 0x20, 0x62, 0x20, 0x62,
    0x20, 0x62, 0xEA, 0x93, 0xEA, 0x93, 0xEA, 0x93, 0x7C, 0xF7, 0x7C, 0xF7, 0x7C, 0xF7, 0xFF, 0xFF, 0xFF, 0xFF, 0xFF,
    0xFF, 0xFF, 0xFF, 0xFF, 0xFF, 0xFF, 0xFF, 0xFF, 0xFF, 0xFF, 0xFF, 0xFF, 0xFF, 0xFF, 0xFF, 0xFF, 0xFF, 0xFF, 0xFF,
    0xFF, 0xFF, 0xFF, 0xFF, 0xFF, 0xFF, 0xFF, 0xFF, 0xFF, 0xFF, 0xFF, 0xFF, 0xFF, 0xFF, 0xFF, 0xFF, 0xFF, 0xFF, 0xFF,
    0xFF, 0xFF, 0xFF, 0xFF, 0xFF, 0xFF, 0xFF, 0xFF, 0xFF, 0xFF, 0xFF, 0xFF, 0xFF, 0xFF, 0xFF, 0xFF, 0xFF, 0xFF, 0xFF,
    0xFF, 0xFF, 0xFF, 0xFF, 0xFF, 0xFF, 0xFF, 0xFF, 0xFF, 0xFF, 0xFF, 0xFF, 0xFF, 0xFF, 0xFF, 0xFF, 0xFF, 0xFF, 0xFF,
    0xFF, 0xFF, 0xFF, 0xFF, 0xFF, 0xFF, 0xFF, 0xFF, 0xFF, 0xFF, 0xFF, 0xFF, 0xFF, 0xFF, 0xFF, 0xFF, 0xFF, 0xFF, 0xFF,
    0xFF, 0xFF, 0xFF, 0xFF, 0xFF, 0xFF, 0xFF, 0xFF, 0xFF, 0xFF, 0xFF, 0xFF, 0xFF, 0xFF, 0xFF, 0xFF, 0xFF, 0xFF, 0xFF,
    0xFF, 0xFF, 0xFF, 0xFF, 0xFF, 0xFF, 0xFF, 0xFF, 0xFF, 0xFF, 0xFF, 0xFF, 0xFF, 0xFF, 0xFF, 0xFF, 0xFF, 0xFF, 0xFF,
    0xFF, 0xFF, 0xFF, 0xFF, 0xFF, 0xFF, 0xFF, 0xFF, 0xFF, 0xFF, 0x7C, 0xF7, 0x7C, 0xF7, 0x7C, 0xF7, 0xEA, 0x93, 0xEA,
    0x93, 0xEA, 0x93, 0x20, 0x62, 0x20, 0x62, 0x20, 0x62, 0x20, 0x62, 0x7D, 0x5D, 0x7D, 0x5D, 0x7D, 0x5D, 0x7D, 0x5D,
    0x7D, 0x5D, 0x7D, 0x5D, 0x7D, 0x5D, 0x7D, 0x5D, 0x7D, 0x5D, 0x7D, 0x5D, 0x7D, 0x5D, 0x7D, 0x5D, 0x7D, 0x5D, 0x7D,
    0x5D, 0x7D, 0x5D, 0x7D, 0x5D, 0x7D, 0x5D, 0x7D, 0x5D, 0x7D, 0x5D, 0x7D, 0x5D, 0x7D, 0x5D, 0x7D, 0x5D, 0x7D, 0x5D,
    0x7D, 0x5D, 0x7D, 0x5D, 0x7D, 0x5D, 0x7D, 0x5D, 0x7D, 0x5D, 0x7D, 0x5D, 0x7D, 0x5D, 0x7D, 0x5D, 0x7D, 0x5D, 0x7D,
    0x5D, 0x7D, 0x5D, 0x7D, 0x5D, 0x7D, 0x5D, 0x7D, 0x5D, 0x7D, 0x5D, 0x7D, 0x5D, 0x7D, 0x5D, 0x7D, 0x5D, 0x7D, 0x5D,
    0x7D, 0x5D, 0x7D, 0x5D, 0x7D, 0x5D, 0x7D, 0x5D, 0x7D, 0x5D, 0x7D, 0x5D, 0x7D, 0x5D, 0x7D, 0x5D, 0x7D, 0x5D, 0x7D,
    0x5D, 0x7D, 0x5D, 0x7D, 0x5D, 0x7D, 0x5D, 0x7D, 0x5D, 0x7D, 0x5D, 0x7D, 0x5D, 0x7D, 0x5D, 0x7D, 0x5D, 0x7D, 0x5D,
    0x7D, 0x5D, 0x7D, 0x5D, 0x7D, 0x5D, 0x7D, 0x5D, 0x7D, 0x5D, 0x89, 0x43, 0x89, 0x43, 0x89, 0x43, 0x89, 0x43, 0x89,
    0x43, 0x89, 0x43, 0x89, 0x43, 0x89, 0x43, 0x89, 0x43, 0x89, 0x43, 0x89, 0x43, 0x89, 0x43, 0x89, 0x43, 0x89, 0x43,
    0x7D, 0x5D, 0x7D, 0x5D, 0x7D, 0x5D, 0x7D, 0x5D, 0x7D, 0x5D, 0x7D, 0x5D, 0x7D, 0x5D, 0x7D, 0x5D, 0x7D, 0x5D, 0x7D,
    0x5D, 0x7D, 0x5D, 0x7D, 0x5D, 0x7D, 0x5D, 0x7D, 0x5D, 0x7D, 0x5D, 0x7D, 0x5D, 0x7D, 0x5D, 0x7D, 0x5D, 0x7D, 0x5D,
    0x7D, 0x5D, 0x7D, 0x5D, 0x7D, 0x5D, 0x7D, 0x5D, 0x7D, 0x5D, 0x7D, 0x5D, 0x7D, 0x5D, 0x7D, 0x5D, 0x7D, 0x5D, 0x7D,
    0x5D, 0x7D, 0x5D, 0x7D, 0x5D, 0x7D, 0x5D, 0x7D, 0x5D, 0x7D, 0x5D, 0x7D, 0x5D, 0x7D, 0x5D, 0x7D, 0x5D, 0x7D, 0x5D,
    0x7D, 0x5D, 0x7D, 0x5D, 0x7D, 0x5D, 0x7D, 0x5D, 0x7D, 0x5D, 0x7D, 0x5D, 0x7D, 0x5D, 0x7D, 0x5D, 0x7D, 0x5D, 0x7D,
    0x5D, 0x7D, 0x5D, 0x7D, 0x5D, 0x7D, 0x5D, 0x7D, 0x5D, 0x7D, 0x5D, 0x7D, 0x5D, 0x7D, 0x5D, 0x7D, 0x5D, 0x7D, 0x5D,
    0x7D, 0x5D, 0x7D, 0x5D, 0x7D, 0x5D, 0x7D, 0x5D, 0x7D, 0x5D, 0x7D, 0x5D, 0x7D, 0x5D, 0x7D, 0x5D, 0x7D, 0x5D, 0x20,
    0x62, 0x20, 0x62, 0x20, 0x62, 0x20, 0x62, 0xEA, 0x93, 0xEA, 0x93, 0xEA, 0x93, 0x7C, 0xF7, 0x7C, 0xF7, 0x7C, 0xF7,
    0xFF, 0xFF, 0xFF, 0xFF, 0xFF, 0xFF, 0xFF, 0xFF, 0xFF, 0xFF, 0xFF, 0xFF, 0xFF, 0xFF, 0xFF, 0xFF, 0xFF, 0xFF, 0xFF,
    0xFF, 0xFF, 0xFF, 0xFF, 0xFF, 0xFF, 0xFF, 0xFF, 0xFF, 0xFF, 0xFF, 0xFF, 0xFF, 0xFF, 0xFF, 0xFF, 0xFF, 0xFF, 0xFF,
    0xFF, 0xFF, 0xFF, 0xFF, 0xFF, 0xFF, 0xFF, 0xFF, 0xFF, 0xFF, 0xFF, 0xFF, 0xFF, 0xFF, 0xFF, 0xFF, 0xFF, 0xFF, 0xFF,
    0xFF, 0xFF, 0xFF, 0xFF, 0xFF, 0xFF, 0xFF, 0xFF, 0xFF, 0xFF, 0xFF, 0xFF, 0xFF, 0xFF, 0xFF, 0xFF, 0xFF, 0xFF, 0xFF,
    0xFF, 0xFF, 0xFF, 0xFF, 0xFF, 0xFF, 0xFF, 0xFF, 0xFF, 0xFF, 0xFF, 0xFF, 0xFF, 0xFF, 0xFF, 0xFF, 0xFF, 0xFF, 0xFF,
    0xFF, 0xFF, 0xFF, 0xFF, 0xFF, 0xFF, 0xFF, 0xFF, 0xFF, 0xFF, 0xFF, 0xFF, 0xFF, 0xFF, 0xFF, 0xFF, 0xFF, 0xFF, 0xFF,
    0xFF, 0xFF, 0xFF, 0xFF, 0xFF, 0xFF, 0xFF, 0xFF, 0xFF, 0xFF, 0xFF, 0xFF, 0xFF, 0xFF, 0xFF, 0xFF, 0xFF, 0xFF, 0xFF,
    0xFF, 0xFF, 0xFF, 0xFF, 0xFF, 0xFF, 0xFF, 0xFF, 0xFF, 0xFF, 0xFF, 0xFF, 0xFF, 0xFF, 0xFF, 0x7C, 0xF7, 0x7C, 0xF7,
    0x7C, 0xF7, 0xEA, 0x93, 0xEA, 0x93, 0xEA, 0x93, 0x20, 0x62, 0x20, 0x62, 0x20, 0x62, 0x20, 0x62, 0x7D, 0x5D, 0x7D,
    0x5D, 0x7D, 0x5D, 0x7D, 0x5D, 0x7D, 0x5D, 0x7D, 0x5D, 0x7D, 0x5D, 0x7D, 0x5D, 0x7D, 0x5D, 0x7D, 0x5D, 0x7D, 0x5D,
    0x7D, 0x5D, 0x7D, 0x5D, 0x7D, 0x5D, 0x7D, 0x5D, 0x7D, 0x5D, 0x7D, 0x5D, 0x7D, 0x5D, 0x7D, 0x5D, 0x7D, 0x5D, 0x7D,
    0x5D, 0x7D, 0x5D, 0x7D, 0x5D, 0x7D, 0x5D, 0x7D, 0x5D, 0x7D, 0x5D, 0x7D, 0x5D, 0x7D, 0x5D, 0x7D, 0x5D, 0x7D, 0x5D,
    0x7D, 0x5D, 0x7D, 0x5D, 0x7D, 0x5D, 0x7D, 0x5D, 0x7D, 0x5D, 0x7D, 0x5D, 0x7D, 0x5D, 0x7D, 0x5D, 0x7D, 0x5D, 0x7D,
    0x5D, 0x7D, 0x5D, 0x7D, 0x5D, 0x7D, 0x5D, 0x7D, 0x5D, 0x7D, 0x5D, 0x7D, 0x5D, 0x7D, 0x5D, 0x7D, 0x5D, 0x7D, 0x5D,
    0x7D, 0x5D, 0x7D, 0x5D, 0x7D, 0x5D, 0x7D, 0x5D, 0x7D, 0x5D, 0x7D, 0x5D, 0x7D, 0x5D, 0x7D, 0x5D, 0x7D, 0x5D, 0x7D,
    0x5D, 0x7D, 0x5D, 0x7D, 0x5D, 0x7D, 0x5D, 0x7D, 0x5D, 0x7D, 0x5D, 0x7D, 0x5D, 0x7D, 0x5D, 0x89, 0x43, 0x89, 0x43,
    0x89, 0x43, 0x89, 0x43, 0x89, 0x43, 0x89, 0x43, 0x89, 0x43, 0x89, 0x43, 0x89, 0x43, 0x89, 0x43, 0x89, 0x43, 0x89,
    0x43, 0x89, 0x43, 0x89, 0x43, 0x7D, 0x5D, 0x7D, 0x5D, 0x7D, 0x5D, 0x7D, 0x5D, 0x7D, 0x5D, 0x7D, 0x5D, 0x7D, 0x5D,
    0x7D, 0x5D, 0x7D, 0x5D, 0x7D, 0x5D, 0x7D, 0x5D, 0x7D, 0x5D, 0x7D, 0x5D, 0x7D, 0x5D, 0x7D, 0x5D, 0x7D, 0x5D, 0x7D,
    0x5D, 0x7D, 0x5D, 0x7D, 0x5D, 0x7D, 0x5D, 0x7D, 0x5D, 0x7D, 0x5D, 0x7D, 0x5D, 0x7D, 0x5D, 0x7D, 0x5D, 0x7D, 0x5D,
    0x7D, 0x5D, 0x7D, 0x5D, 0x7D, 0x5D, 0x7D, 0x5D, 0x7D, 0x5D, 0x7D, 0x5D, 0x7D, 0x5D, 0x7D, 0x5D, 0x7D, 0x5D, 0x7D,
    0x5D, 0x7D, 0x5D, 0x7D, 0x5D, 0x7D, 0x5D, 0x7D, 0x5D, 0x7D, 0x5D, 0x7D, 0x5D, 0x7D, 0x5D, 0x7D, 0x5D, 0x7D, 0x5D,
    0x7D, 0x5D, 0x7D, 0x5D, 0x7D, 0x5D, 0x7D, 0x5D, 0x7D, 0x5D, 0x7D, 0x5D, 0x7D, 0x5D, 0x7D, 0x5D, 0x7D, 0x5D, 0x7D,
    0x5D, 0x7D, 0x5D, 0x7D, 0x5D, 0x7D, 0x5D, 0x7D, 0x5D, 0x7D, 0x5D, 0x7D, 0x5D, 0x7D, 0x5D, 0x7D, 0x5D, 0x7D, 0x5D,
    0x7D, 0x5D, 0x7D, 0x5D, 0x20, 0x62, 0x20, 0x62, 0x20, 0x62, 0x20, 0x62, 0x20, 0x62, 0x20, 0x62, 0x20, 0x62, 0x20,
    0x62, 0x20, 0x62, 0x20, 0x62, 0xA8, 0x8B, 0xA8, 0x8B, 0xA8, 0x8B, 0xA8, 0x8B, 0xF4, 0xCD, 0xF4, 0xCD, 0xF4, 0xCD,
    0x7C, 0xF7, 0x7C, 0xF7, 0x7C, 0xF7, 0xFF, 0xFF, 0xFF, 0xFF, 0xFF, 0xFF, 0xFF, 0xFF, 0xFF, 0xFF, 0xFF, 0xFF, 0xFF,
    0xFF, 0xFF, 0xFF, 0xFF, 0xFF, 0xFF, 0xFF, 0xFF, 0xFF, 0xFF, 0xFF, 0xFF, 0xFF, 0xFF, 0xFF, 0xFF, 0xFF, 0xFF, 0xFF,
    0xFF, 0xFF, 0xFF, 0xFF, 0xFF, 0xFF, 0xFF, 0xFF, 0xFF, 0xFF, 0xFF, 0xFF, 0xFF, 0xFF, 0xFF, 0xFF, 0xFF, 0xFF, 0xFF,
    0xFF, 0xFF, 0xFF, 0xFF, 0xFF, 0xFF, 0xFF, 0xFF, 0xFF, 0xFF, 0xFF, 0xFF, 0xFF, 0xFF, 0xFF, 0xFF, 0xFF, 0xFF, 0xFF,
    0xFF, 0xFF, 0xFF, 0xFF, 0xFF, 0xFF, 0xFF, 0xFF, 0xFF, 0xFF, 0xFF, 0xFF, 0xFF, 0xFF, 0xFF, 0xFF, 0xFF, 0xFF, 0xFF,
    0xFF, 0xFF, 0xFF, 0xFF, 0xFF, 0xFF, 0xFF, 0xFF, 0xFF, 0xFF, 0xFF, 0xFF, 0xFF, 0xFF, 0xFF, 0xFF, 0xFF, 0xFF, 0xFF,
    0x7C, 0xF7, 0x7C, 0xF7, 0x7C, 0xF7, 0xF4, 0xCD, 0xF4, 0xCD, 0xF4, 0xCD, 0xA8, 0x8B, 0xA8, 0x8B, 0xA8, 0x8B, 0xA8,
    0x8B, 0x20, 0x62, 0x20, 0x62, 0x20, 0x62, 0x20, 0x62, 0x20, 0x62, 0x20, 0x62, 0x20, 0x62, 0x20, 0x62, 0x20, 0x62,
    0x20, 0x62, 0x7D, 0x5D, 0x7D, 0x5D, 0x7D, 0x5D, 0x7D, 0x5D, 0x7D, 0x5D, 0x7D, 0x5D, 0x7D, 0x5D, 0x7D, 0x5D, 0x7D,
    0x5D, 0x7D, 0x5D, 0x7D, 0x5D, 0x7D, 0x5D, 0x7D, 0x5D, 0x7D, 0x5D, 0x7D, 0x5D, 0x7D, 0x5D, 0x7D, 0x5D, 0x7D, 0x5D,
    0x7D, 0x5D, 0x7D, 0x5D, 0x7D, 0x5D, 0x7D, 0x5D, 0x7D, 0x5D, 0x7D, 0x5D, 0x7D, 0x5D, 0x7D, 0x5D, 0x7D, 0x5D, 0x7D,
    0x5D, 0x7D, 0x5D, 0x7D, 0x5D, 0x7D, 0x5D, 0x7D, 0x5D, 0x7D, 0x5D, 0x7D, 0x5D, 0x7D, 0x5D, 0x7D, 0x5D, 0x7D, 0x5D,
    0x7D, 0x5D, 0x7D, 0x5D, 0x7D, 0x5D, 0x7D, 0x5D, 0x7D, 0x5D, 0x7D, 0x5D, 0x7D, 0x5D, 0x7D, 0x5D, 0x7D, 0x5D, 0x7D,
    0x5D, 0x7D, 0x5D, 0x7D, 0x5D, 0x7D, 0x5D, 0x7D, 0x5D, 0x7D, 0x5D, 0x7D, 0x5D, 0x7D, 0x5D, 0x7D, 0x5D, 0x7D, 0x5D,
    0x7D, 0x5D, 0x7D, 0x5D, 0x7D, 0x5D, 0x7D, 0x5D, 0x7D, 0x5D, 0x7D, 0x5D, 0x7D, 0x5D, 0x7D, 0x5D, 0x7D, 0x5D, 0x7D,
    0x5D, 0x89, 0x43, 0x89, 0x43, 0x89, 0x43, 0x89, 0x43, 0x89, 0x43, 0x89, 0x43, 0x89, 0x43, 0x89, 0x43, 0x89, 0x43,
    0x89, 0x43, 0x89, 0x43, 0x89, 0x43, 0x89, 0x43, 0x89, 0x43, 0x7D, 0x5D, 0x7D, 0x5D, 0x7D, 0x5D, 0x7D, 0x5D, 0x7D,
    0x5D, 0x7D, 0x5D, 0x7D, 0x5D, 0x7D, 0x5D, 0x7D, 0x5D, 0x7D, 0x5D, 0x7D, 0x5D, 0x7D, 0x5D, 0x7D, 0x5D, 0x7D, 0x5D,
    0x7D, 0x5D, 0x7D, 0x5D, 0x7D, 0x5D, 0x7D, 0x5D, 0x7D, 0x5D, 0x7D, 0x5D, 0x7D, 0x5D, 0x7D, 0x5D, 0x7D, 0x5D, 0x7D,
    0x5D, 0x7D, 0x5D, 0x7D, 0x5D, 0x7D, 0x5D, 0x7D, 0x5D, 0x7D, 0x5D, 0x7D, 0x5D, 0x7D, 0x5D, 0x7D, 0x5D, 0x7D, 0x5D,
    0x7D, 0x5D, 0x7D, 0x5D, 0x7D, 0x5D, 0x7D, 0x5D, 0x7D, 0x5D, 0x7D, 0x5D, 0x7D, 0x5D, 0x7D, 0x5D, 0x7D, 0x5D, 0x7D,
    0x5D, 0x7D, 0x5D, 0x7D, 0x5D, 0x7D, 0x5D, 0x7D, 0x5D, 0x7D, 0x5D, 0x7D, 0x5D, 0x7D, 0x5D, 0x7D, 0x5D, 0x7D, 0x5D,
    0x7D, 0x5D, 0x7D, 0x5D, 0x7D, 0x5D, 0x7D, 0x5D, 0x7D, 0x5D, 0x7D, 0x5D, 0x7D, 0x5D, 0x7D, 0x5D, 0x7D, 0x5D, 0x7D,
    0x5D, 0x7D, 0x5D, 0x7D, 0x5D, 0x7D, 0x5D, 0x7D, 0x5D, 0x20, 0x62, 0x20, 0x62, 0x20, 0x62, 0x20, 0x62, 0x20, 0x62,
    0x20, 0x62, 0x20, 0x62, 0x20, 0x62, 0x20, 0x62, 0x20, 0x62, 0xA8, 0x8B, 0xA8, 0x8B, 0xA8, 0x8B, 0xA8, 0x8B, 0xF4,
    0xCD, 0xF4, 0xCD, 0xF4, 0xCD, 0x7C, 0xF7, 0x7C, 0xF7, 0x7C, 0xF7, 0xFF, 0xFF, 0xFF, 0xFF, 0xFF, 0xFF, 0xFF, 0xFF,
    0xFF, 0xFF, 0xFF, 0xFF, 0xFF, 0xFF, 0xFF, 0xFF, 0xFF, 0xFF, 0xFF, 0xFF, 0xFF, 0xFF, 0xFF, 0xFF, 0xFF, 0xFF, 0xFF,
    0xFF, 0xFF, 0xFF, 0xFF, 0xFF, 0xFF, 0xFF, 0xFF, 0xFF, 0xFF, 0xFF, 0xFF, 0xFF, 0xFF, 0xFF, 0xFF, 0xFF, 0xFF, 0xFF,
    0xFF, 0xFF, 0xFF, 0xFF, 0xFF, 0xFF, 0xFF, 0xFF, 0xFF, 0xFF, 0xFF, 0xFF, 0xFF, 0xFF, 0xFF, 0xFF, 0xFF, 0xFF, 0xFF,
    0xFF, 0xFF, 0xFF, 0xFF, 0xFF, 0xFF, 0xFF, 0xFF, 0xFF, 0xFF, 0xFF, 0xFF, 0xFF, 0xFF, 0xFF, 0xFF, 0xFF, 0xFF, 0xFF,
    0xFF, 0xFF, 0xFF, 0xFF, 0xFF, 0xFF, 0xFF, 0xFF, 0xFF, 0xFF, 0xFF, 0xFF, 0xFF, 0xFF, 0xFF, 0xFF, 0xFF, 0xFF, 0xFF,
    0xFF, 0xFF, 0xFF, 0xFF, 0xFF, 0x7C, 0xF7, 0x7C, 0xF7, 0x7C, 0xF7, 0xF4, 0xCD, 0xF4, 0xCD, 0xF4, 0xCD, 0xA8, 0x8B,
    0xA8, 0x8B, 0xA8, 0x8B, 0xA8, 0x8B, 0x20, 0x62, 0x20, 0x62, 0x20, 0x62, 0x20, 0x62, 0x20, 0x62, 0x20, 0x62, 0x20,
    0x62, 0x20, 0x62, 0x20, 0x62, 0x20, 0x62, 0x7D, 0x5D, 0x7D, 0x5D, 0x7D, 0x5D, 0x7D, 0x5D, 0x7D, 0x5D, 0x7D, 0x5D,
    0x7D, 0x5D, 0x7D, 0x5D, 0x7D, 0x5D, 0x7D, 0x5D, 0x7D, 0x5D, 0x7D, 0x5D, 0x7D, 0x5D, 0x7D, 0x5D, 0x7D, 0x5D, 0x7D,
    0x5D, 0x7D, 0x5D, 0x7D, 0x5D, 0x7D, 0x5D, 0x7D, 0x5D, 0x7D, 0x5D, 0x7D, 0x5D, 0x7D, 0x5D, 0x7D, 0x5D, 0x7D, 0x5D,
    0x7D, 0x5D, 0x7D, 0x5D, 0x7D, 0x5D, 0x7D, 0x5D, 0x7D, 0x5D, 0x7D, 0x5D, 0x7D, 0x5D, 0x7D, 0x5D, 0x7D, 0x5D, 0x7D,
    0x5D, 0x7D, 0x5D, 0x7D, 0x5D, 0x7D, 0x5D, 0x7D, 0x5D, 0x7D, 0x5D, 0x7D, 0x5D, 0x7D, 0x5D, 0x7D, 0x5D, 0x7D, 0x5D,
    0x7D, 0x5D, 0x7D, 0x5D, 0x7D, 0x5D, 0x7D, 0x5D, 0x7D, 0x5D, 0x7D, 0x5D, 0x7D, 0x5D, 0x7D, 0x5D, 0x7D, 0x5D, 0x7D,
    0x5D, 0x7D, 0x5D, 0x7D, 0x5D, 0x7D, 0x5D, 0x7D, 0x5D, 0x7D, 0x5D, 0x7D, 0x5D, 0x7D, 0x5D, 0x7D, 0x5D, 0x7D, 0x5D,
    0x7D, 0x5D, 0x7D, 0x5D, 0x7D, 0x5D, 0x89, 0x43, 0x89, 0x43, 0x89, 0x43, 0x89, 0x43, 0x89, 0x43, 0x89, 0x43, 0x89,
    0x43, 0x89, 0x43, 0x89, 0x43, 0x89, 0x43, 0x89, 0x43, 0x89, 0x43, 0x89, 0x43, 0x89, 0x43, 0x7D, 0x5D, 0x7D, 0x5D,
    0x7D, 0x5D, 0x7D, 0x5D, 0x7D, 0x5D, 0x7D, 0x5D, 0x7D, 0x5D, 0x7D, 0x5D, 0x7D, 0x5D, 0x7D, 0x5D, 0x7D, 0x5D, 0x7D,
    0x5D, 0x7D, 0x5D, 0x7D, 0x5D, 0x7D, 0x5D, 0x7D, 0x5D, 0x7D, 0x5D, 0x7D, 0x5D, 0x7D, 0x5D, 0x7D, 0x5D, 0x7D, 0x5D,
    0x7D, 0x5D, 0x7D, 0x5D, 0x7D, 0x5D, 0x7D, 0x5D, 0x7D, 0x5D, 0x7D, 0x5D, 0x7D, 0x5D, 0x7D, 0x5D, 0x7D, 0x5D, 0x7D,
    0x5D, 0x7D, 0x5D, 0x7D, 0x5D, 0x7D, 0x5D, 0x7D, 0x5D, 0x7D, 0x5D, 0x7D, 0x5D, 0x7D, 0x5D, 0x7D, 0x5D, 0x7D, 0x5D,
    0x7D, 0x5D, 0x7D, 0x5D, 0x7D, 0x5D, 0x7D, 0x5D, 0x7D, 0x5D, 0x7D, 0x5D, 0x7D, 0x5D, 0x7D, 0x5D, 0x7D, 0x5D, 0x7D,
    0x5D, 0x7D, 0x5D, 0x7D, 0x5D, 0x7D, 0x5D, 0x7D, 0x5D, 0x7D, 0x5D, 0x7D, 0x5D, 0x7D, 0x5D, 0x7D, 0x5D, 0x7D, 0x5D,
    0x7D, 0x5D, 0x7D, 0x5D, 0x7D, 0x5D, 0x7D, 0x5D, 0x7D, 0x5D, 0x7D, 0x5D, 0x7D, 0x5D, 0x20, 0x62, 0x20, 0x62, 0x20,
    0x62, 0x20, 0x62, 0x20, 0x62, 0x20, 0x62, 0x20, 0x62, 0x20, 0x62, 0x20, 0x62, 0x20, 0x62, 0xA8, 0x8B, 0xA8, 0x8B,
    0xA8, 0x8B, 0xA8, 0x8B, 0xF4, 0xCD, 0xF4, 0xCD, 0xF4, 0xCD, 0x7C, 0xF7, 0x7C, 0xF7, 0x7C, 0xF7, 0xFF, 0xFF, 0xFF,
    0xFF, 0xFF, 0xFF, 0xFF, 0xFF, 0xFF, 0xFF, 0xFF, 0xFF, 0xFF, 0xFF, 0xFF, 0xFF, 0xFF, 0xFF, 0xFF, 0xFF, 0xFF, 0xFF,
    0xFF, 0xFF, 0xFF, 0xFF, 0xFF, 0xFF, 0xFF, 0xFF, 0xFF, 0xFF, 0xFF, 0xFF, 0xFF, 0xFF, 0xFF, 0xFF, 0xFF, 0xFF, 0xFF,
    0xFF, 0xFF, 0xFF, 0xFF, 0xFF, 0xFF, 0xFF, 0xFF, 0xFF, 0xFF, 0xFF, 0xFF, 0xFF, 0xFF, 0xFF, 0xFF, 0xFF, 0xFF, 0xFF,
    0xFF, 0xFF, 0xFF, 0xFF, 0xFF, 0xFF, 0xFF, 0xFF, 0xFF, 0xFF, 0xFF, 0xFF, 0xFF, 0xFF, 0xFF, 0xFF, 0xFF, 0xFF, 0xFF,
    0xFF, 0xFF, 0xFF, 0xFF, 0xFF, 0xFF, 0xFF, 0xFF, 0xFF, 0xFF, 0xFF, 0xFF, 0xFF, 0xFF, 0xFF, 0xFF, 0xFF, 0xFF, 0xFF,
    0xFF, 0xFF, 0xFF, 0xFF, 0xFF, 0xFF, 0xFF, 0xFF, 0xFF, 0xFF, 0x7C, 0xF7, 0x7C, 0xF7, 0x7C, 0xF7, 0xF4, 0xCD, 0xF4,
    0xCD, 0xF4, 0xCD, 0xA8, 0x8B, 0xA8, 0x8B, 0xA8, 0x8B, 0xA8, 0x8B, 0x20, 0x62, 0x20, 0x62, 0x20, 0x62, 0x20, 0x62,
    0x20, 0x62, 0x20, 0x62, 0x20, 0x62, 0x20, 0x62, 0x20, 0x62, 0x20, 0x62, 0x7D, 0x5D, 0x7D, 0x5D, 0x7D, 0x5D, 0x7D,
    0x5D, 0x7D, 0x5D, 0x7D, 0x5D, 0x7D, 0x5D, 0x7D, 0x5D, 0x7D, 0x5D, 0x7D, 0x5D, 0x7D, 0x5D, 0x7D, 0x5D, 0x7D, 0x5D,
    0x7D, 0x5D, 0x7D, 0x5D, 0x7D, 0x5D, 0x7D, 0x5D, 0x7D, 0x5D, 0x7D, 0x5D, 0x7D, 0x5D, 0x7D, 0x5D, 0x7D, 0x5D, 0x7D,
    0x5D, 0x7D, 0x5D, 0x7D, 0x5D, 0x7D, 0x5D, 0x7D, 0x5D, 0x7D, 0x5D, 0x7D, 0x5D, 0x7D, 0x5D, 0x7D, 0x5D, 0x7D, 0x5D,
    0x7D, 0x5D, 0x7D, 0x5D, 0x7D, 0x5D, 0x7D, 0x5D, 0x7D, 0x5D, 0x7D, 0x5D, 0x7D, 0x5D, 0x7D, 0x5D, 0x7D, 0x5D, 0x7D,
    0x5D, 0x7D, 0x5D, 0x7D, 0x5D, 0x7D, 0x5D, 0x7D, 0x5D, 0x7D, 0x5D, 0x7D, 0x5D, 0x7D, 0x5D, 0x7D, 0x5D, 0x7D, 0x5D,
    0x7D, 0x5D, 0x7D, 0x5D, 0x7D, 0x5D, 0x7D, 0x5D, 0x7D, 0x5D, 0x7D, 0x5D, 0x7D, 0x5D, 0x7D, 0x5D, 0x7D, 0x5D, 0x7D,
    0x5D, 0x7D, 0x5D, 0x7D, 0x5D, 0x7D, 0x5D, 0x7D, 0x5D, 0x7D, 0x5D, 0x89, 0x43, 0x89, 0x43, 0x89, 0x43, 0x89, 0x43,
    0x89, 0x43, 0x89, 0x43, 0x89, 0x43, 0x89, 0x43, 0x89, 0x43, 0x89, 0x43, 0x89, 0x43, 0x89, 0x43, 0x89, 0x43, 0x89,
    0x43, 0x7D, 0x5D, 0x7D, 0x5D, 0x7D, 0x5D, 0x7D, 0x5D, 0x7D, 0x5D, 0x7D, 0x5D, 0x7D, 0x5D, 0x7D, 0x5D, 0x7D, 0x5D,
    0x7D, 0x5D, 0x7D, 0x5D, 0x7D, 0x5D, 0x7D, 0x5D, 0x7D, 0x5D, 0x7D, 0x5D, 0x7D, 0x5D, 0x7D, 0x5D, 0x7D, 0x5D, 0x7D,
    0x5D, 0x7D, 0x5D, 0x7D, 0x5D, 0x7D, 0x5D, 0x7D, 0x5D, 0x7D, 0x5D, 0x7D, 0x5D, 0x7D, 0x5D, 0x7D, 0x5D, 0x7D, 0x5D,
    0x7D, 0x5D, 0x7D, 0x5D, 0x7D, 0x5D, 0x7D, 0x5D, 0x7D, 0x5D, 0x7D, 0x5D, 0x7D, 0x5D, 0x7D, 0x5D, 0x7D, 0x5D, 0x7D,
    0x5D, 0x7D, 0x5D, 0x7D, 0x5D, 0x7D, 0x5D, 0x7D, 0x5D, 0x7D, 0x5D, 0x7D, 0x5D, 0x7D, 0x5D, 0x7D, 0x5D, 0x7D, 0x5D,
    0x7D, 0x5D, 0x7D, 0x5D, 0x7D, 0x5D, 0x7D, 0x5D, 0x7D, 0x5D, 0x7D, 0x5D, 0x7D, 0x5D, 0x7D, 0x5D, 0x7D, 0x5D, 0x7D,
    0x5D, 0x7D, 0x5D, 0x7D, 0x5D, 0x7D, 0x5D, 0x7D, 0x5D, 0x7D, 0x5D, 0x7D, 0x5D, 0x7D, 0x5D, 0x7D, 0x5D, 0x7D, 0x5D,
    0x20, 0x62, 0x20, 0x62, 0x20, 0x62, 0x20, 0x62, 0x20, 0x62, 0x20, 0x62, 0x20, 0x62, 0x20, 0x62, 0x20, 0x62, 0x20,
    0x62, 0xA8, 0x8B, 0xA8, 0x8B, 0xA8, 0x8B, 0xA8, 0x8B, 0xF4, 0xCD, 0xF4, 0xCD, 0xF4, 0xCD, 0x7C, 0xF7, 0x7C, 0xF7,
    0x7C, 0xF7, 0xFF, 0xFF, 0xFF, 0xFF, 0xFF, 0xFF, 0xFF, 0xFF, 0xFF, 0xFF, 0xFF, 0xFF, 0xFF, 0xFF, 0xFF, 0xFF, 0xFF,
    0xFF, 0xFF, 0xFF, 0xFF, 0xFF, 0xFF, 0xFF, 0xFF, 0xFF, 0xFF, 0xFF, 0xFF, 0xFF, 0xFF, 0xFF, 0xFF, 0xFF, 0xFF, 0xFF,
    0xFF, 0xFF, 0xFF, 0xFF, 0xFF, 0xFF, 0xFF, 0xFF, 0xFF, 0xFF, 0xFF, 0xFF, 0xFF, 0xFF, 0xFF, 0xFF, 0xFF, 0xFF, 0xFF,
    0xFF, 0xFF, 0xFF, 0xFF, 0xFF, 0xFF, 0xFF, 0xFF, 0xFF, 0xFF, 0xFF, 0xFF, 0xFF, 0xFF, 0xFF, 0xFF, 0xFF, 0xFF, 0xFF,
    0xFF, 0xFF, 0xFF, 0xFF, 0xFF, 0xFF, 0xFF, 0xFF, 0xFF, 0xFF, 0xFF, 0xFF, 0xFF, 0xFF, 0xFF, 0xFF, 0xFF, 0xFF, 0xFF,
    0xFF, 0xFF, 0xFF, 0xFF, 0xFF, 0xFF, 0xFF, 0xFF, 0xFF, 0xFF, 0xFF, 0xFF, 0xFF, 0xFF, 0xFF, 0x7C, 0xF7, 0x7C, 0xF7,
    0x7C, 0xF7, 0xF4, 0xCD, 0xF4, 0xCD, 0xF4, 0xCD, 0xA8, 0x8B, 0xA8, 0x8B, 0xA8, 0x8B, 0xA8, 0x8B, 0x20, 0x62, 0x20,
    0x62, 0x20, 0x62, 0x20, 0x62, 0x20, 0x62, 0x20, 0x62, 0x20, 0x62, 0x20, 0x62, 0x20, 0x62, 0x20, 0x62, 0x7D, 0x5D,
    0x7D, 0x5D, 0x7D, 0x5D, 0x7D, 0x5D, 0x7D, 0x5D, 0x7D, 0x5D, 0x7D, 0x5D, 0x7D, 0x5D, 0x7D, 0x5D, 0x7D, 0x5D, 0x7D,
    0x5D, 0x7D, 0x5D, 0x7D, 0x5D, 0x7D, 0x5D, 0x7D, 0x5D, 0x7D, 0x5D, 0x7D, 0x5D, 0x7D, 0x5D, 0x7D, 0x5D, 0x7D, 0x5D,
    0x7D, 0x5D, 0x7D, 0x5D, 0x7D, 0x5D, 0x7D, 0x5D, 0x7D, 0x5D, 0x7D, 0x5D, 0x7D, 0x5D, 0x7D, 0x5D, 0x7D, 0x5D, 0x7D,
    0x5D, 0x7D, 0x5D, 0x7D, 0x5D, 0x7D, 0x5D, 0x7D, 0x5D, 0x7D, 0x5D, 0x7D, 0x5D, 0x7D, 0x5D, 0x7D, 0x5D, 0x7D, 0x5D,
    0x7D, 0x5D, 0x7D, 0x5D, 0x7D, 0x5D, 0x7D, 0x5D, 0x7D, 0x5D, 0x7D, 0x5D, 0x7D, 0x5D, 0x7D, 0x5D, 0x7D, 0x5D, 0x7D,
    0x5D, 0x7D, 0x5D, 0x7D, 0x5D, 0x7D, 0x5D, 0x7D, 0x5D, 0x7D, 0x5D, 0x7D, 0x5D, 0x7D, 0x5D, 0x7D, 0x5D, 0x7D, 0x5D,
    0x7D, 0x5D, 0x7D, 0x5D, 0x7D, 0x5D, 0x7D, 0x5D, 0x7D, 0x5D, 0x7D, 0x5D, 0x7D, 0x5D, 0x7D, 0x5D, 0x89, 0x43, 0x89,
    0x43, 0x89, 0x43, 0x89, 0x43, 0x89, 0x43, 0x89, 0x43, 0x89, 0x43, 0x89, 0x43, 0x89, 0x43, 0x89, 0x43, 0x7D, 0x5D,
    0x7D, 0x5D, 0x7D, 0x5D, 0x7D, 0x5D, 0x7D, 0x5D, 0x7D, 0x5D, 0x7D, 0x5D, 0x7D, 0x5D, 0x7D, 0x5D, 0x7D, 0x5D, 0x7D,
    0x5D, 0x7D, 0x5D, 0x7D, 0x5D, 0x7D, 0x5D, 0x7D, 0x5D, 0x7D, 0x5D, 0x7D, 0x5D, 0x7D, 0x5D, 0x7D, 0x5D, 0x7D, 0x5D,
    0x7D, 0x5D, 0x7D, 0x5D, 0x7D, 0x5D, 0x7D, 0x5D, 0x7D, 0x5D, 0x7D, 0x5D, 0x7D, 0x5D, 0x7D, 0x5D, 0x7D, 0x5D, 0x7D,
    0x5D, 0x7D, 0x5D, 0x7D, 0x5D, 0x7D, 0x5D, 0x7D, 0x5D, 0x7D, 0x5D, 0x7D, 0x5D, 0x7D, 0x5D, 0x7D, 0x5D, 0x7D, 0x5D,
    0x7D, 0x5D, 0x7D, 0x5D, 0x7D, 0x5D, 0x7D, 0x5D, 0x7D, 0x5D, 0x7D, 0x5D, 0x7D, 0x5D, 0x7D, 0x5D, 0x7D, 0x5D, 0x7D,
    0x5D, 0x7D, 0x5D, 0x7D, 0x5D, 0x7D, 0x5D, 0x7D, 0x5D, 0x7D, 0x5D, 0x7D, 0x5D, 0x7D, 0x5D, 0x7D, 0x5D, 0x7D, 0x5D,
    0x7D, 0x5D, 0x7D, 0x5D, 0x7D, 0x5D, 0x7D, 0x5D, 0x7D, 0x5D, 0x7D, 0x5D, 0x7D, 0x5D, 0x7D, 0x5D, 0x7D, 0x5D, 0x7D,
    0x5D, 0x7D, 0x5D, 0x7D, 0x5D, 0x20, 0x62, 0x20, 0x62, 0x20, 0x62, 0x20, 0x62, 0x20, 0x62, 0x20, 0x62, 0x20, 0x62,
    0x20, 0x62, 0x20, 0x62, 0x20, 0x62, 0x20, 0x62, 0x20, 0x62, 0x20, 0x62, 0x20, 0x62, 0x20, 0x62, 0x20, 0x62, 0x20,
    0x62, 0x20, 0x62, 0x20, 0x62, 0x20, 0x62, 0xA8, 0x8B, 0xA8, 0x8B, 0xA8, 0x8B, 0xA8, 0x8B, 0x10, 0xB5, 0x10, 0xB5,
    0x10, 0xB5, 0xF4, 0xCD, 0xF4, 0xCD, 0xF4, 0xCD, 0xF9, 0xE6, 0xF9, 0xE6, 0xF9, 0xE6, 0xF9, 0xE6, 0xFF, 0xFF, 0xFF,
    0xFF, 0xFF, 0xFF, 0xFF, 0xFF, 0xFF, 0xFF, 0xFF, 0xFF, 0xFF, 0xFF, 0xFF, 0xFF, 0xFF, 0xFF, 0xFF, 0xFF, 0xFF, 0xFF,
    0xFF, 0xFF, 0xFF, 0xFF, 0xFF, 0xFF, 0xFF, 0xFF, 0xFF, 0xFF, 0xFF, 0xFF, 0xFF, 0xFF, 0xFF, 0xFF, 0xFF, 0xFF, 0xFF,
    0xFF, 0xFF, 0xFF, 0xFF, 0xFF, 0xFF, 0xFF, 0xFF, 0xFF, 0xFF, 0xFF, 0xF9, 0xE6, 0xF9, 0xE6, 0xF9, 0xE6, 0xF9, 0xE6,
    0xF4, 0xCD, 0xF4, 0xCD, 0xF4, 0xCD, 0x10, 0xB5, 0x10, 0xB5, 0x10, 0xB5, 0xA8, 0x8B, 0xA8, 0x8B, 0xA8, 0x8B, 0xA8,
    0x8B, 0x20, 0x62, 0x20, 0x62, 0x20, 0x62, 0x20, 0x62, 0x20, 0x62, 0x20, 0x62, 0x20, 0x62, 0x20, 0x62, 0x20, 0x62,
    0x20, 0x62, 0x20, 0x62, 0x20, 0x62, 0x20, 0x62, 0x20, 0x62, 0x20, 0x62, 0x20, 0x62, 0xA4, 0x62, 0xA4, 0x62, 0xA4,
    0x62, 0xA4, 0x62, 0x7D, 0x5D, 0x7D, 0x5D, 0x7D, 0x5D, 0x7D, 0x5D, 0x7D, 0x5D, 0x7D, 0x5D, 0x7D, 0x5D, 0x7D, 0x5D,
    0x7D, 0x5D, 0x7D, 0x5D, 0x7D, 0x5D, 0x7D, 0x5D, 0x7D, 0x5D, 0x7D, 0x5D, 0x7D, 0x5D, 0x7D, 0x5D, 0x7D, 0x5D, 0x7D,
    0x5D, 0x7D, 0x5D, 0x7D, 0x5D, 0x7D, 0x5D, 0x7D, 0x5D, 0x7D, 0x5D, 0x7D, 0x5D, 0x7D, 0x5D, 0x7D, 0x5D, 0x7D, 0x5D,
    0x7D, 0x5D, 0x7D, 0x5D, 0x7D, 0x5D, 0x7D, 0x5D, 0x7D, 0x5D, 0x7D, 0x5D, 0x7D, 0x5D, 0x7D, 0x5D, 0x7D, 0x5D, 0x7D,
    0x5D, 0x7D, 0x5D, 0x7D, 0x5D, 0x7D, 0x5D, 0x7D, 0x5D, 0x7D, 0x5D, 0x7D, 0x5D, 0x7D, 0x5D, 0x7D, 0x5D, 0x7D, 0x5D,
    0x7D, 0x5D, 0x7D, 0x5D, 0x7D, 0x5D, 0x7D, 0x5D, 0x7D, 0x5D, 0x7D, 0x5D, 0x7D, 0x5D, 0x7D, 0x5D, 0x7D, 0x5D, 0x7D,
    0x5D, 0x7D, 0x5D, 0x7D, 0x5D, 0x7D, 0x5D, 0x7D, 0x5D, 0x7D, 0x5D, 0x7D, 0x5D, 0x7D, 0x5D, 0x7D, 0x5D, 0x7D, 0x5D,
    0x7D, 0x5D, 0x89, 0x43, 0x89, 0x43, 0x89, 0x43, 0x89, 0x43, 0x89, 0x43, 0x89, 0x43, 0x89, 0x43, 0x89, 0x43, 0x89,
    0x43, 0x89, 0x43, 0x7D, 0x5D, 0x7D, 0x5D, 0x7D, 0x5D, 0x7D, 0x5D, 0x7D, 0x5D, 0x7D, 0x5D, 0x7D, 0x5D, 0x7D, 0x5D,
    0x7D, 0x5D, 0x7D, 0x5D, 0x7D, 0x5D, 0x7D, 0x5D, 0x7D, 0x5D, 0x7D, 0x5D, 0x7D, 0x5D, 0x7D, 0x5D, 0x7D, 0x5D, 0x7D,
    0x5D, 0x7D, 0x5D, 0x7D, 0x5D, 0x7D, 0x5D, 0x7D, 0x5D, 0x7D, 0x5D, 0x7D, 0x5D, 0x7D, 0x5D, 0x7D, 0x5D, 0x7D, 0x5D,
    0x7D, 0x5D, 0x7D, 0x5D, 0x7D, 0x5D, 0x7D, 0x5D, 0x7D, 0x5D, 0x7D, 0x5D, 0x7D, 0x5D, 0x7D, 0x5D, 0x7D, 0x5D, 0x7D,
    0x5D, 0x7D, 0x5D, 0x7D, 0x5D, 0x7D, 0x5D, 0x7D, 0x5D, 0x7D, 0x5D, 0x7D, 0x5D, 0x7D, 0x5D, 0x7D, 0x5D, 0x7D, 0x5D,
    0x7D, 0x5D, 0x7D, 0x5D, 0x7D, 0x5D, 0x7D, 0x5D, 0x7D, 0x5D, 0x7D, 0x5D, 0x7D, 0x5D, 0x7D, 0x5D, 0x7D, 0x5D, 0x7D,
    0x5D, 0x7D, 0x5D, 0x7D, 0x5D, 0x7D, 0x5D, 0x7D, 0x5D, 0x7D, 0x5D, 0x7D, 0x5D, 0x7D, 0x5D, 0x7D, 0x5D, 0x7D, 0x5D,
    0x7D, 0x5D, 0x7D, 0x5D, 0x7D, 0x5D, 0x7D, 0x5D, 0x7D, 0x5D, 0x20, 0x62, 0x20, 0x62, 0x20, 0x62, 0x20, 0x62, 0x20,
    0x62, 0x20, 0x62, 0x20, 0x62, 0x20, 0x62, 0x20, 0x62, 0x20, 0x62, 0x20, 0x62, 0x20, 0x62, 0x20, 0x62, 0x20, 0x62,
    0x20, 0x62, 0x20, 0x62, 0x20, 0x62, 0x20, 0x62, 0x20, 0x62, 0x20, 0x62, 0xA8, 0x8B, 0xA8, 0x8B, 0xA8, 0x8B, 0xA8,
    0x8B, 0x10, 0xB5, 0x10, 0xB5, 0x10, 0xB5, 0xF4, 0xCD, 0xF4, 0xCD, 0xF4, 0xCD, 0xF9, 0xE6, 0xF9, 0xE6, 0xF9, 0xE6,
    0xF9, 0xE6, 0xFF, 0xFF, 0xFF, 0xFF, 0xFF, 0xFF, 0xFF, 0xFF, 0xFF, 0xFF, 0xFF, 0xFF, 0xFF, 0xFF, 0xFF, 0xFF, 0xFF,
    0xFF, 0xFF, 0xFF, 0xFF, 0xFF, 0xFF, 0xFF, 0xFF, 0xFF, 0xFF, 0xFF, 0xFF, 0xFF, 0xFF, 0xFF, 0xFF, 0xFF, 0xFF, 0xFF,
    0xFF, 0xFF, 0xFF, 0xFF, 0xFF, 0xFF, 0xFF, 0xFF, 0xFF, 0xFF, 0xFF, 0xFF, 0xFF, 0xFF, 0xFF, 0xFF, 0xF9, 0xE6, 0xF9,
    0xE6, 0xF9, 0xE6, 0xF9, 0xE6, 0xF4, 0xCD, 0xF4, 0xCD, 0xF4, 0xCD, 0x10, 0xB5, 0x10, 0xB5, 0x10, 0xB5, 0xA8, 0x8B,
    0xA8, 0x8B, 0xA8, 0x8B, 0xA8, 0x8B, 0x20, 0x62, 0x20, 0x62, 0x20, 0x62, 0x20, 0x62, 0x20, 0x62, 0x20, 0x62, 0x20,
    0x62, 0x20, 0x62, 0x20, 0x62, 0x20, 0x62, 0x20, 0x62, 0x20, 0x62, 0x20, 0x62, 0x20, 0x62, 0x20, 0x62, 0x20, 0x62,
    0xA4, 0x62, 0xA4, 0x62, 0xA4, 0x62, 0xA4, 0x62, 0x7D, 0x5D, 0x7D, 0x5D, 0x7D, 0x5D, 0x7D, 0x5D, 0x7D, 0x5D, 0x7D,
    0x5D, 0x7D, 0x5D, 0x7D, 0x5D, 0x7D, 0x5D, 0x7D, 0x5D, 0x7D, 0x5D, 0x7D, 0x5D, 0x7D, 0x5D, 0x7D, 0x5D, 0x7D, 0x5D,
    0x7D, 0x5D, 0x7D, 0x5D, 0x7D, 0x5D, 0x7D, 0x5D, 0x7D, 0x5D, 0x7D, 0x5D, 0x7D, 0x5D, 0x7D, 0x5D, 0x7D, 0x5D, 0x7D,
    0x5D, 0x7D, 0x5D, 0x7D, 0x5D, 0x7D, 0x5D, 0x7D, 0x5D, 0x7D, 0x5D, 0x7D, 0x5D, 0x7D, 0x5D, 0x7D, 0x5D, 0x7D, 0x5D,
    0x7D, 0x5D, 0x7D, 0x5D, 0x7D, 0x5D, 0x7D, 0x5D, 0x7D, 0x5D, 0x7D, 0x5D, 0x7D, 0x5D, 0x7D, 0x5D, 0x7D, 0x5D, 0x7D,
    0x5D, 0x7D, 0x5D, 0x7D, 0x5D, 0x7D, 0x5D, 0x7D, 0x5D, 0x7D, 0x5D, 0x7D, 0x5D, 0x7D, 0x5D, 0x7D, 0x5D, 0x7D, 0x5D,
    0x7D, 0x5D, 0x7D, 0x5D, 0x7D, 0x5D, 0x7D, 0x5D, 0x7D, 0x5D, 0x7D, 0x5D, 0x7D, 0x5D, 0x7D, 0x5D, 0x7D, 0x5D, 0x7D,
    0x5D, 0x7D, 0x5D, 0x7D, 0x5D, 0x7D, 0x5D, 0x89, 0x43, 0x89, 0x43, 0x89, 0x43, 0x89, 0x43, 0x89, 0x43, 0x89, 0x43,
    0x89, 0x43, 0x89, 0x43, 0x89, 0x43, 0x89, 0x43, 0x7D, 0x5D, 0x7D, 0x5D, 0x7D, 0x5D, 0x7D, 0x5D, 0x7D, 0x5D, 0x7D,
    0x5D, 0x7D, 0x5D, 0x7D, 0x5D, 0x7D, 0x5D, 0x7D, 0x5D, 0x7D, 0x5D, 0x7D, 0x5D, 0x7D, 0x5D, 0x7D, 0x5D, 0x7D, 0x5D,
    0x7D, 0x5D, 0x7D, 0x5D, 0x7D, 0x5D, 0x7D, 0x5D, 0x7D, 0x5D, 0x7D, 0x5D, 0x7D, 0x5D, 0x7D, 0x5D, 0x7D, 0x5D, 0x7D,
    0x5D, 0x7D, 0x5D, 0x7D, 0x5D, 0x7D, 0x5D, 0x7D, 0x5D, 0x7D, 0x5D, 0x7D, 0x5D, 0x7D, 0x5D, 0x7D, 0x5D, 0x7D, 0x5D,
    0x7D, 0x5D, 0x7D, 0x5D, 0x7D, 0x5D, 0x7D, 0x5D, 0x7D, 0x5D, 0x7D, 0x5D, 0x7D, 0x5D, 0x7D, 0x5D, 0x7D, 0x5D, 0x7D,
    0x5D, 0x7D, 0x5D, 0x7D, 0x5D, 0x7D, 0x5D, 0x7D, 0x5D, 0x7D, 0x5D, 0x7D, 0x5D, 0x7D, 0x5D, 0x7D, 0x5D, 0x7D, 0x5D,
    0x7D, 0x5D, 0x7D, 0x5D, 0x7D, 0x5D, 0x7D, 0x5D, 0x7D, 0x5D, 0x7D, 0x5D, 0x7D, 0x5D, 0x7D, 0x5D, 0x7D, 0x5D, 0x7D,
    0x5D, 0x7D, 0x5D, 0x7D, 0x5D, 0x7D, 0x5D, 0x7D, 0x5D, 0x7D, 0x5D, 0x7D, 0x5D, 0x7D, 0x5D, 0x20, 0x62, 0x20, 0x62,
    0x20, 0x62, 0x20, 0x62, 0x20, 0x62, 0x20, 0x62, 0x20, 0x62, 0x20, 0x62, 0x20, 0x62, 0x20, 0x62, 0x20, 0x62, 0x20,
    0x62, 0x20, 0x62, 0x20, 0x62, 0x20, 0x62, 0x20, 0x62, 0x20, 0x62, 0x20, 0x62, 0x20, 0x62, 0x20, 0x62, 0xA8, 0x8B,
    0xA8, 0x8B, 0xA8, 0x8B, 0xA8, 0x8B, 0x10, 0xB5, 0x10, 0xB5, 0x10, 0xB5, 0xF4, 0xCD, 0xF4, 0xCD, 0xF4, 0xCD, 0xF9,
    0xE6, 0xF9, 0xE6, 0xF9, 0xE6, 0xF9, 0xE6, 0xFF, 0xFF, 0xFF, 0xFF, 0xFF, 0xFF, 0xFF, 0xFF, 0xFF, 0xFF, 0xFF, 0xFF,
    0xFF, 0xFF, 0xFF, 0xFF, 0xFF, 0xFF, 0xFF, 0xFF, 0xFF, 0xFF, 0xFF, 0xFF, 0xFF, 0xFF, 0xFF, 0xFF, 0xFF, 0xFF, 0xFF,
    0xFF, 0xFF, 0xFF, 0xFF, 0xFF, 0xFF, 0xFF, 0xFF, 0xFF, 0xFF, 0xFF, 0xFF, 0xFF, 0xFF, 0xFF, 0xFF, 0xFF, 0xFF, 0xFF,
    0xFF, 0xFF, 0xF9, 0xE6, 0xF9, 0xE6, 0xF9, 0xE6, 0xF9, 0xE6, 0xF4, 0xCD, 0xF4, 0xCD, 0xF4, 0xCD, 0x10, 0xB5, 0x10,
    0xB5, 0x10, 0xB5, 0xA8, 0x8B, 0xA8, 0x8B, 0xA8, 0x8B, 0xA8, 0x8B, 0x20, 0x62, 0x20, 0x62, 0x20, 0x62, 0x20, 0x62,
    0x20, 0x62, 0x20, 0x62, 0x20, 0x62, 0x20, 0x62, 0x20, 0x62, 0x20, 0x62, 0x20, 0x62, 0x20, 0x62, 0x20, 0x62, 0x20,
    0x62, 0x20, 0x62, 0x20, 0x62, 0xA4, 0x62, 0xA4, 0x62, 0xA4, 0x62, 0xA4, 0x62, 0x7D, 0x5D, 0x7D, 0x5D, 0x7D, 0x5D,
    0x7D, 0x5D, 0x7D, 0x5D, 0x7D, 0x5D, 0x7D, 0x5D, 0x7D, 0x5D, 0x7D, 0x5D, 0x7D, 0x5D, 0x7D, 0x5D, 0x7D, 0x5D, 0x7D,
    0x5D, 0x7D, 0x5D, 0x7D, 0x5D, 0x7D, 0x5D, 0x7D, 0x5D, 0x7D, 0x5D, 0x7D, 0x5D, 0x7D, 0x5D, 0x7D, 0x5D, 0x7D, 0x5D,
    0x7D, 0x5D, 0x7D, 0x5D, 0x7D, 0x5D, 0x7D, 0x5D, 0x7D, 0x5D, 0x7D, 0x5D, 0x7D, 0x5D, 0x7D, 0x5D, 0x7D, 0x5D, 0x7D,
    0x5D, 0x7D, 0x5D, 0x7D, 0x5D, 0x7D, 0x5D, 0x7D, 0x5D, 0x7D, 0x5D, 0x7D, 0x5D, 0x7D, 0x5D, 0x7D, 0x5D, 0x7D, 0x5D,
    0x7D, 0x5D, 0x7D, 0x5D, 0x7D, 0x5D, 0x7D, 0x5D, 0x7D, 0x5D, 0x7D, 0x5D, 0x7D, 0x5D, 0x7D, 0x5D, 0x7D, 0x5D, 0x7D,
    0x5D, 0x7D, 0x5D, 0x7D, 0x5D, 0x7D, 0x5D, 0x7D, 0x5D, 0x7D, 0x5D, 0x7D, 0x5D, 0x7D, 0x5D, 0x7D, 0x5D, 0x7D, 0x5D,
    0x7D, 0x5D, 0x7D, 0x5D, 0x7D, 0x5D, 0x7D, 0x5D, 0x7D, 0x5D, 0x7D, 0x5D, 0x89, 0x43, 0x89, 0x43, 0x89, 0x43, 0x89,
    0x43, 0x89, 0x43, 0x89, 0x43, 0x89, 0x43, 0x89, 0x43, 0x89, 0x43, 0x89, 0x43, 0x7D, 0x5D, 0x7D, 0x5D, 0x7D, 0x5D,
    0x7D, 0x5D, 0x7D, 0x5D, 0x7D, 0x5D, 0x7D, 0x5D, 0x7D, 0x5D, 0x7D, 0x5D, 0x7D, 0x5D, 0x7D, 0x5D, 0x7D, 0x5D, 0x7D,
    0x5D, 0x7D, 0x5D, 0x7D, 0x5D, 0x7D, 0x5D, 0x7D, 0x5D, 0x7D, 0x5D, 0x7D, 0x5D, 0x7D, 0x5D, 0x7D, 0x5D, 0x7D, 0x5D,
    0x7D, 0x5D, 0x7D, 0x5D, 0x7D, 0x5D, 0x7D, 0x5D, 0x7D, 0x5D, 0x7D, 0x5D, 0x7D, 0x5D, 0x7D, 0x5D, 0x7D, 0x5D, 0x7D,
    0x5D, 0x7D, 0x5D, 0x7D, 0x5D, 0x7D, 0x5D, 0x7D, 0x5D, 0x7D, 0x5D, 0x7D, 0x5D, 0x7D, 0x5D, 0x7D, 0x5D, 0x7D, 0x5D,
    0x7D, 0x5D, 0x7D, 0x5D, 0x7D, 0x5D, 0x7D, 0x5D, 0x7D, 0x5D, 0x7D, 0x5D, 0x7D, 0x5D, 0x7D, 0x5D, 0x7D, 0x5D, 0x7D,
    0x5D, 0x7D, 0x5D, 0x7D, 0x5D, 0x7D, 0x5D, 0x7D, 0x5D, 0x7D, 0x5D, 0x7D, 0x5D, 0x7D, 0x5D, 0x7D, 0x5D, 0x7D, 0x5D,
    0x7D, 0x5D, 0x7D, 0x5D, 0x7D, 0x5D, 0x7D, 0x5D, 0x7D, 0x5D, 0x7D, 0x5D, 0x7D, 0x5D, 0x7D, 0x5D, 0x7D, 0x5D, 0x7D,
    0x5D, 0x20, 0x62, 0x20, 0x62, 0x20, 0x62, 0x20, 0x62, 0x20, 0x62, 0x20, 0x62, 0x20, 0x62, 0x20, 0x62, 0x20, 0x62,
    0x20, 0x62, 0x20, 0x62, 0x20, 0x62, 0x20, 0x62, 0x20, 0x62, 0x20, 0x62, 0x20, 0x62, 0x20, 0x62, 0x20, 0x62, 0x20,
    0x62, 0x20, 0x62, 0x20, 0x62, 0x20, 0x62, 0x20, 0x62, 0x20, 0x62, 0x20, 0x62, 0x20, 0x62, 0x20, 0x62, 0x20, 0x62,
    0x20, 0x62, 0x20, 0x62, 0x20, 0x62, 0x20, 0x62, 0x20, 0x62, 0x20, 0x62, 0x20, 0x62, 0x20, 0x62, 0x20, 0x62, 0x20,
    0x62, 0x20, 0x62, 0x20, 0x62, 0x20, 0x62, 0x20, 0x62, 0x20, 0x62, 0x20, 0x62, 0x20, 0x62, 0x20, 0x62, 0x20, 0x62,
    0x20, 0x62, 0x20, 0x62, 0x20, 0x62, 0x20, 0x62, 0x20, 0x62, 0x20, 0x62, 0x20, 0x62, 0x20, 0x62, 0x20, 0x62, 0x20,
    0x62, 0x20, 0x62, 0x20, 0x62, 0x20, 0x62, 0x20, 0x62, 0x20, 0x62, 0x20, 0x62, 0x20, 0x62, 0x20, 0x62, 0x20, 0x62,
    0x20, 0x62, 0x20, 0x62, 0x20, 0x62, 0x20, 0x62, 0x20, 0x62, 0x20, 0x62, 0x20, 0x62, 0x20, 0x62, 0x20, 0x62, 0x20,
    0x62, 0x20, 0x62, 0x20, 0x62, 0x20, 0x62, 0x20, 0x62, 0x20, 0x62, 0x20, 0x62, 0x20, 0x62, 0x20, 0x62, 0x20, 0x62,
    0x20, 0x62, 0x20, 0x62, 0x20, 0x62, 0x20, 0x62, 0x20, 0x62, 0x20, 0x62, 0x20, 0x62, 0x20, 0x62, 0x20, 0x62, 0x7D,
    0x5D, 0x7D, 0x5D, 0x7D, 0x5D, 0x7D, 0x5D, 0x7D, 0x5D, 0x7D, 0x5D, 0x7D, 0x5D, 0x7D, 0x5D, 0x7D, 0x5D, 0x7D, 0x5D,
    0x7D, 0x5D, 0x7D, 0x5D, 0x7D, 0x5D, 0x7D, 0x5D, 0x7D, 0x5D, 0x7D, 0x5D, 0x7D, 0x5D, 0x7D, 0x5D, 0x7D, 0x5D, 0x7D,
    0x5D, 0x7D, 0x5D, 0x7D, 0x5D, 0x7D, 0x5D, 0x7D, 0x5D, 0x7D, 0x5D, 0x7D, 0x5D, 0x7D, 0x5D, 0x7D, 0x5D, 0x7D, 0x5D,
    0x7D, 0x5D, 0x7D, 0x5D, 0x7D, 0x5D, 0x7D, 0x5D, 0x7D, 0x5D, 0x7D, 0x5D, 0x7D, 0x5D, 0x7D, 0x5D, 0x7D, 0x5D, 0x7D,
    0x5D, 0x7D, 0x5D, 0x7D, 0x5D, 0x7D, 0x5D, 0x7D, 0x5D, 0x7D, 0x5D, 0x7D, 0x5D, 0x7D, 0x5D, 0x7D, 0x5D, 0x7D, 0x5D,
    0x7D, 0x5D, 0x7D, 0x5D, 0x7D, 0x5D, 0x7D, 0x5D, 0x7D, 0x5D, 0x7D, 0x5D, 0x7D, 0x5D, 0x7D, 0x5D, 0x7D, 0x5D, 0x7D,
    0x5D, 0x7D, 0x5D, 0x7D, 0x5D, 0x7D, 0x5D, 0x7D, 0x5D, 0x7D, 0x5D, 0x7D, 0x5D, 0x7D, 0x5D, 0x7D, 0x5D, 0x89, 0x43,
    0x89, 0x43, 0x89, 0x43, 0x89, 0x43, 0x89, 0x43, 0x89, 0x43, 0x89, 0x43, 0x89, 0x43, 0x89, 0x43, 0x89, 0x43, 0x7D,
    0x5D, 0x7D, 0x5D, 0x7D, 0x5D, 0x7D, 0x5D, 0x7D, 0x5D, 0x7D, 0x5D, 0x7D, 0x5D, 0x7D, 0x5D, 0x7D, 0x5D, 0x7D, 0x5D,
    0x7D, 0x5D, 0x7D, 0x5D, 0x7D, 0x5D, 0x7D, 0x5D, 0x7D, 0x5D, 0x7D, 0x5D, 0x7D, 0x5D, 0x7D, 0x5D, 0x7D, 0x5D, 0x7D,
    0x5D, 0x7D, 0x5D, 0x7D, 0x5D, 0x7D, 0x5D, 0x7D, 0x5D, 0x7D, 0x5D, 0x7D, 0x5D, 0x7D, 0x5D, 0x7D, 0x5D, 0x7D, 0x5D,
    0x7D, 0x5D, 0x7D, 0x5D, 0x7D, 0x5D, 0x7D, 0x5D, 0x7D, 0x5D, 0x7D, 0x5D, 0x7D, 0x5D, 0x7D, 0x5D, 0x7D, 0x5D, 0x7D,
    0x5D, 0x7D, 0x5D, 0x7D, 0x5D, 0x7D, 0x5D, 0x7D, 0x5D, 0x7D, 0x5D, 0x7D, 0x5D, 0x7D, 0x5D, 0x7D, 0x5D, 0x7D, 0x5D,
    0x7D, 0x5D, 0x7D, 0x5D, 0x7D, 0x5D, 0x7D, 0x5D, 0x7D, 0x5D, 0x7D, 0x5D, 0x7D, 0x5D, 0x7D, 0x5D, 0x7D, 0x5D, 0x7D,
    0x5D, 0x7D, 0x5D, 0x7D, 0x5D, 0x7D, 0x5D, 0x7D, 0x5D, 0x7D, 0x5D, 0x7D, 0x5D, 0x7D, 0x5D, 0x7D, 0x5D, 0x7D, 0x5D,
    0x7D, 0x5D, 0x7D, 0x5D, 0x7D, 0x5D, 0x20, 0x62, 0x20, 0x62, 0x20, 0x62, 0x20, 0x62, 0x20, 0x62, 0x20, 0x62, 0x20,
    0x62, 0x20, 0x62, 0x20, 0x62, 0x20, 0x62, 0x20, 0x62, 0x20, 0x62, 0x20, 0x62, 0x20, 0x62, 0x20, 0x62, 0x20, 0x62,
    0x20, 0x62, 0x20, 0x62, 0x20, 0x62, 0x20, 0x62, 0x20, 0x62, 0x20, 0x62, 0x20, 0x62, 0x20, 0x62, 0x20, 0x62, 0x20,
    0x62, 0x20, 0x62, 0x20, 0x62, 0x20, 0x62, 0x20, 0x62, 0x20, 0x62, 0x20, 0x62, 0x20, 0x62, 0x20, 0x62, 0x20, 0x62,
    0x20, 0x62, 0x20, 0x62, 0x20, 0x62, 0x20, 0x62, 0x20, 0x62, 0x20, 0x62, 0x20, 0x62, 0x20, 0x62, 0x20, 0x62, 0x20,
    0x62, 0x20, 0x62, 0x20, 0x62, 0x20, 0x62, 0x20, 0x62, 0x20, 0x62, 0x20, 0x62, 0x20, 0x62, 0x20, 0x62, 0x20, 0x62,
    0x20, 0x62, 0x20, 0x62, 0x20, 0x62, 0x20, 0x62, 0x20, 0x62, 0x20, 0x62, 0x20, 0x62, 0x20, 0x62, 0x20, 0x62, 0x20,
    0x62, 0x20, 0x62, 0x20, 0x62, 0x20, 0x62, 0x20, 0x62, 0x20, 0x62, 0x20, 0x62, 0x20, 0x62, 0x20, 0x62, 0x20, 0x62,
    0x20, 0x62, 0x20, 0x62, 0x20, 0x62, 0x20, 0x62, 0x20, 0x62, 0x20, 0x62, 0x20, 0x62, 0x20, 0x62, 0x20, 0x62, 0x20,
    0x62, 0x20, 0x62, 0x20, 0x62, 0x20, 0x62, 0x20, 0x62, 0x20, 0x62, 0x20, 0x62, 0x20, 0x62, 0x20, 0x62, 0x20, 0x62,
    0x20, 0x62, 0x20, 0x62, 0x7D, 0x5D, 0x7D, 0x5D, 0x7D, 0x5D, 0x7D, 0x5D, 0x7D, 0x5D, 0x7D, 0x5D, 0x7D, 0x5D, 0x7D,
    0x5D, 0x7D, 0x5D, 0x7D, 0x5D, 0x7D, 0x5D, 0x7D, 0x5D, 0x7D, 0x5D, 0x7D, 0x5D, 0x7D, 0x5D, 0x7D, 0x5D, 0x7D, 0x5D,
    0x7D, 0x5D, 0x7D, 0x5D, 0x7D, 0x5D, 0x7D, 0x5D, 0x7D, 0x5D, 0x7D, 0x5D, 0x7D, 0x5D, 0x7D, 0x5D, 0x7D, 0x5D, 0x7D,
    0x5D, 0x7D, 0x5D, 0x7D, 0x5D, 0x7D, 0x5D, 0x7D, 0x5D, 0x7D, 0x5D, 0x7D, 0x5D, 0x7D, 0x5D, 0x7D, 0x5D, 0x7D, 0x5D,
    0x7D, 0x5D, 0x7D, 0x5D, 0x7D, 0x5D, 0x7D, 0x5D, 0x7D, 0x5D, 0x7D, 0x5D, 0x7D, 0x5D, 0x7D, 0x5D, 0x7D, 0x5D, 0x7D,
    0x5D, 0x7D, 0x5D, 0x7D, 0x5D, 0x7D, 0x5D, 0x7D, 0x5D, 0x7D, 0x5D, 0x7D, 0x5D, 0x7D, 0x5D, 0x7D, 0x5D, 0x7D, 0x5D,
    0x7D, 0x5D, 0x7D, 0x5D, 0x7D, 0x5D, 0x7D, 0x5D, 0x7D, 0x5D, 0x7D, 0x5D, 0x7D, 0x5D, 0x7D, 0x5D, 0x7D, 0x5D, 0x7D,
    0x5D, 0x7D, 0x5D, 0x89, 0x43, 0x89, 0x43, 0x89, 0x43, 0x89, 0x43, 0x89, 0x43, 0x89, 0x43, 0x89, 0x43, 0x89, 0x43,
    0x89, 0x43, 0x89, 0x43, 0x7D, 0x5D, 0x7D, 0x5D, 0x7D, 0x5D, 0x7D, 0x5D, 0x7D, 0x5D, 0x7D, 0x5D, 0x7D, 0x5D, 0x7D,
    0x5D, 0x7D, 0x5D, 0x7D, 0x5D, 0x7D, 0x5D, 0x7D, 0x5D, 0x7D, 0x5D, 0x7D, 0x5D, 0x7D, 0x5D, 0x7D, 0x5D, 0x7D, 0x5D,
    0x7D, 0x5D, 0x7D, 0x5D, 0x7D, 0x5D, 0x7D, 0x5D, 0x7D, 0x5D, 0x7D, 0x5D, 0x7D, 0x5D, 0x7D, 0x5D, 0x7D, 0x5D, 0x7D,
    0x5D, 0x7D, 0x5D, 0x7D, 0x5D, 0x7D, 0x5D, 0x7D, 0x5D, 0x7D, 0x5D, 0x7D, 0x5D, 0x7D, 0x5D, 0x7D, 0x5D, 0x7D, 0x5D,
    0x7D, 0x5D, 0x7D, 0x5D, 0x7D, 0x5D, 0x7D, 0x5D, 0x7D, 0x5D, 0x7D, 0x5D, 0x7D, 0x5D, 0x7D, 0x5D, 0x7D, 0x5D, 0x7D,
    0x5D, 0x7D, 0x5D, 0x7D, 0x5D, 0x7D, 0x5D, 0x7D, 0x5D, 0x7D, 0x5D, 0x7D, 0x5D, 0x7D, 0x5D, 0x7D, 0x5D, 0x7D, 0x5D,
    0x7D, 0x5D, 0x7D, 0x5D, 0x7D, 0x5D, 0x7D, 0x5D, 0x7D, 0x5D, 0x7D, 0x5D, 0x7D, 0x5D, 0x7D, 0x5D, 0x7D, 0x5D, 0x7D,
    0x5D, 0x7D, 0x5D, 0x7D, 0x5D, 0x7D, 0x5D, 0x7D, 0x5D, 0x7D, 0x5D, 0x20, 0x62, 0x20, 0x62, 0x20, 0x62, 0x20, 0x62,
    0x20, 0x62, 0x20, 0x62, 0x20, 0x62, 0x20, 0x62, 0x20, 0x62, 0x20, 0x62, 0x20, 0x62, 0x20, 0x62, 0x20, 0x62, 0x20,
    0x62, 0x20, 0x62, 0x20, 0x62, 0x20, 0x62, 0x20, 0x62, 0x20, 0x62, 0x20, 0x62, 0x20, 0x62, 0x20, 0x62, 0x20, 0x62,
    0x20, 0x62, 0x20, 0x62, 0x20, 0x62, 0x20, 0x62, 0x20, 0x62, 0x20, 0x62, 0x20, 0x62, 0x20, 0x62, 0x20, 0x62, 0x20,
    0x62, 0x20, 0x62, 0x20, 0x62, 0x20, 0x62, 0x20, 0x62, 0x20, 0x62, 0x20, 0x62, 0x20, 0x62, 0x20, 0x62, 0x20, 0x62,
    0x20, 0x62, 0x20, 0x62, 0x20, 0x62, 0x20, 0x62, 0x20, 0x62, 0x20, 0x62, 0x20, 0x62, 0x20, 0x62, 0x20, 0x62, 0x20,
    0x62, 0x20, 0x62, 0x20, 0x62, 0x20, 0x62, 0x20, 0x62, 0x20, 0x62, 0x20, 0x62, 0x20, 0x62, 0x20, 0x62, 0x20, 0x62,
    0x20, 0x62, 0x20, 0x62, 0x20, 0x62, 0x20, 0x62, 0x20, 0x62, 0x20, 0x62, 0x20, 0x62, 0x20, 0x62, 0x20, 0x62, 0x20,
    0x62, 0x20, 0x62, 0x20, 0x62, 0x20, 0x62, 0x20, 0x62, 0x20, 0x62, 0x20, 0x62, 0x20, 0x62, 0x20, 0x62, 0x20, 0x62,
    0x20, 0x62, 0x20, 0x62, 0x20, 0x62, 0x20, 0x62, 0x20, 0x62, 0x20, 0x62, 0x20, 0x62, 0x20, 0x62, 0x20, 0x62, 0x20,
    0x62, 0x20, 0x62, 0x20, 0x62, 0x20, 0x62, 0x20, 0x62, 0x7D, 0x5D, 0x7D, 0x5D, 0x7D, 0x5D, 0x7D, 0x5D, 0x7D, 0x5D,
    0x7D, 0x5D, 0x7D, 0x5D, 0x7D, 0x5D, 0x7D, 0x5D, 0x7D, 0x5D, 0x7D, 0x5D, 0x7D, 0x5D, 0x7D, 0x5D, 0x7D, 0x5D, 0x7D,
    0x5D, 0x7D, 0x5D, 0x7D, 0x5D, 0x7D, 0x5D, 0x7D, 0x5D, 0x7D, 0x5D, 0x7D, 0x5D, 0x7D, 0x5D, 0x7D, 0x5D, 0x7D, 0x5D,
    0x7D, 0x5D, 0x7D, 0x5D, 0x7D, 0x5D, 0x7D, 0x5D, 0x7D, 0x5D, 0x7D, 0x5D, 0x7D, 0x5D, 0x7D, 0x5D, 0x7D, 0x5D, 0x7D,
    0x5D, 0x7D, 0x5D, 0x7D, 0x5D, 0x7D, 0x5D, 0x7D, 0x5D, 0x7D, 0x5D, 0x7D, 0x5D, 0x7D, 0x5D, 0x7D, 0x5D, 0x7D, 0x5D,
    0x7D, 0x5D, 0x7D, 0x5D, 0x7D, 0x5D, 0x7D, 0x5D, 0x7D, 0x5D, 0x7D, 0x5D, 0x7D, 0x5D, 0x7D, 0x5D, 0x7D, 0x5D, 0x7D,
    0x5D, 0x7D, 0x5D, 0x7D, 0x5D, 0x7D, 0x5D, 0x7D, 0x5D, 0x7D, 0x5D, 0x7D, 0x5D, 0x7D, 0x5D, 0x7D, 0x5D, 0x7D, 0x5D,
    0x7D, 0x5D, 0x7D, 0x5D, 0x7D, 0x5D, 0x7D, 0x5D, 0x89, 0x43, 0x89, 0x43, 0x89, 0x43, 0x89, 0x43, 0x89, 0x43, 0x89,
    0x43, 0x89, 0x43, 0x89, 0x43, 0x89, 0x43, 0x89, 0x43, 0x89, 0x43, 0x89, 0x43, 0x89, 0x43, 0x89, 0x43, 0x7D, 0x5D,
    0x7D, 0x5D, 0x7D, 0x5D, 0x7D, 0x5D, 0x7D, 0x5D, 0x7D, 0x5D, 0x7D, 0x5D, 0x7D, 0x5D, 0x7D, 0x5D, 0x7D, 0x5D, 0x7D,
    0x5D, 0x7D, 0x5D, 0x7D, 0x5D, 0x7D, 0x5D, 0x7D, 0x5D, 0x7D, 0x5D, 0x7D, 0x5D, 0x7D, 0x5D, 0x7D, 0x5D, 0x7D, 0x5D,
    0x7D, 0x5D, 0x7D, 0x5D, 0x7D, 0x5D, 0x7D, 0x5D, 0x7D, 0x5D, 0x7D, 0x5D, 0x7D, 0x5D, 0x7D, 0x5D, 0x7D, 0x5D, 0x7D,
    0x5D, 0x7D, 0x5D, 0x7D, 0x5D, 0x7D, 0x5D, 0x7D, 0x5D, 0x7D, 0x5D, 0x7D, 0x5D, 0x7D, 0x5D, 0x7D, 0x5D, 0x7D, 0x5D,
    0x7D, 0x5D, 0x7D, 0x5D, 0x7D, 0x5D, 0x7D, 0x5D, 0x7D, 0x5D, 0x7D, 0x5D, 0x7D, 0x5D, 0x7D, 0x5D, 0x7D, 0x5D, 0x7D,
    0x5D, 0x7D, 0x5D, 0x7D, 0x5D, 0x7D, 0x5D, 0x7D, 0x5D, 0x7D, 0x5D, 0x7D, 0x5D, 0x7D, 0x5D, 0x7D, 0x5D, 0x7D, 0x5D,
    0x7D, 0x5D, 0x7D, 0x5D, 0x7D, 0x5D, 0x7D, 0x5D, 0x7D, 0x5D, 0x7D, 0x5D, 0x7D, 0x5D, 0x7D, 0x5D, 0x20, 0x62, 0x20,
    0x62, 0x20, 0x62, 0x20, 0x62, 0x20, 0x62, 0x20, 0x62, 0x20, 0x62, 0x20, 0x62, 0x20, 0x62, 0x20, 0x62, 0x20, 0x62,
    0x20, 0x62, 0x20, 0x62, 0x20, 0x62, 0x20, 0x62, 0x20, 0x62, 0x20, 0x62, 0x20, 0x62, 0x20, 0x62, 0x20, 0x62, 0x20,
    0x62, 0x20, 0x62, 0x20, 0x62, 0x20, 0x62, 0x20, 0x62, 0x20, 0x62, 0x20, 0x62, 0x20, 0x62, 0x20, 0x62, 0x20, 0x62,
    0x20, 0x62, 0x20, 0x62, 0x20, 0x62, 0x20, 0x62, 0x20, 0x62, 0x20, 0x62, 0x20, 0x62, 0x20, 0x62, 0x20, 0x62, 0x20,
    0x62, 0x20, 0x62, 0x20, 0x62, 0x20, 0x62, 0x20, 0x62, 0x20, 0x62, 0x20, 0x62, 0x20, 0x62, 0x20, 0x62, 0x20, 0x62,
    0x20, 0x62, 0x20, 0x62, 0x20, 0x62, 0x20, 0x62, 0x20, 0x62, 0x20, 0x62, 0x20, 0x62, 0x20, 0x62, 0x20, 0x62, 0x20,
    0x62, 0x20, 0x62, 0x20, 0x62, 0x20, 0x62, 0x20, 0x62, 0x20, 0x62, 0x20, 0x62, 0x20, 0x62, 0x20, 0x62, 0x20, 0x62,
    0x20, 0x62, 0x20, 0x62, 0x20, 0x62, 0x20, 0x62, 0x20, 0x62, 0x20, 0x62, 0x20, 0x62, 0x20, 0x62, 0x20, 0x62, 0x20,
    0x62, 0x20, 0x62, 0x20, 0x62, 0x20, 0x62, 0x20, 0x62, 0x20, 0x62, 0x20, 0x62, 0x20, 0x62, 0x20, 0x62, 0x20, 0x62,
    0x20, 0x62, 0x20, 0x62, 0x20, 0x62, 0x20, 0x62, 0x20, 0x62, 0x20, 0x62, 0x20, 0x62, 0x7D, 0x5D, 0x7D, 0x5D, 0x7D,
    0x5D, 0x7D, 0x5D, 0x7D, 0x5D, 0x7D, 0x5D, 0x7D, 0x5D, 0x7D, 0x5D, 0x7D, 0x5D, 0x7D, 0x5D, 0x7D, 0x5D, 0x7D, 0x5D,
    0x7D, 0x5D, 0x7D, 0x5D, 0x7D, 0x5D, 0x7D, 0x5D, 0x7D, 0x5D, 0x7D, 0x5D, 0x7D, 0x5D, 0x7D, 0x5D, 0x7D, 0x5D, 0x7D,
    0x5D, 0x7D, 0x5D, 0x7D, 0x5D, 0x7D, 0x5D, 0x7D, 0x5D, 0x7D, 0x5D, 0x7D, 0x5D, 0x7D, 0x5D, 0x7D, 0x5D, 0x7D, 0x5D,
    0x7D, 0x5D, 0x7D, 0x5D, 0x7D, 0x5D, 0x7D, 0x5D, 0x7D, 0x5D, 0x7D, 0x5D, 0x7D, 0x5D, 0x7D, 0x5D, 0x7D, 0x5D, 0x7D,
    0x5D, 0x7D, 0x5D, 0x7D, 0x5D, 0x7D, 0x5D, 0x7D, 0x5D, 0x7D, 0x5D, 0x7D, 0x5D, 0x7D, 0x5D, 0x7D, 0x5D, 0x7D, 0x5D,
    0x7D, 0x5D, 0x7D, 0x5D, 0x7D, 0x5D, 0x7D, 0x5D, 0x7D, 0x5D, 0x7D, 0x5D, 0x7D, 0x5D, 0x7D, 0x5D, 0x7D, 0x5D, 0x7D,
    0x5D, 0x7D, 0x5D, 0x7D, 0x5D, 0x7D, 0x5D, 0x7D, 0x5D, 0x7D, 0x5D, 0x7D, 0x5D, 0x89, 0x43, 0x89, 0x43, 0x89, 0x43,
    0x89, 0x43, 0x89, 0x43, 0x89, 0x43, 0x89, 0x43, 0x89, 0x43, 0x89, 0x43, 0x89, 0x43, 0x89, 0x43, 0x89, 0x43, 0x89,
    0x43, 0x89, 0x43, 0x7D, 0x5D, 0x7D, 0x5D, 0x7D, 0x5D, 0x7D, 0x5D, 0x7D, 0x5D, 0x7D, 0x5D, 0x7D, 0x5D, 0x7D, 0x5D,
    0x7D, 0x5D, 0x7D, 0x5D, 0x7D, 0x5D, 0x7D, 0x5D, 0x7D, 0x5D, 0x7D, 0x5D, 0x7D, 0x5D, 0x7D, 0x5D, 0x7D, 0x5D, 0x7D,
    0x5D, 0x7D, 0x5D, 0x7D, 0x5D, 0x7D, 0x5D, 0x7D, 0x5D, 0x7D, 0x5D, 0x7D, 0x5D, 0x7D, 0x5D, 0x7D, 0x5D, 0x7D, 0x5D,
    0x7D, 0x5D, 0x7D, 0x5D, 0x7D, 0x5D, 0x7D, 0x5D, 0x7D, 0x5D, 0x7D, 0x5D, 0x7D, 0x5D, 0x7D, 0x5D, 0x7D, 0x5D, 0x7D,
    0x5D, 0x7D, 0x5D, 0x7D, 0x5D, 0x7D, 0x5D, 0x7D, 0x5D, 0x7D, 0x5D, 0x7D, 0x5D, 0x7D, 0x5D, 0x7D, 0x5D, 0x7D, 0x5D,
    0x7D, 0x5D, 0x7D, 0x5D, 0x7D, 0x5D, 0x7D, 0x5D, 0x7D, 0x5D, 0x7D, 0x5D, 0x7D, 0x5D, 0x7D, 0x5D, 0x7D, 0x5D, 0x7D,
    0x5D, 0x7D, 0x5D, 0x7D, 0x5D, 0x7D, 0x5D, 0x7D, 0x5D, 0x7D, 0x5D, 0x7D, 0x5D, 0x7D, 0x5D, 0x7D, 0x5D, 0x7D, 0x5D,
    0x7D, 0x5D, 0x20, 0x62, 0x20, 0x62, 0x20, 0x62, 0x20, 0x62, 0x20, 0x62, 0x20, 0x62, 0x20, 0x62, 0x20, 0x62, 0x20,
    0x62, 0x20, 0x62, 0x20, 0x62, 0x20, 0x62, 0x20, 0x62, 0x20, 0x62, 0x20, 0x62, 0x20, 0x62, 0x20, 0x62, 0x20, 0x62,
    0x20, 0x62, 0x20, 0x62, 0x20, 0x62, 0x20, 0x62, 0x20, 0x62, 0x20, 0x62, 0x20, 0x62, 0x20, 0x62, 0x20, 0x62, 0x20,
    0x62, 0x20, 0x62, 0x20, 0x62, 0x20, 0x62, 0x20, 0x62, 0x20, 0x62, 0x20, 0x62, 0x20, 0x62, 0x20, 0x62, 0x20, 0x62,
    0x20, 0x62, 0x20, 0x62, 0x20, 0x62, 0x20, 0x62, 0x20, 0x62, 0x20, 0x62, 0x20, 0x62, 0x20, 0x62, 0x20, 0x62, 0x20,
    0x62, 0x20, 0x62, 0x20, 0x62, 0x20, 0x62, 0x20, 0x62, 0x20, 0x62, 0x20, 0x62, 0x20, 0x62, 0x20, 0x62, 0x20, 0x62,
    0x20, 0x62, 0x20, 0x62, 0x20, 0x62, 0x20, 0x62, 0x20, 0x62, 0x20, 0x62, 0x20, 0x62, 0x20, 0x62, 0x20, 0x62, 0x20,
    0x62, 0x20, 0x62, 0x20, 0x62, 0x20, 0x62, 0x20, 0x62, 0x20, 0x62, 0x20, 0x62, 0x20, 0x62, 0x20, 0x62, 0x20, 0x62,
    0x20, 0x62, 0x20, 0x62, 0x20, 0x62, 0x20, 0x62, 0x20, 0x62, 0x20, 0x62, 0x20, 0x62, 0x20, 0x62, 0x20, 0x62, 0x20,
    0x62, 0x20, 0x62, 0x20, 0x62, 0x20, 0x62, 0x20, 0x62, 0x20, 0x62, 0x20, 0x62, 0x20, 0x62, 0x20, 0x62, 0x20, 0x62,
    0x7D, 0x5D, 0x7D, 0x5D, 0x7D, 0x5D, 0x7D, 0x5D, 0x7D, 0x5D, 0x7D, 0x5D, 0x7D, 0x5D, 0x7D, 0x5D, 0x7D, 0x5D, 0x7D,
    0x5D, 0x7D, 0x5D, 0x7D, 0x5D, 0x7D, 0x5D, 0x7D, 0x5D, 0x7D, 0x5D, 0x7D, 0x5D, 0x7D, 0x5D, 0x7D, 0x5D, 0x7D, 0x5D,
    0x7D, 0x5D, 0x7D, 0x5D, 0x7D, 0x5D, 0x7D, 0x5D, 0x7D, 0x5D, 0x7D, 0x5D, 0x7D, 0x5D, 0x7D, 0x5D, 0x7D, 0x5D, 0x7D,
    0x5D, 0x7D, 0x5D, 0x7D, 0x5D, 0x7D, 0x5D, 0x7D, 0x5D, 0x7D, 0x5D, 0x7D, 0x5D, 0x7D, 0x5D, 0x7D, 0x5D, 0x7D, 0x5D,
    0x7D, 0x5D, 0x7D, 0x5D, 0x7D, 0x5D, 0x7D, 0x5D, 0x7D, 0x5D, 0x7D, 0x5D, 0x7D, 0x5D, 0x7D, 0x5D, 0x7D, 0x5D, 0x7D,
    0x5D, 0x7D, 0x5D, 0x7D, 0x5D, 0x7D, 0x5D, 0x7D, 0x5D, 0x7D, 0x5D, 0x7D, 0x5D, 0x7D, 0x5D, 0x7D, 0x5D, 0x7D, 0x5D,
    0x7D, 0x5D, 0x7D, 0x5D, 0x7D, 0x5D, 0x7D, 0x5D, 0x7D, 0x5D, 0x7D, 0x5D, 0x7D, 0x5D, 0x7D, 0x5D, 0x7D, 0x5D, 0x89,
    0x43, 0x89, 0x43, 0x89, 0x43, 0x89, 0x43, 0x89, 0x43, 0x89, 0x43, 0x89, 0x43, 0x89, 0x43, 0x89, 0x43, 0x89, 0x43,
    0x89, 0x43, 0x89, 0x43, 0x89, 0x43, 0x89, 0x43, 0x7D, 0x5D, 0x7D, 0x5D, 0x7D, 0x5D, 0x7D, 0x5D, 0x7D, 0x5D, 0x7D,
    0x5D, 0x7D, 0x5D, 0x7D, 0x5D, 0x7D, 0x5D, 0x7D, 0x5D, 0x7D, 0x5D, 0x7D, 0x5D, 0x7D, 0x5D, 0x7D, 0x5D, 0x7D, 0x5D,
    0x7D, 0x5D, 0x7D, 0x5D, 0x7D, 0x5D, 0x7D, 0x5D, 0x7D, 0x5D, 0x7D, 0x5D, 0x7D, 0x5D, 0x7D, 0x5D, 0x7D, 0x5D, 0x7D,
    0x5D, 0x7D, 0x5D, 0x7D, 0x5D, 0x7D, 0x5D, 0x7D, 0x5D, 0x7D, 0x5D, 0x7D, 0x5D, 0x7D, 0x5D, 0x7D, 0x5D, 0x7D, 0x5D,
    0x7D, 0x5D, 0x7D, 0x5D, 0x7D, 0x5D, 0x7D, 0x5D, 0x7D, 0x5D, 0x7D, 0x5D, 0x7D, 0x5D, 0x7D, 0x5D, 0x7D, 0x5D, 0x7D,
    0x5D, 0x7D, 0x5D, 0x7D, 0x5D, 0x7D, 0x5D, 0x7D, 0x5D, 0x7D, 0x5D, 0x7D, 0x5D, 0x7D, 0x5D, 0x7D, 0x5D, 0x7D, 0x5D,
    0x7D, 0x5D, 0x7D, 0x5D, 0x7D, 0x5D, 0x7D, 0x5D, 0x7D, 0x5D, 0x7D, 0x5D, 0x7D, 0x5D, 0x7D, 0x5D, 0x7D, 0x5D, 0x7D,
    0x5D, 0x7D, 0x5D, 0x7D, 0x5D, 0x7D, 0x5D, 0x20, 0x62, 0x20, 0x62, 0x20, 0x62, 0x20, 0x62, 0x20, 0x62, 0x20, 0x62,
    0x20, 0x62, 0x20, 0x62, 0x20, 0x62, 0x20, 0x62, 0x20, 0x62, 0x20, 0x62, 0x20, 0x62, 0x20, 0x62, 0x20, 0x62, 0x20,
    0x62, 0x20, 0x62, 0x20, 0x62, 0x20, 0x62, 0x20, 0x62, 0x20, 0x62, 0x20, 0x62, 0x20, 0x62, 0x20, 0x62, 0x20, 0x62,
    0x20, 0x62, 0x20, 0x62, 0x20, 0x62, 0x20, 0x62, 0x20, 0x62, 0x20, 0x62, 0x20, 0x62, 0x20, 0x62, 0x20, 0x62, 0x20,
    0x62, 0x20, 0x62, 0x20, 0x62, 0x20, 0x62, 0x20, 0x62, 0x20, 0x62, 0x20, 0x62, 0x20, 0x62, 0x20, 0x62, 0x20, 0x62,
    0x20, 0x62, 0x20, 0x62, 0x20, 0x62, 0x20, 0x62, 0x20, 0x62, 0x20, 0x62, 0x20, 0x62, 0x20, 0x62, 0x20, 0x62, 0x20,
    0x62, 0x20, 0x62, 0x20, 0x62, 0x20, 0x62, 0x20, 0x62, 0x20, 0x62, 0x20, 0x62, 0x20, 0x62, 0x20, 0x62, 0x20, 0x62,
    0x20, 0x62, 0x20, 0x62, 0x20, 0x62, 0x20, 0x62, 0x20, 0x62, 0x20, 0x62, 0x20, 0x62, 0x20, 0x62, 0x20, 0x62, 0x20,
    0x62, 0x20, 0x62, 0x20, 0x62, 0x20, 0x62, 0x20, 0x62, 0x20, 0x62, 0x20, 0x62, 0x20, 0x62, 0x20, 0x62, 0x20, 0x62,
    0x20, 0x62, 0x20, 0x62, 0x20, 0x62, 0x20, 0x62, 0x20, 0x62, 0x20, 0x62, 0x20, 0x62, 0x20, 0x62, 0x20, 0x62, 0x20,
    0x62, 0x20, 0x62, 0x20, 0x62, 0x7D, 0x5D, 0x7D, 0x5D, 0x7D, 0x5D, 0x7D, 0x5D, 0x7D, 0x5D, 0x7D, 0x5D, 0x7D, 0x5D,
    0x7D, 0x5D, 0x7D, 0x5D, 0x7D, 0x5D, 0x7D, 0x5D, 0x7D, 0x5D, 0x7D, 0x5D, 0x7D, 0x5D, 0x7D, 0x5D, 0x7D, 0x5D, 0x7D,
    0x5D, 0x7D, 0x5D, 0x7D, 0x5D, 0x7D, 0x5D, 0x7D, 0x5D, 0x7D, 0x5D, 0x7D, 0x5D, 0x7D, 0x5D, 0x7D, 0x5D, 0x7D, 0x5D,
    0x7D, 0x5D, 0x7D, 0x5D, 0x7D, 0x5D, 0x7D, 0x5D, 0x7D, 0x5D, 0x7D, 0x5D, 0x7D, 0x5D, 0x7D, 0x5D, 0x7D, 0x5D, 0x7D,
    0x5D, 0x7D, 0x5D, 0x7D, 0x5D, 0x7D, 0x5D, 0x7D, 0x5D, 0x7D, 0x5D, 0x7D, 0x5D, 0x7D, 0x5D, 0x7D, 0x5D, 0x7D, 0x5D,
    0x7D, 0x5D, 0x7D, 0x5D, 0x7D, 0x5D, 0x7D, 0x5D, 0x7D, 0x5D, 0x7D, 0x5D, 0x7D, 0x5D, 0x7D, 0x5D, 0x7D, 0x5D, 0x7D,
    0x5D, 0x7D, 0x5D, 0x7D, 0x5D, 0x7D, 0x5D, 0x7D, 0x5D, 0x7D, 0x5D, 0x7D, 0x5D, 0x7D, 0x5D, 0x7D, 0x5D, 0x7D, 0x5D,
    0x7D, 0x5D, 0x7D, 0x5D, 0x89, 0x43, 0x89, 0x43, 0x89, 0x43, 0x89, 0x43, 0x89, 0x43, 0x89, 0x43, 0x89, 0x43, 0x89,
    0x43, 0x89, 0x43, 0x89, 0x43, 0x89, 0x43, 0x89, 0x43, 0x89, 0x43, 0x89, 0x43, 0x7D, 0x5D, 0x7D, 0x5D, 0x7D, 0x5D,
    0x7D, 0x5D, 0x7D, 0x5D, 0x7D, 0x5D, 0x7D, 0x5D, 0x7D, 0x5D, 0x7D, 0x5D, 0x7D, 0x5D, 0x7D, 0x5D, 0x7D, 0x5D, 0x7D,
    0x5D, 0x7D, 0x5D, 0x7D, 0x5D, 0x7D, 0x5D, 0x7D, 0x5D, 0x7D, 0x5D, 0x7D, 0x5D, 0x7D, 0x5D, 0x7D, 0x5D, 0x7D, 0x5D,
    0x7D, 0x5D, 0x7D, 0x5D, 0x7D, 0x5D, 0x7D, 0x5D, 0x7D, 0x5D, 0x7D, 0x5D, 0x7D, 0x5D, 0x7D, 0x5D, 0x7D, 0x5D, 0x7D,
    0x5D, 0x7D, 0x5D, 0x7D, 0x5D, 0x7D, 0x5D, 0x7D, 0x5D, 0x7D, 0x5D, 0x7D, 0x5D, 0x7D, 0x5D, 0x7D, 0x5D, 0x7D, 0x5D,
    0x7D, 0x5D, 0x7D, 0x5D, 0x7D, 0x5D, 0x7D, 0x5D, 0x7D, 0x5D, 0x7D, 0x5D, 0x7D, 0x5D, 0x7D, 0x5D, 0x7D, 0x5D, 0x7D,
    0x5D, 0x7D, 0x5D, 0x7D, 0x5D, 0x7D, 0x5D, 0x7D, 0x5D, 0x7D, 0x5D, 0x7D, 0x5D, 0x7D, 0x5D, 0x7D, 0x5D, 0x7D, 0x5D,
    0x7D, 0x5D, 0x7D, 0x5D, 0x7D, 0x5D, 0x7D, 0x5D, 0x7D, 0x5D, 0x7D, 0x5D, 0x20, 0x62, 0x20, 0x62, 0x20, 0x62, 0x20,
    0x62, 0x20, 0x62, 0x20, 0x62, 0x20, 0x62, 0x20, 0x62, 0x20, 0x62, 0x20, 0x62, 0x20, 0x62, 0x20, 0x62, 0x20, 0x62,
    0x20, 0x62, 0x20, 0x62, 0x20, 0x62, 0x20, 0x62, 0x20, 0x62, 0x20, 0x62, 0x20, 0x62, 0x20, 0x62, 0x20, 0x62, 0x20,
    0x62, 0x20, 0x62, 0x20, 0x62, 0x20, 0x62, 0x20, 0x62, 0x20, 0x62, 0x20, 0x62, 0x20, 0x62, 0x20, 0x62, 0x20, 0x62,
    0x20, 0x62, 0x20, 0x62, 0x20, 0x62, 0x20, 0x62, 0x20, 0x62, 0x20, 0x62, 0x20, 0x62, 0x20, 0x62, 0x20, 0x62, 0x20,
    0x62, 0x20, 0x62, 0x20, 0x62, 0x20, 0x62, 0x20, 0x62, 0x20, 0x62, 0x20, 0x62, 0x20, 0x62, 0x20, 0x62, 0x20, 0x62,
    0x20, 0x62, 0x20, 0x62, 0x20, 0x62, 0x20, 0x62, 0x20, 0x62, 0x20, 0x62, 0x20, 0x62, 0x20, 0x62, 0x20, 0x62, 0x20,
    0x62, 0x20, 0x62, 0x20, 0x62, 0x20, 0x62, 0x20, 0x62, 0x20, 0x62, 0x20, 0x62, 0x20, 0x62, 0x20, 0x62, 0x20, 0x62,
    0x20, 0x62, 0x20, 0x62, 0x20, 0x62, 0x20, 0x62, 0x20, 0x62, 0x20, 0x62, 0x20, 0x62, 0x20, 0x62, 0x20, 0x62, 0x20,
    0x62, 0x20, 0x62, 0x20, 0x62, 0x20, 0x62, 0x20, 0x62, 0x20, 0x62, 0x20, 0x62, 0x20, 0x62, 0x20, 0x62, 0x20, 0x62,
    0x20, 0x62, 0x20, 0x62, 0x20, 0x62, 0x20, 0x62, 0x20, 0x62, 0x7D, 0x5D, 0x7D, 0x5D, 0x7D, 0x5D, 0x7D, 0x5D, 0x7D,
    0x5D, 0x7D, 0x5D, 0x7D, 0x5D, 0x7D, 0x5D, 0x7D, 0x5D, 0x7D, 0x5D, 0x7D, 0x5D, 0x7D, 0x5D, 0x7D, 0x5D, 0x7D, 0x5D,
    0x7D, 0x5D, 0x7D, 0x5D, 0x7D, 0x5D, 0x7D, 0x5D, 0x7D, 0x5D, 0x7D, 0x5D, 0x7D, 0x5D, 0x7D, 0x5D, 0x7D, 0x5D, 0x7D,
    0x5D, 0x7D, 0x5D, 0x7D, 0x5D, 0x7D, 0x5D, 0x7D, 0x5D, 0x7D, 0x5D, 0x7D, 0x5D, 0x7D, 0x5D, 0x7D, 0x5D, 0x7D, 0x5D,
    0x7D, 0x5D, 0x7D, 0x5D, 0x7D, 0x5D, 0x7D, 0x5D, 0x7D, 0x5D, 0x7D, 0x5D, 0x7D, 0x5D, 0x7D, 0x5D, 0x7D, 0x5D, 0x7D,
    0x5D, 0x7D, 0x5D, 0x7D, 0x5D, 0x7D, 0x5D, 0x7D, 0x5D, 0x7D, 0x5D, 0x7D, 0x5D, 0x7D, 0x5D, 0x7D, 0x5D, 0x7D, 0x5D,
    0x7D, 0x5D, 0x7D, 0x5D, 0x7D, 0x5D, 0x7D, 0x5D, 0x7D, 0x5D, 0x7D, 0x5D, 0x7D, 0x5D, 0x7D, 0x5D, 0x7D, 0x5D, 0x7D,
    0x5D, 0x7D, 0x5D, 0x7D, 0x5D, 0x7D, 0x5D, 0x7D, 0x5D, 0x89, 0x43, 0x89, 0x43, 0x89, 0x43, 0x89, 0x43, 0x89, 0x43,
    0x89, 0x43, 0x89, 0x43, 0x89, 0x43, 0x89, 0x43, 0x89, 0x43, 0x89, 0x43, 0x89, 0x43, 0x89, 0x43, 0x89, 0x43, 0x7D,
    0x5D, 0x7D, 0x5D, 0x7D, 0x5D, 0x7D, 0x5D, 0x7D, 0x5D, 0x7D, 0x5D, 0x7D, 0x5D, 0x7D, 0x5D, 0x7D, 0x5D, 0x7D, 0x5D,
    0x7D, 0x5D, 0x7D, 0x5D, 0x7D, 0x5D, 0x7D, 0x5D, 0x7D, 0x5D, 0x7D, 0x5D, 0x7D, 0x5D, 0x7D, 0x5D, 0x7D, 0x5D, 0x7D,
    0x5D, 0x7D, 0x5D, 0x7D, 0x5D, 0x7D, 0x5D, 0x7D, 0x5D, 0x7D, 0x5D, 0x7D, 0x5D, 0x7D, 0x5D, 0x7D, 0x5D, 0x7D, 0x5D,
    0x7D, 0x5D, 0x7D, 0x5D, 0x7D, 0x5D, 0x7D, 0x5D, 0x7D, 0x5D, 0x7D, 0x5D, 0x7D, 0x5D, 0x7D, 0x5D, 0x7D, 0x5D, 0x7D,
    0x5D, 0x7D, 0x5D, 0x7D, 0x5D, 0x7D, 0x5D, 0x7D, 0x5D, 0x7D, 0x5D, 0x7D, 0x5D, 0x7D, 0x5D, 0x7D, 0x5D, 0x7D, 0x5D,
    0x7D, 0x5D, 0x7D, 0x5D, 0x7D, 0x5D, 0x7D, 0x5D, 0x7D, 0x5D, 0x7D, 0x5D, 0x7D, 0x5D, 0x7D, 0x5D, 0x7D, 0x5D, 0x7D,
    0x5D, 0x7D, 0x5D, 0x7D, 0x5D, 0x7D, 0x5D, 0x7D, 0x5D, 0x7D, 0x5D, 0xD8, 0x5C, 0xD8, 0x5C, 0xD8, 0x5C, 0x20, 0x62,
    0x20, 0x62, 0x20, 0x62, 0x20, 0x62, 0x20, 0x62, 0x20, 0x62, 0x20, 0x62, 0x20, 0x62, 0x20, 0x62, 0x20, 0x62, 0x20,
    0x62, 0x20, 0x62, 0x20, 0x62, 0x20, 0x62, 0x20, 0x62, 0x20, 0x62, 0x20, 0x62, 0x20, 0x62, 0x20, 0x62, 0x20, 0x62,
    0x20, 0x62, 0x20, 0x62, 0x20, 0x62, 0x20, 0x62, 0x20, 0x62, 0x20, 0x62, 0x20, 0x62, 0x20, 0x62, 0x20, 0x62, 0x20,
    0x62, 0x20, 0x62, 0x20, 0x62, 0x20, 0x62, 0x20, 0x62, 0x20, 0x62, 0x20, 0x62, 0x20, 0x62, 0x20, 0x62, 0x20, 0x62,
    0x20, 0x62, 0x20, 0x62, 0x20, 0x62, 0x20, 0x62, 0x20, 0x62, 0x20, 0x62, 0x20, 0x62, 0x20, 0x62, 0x20, 0x62, 0x20,
    0x62, 0x20, 0x62, 0x20, 0x62, 0x20, 0x62, 0x20, 0x62, 0x20, 0x62, 0x20, 0x62, 0x20, 0x62, 0x20, 0x62, 0x20, 0x62,
    0x20, 0x62, 0x20, 0x62, 0x20, 0x62, 0x20, 0x62, 0x20, 0x62, 0x20, 0x62, 0x20, 0x62, 0x20, 0x62, 0x20, 0x62, 0x20,
    0x62, 0x20, 0x62, 0x20, 0x62, 0x20, 0x62, 0x20, 0x62, 0x20, 0x62, 0x20, 0x62, 0x20, 0x62, 0x20, 0x62, 0x20, 0x62,
    0x20, 0x62, 0x20, 0x62, 0x20, 0x62, 0x20, 0x62, 0x20, 0x62, 0x20, 0x62, 0x20, 0x62, 0x20, 0x62, 0x20, 0x62, 0x20,
    0x62, 0x20, 0x62, 0x20, 0x62, 0x20, 0x62, 0x20, 0x62, 0x20, 0x62, 0x20, 0x62, 0x20, 0x62, 0x19, 0x5D, 0x19, 0x5D,
    0x19, 0x5D, 0x7D, 0x5D, 0x7D, 0x5D, 0x7D, 0x5D, 0x7D, 0x5D, 0x7D, 0x5D, 0x7D, 0x5D, 0x7D, 0x5D, 0x7D, 0x5D, 0x7D,
    0x5D, 0x7D, 0x5D, 0x7D, 0x5D, 0x7D, 0x5D, 0x7D, 0x5D, 0x7D, 0x5D, 0x7D, 0x5D, 0x7D, 0x5D, 0x7D, 0x5D, 0x7D, 0x5D,
    0x7D, 0x5D, 0x7D, 0x5D, 0x7D, 0x5D, 0x7D, 0x5D, 0x7D, 0x5D, 0x7D, 0x5D, 0x7D, 0x5D, 0x7D, 0x5D, 0x7D, 0x5D, 0x7D,
    0x5D, 0x7D, 0x5D, 0x7D, 0x5D, 0x7D, 0x5D, 0x7D, 0x5D, 0x7D, 0x5D, 0x7D, 0x5D, 0x7D, 0x5D, 0x7D, 0x5D, 0x7D, 0x5D,
    0x7D, 0x5D, 0x7D, 0x5D, 0x7D, 0x5D, 0x7D, 0x5D, 0x7D, 0x5D, 0x7D, 0x5D, 0x7D, 0x5D, 0x7D, 0x5D, 0x7D, 0x5D, 0x7D,
    0x5D, 0x7D, 0x5D, 0x7D, 0x5D, 0x7D, 0x5D, 0x7D, 0x5D, 0x7D, 0x5D, 0x7D, 0x5D, 0x7D, 0x5D, 0x7D, 0x5D, 0x7D, 0x5D,
    0x7D, 0x5D, 0x7D, 0x5D, 0x7D, 0x5D, 0x7D, 0x5D, 0x7D, 0x5D, 0x7D, 0x5D, 0x7D, 0x5D, 0x89, 0x43, 0x89, 0x43, 0x89,
    0x43, 0x89, 0x43, 0x89, 0x43, 0x89, 0x43, 0x89, 0x43, 0x89, 0x43, 0x89, 0x43, 0x89, 0x43, 0x89, 0x43, 0x89, 0x43,
    0x89, 0x43, 0x89, 0x43, 0x7D, 0x5D, 0x7D, 0x5D, 0x7D, 0x5D, 0x7D, 0x5D, 0x7D, 0x5D, 0x7D, 0x5D, 0x7D, 0x5D, 0x7D,
    0x5D, 0x7D, 0x5D, 0x7D, 0x5D, 0x7D, 0x5D, 0x7D, 0x5D, 0x7D, 0x5D, 0x7D, 0x5D, 0x7D, 0x5D, 0x7D, 0x5D, 0x7D, 0x5D,
    0x7D, 0x5D, 0x7D, 0x5D, 0x7D, 0x5D, 0x7D, 0x5D, 0x7D, 0x5D, 0x7D, 0x5D, 0x7D, 0x5D, 0x7D, 0x5D, 0x7D, 0x5D, 0x7D,
    0x5D, 0x7D, 0x5D, 0x7D, 0x5D, 0x7D, 0x5D, 0x7D, 0x5D, 0x7D, 0x5D, 0x7D, 0x5D, 0x7D, 0x5D, 0x7D, 0x5D, 0x7D, 0x5D,
    0x7D, 0x5D, 0x7D, 0x5D, 0x7D, 0x5D, 0x7D, 0x5D, 0x7D, 0x5D, 0x7D, 0x5D, 0x7D, 0x5D, 0x7D, 0x5D, 0x7D, 0x5D, 0x7D,
    0x5D, 0x7D, 0x5D, 0x7D, 0x5D, 0x7D, 0x5D, 0x7D, 0x5D, 0x7D, 0x5D, 0x7D, 0x5D, 0x7D, 0x5D, 0x7D, 0x5D, 0x7D, 0x5D,
    0x7D, 0x5D, 0x7D, 0x5D, 0x7D, 0x5D, 0x7D, 0x5D, 0x7D, 0x5D, 0x7D, 0x5D, 0x7D, 0x5D, 0x7D, 0x5D, 0xD8, 0x5C, 0xD8,
    0x5C, 0xD8, 0x5C, 0x20, 0x62, 0x20, 0x62, 0x20, 0x62, 0x20, 0x62, 0x20, 0x62, 0x20, 0x62, 0x20, 0x62, 0x20, 0x62,
    0x20, 0x62, 0x20, 0x62, 0x20, 0x62, 0x20, 0x62, 0x20, 0x62, 0x20, 0x62, 0x20, 0x62, 0x20, 0x62, 0x20, 0x62, 0x20,
    0x62, 0x20, 0x62, 0x20, 0x62, 0x20, 0x62, 0x20, 0x62, 0x20, 0x62, 0x20, 0x62, 0x20, 0x62, 0x20, 0x62, 0x20, 0x62,
    0x20, 0x62, 0x20, 0x62, 0x20, 0x62, 0x20, 0x62, 0x20, 0x62, 0x20, 0x62, 0x20, 0x62, 0x20, 0x62, 0x20, 0x62, 0x20,
    0x62, 0x20, 0x62, 0x20, 0x62, 0x20, 0x62, 0x20, 0x62, 0x20, 0x62, 0x20, 0x62, 0x20, 0x62, 0x20, 0x62, 0x20, 0x62,
    0x20, 0x62, 0x20, 0x62, 0x20, 0x62, 0x20, 0x62, 0x20, 0x62, 0x20, 0x62, 0x20, 0x62, 0x20, 0x62, 0x20, 0x62, 0x20,
    0x62, 0x20, 0x62, 0x20, 0x62, 0x20, 0x62, 0x20, 0x62, 0x20, 0x62, 0x20, 0x62, 0x20, 0x62, 0x20, 0x62, 0x20, 0x62,
    0x20, 0x62, 0x20, 0x62, 0x20, 0x62, 0x20, 0x62, 0x20, 0x62, 0x20, 0x62, 0x20, 0x62, 0x20, 0x62, 0x20, 0x62, 0x20,
    0x62, 0x20, 0x62, 0x20, 0x62, 0x20, 0x62, 0x20, 0x62, 0x20, 0x62, 0x20, 0x62, 0x20, 0x62, 0x20, 0x62, 0x20, 0x62,
    0x20, 0x62, 0x20, 0x62, 0x20, 0x62, 0x20, 0x62, 0x20, 0x62, 0x20, 0x62, 0x20, 0x62, 0x20, 0x62, 0x20, 0x62, 0x20,
    0x62, 0x19, 0x5D, 0x19, 0x5D, 0x19, 0x5D, 0x7D, 0x5D, 0x7D, 0x5D, 0x7D, 0x5D, 0x7D, 0x5D, 0x7D, 0x5D, 0x7D, 0x5D,
    0x7D, 0x5D, 0x7D, 0x5D, 0x7D, 0x5D, 0x7D, 0x5D, 0x7D, 0x5D, 0x7D, 0x5D, 0x7D, 0x5D, 0x7D, 0x5D, 0x7D, 0x5D, 0x7D,
    0x5D, 0x7D, 0x5D, 0x7D, 0x5D, 0x7D, 0x5D, 0x7D, 0x5D, 0x7D, 0x5D, 0x7D, 0x5D, 0x7D, 0x5D, 0x7D, 0x5D, 0x7D, 0x5D,
    0x7D, 0x5D, 0x7D, 0x5D, 0x7D, 0x5D, 0x7D, 0x5D, 0x7D, 0x5D, 0x7D, 0x5D, 0x7D, 0x5D, 0x7D, 0x5D, 0x7D, 0x5D, 0x7D,
    0x5D, 0x7D, 0x5D, 0x7D, 0x5D, 0x7D, 0x5D, 0x7D, 0x5D, 0x7D, 0x5D, 0x7D, 0x5D, 0x7D, 0x5D, 0x7D, 0x5D, 0x7D, 0x5D,
    0x7D, 0x5D, 0x7D, 0x5D, 0x7D, 0x5D, 0x7D, 0x5D, 0x7D, 0x5D, 0x7D, 0x5D, 0x7D, 0x5D, 0x7D, 0x5D, 0x7D, 0x5D, 0x7D,
    0x5D, 0x7D, 0x5D, 0x7D, 0x5D, 0x7D, 0x5D, 0x7D, 0x5D, 0x7D, 0x5D, 0x7D, 0x5D, 0x7D, 0x5D, 0x7D, 0x5D, 0x7D, 0x5D,
    0x89, 0x43, 0x89, 0x43, 0x89, 0x43, 0x89, 0x43, 0x89, 0x43, 0x89, 0x43, 0x89, 0x43, 0x89, 0x43, 0x89, 0x43, 0x89,
    0x43, 0x89, 0x43, 0x89, 0x43, 0x89, 0x43, 0x89, 0x43, 0x7D, 0x5D, 0x7D, 0x5D, 0x7D, 0x5D, 0x7D, 0x5D, 0x7D, 0x5D,
    0x7D, 0x5D, 0x7D, 0x5D, 0x7D, 0x5D, 0x7D, 0x5D, 0x7D, 0x5D, 0x7D, 0x5D, 0x7D, 0x5D, 0x7D, 0x5D, 0x7D, 0x5D, 0x7D,
    0x5D, 0x7D, 0x5D, 0x7D, 0x5D, 0x7D, 0x5D, 0x7D, 0x5D, 0x7D, 0x5D, 0x7D, 0x5D, 0x7D, 0x5D, 0x7D, 0x5D, 0x7D, 0x5D,
    0x7D, 0x5D, 0x7D, 0x5D, 0x7D, 0x5D, 0x7D, 0x5D, 0x7D, 0x5D, 0x7D, 0x5D, 0x7D, 0x5D, 0x7D, 0x5D, 0x7D, 0x5D, 0x7D,
    0x5D, 0x7D, 0x5D, 0x7D, 0x5D, 0x7D, 0x5D, 0x7D, 0x5D, 0x7D, 0x5D, 0x7D, 0x5D, 0x7D, 0x5D, 0x7D, 0x5D, 0x7D, 0x5D,
    0x7D, 0x5D, 0x7D, 0x5D, 0x7D, 0x5D, 0x7D, 0x5D, 0x7D, 0x5D, 0x7D, 0x5D, 0x7D, 0x5D, 0x7D, 0x5D, 0x7D, 0x5D, 0x7D,
    0x5D, 0x7D, 0x5D, 0x7D, 0x5D, 0x7D, 0x5D, 0x7D, 0x5D, 0x7D, 0x5D, 0x7D, 0x5D, 0x7D, 0x5D, 0x7D, 0x5D, 0x7D, 0x5D,
    0x7D, 0x5D, 0xD8, 0x5C, 0xD8, 0x5C, 0xD8, 0x5C, 0x20, 0x62, 0x20, 0x62, 0x20, 0x62, 0x20, 0x62, 0x20, 0x62, 0x20,
    0x62, 0x20, 0x62, 0x20, 0x62, 0x20, 0x62, 0x20, 0x62, 0x20, 0x62, 0x20, 0x62, 0x20, 0x62, 0x20, 0x62, 0x20, 0x62,
    0x20, 0x62, 0x20, 0x62, 0x20, 0x62, 0x20, 0x62, 0x20, 0x62, 0x20, 0x62, 0x20, 0x62, 0x20, 0x62, 0x20, 0x62, 0x20,
    0x62, 0x20, 0x62, 0x20, 0x62, 0x20, 0x62, 0x20, 0x62, 0x20, 0x62, 0x20, 0x62, 0x20, 0x62, 0x20, 0x62, 0x20, 0x62,
    0x20, 0x62, 0x20, 0x62, 0x20, 0x62, 0x20, 0x62, 0x20, 0x62, 0x20, 0x62, 0x20, 0x62, 0x20, 0x62, 0x20, 0x62, 0x20,
    0x62, 0x20, 0x62, 0x20, 0x62, 0x20, 0x62, 0x20, 0x62, 0x20, 0x62, 0x20, 0x62, 0x20, 0x62, 0x20, 0x62, 0x20, 0x62,
    0x20, 0x62, 0x20, 0x62, 0x20, 0x62, 0x20, 0x62, 0x20, 0x62, 0x20, 0x62, 0x20, 0x62, 0x20, 0x62, 0x20, 0x62, 0x20,
    0x62, 0x20, 0x62, 0x20, 0x62, 0x20, 0x62, 0x20, 0x62, 0x20, 0x62, 0x20, 0x62, 0x20, 0x62, 0x20, 0x62, 0x20, 0x62,
    0x20, 0x62, 0x20, 0x62, 0x20, 0x62, 0x20, 0x62, 0x20, 0x62, 0x20, 0x62, 0x20, 0x62, 0x20, 0x62, 0x20, 0x62, 0x20,
    0x62, 0x20, 0x62, 0x20, 0x62, 0x20, 0x62, 0x20, 0x62, 0x20, 0x62, 0x20, 0x62, 0x20, 0x62, 0x20, 0x62, 0x20, 0x62,
    0x20, 0x62, 0x20, 0x62, 0x20, 0x62, 0x19, 0x5D, 0x19, 0x5D, 0x19, 0x5D, 0x7D, 0x5D, 0x7D, 0x5D, 0x7D, 0x5D, 0x7D,
    0x5D, 0x7D, 0x5D, 0x7D, 0x5D, 0x7D, 0x5D, 0x7D, 0x5D, 0x7D, 0x5D, 0x7D, 0x5D, 0x7D, 0x5D, 0x7D, 0x5D, 0x7D, 0x5D,
    0x7D, 0x5D, 0x7D, 0x5D, 0x7D, 0x5D, 0x7D, 0x5D, 0x7D, 0x5D, 0x7D, 0x5D, 0x7D, 0x5D, 0x7D, 0x5D, 0x7D, 0x5D, 0x7D,
    0x5D, 0x7D, 0x5D, 0x7D, 0x5D, 0x7D, 0x5D, 0x7D, 0x5D, 0x7D, 0x5D, 0x7D, 0x5D, 0x7D, 0x5D, 0x7D, 0x5D, 0x7D, 0x5D,
    0x7D, 0x5D, 0x7D, 0x5D, 0x7D, 0x5D, 0x7D, 0x5D, 0x7D, 0x5D, 0x7D, 0x5D, 0x7D, 0x5D, 0x7D, 0x5D, 0x7D, 0x5D, 0x7D,
    0x5D, 0x7D, 0x5D, 0x7D, 0x5D, 0x7D, 0x5D, 0x7D, 0x5D, 0x7D, 0x5D, 0x7D, 0x5D, 0x7D, 0x5D, 0x7D, 0x5D, 0x7D, 0x5D,
    0x7D, 0x5D, 0x7D, 0x5D, 0x7D, 0x5D, 0x7D, 0x5D, 0x7D, 0x5D, 0x7D, 0x5D, 0x7D, 0x5D, 0x7D, 0x5D, 0x7D, 0x5D, 0x7D,
    0x5D, 0x7D, 0x5D, 0x7D, 0x5D, 0x89, 0x43, 0x89, 0x43, 0x89, 0x43, 0x89, 0x43, 0x89, 0x43, 0x89, 0x43, 0x89, 0x43,
    0x89, 0x43, 0x89, 0x43, 0x89, 0x43, 0x89, 0x43, 0x89, 0x43, 0x89, 0x43, 0x89, 0x43, 0x7D, 0x5D, 0x7D, 0x5D, 0x7D,
    0x5D, 0x7D, 0x5D, 0x7D, 0x5D, 0x7D, 0x5D, 0x7D, 0x5D, 0x7D, 0x5D, 0x7D, 0x5D, 0x7D, 0x5D, 0x7D, 0x5D, 0x7D, 0x5D,
    0x7D, 0x5D, 0x7D, 0x5D, 0x7D, 0x5D, 0x7D, 0x5D, 0x7D, 0x5D, 0x7D, 0x5D, 0x7D, 0x5D, 0x7D, 0x5D, 0x7D, 0x5D, 0x7D,
    0x5D, 0x7D, 0x5D, 0x7D, 0x5D, 0x7D, 0x5D, 0x7D, 0x5D, 0x7D, 0x5D, 0x7D, 0x5D, 0x7D, 0x5D, 0x7D, 0x5D, 0x7D, 0x5D,
    0x7D, 0x5D, 0x7D, 0x5D, 0x7D, 0x5D, 0x7D, 0x5D, 0x7D, 0x5D, 0x7D, 0x5D, 0x7D, 0x5D, 0x7D, 0x5D, 0x7D, 0x5D, 0x7D,
    0x5D, 0x7D, 0x5D, 0x7D, 0x5D, 0x7D, 0x5D, 0x7D, 0x5D, 0x7D, 0x5D, 0x7D, 0x5D, 0x7D, 0x5D, 0x7D, 0x5D, 0x7D, 0x5D,
    0x7D, 0x5D, 0x7D, 0x5D, 0x7D, 0x5D, 0x7D, 0x5D, 0x7D, 0x5D, 0x7D, 0x5D, 0x7D, 0x5D, 0x7D, 0x5D, 0x7D, 0x5D, 0x7D,
    0x5D, 0x7D, 0x5D, 0x7D, 0x5D, 0x7D, 0x5D, 0x32, 0x64, 0x32, 0x64, 0x32, 0x64, 0x20, 0x62, 0x20, 0x62, 0x20, 0x62,
    0x20, 0x62, 0x20, 0x62, 0x20, 0x62, 0x20, 0x62, 0x20, 0x62, 0x20, 0x62, 0x20, 0x62, 0x20, 0x62, 0x20, 0x62, 0x20,
    0x62, 0x20, 0x62, 0x20, 0x62, 0x20, 0x62, 0x20, 0x62, 0x20, 0x62, 0x20, 0x62, 0x20, 0x62, 0x20, 0x62, 0x20, 0x62,
    0x20, 0x62, 0x20, 0x62, 0x20, 0x62, 0x20, 0x62, 0x20, 0x62, 0x20, 0x62, 0x20, 0x62, 0x20, 0x62, 0x20, 0x62, 0x20,
    0x62, 0x20, 0x62, 0x20, 0x62, 0x20, 0x62, 0x20, 0x62, 0x20, 0x62, 0x20, 0x62, 0x20, 0x62, 0x20, 0x62, 0x20, 0x62,
    0x20, 0x62, 0x20, 0x62, 0x20, 0x62, 0x20, 0x62, 0x20, 0x62, 0x20, 0x62, 0x20, 0x62, 0x20, 0x62, 0x20, 0x62, 0x20,
    0x62, 0x20, 0x62, 0x20, 0x62, 0x20, 0x62, 0x20, 0x62, 0x20, 0x62, 0x20, 0x62, 0x20, 0x62, 0x20, 0x62, 0x20, 0x62,
    0x20, 0x62, 0x20, 0x62, 0x20, 0x62, 0x20, 0x62, 0x20, 0x62, 0x20, 0x62, 0x20, 0x62, 0x20, 0x62, 0x20, 0x62, 0x20,
    0x62, 0x20, 0x62, 0x20, 0x62, 0x20, 0x62, 0x20, 0x62, 0x20, 0x62, 0x20, 0x62, 0x20, 0x62, 0x20, 0x62, 0x20, 0x62,
    0x20, 0x62, 0x20, 0x62, 0x20, 0x62, 0x20, 0x62, 0x20, 0x62, 0x20, 0x62, 0x20, 0x62, 0x20, 0x62, 0x20, 0x62, 0x20,
    0x62, 0x20, 0x62, 0x20, 0x62, 0x20, 0x62, 0x20, 0x62, 0x20, 0x62, 0x32, 0x64, 0x32, 0x64, 0x32, 0x64, 0x7D, 0x5D,
    0x7D, 0x5D, 0x7D, 0x5D, 0x7D, 0x5D, 0x7D, 0x5D, 0x7D, 0x5D, 0x7D, 0x5D, 0x7D, 0x5D, 0x7D, 0x5D, 0x7D, 0x5D, 0x7D,
    0x5D, 0x7D, 0x5D, 0x7D, 0x5D, 0x7D, 0x5D, 0x7D, 0x5D, 0x7D, 0x5D, 0x7D, 0x5D, 0x7D, 0x5D, 0x7D, 0x5D, 0x7D, 0x5D,
    0x7D, 0x5D, 0x7D, 0x5D, 0x7D, 0x5D, 0x7D, 0x5D, 0x7D, 0x5D, 0x7D, 0x5D, 0x7D, 0x5D, 0x7D, 0x5D, 0x7D, 0x5D, 0x7D,
    0x5D, 0x7D, 0x5D, 0x7D, 0x5D, 0x7D, 0x5D, 0x7D, 0x5D, 0x7D, 0x5D, 0x7D, 0x5D, 0x7D, 0x5D, 0x7D, 0x5D, 0x7D, 0x5D,
    0x7D, 0x5D, 0x7D, 0x5D, 0x7D, 0x5D, 0x7D, 0x5D, 0x7D, 0x5D, 0x7D, 0x5D, 0x7D, 0x5D, 0x7D, 0x5D, 0x7D, 0x5D, 0x7D,
    0x5D, 0x7D, 0x5D, 0x7D, 0x5D, 0x7D, 0x5D, 0x7D, 0x5D, 0x7D, 0x5D, 0x7D, 0x5D, 0x7D, 0x5D, 0x7D, 0x5D, 0x7D, 0x5D,
    0x7D, 0x5D, 0x7D, 0x5D, 0x7D, 0x5D, 0x7D, 0x5D, 0x7D, 0x5D, 0x89, 0x43, 0x89, 0x43, 0x89, 0x43, 0x89, 0x43, 0x89,
    0x43, 0x89, 0x43, 0x89, 0x43, 0x89, 0x43, 0x89, 0x43, 0x89, 0x43, 0x89, 0x43, 0x89, 0x43, 0x89, 0x43, 0x89, 0x43,
    0x7D, 0x5D, 0x7D, 0x5D, 0x7D, 0x5D, 0x7D, 0x5D, 0x7D, 0x5D, 0x7D, 0x5D, 0x7D, 0x5D, 0x7D, 0x5D, 0x7D, 0x5D, 0x7D,
    0x5D, 0x7D, 0x5D, 0x7D, 0x5D, 0x7D, 0x5D, 0x7D, 0x5D, 0x7D, 0x5D, 0x7D, 0x5D, 0x7D, 0x5D, 0x7D, 0x5D, 0x7D, 0x5D,
    0x7D, 0x5D, 0x7D, 0x5D, 0x7D, 0x5D, 0x7D, 0x5D, 0x7D, 0x5D, 0x7D, 0x5D, 0x7D, 0x5D, 0x7D, 0x5D, 0x7D, 0x5D, 0x7D,
    0x5D, 0x7D, 0x5D, 0x7D, 0x5D, 0x7D, 0x5D, 0x7D, 0x5D, 0x7D, 0x5D, 0x7D, 0x5D, 0x7D, 0x5D, 0x7D, 0x5D, 0x7D, 0x5D,
    0x7D, 0x5D, 0x7D, 0x5D, 0x7D, 0x5D, 0x7D, 0x5D, 0x7D, 0x5D, 0x7D, 0x5D, 0x7D, 0x5D, 0x7D, 0x5D, 0x7D, 0x5D, 0x7D,
    0x5D, 0x7D, 0x5D, 0x7D, 0x5D, 0x7D, 0x5D, 0x7D, 0x5D, 0x7D, 0x5D, 0x7D, 0x5D, 0x7D, 0x5D, 0x7D, 0x5D, 0x7D, 0x5D,
    0x7D, 0x5D, 0x7D, 0x5D, 0x7D, 0x5D, 0x7D, 0x5D, 0x7D, 0x5D, 0x7D, 0x5D, 0x32, 0x64, 0x32, 0x64, 0x32, 0x64, 0x20,
    0x62, 0x20, 0x62, 0x20, 0x62, 0x20, 0x62, 0x20, 0x62, 0x20, 0x62, 0x20, 0x62, 0x20, 0x62, 0x20, 0x62, 0x20, 0x62,
    0x20, 0x62, 0x20, 0x62, 0x20, 0x62, 0x20, 0x62, 0x20, 0x62, 0x20, 0x62, 0x20, 0x62, 0x20, 0x62, 0x20, 0x62, 0x20,
    0x62, 0x20, 0x62, 0x20, 0x62, 0x20, 0x62, 0x20, 0x62, 0x20, 0x62, 0x20, 0x62, 0x20, 0x62, 0x20, 0x62, 0x20, 0x62,
    0x20, 0x62, 0x20, 0x62, 0x20, 0x62, 0x20, 0x62, 0x20, 0x62, 0x20, 0x62, 0x20, 0x62, 0x20, 0x62, 0x20, 0x62, 0x20,
    0x62, 0x20, 0x62, 0x20, 0x62, 0x20, 0x62, 0x20, 0x62, 0x20, 0x62, 0x20, 0x62, 0x20, 0x62, 0x20, 0x62, 0x20, 0x62,
    0x20, 0x62, 0x20, 0x62, 0x20, 0x62, 0x20, 0x62, 0x20, 0x62, 0x20, 0x62, 0x20, 0x62, 0x20, 0x62, 0x20, 0x62, 0x20,
    0x62, 0x20, 0x62, 0x20, 0x62, 0x20, 0x62, 0x20, 0x62, 0x20, 0x62, 0x20, 0x62, 0x20, 0x62, 0x20, 0x62, 0x20, 0x62,
    0x20, 0x62, 0x20, 0x62, 0x20, 0x62, 0x20, 0x62, 0x20, 0x62, 0x20, 0x62, 0x20, 0x62, 0x20, 0x62, 0x20, 0x62, 0x20,
    0x62, 0x20, 0x62, 0x20, 0x62, 0x20, 0x62, 0x20, 0x62, 0x20, 0x62, 0x20, 0x62, 0x20, 0x62, 0x20, 0x62, 0x20, 0x62,
    0x20, 0x62, 0x20, 0x62, 0x20, 0x62, 0x20, 0x62, 0x20, 0x62, 0x20, 0x62, 0x20, 0x62, 0x20, 0x62, 0x32, 0x64, 0x32,
    0x64, 0x32, 0x64, 0x7D, 0x5D, 0x7D, 0x5D, 0x7D, 0x5D, 0x7D, 0x5D, 0x7D, 0x5D, 0x7D, 0x5D, 0x7D, 0x5D, 0x7D, 0x5D,
    0x7D, 0x5D, 0x7D, 0x5D, 0x7D, 0x5D, 0x7D, 0x5D, 0x7D, 0x5D, 0x7D, 0x5D, 0x7D, 0x5D, 0x7D, 0x5D, 0x7D, 0x5D, 0x7D,
    0x5D, 0x7D, 0x5D, 0x7D, 0x5D, 0x7D, 0x5D, 0x7D, 0x5D, 0x7D, 0x5D, 0x7D, 0x5D, 0x7D, 0x5D, 0x7D, 0x5D, 0x7D, 0x5D,
    0x7D, 0x5D, 0x7D, 0x5D, 0x7D, 0x5D, 0x7D, 0x5D, 0x7D, 0x5D, 0x7D, 0x5D, 0x7D, 0x5D, 0x7D, 0x5D, 0x7D, 0x5D, 0x7D,
    0x5D, 0x7D, 0x5D, 0x7D, 0x5D, 0x7D, 0x5D, 0x7D, 0x5D, 0x7D, 0x5D, 0x7D, 0x5D, 0x7D, 0x5D, 0x7D, 0x5D, 0x7D, 0x5D,
    0x7D, 0x5D, 0x7D, 0x5D, 0x7D, 0x5D, 0x7D, 0x5D, 0x7D, 0x5D, 0x7D, 0x5D, 0x7D, 0x5D, 0x7D, 0x5D, 0x7D, 0x5D, 0x7D,
    0x5D, 0x7D, 0x5D, 0x7D, 0x5D, 0x7D, 0x5D, 0x7D, 0x5D, 0x7D, 0x5D, 0x7D, 0x5D, 0x7D, 0x5D, 0x89, 0x43, 0x89, 0x43,
    0x89, 0x43, 0x89, 0x43, 0x89, 0x43, 0x89, 0x43, 0x89, 0x43, 0x89, 0x43, 0x89, 0x43, 0x89, 0x43, 0x89, 0x43, 0x89,
    0x43, 0x89, 0x43, 0x89, 0x43, 0x7D, 0x5D, 0x7D, 0x5D, 0x7D, 0x5D, 0x7D, 0x5D, 0x7D, 0x5D, 0x7D, 0x5D, 0x7D, 0x5D,
    0x7D, 0x5D, 0x7D, 0x5D, 0x7D, 0x5D, 0x7D, 0x5D, 0x7D, 0x5D, 0x7D, 0x5D, 0x7D, 0x5D, 0x7D, 0x5D, 0x7D, 0x5D, 0x7D,
    0x5D, 0x7D, 0x5D, 0x7D, 0x5D, 0x7D, 0x5D, 0x7D, 0x5D, 0x7D, 0x5D, 0x7D, 0x5D, 0x7D, 0x5D, 0x7D, 0x5D, 0x7D, 0x5D,
    0x7D, 0x5D, 0x7D, 0x5D, 0x7D, 0x5D, 0x7D, 0x5D, 0x7D, 0x5D, 0x7D, 0x5D, 0x7D, 0x5D, 0x7D, 0x5D, 0x7D, 0x5D, 0x7D,
    0x5D, 0x7D, 0x5D, 0x7D, 0x5D, 0x7D, 0x5D, 0x7D, 0x5D, 0x7D, 0x5D, 0x7D, 0x5D, 0x7D, 0x5D, 0x7D, 0x5D, 0x7D, 0x5D,
    0x7D, 0x5D, 0x7D, 0x5D, 0x7D, 0x5D, 0x7D, 0x5D, 0x7D, 0x5D, 0x7D, 0x5D, 0x7D, 0x5D, 0x7D, 0x5D, 0x7D, 0x5D, 0x7D,
    0x5D, 0x7D, 0x5D, 0x7D, 0x5D, 0x7D, 0x5D, 0x7D, 0x5D, 0x7D, 0x5D, 0x7D, 0x5D, 0x7D, 0x5D, 0x7D, 0x5D, 0x32, 0x64,
    0x32, 0x64, 0x32, 0x64, 0x20, 0x62, 0x20, 0x62, 0x20, 0x62, 0x20, 0x62, 0x20, 0x62, 0x20, 0x62, 0x20, 0x62, 0x20,
    0x62, 0x20, 0x62, 0x20, 0x62, 0x20, 0x62, 0x20, 0x62, 0x20, 0x62, 0x20, 0x62, 0x20, 0x62, 0x20, 0x62, 0x20, 0x62,
    0x20, 0x62, 0x20, 0x62, 0x20, 0x62, 0x20, 0x62, 0x20, 0x62, 0x20, 0x62, 0x20, 0x62, 0x20, 0x62, 0x20, 0x62, 0x20,
    0x62, 0x20, 0x62, 0x20, 0x62, 0x20, 0x62, 0x20, 0x62, 0x20, 0x62, 0x20, 0x62, 0x20, 0x62, 0x20, 0x62, 0x20, 0x62,
    0x20, 0x62, 0x20, 0x62, 0x20, 0x62, 0x20, 0x62, 0x20, 0x62, 0x20, 0x62, 0x20, 0x62, 0x20, 0x62, 0x20, 0x62, 0x20,
    0x62, 0x20, 0x62, 0x20, 0x62, 0x20, 0x62, 0x20, 0x62, 0x20, 0x62, 0x20, 0x62, 0x20, 0x62, 0x20, 0x62, 0x20, 0x62,
    0x20, 0x62, 0x20, 0x62, 0x20, 0x62, 0x20, 0x62, 0x20, 0x62, 0x20, 0x62, 0x20, 0x62, 0x20, 0x62, 0x20, 0x62, 0x20,
    0x62, 0x20, 0x62, 0x20, 0x62, 0x20, 0x62, 0x20, 0x62, 0x20, 0x62, 0x20, 0x62, 0x20, 0x62, 0x20, 0x62, 0x20, 0x62,
    0x20, 0x62, 0x20, 0x62, 0x20, 0x62, 0x20, 0x62, 0x20, 0x62, 0x20, 0x62, 0x20, 0x62, 0x20, 0x62, 0x20, 0x62, 0x20,
    0x62, 0x20, 0x62, 0x20, 0x62, 0x20, 0x62, 0x20, 0x62, 0x20, 0x62, 0x20, 0x62, 0x20, 0x62, 0x20, 0x62, 0x20, 0x62,
    0x20, 0x62, 0x32, 0x64, 0x32, 0x64, 0x32, 0x64, 0x7D, 0x5D, 0x7D, 0x5D, 0x7D, 0x5D, 0x7D, 0x5D, 0x7D, 0x5D, 0x7D,
    0x5D, 0x7D, 0x5D, 0x7D, 0x5D, 0x7D, 0x5D, 0x7D, 0x5D, 0x7D, 0x5D, 0x7D, 0x5D, 0x7D, 0x5D, 0x7D, 0x5D, 0x7D, 0x5D,
    0x7D, 0x5D, 0x7D, 0x5D, 0x7D, 0x5D, 0x7D, 0x5D, 0x7D, 0x5D, 0x7D, 0x5D, 0x7D, 0x5D, 0x7D, 0x5D, 0x7D, 0x5D, 0x7D,
    0x5D, 0x7D, 0x5D, 0x7D, 0x5D, 0x7D, 0x5D, 0x7D, 0x5D, 0x7D, 0x5D, 0x7D, 0x5D, 0x7D, 0x5D, 0x7D, 0x5D, 0x7D, 0x5D,
    0x7D, 0x5D, 0x7D, 0x5D, 0x7D, 0x5D, 0x7D, 0x5D, 0x7D, 0x5D, 0x7D, 0x5D, 0x7D, 0x5D, 0x7D, 0x5D, 0x7D, 0x5D, 0x7D,
    0x5D, 0x7D, 0x5D, 0x7D, 0x5D, 0x7D, 0x5D, 0x7D, 0x5D, 0x7D, 0x5D, 0x7D, 0x5D, 0x7D, 0x5D, 0x7D, 0x5D, 0x7D, 0x5D,
    0x7D, 0x5D, 0x7D, 0x5D, 0x7D, 0x5D, 0x7D, 0x5D, 0x7D, 0x5D, 0x7D, 0x5D, 0x7D, 0x5D, 0x7D, 0x5D, 0x7D, 0x5D, 0x7D,
    0x5D, 0x89, 0x43, 0x89, 0x43, 0x89, 0x43, 0x89, 0x43, 0x89, 0x43, 0x89, 0x43, 0x89, 0x43, 0x89, 0x43, 0x89, 0x43,
    0x89, 0x43, 0x89, 0x43, 0x89, 0x43, 0x89, 0x43, 0x89, 0x43, 0x7D, 0x5D, 0x7D, 0x5D, 0x7D, 0x5D, 0x7D, 0x5D, 0x7D,
    0x5D, 0x7D, 0x5D, 0x7D, 0x5D, 0x7D, 0x5D, 0x7D, 0x5D, 0x7D, 0x5D, 0x7D, 0x5D, 0x7D, 0x5D, 0x7D, 0x5D, 0x7D, 0x5D,
    0x7D, 0x5D, 0x7D, 0x5D, 0x7D, 0x5D, 0x7D, 0x5D, 0x7D, 0x5D, 0x7D, 0x5D, 0x7D, 0x5D, 0x7D, 0x5D, 0x7D, 0x5D, 0x7D,
    0x5D, 0x7D, 0x5D, 0x7D, 0x5D, 0x7D, 0x5D, 0x7D, 0x5D, 0x7D, 0x5D, 0x7D, 0x5D, 0x7D, 0x5D, 0x7D, 0x5D, 0x7D, 0x5D,
    0x7D, 0x5D, 0x7D, 0x5D, 0x7D, 0x5D, 0x7D, 0x5D, 0x7D, 0x5D, 0x7D, 0x5D, 0x7D, 0x5D, 0x7D, 0x5D, 0x7D, 0x5D, 0x7D,
    0x5D, 0x7D, 0x5D, 0x7D, 0x5D, 0x7D, 0x5D, 0x7D, 0x5D, 0x7D, 0x5D, 0x7D, 0x5D, 0x7D, 0x5D, 0x7D, 0x5D, 0x7D, 0x5D,
    0x7D, 0x5D, 0x7D, 0x5D, 0x7D, 0x5D, 0x7D, 0x5D, 0x7D, 0x5D, 0x7D, 0x5D, 0x7D, 0x5D, 0x7D, 0x5D, 0x7D, 0x5D, 0x7D,
    0x5D, 0x7D, 0x5D, 0xA4, 0x62, 0xA4, 0x62, 0xA4, 0x62, 0x20, 0x62, 0x20, 0x62, 0x20, 0x62, 0x20, 0x62, 0x20, 0x62,
    0x20, 0x62, 0x20, 0x62, 0x20, 0x62, 0x20, 0x62, 0x20, 0x62, 0x20, 0x62, 0x20, 0x62, 0x20, 0x62, 0x20, 0x62, 0x20,
    0x62, 0x20, 0x62, 0x20, 0x62, 0x20, 0x62, 0x20, 0x62, 0x20, 0x62, 0x20, 0x62, 0x20, 0x62, 0x20, 0x62, 0x20, 0x62,
    0x20, 0x62, 0x20, 0x62, 0x20, 0x62, 0x20, 0x62, 0x20, 0x62, 0x20, 0x62, 0x20, 0x62, 0x20, 0x62, 0x20, 0x62, 0x20,
    0x62, 0x20, 0x62, 0x20, 0x62, 0x20, 0x62, 0x20, 0x62, 0x20, 0x62, 0x20, 0x62, 0x20, 0x62, 0x20, 0x62, 0x20, 0x62,
    0x20, 0x62, 0x20, 0x62, 0x20, 0x62, 0x20, 0x62, 0x20, 0x62, 0x20, 0x62, 0x20, 0x62, 0x20, 0x62, 0x20, 0x62, 0x20,
    0x62, 0x20, 0x62, 0x20, 0x62, 0x20, 0x62, 0x20, 0x62, 0x20, 0x62, 0x20, 0x62, 0x20, 0x62, 0x20, 0x62, 0x20, 0x62,
    0x20, 0x62, 0x20, 0x62, 0x20, 0x62, 0x20, 0x62, 0x20, 0x62, 0x20, 0x62, 0x20, 0x62, 0x20, 0x62, 0x20, 0x62, 0x20,
    0x62, 0x20, 0x62, 0x20, 0x62, 0x20, 0x62, 0x20, 0x62, 0x20, 0x62, 0x20, 0x62, 0x20, 0x62, 0x20, 0x62, 0x20, 0x62,
    0x20, 0x62, 0x20, 0x62, 0x20, 0x62, 0x20, 0x62, 0x20, 0x62, 0x20, 0x62, 0x20, 0x62, 0x20, 0x62, 0x20, 0x62, 0x20,
    0x62, 0x20, 0x62, 0x20, 0x62, 0x20, 0x62, 0xA4, 0x62, 0xA4, 0x62, 0xA4, 0x62, 0x7D, 0x5D, 0x7D, 0x5D, 0x7D, 0x5D,
    0x7D, 0x5D, 0x7D, 0x5D, 0x7D, 0x5D, 0x7D, 0x5D, 0x7D, 0x5D, 0x7D, 0x5D, 0x7D, 0x5D, 0x7D, 0x5D, 0x7D, 0x5D, 0x7D,
    0x5D, 0x7D, 0x5D, 0x7D, 0x5D, 0x7D, 0x5D, 0x7D, 0x5D, 0x7D, 0x5D, 0x7D, 0x5D, 0x7D, 0x5D, 0x7D, 0x5D, 0x7D, 0x5D,
    0x7D, 0x5D, 0x7D, 0x5D, 0x7D, 0x5D, 0x7D, 0x5D, 0x7D, 0x5D, 0x7D, 0x5D, 0x7D, 0x5D, 0x7D, 0x5D, 0x7D, 0x5D, 0x7D,
    0x5D, 0x7D, 0x5D, 0x7D, 0x5D, 0x7D, 0x5D, 0x7D, 0x5D, 0x7D, 0x5D, 0x7D, 0x5D, 0x7D, 0x5D, 0x7D, 0x5D, 0x7D, 0x5D,
    0x7D, 0x5D, 0x7D, 0x5D, 0x7D, 0x5D, 0x7D, 0x5D, 0x7D, 0x5D, 0x7D, 0x5D, 0x7D, 0x5D, 0x7D, 0x5D, 0x7D, 0x5D, 0x7D,
    0x5D, 0x7D, 0x5D, 0x7D, 0x5D, 0x7D, 0x5D, 0x7D, 0x5D, 0x7D, 0x5D, 0x7D, 0x5D, 0x7D, 0x5D, 0x7D, 0x5D, 0x7D, 0x5D,
    0x7D, 0x5D, 0x7D, 0x5D, 0x7D, 0x5D, 0x89, 0x43, 0x89, 0x43, 0x89, 0x43, 0x89, 0x43, 0x89, 0x43, 0x89, 0x43, 0x89,
    0x43, 0x89, 0x43, 0x89, 0x43, 0x89, 0x43, 0x89, 0x43, 0x89, 0x43, 0x89, 0x43, 0x89, 0x43, 0x7D, 0x5D, 0x7D, 0x5D,
    0x7D, 0x5D, 0x7D, 0x5D, 0x7D, 0x5D, 0x7D, 0x5D, 0x7D, 0x5D, 0x7D, 0x5D, 0x7D, 0x5D, 0x7D, 0x5D, 0x7D, 0x5D, 0x7D,
    0x5D, 0x7D, 0x5D, 0x7D, 0x5D, 0x7D, 0x5D, 0x7D, 0x5D, 0x7D, 0x5D, 0x7D, 0x5D, 0x7D, 0x5D, 0x7D, 0x5D, 0x7D, 0x5D,
    0x7D, 0x5D, 0x7D, 0x5D, 0x7D, 0x5D, 0x7D, 0x5D, 0x7D, 0x5D, 0x7D, 0x5D, 0x7D, 0x5D, 0x7D, 0x5D, 0x7D, 0x5D, 0x7D,
    0x5D, 0x7D, 0x5D, 0x7D, 0x5D, 0x7D, 0x5D, 0x7D, 0x5D, 0x7D, 0x5D, 0x7D, 0x5D, 0x7D, 0x5D, 0x7D, 0x5D, 0x7D, 0x5D,
    0x7D, 0x5D, 0x7D, 0x5D, 0x7D, 0x5D, 0x7D, 0x5D, 0x7D, 0x5D, 0x7D, 0x5D, 0x7D, 0x5D, 0x7D, 0x5D, 0x7D, 0x5D, 0x7D,
    0x5D, 0x7D, 0x5D, 0x7D, 0x5D, 0x7D, 0x5D, 0x7D, 0x5D, 0x7D, 0x5D, 0x7D, 0x5D, 0x7D, 0x5D, 0x7D, 0x5D, 0x7D, 0x5D,
    0x7D, 0x5D, 0x7D, 0x5D, 0x7D, 0x5D, 0x7D, 0x5D, 0xA4, 0x62, 0xA4, 0x62, 0xA4, 0x62, 0x20, 0x62, 0x20, 0x62, 0x20,
    0x62, 0x20, 0x62, 0x20, 0x62, 0x20, 0x62, 0x20, 0x62, 0x20, 0x62, 0x20, 0x62, 0x20, 0x62, 0x20, 0x62, 0x20, 0x62,
    0x20, 0x62, 0x20, 0x62, 0x20, 0x62, 0x20, 0x62, 0x20, 0x62, 0x20, 0x62, 0x20, 0x62, 0x20, 0x62, 0x20, 0x62, 0x20,
    0x62, 0x20, 0x62, 0x20, 0x62, 0x20, 0x62, 0x20, 0x62, 0x20, 0x62, 0x20, 0x62, 0x20, 0x62, 0x20, 0x62, 0x20, 0x62,
    0x20, 0x62, 0x20, 0x62, 0x20, 0x62, 0x20, 0x62, 0x20, 0x62, 0x20, 0x62, 0x20, 0x62, 0x20, 0x62, 0x20, 0x62, 0x20,
    0x62, 0x20, 0x62, 0x20, 0x62, 0x20, 0x62, 0x20, 0x62, 0x20, 0x62, 0x20, 0x62, 0x20, 0x62, 0x20, 0x62, 0x20, 0x62,
    0x20, 0x62, 0x20, 0x62, 0x20, 0x62, 0x20, 0x62, 0x20, 0x62, 0x20, 0x62, 0x20, 0x62, 0x20, 0x62, 0x20, 0x62, 0x20,
    0x62, 0x20, 0x62, 0x20, 0x62, 0x20, 0x62, 0x20, 0x62, 0x20, 0x62, 0x20, 0x62, 0x20, 0x62, 0x20, 0x62, 0x20, 0x62,
    0x20, 0x62, 0x20, 0x62, 0x20, 0x62, 0x20, 0x62, 0x20, 0x62, 0x20, 0x62, 0x20, 0x62, 0x20, 0x62, 0x20, 0x62, 0x20,
    0x62, 0x20, 0x62, 0x20, 0x62, 0x20, 0x62, 0x20, 0x62, 0x20, 0x62, 0x20, 0x62, 0x20, 0x62, 0x20, 0x62, 0x20, 0x62,
    0x20, 0x62, 0x20, 0x62, 0x20, 0x62, 0x20, 0x62, 0x20, 0x62, 0x20, 0x62, 0xA4, 0x62, 0xA4, 0x62, 0xA4, 0x62, 0x7D,
    0x5D, 0x7D, 0x5D, 0x7D, 0x5D, 0x7D, 0x5D, 0x7D, 0x5D, 0x7D, 0x5D, 0x7D, 0x5D, 0x7D, 0x5D, 0x7D, 0x5D, 0x7D, 0x5D,
    0x7D, 0x5D, 0x7D, 0x5D, 0x7D, 0x5D, 0x7D, 0x5D, 0x7D, 0x5D, 0x7D, 0x5D, 0x7D, 0x5D, 0x7D, 0x5D, 0x7D, 0x5D, 0x7D,
    0x5D, 0x7D, 0x5D, 0x7D, 0x5D, 0x7D, 0x5D, 0x7D, 0x5D, 0x7D, 0x5D, 0x7D, 0x5D, 0x7D, 0x5D, 0x7D, 0x5D, 0x7D, 0x5D,
    0x7D, 0x5D, 0x7D, 0x5D, 0x7D, 0x5D, 0x7D, 0x5D, 0x7D, 0x5D, 0x7D, 0x5D, 0x7D, 0x5D, 0x7D, 0x5D, 0x7D, 0x5D, 0x7D,
    0x5D, 0x7D, 0x5D, 0x7D, 0x5D, 0x7D, 0x5D, 0x7D, 0x5D, 0x7D, 0x5D, 0x7D, 0x5D, 0x7D, 0x5D, 0x7D, 0x5D, 0x7D, 0x5D,
    0x7D, 0x5D, 0x7D, 0x5D, 0x7D, 0x5D, 0x7D, 0x5D, 0x7D, 0x5D, 0x7D, 0x5D, 0x7D, 0x5D, 0x7D, 0x5D, 0x7D, 0x5D, 0x7D,
    0x5D, 0x7D, 0x5D, 0x7D, 0x5D, 0x7D, 0x5D, 0x7D, 0x5D, 0x7D, 0x5D, 0x89, 0x43, 0x89, 0x43, 0x89, 0x43, 0x89, 0x43,
    0x89, 0x43, 0x89, 0x43, 0x89, 0x43, 0x89, 0x43, 0x89, 0x43, 0x89, 0x43, 0x89, 0x43, 0x89, 0x43, 0x89, 0x43, 0x89,
    0x43, 0x7D, 0x5D, 0x7D, 0x5D, 0x7D, 0x5D, 0x7D, 0x5D, 0x7D, 0x5D, 0x7D, 0x5D, 0x7D, 0x5D, 0x7D, 0x5D, 0x7D, 0x5D,
    0x7D, 0x5D, 0x7D, 0x5D, 0x7D, 0x5D, 0x7D, 0x5D, 0x7D, 0x5D, 0x7D, 0x5D, 0x7D, 0x5D, 0x7D, 0x5D, 0x7D, 0x5D, 0x7D,
    0x5D, 0x7D, 0x5D, 0x7D, 0x5D, 0x7D, 0x5D, 0x7D, 0x5D, 0x7D, 0x5D, 0x7D, 0x5D, 0x7D, 0x5D, 0x7D, 0x5D, 0x7D, 0x5D,
    0x7D, 0x5D, 0x7D, 0x5D, 0x7D, 0x5D, 0x7D, 0x5D, 0x7D, 0x5D, 0x7D, 0x5D, 0x7D, 0x5D, 0x7D, 0x5D, 0x7D, 0x5D, 0x7D,
    0x5D, 0x7D, 0x5D, 0x7D, 0x5D, 0x7D, 0x5D, 0x7D, 0x5D, 0x7D, 0x5D, 0x7D, 0x5D, 0x7D, 0x5D, 0x7D, 0x5D, 0x7D, 0x5D,
    0x7D, 0x5D, 0x7D, 0x5D, 0x7D, 0x5D, 0x7D, 0x5D, 0x7D, 0x5D, 0x7D, 0x5D, 0x7D, 0x5D, 0x7D, 0x5D, 0x7D, 0x5D, 0x7D,
    0x5D, 0x7D, 0x5D, 0x7D, 0x5D, 0x7D, 0x5D, 0x7D, 0x5D, 0x7D, 0x5D, 0x7D, 0x5D, 0xA4, 0x62, 0xA4, 0x62, 0xA4, 0x62,
    0x20, 0x62, 0x20, 0x62, 0x20, 0x62, 0x20, 0x62, 0x20, 0x62, 0x20, 0x62, 0x20, 0x62, 0x20, 0x62, 0x20, 0x62, 0x20,
    0x62, 0x20, 0x62, 0x20, 0x62, 0x20, 0x62, 0x20, 0x62, 0x20, 0x62, 0x20, 0x62, 0x20, 0x62, 0x20, 0x62, 0x20, 0x62,
    0x20, 0x62, 0x20, 0x62, 0x20, 0x62, 0x20, 0x62, 0x20, 0x62, 0x20, 0x62, 0x20, 0x62, 0x20, 0x62, 0x20, 0x62, 0x20,
    0x62, 0x20, 0x62, 0x20, 0x62, 0x20, 0x62, 0x20, 0x62, 0x20, 0x62, 0x20, 0x62, 0x20, 0x62, 0x20, 0x62, 0x20, 0x62,
    0x20, 0x62, 0x20, 0x62, 0x20, 0x62, 0x20, 0x62, 0x20, 0x62, 0x20, 0x62, 0x20, 0x62, 0x20, 0x62, 0x20, 0x62, 0x20,
    0x62, 0x20, 0x62, 0x20, 0x62, 0x20, 0x62, 0x20, 0x62, 0x20, 0x62, 0x20, 0x62, 0x20, 0x62, 0x20, 0x62, 0x20, 0x62,
    0x20, 0x62, 0x20, 0x62, 0x20, 0x62, 0x20, 0x62, 0x20, 0x62, 0x20, 0x62, 0x20, 0x62, 0x20, 0x62, 0x20, 0x62, 0x20,
    0x62, 0x20, 0x62, 0x20, 0x62, 0x20, 0x62, 0x20, 0x62, 0x20, 0x62, 0x20, 0x62, 0x20, 0x62, 0x20, 0x62, 0x20, 0x62,
    0x20, 0x62, 0x20, 0x62, 0x20, 0x62, 0x20, 0x62, 0x20, 0x62, 0x20, 0x62, 0x20, 0x62, 0x20, 0x62, 0x20, 0x62, 0x20,
    0x62, 0x20, 0x62, 0x20, 0x62, 0x20, 0x62, 0x20, 0x62, 0x20, 0x62, 0x20, 0x62, 0x20, 0x62, 0x20, 0x62, 0xA4, 0x62,
    0xA4, 0x62, 0xA4, 0x62, 0x7D, 0x5D, 0x7D, 0x5D, 0x7D, 0x5D, 0x7D, 0x5D, 0x7D, 0x5D, 0x7D, 0x5D, 0x7D, 0x5D, 0x7D,
    0x5D, 0x7D, 0x5D, 0x7D, 0x5D, 0x7D, 0x5D, 0x7D, 0x5D, 0x7D, 0x5D, 0x7D, 0x5D, 0x7D, 0x5D, 0x7D, 0x5D, 0x7D, 0x5D,
    0x7D, 0x5D, 0x7D, 0x5D, 0x7D, 0x5D, 0x7D, 0x5D, 0x7D, 0x5D, 0x7D, 0x5D, 0x7D, 0x5D, 0x7D, 0x5D, 0x7D, 0x5D, 0x7D,
    0x5D, 0x7D, 0x5D, 0x7D, 0x5D, 0x7D, 0x5D, 0x7D, 0x5D, 0x7D, 0x5D, 0x7D, 0x5D, 0x7D, 0x5D, 0x7D, 0x5D, 0x7D, 0x5D,
    0x7D, 0x5D, 0x7D, 0x5D, 0x7D, 0x5D, 0x7D, 0x5D, 0x7D, 0x5D, 0x7D, 0x5D, 0x7D, 0x5D, 0x7D, 0x5D, 0x7D, 0x5D, 0x7D,
    0x5D, 0x7D, 0x5D, 0x7D, 0x5D, 0x7D, 0x5D, 0x7D, 0x5D, 0x7D, 0x5D, 0x7D, 0x5D, 0x7D, 0x5D, 0x7D, 0x5D, 0x7D, 0x5D,
    0x7D, 0x5D, 0x7D, 0x5D, 0x7D, 0x5D, 0x7D, 0x5D, 0x7D, 0x5D, 0x7D, 0x5D, 0x7D, 0x5D, 0x7D, 0x5D, 0x89, 0x43, 0x89,
    0x43, 0x89, 0x43, 0x89, 0x43, 0x89, 0x43, 0x89, 0x43, 0x89, 0x43, 0x89, 0x43, 0x89, 0x43, 0x89, 0x43, 0x89, 0x43,
    0x89, 0x43, 0x89, 0x43, 0x89, 0x43, 0x7D, 0x5D, 0x7D, 0x5D, 0x7D, 0x5D, 0x7D, 0x5D, 0x7D, 0x5D, 0x7D, 0x5D, 0x7D,
    0x5D, 0x7D, 0x5D, 0x7D, 0x5D, 0x7D, 0x5D, 0x7D, 0x5D, 0x7D, 0x5D, 0x7D, 0x5D, 0x7D, 0x5D, 0x7D, 0x5D, 0x7D, 0x5D,
    0x7D, 0x5D, 0x7D, 0x5D, 0x7D, 0x5D, 0x7D, 0x5D, 0x7D, 0x5D, 0x7D, 0x5D, 0x7D, 0x5D, 0x7D, 0x5D, 0x7D, 0x5D, 0x7D,
    0x5D, 0x7D, 0x5D, 0x7D, 0x5D, 0x7D, 0x5D, 0x7D, 0x5D, 0x7D, 0x5D, 0x7D, 0x5D, 0x7D, 0x5D, 0x7D, 0x5D, 0x7D, 0x5D,
    0x7D, 0x5D, 0x7D, 0x5D, 0x7D, 0x5D, 0x7D, 0x5D, 0x7D, 0x5D, 0x7D, 0x5D, 0x7D, 0x5D, 0x7D, 0x5D, 0x7D, 0x5D, 0x7D,
    0x5D, 0x7D, 0x5D, 0x7D, 0x5D, 0x7D, 0x5D, 0x7D, 0x5D, 0x7D, 0x5D, 0x7D, 0x5D, 0x7D, 0x5D, 0x7D, 0x5D, 0x7D, 0x5D,
    0x7D, 0x5D, 0x7D, 0x5D, 0x7D, 0x5D, 0x7D, 0x5D, 0x7D, 0x5D, 0x7D, 0x5D, 0x7D, 0x5D, 0x7D, 0x5D, 0x7D, 0x5D, 0xA4,
    0x62, 0xA4, 0x62, 0xA4, 0x62, 0x20, 0x62, 0x20, 0x62, 0x20, 0x62, 0x20, 0x62, 0x20, 0x62, 0x20, 0x62, 0x20, 0x62,
    0x20, 0x62, 0x20, 0x62, 0x20, 0x62, 0x20, 0x62, 0x20, 0x62, 0x20, 0x62, 0x20, 0x62, 0x20, 0x62, 0x20, 0x62, 0x20,
    0x62, 0x20, 0x62, 0x20, 0x62, 0x20, 0x62, 0x20, 0x62, 0x20, 0x62, 0x20, 0x62, 0x20, 0x62, 0x20, 0x62, 0x20, 0x62,
    0x20, 0x62, 0x20, 0x62, 0x20, 0x62, 0x20, 0x62, 0x20, 0x62, 0x20, 0x62, 0x20, 0x62, 0x20, 0x62, 0x20, 0x62, 0x20,
    0x62, 0x20, 0x62, 0x20, 0x62, 0x20, 0x62, 0x20, 0x62, 0x20, 0x62, 0x20, 0x62, 0x20, 0x62, 0x20, 0x62, 0x20, 0x62,
    0x20, 0x62, 0x20, 0x62, 0x20, 0x62, 0x20, 0x62, 0x20, 0x62, 0x20, 0x62, 0x20, 0x62, 0x20, 0x62, 0x20, 0x62, 0x20,
    0x62, 0x20, 0x62, 0x20, 0x62, 0x20, 0x62, 0x20, 0x62, 0x20, 0x62, 0x20, 0x62, 0x20, 0x62, 0x20, 0x62, 0x20, 0x62,
    0x20, 0x62, 0x20, 0x62, 0x20, 0x62, 0x20, 0x62, 0x20, 0x62, 0x20, 0x62, 0x20, 0x62, 0x20, 0x62, 0x20, 0x62, 0x20,
    0x62, 0x20, 0x62, 0x20, 0x62, 0x20, 0x62, 0x20, 0x62, 0x20, 0x62, 0x20, 0x62, 0x20, 0x62, 0x20, 0x62, 0x20, 0x62,
    0x20, 0x62, 0x20, 0x62, 0x20, 0x62, 0x20, 0x62, 0x20, 0x62, 0x20, 0x62, 0x20, 0x62, 0x20, 0x62, 0x20, 0x62, 0x20,
    0x62, 0x20, 0x62, 0xA4, 0x62, 0xA4, 0x62, 0xA4, 0x62, 0x7D, 0x5D, 0x7D, 0x5D, 0x7D, 0x5D, 0x7D, 0x5D, 0x7D, 0x5D,
    0x7D, 0x5D, 0x7D, 0x5D, 0x7D, 0x5D, 0x7D, 0x5D, 0x7D, 0x5D, 0x7D, 0x5D, 0x7D, 0x5D, 0x7D, 0x5D, 0x7D, 0x5D, 0x7D,
    0x5D, 0x7D, 0x5D, 0x7D, 0x5D, 0x7D, 0x5D, 0x7D, 0x5D, 0x7D, 0x5D, 0x7D, 0x5D, 0x7D, 0x5D, 0x7D, 0x5D, 0x7D, 0x5D,
    0x7D, 0x5D, 0x7D, 0x5D, 0x7D, 0x5D, 0x7D, 0x5D, 0x7D, 0x5D, 0x7D, 0x5D, 0x7D, 0x5D, 0x7D, 0x5D, 0x7D, 0x5D, 0x7D,
    0x5D, 0x7D, 0x5D, 0x7D, 0x5D, 0x7D, 0x5D, 0x7D, 0x5D, 0x7D, 0x5D, 0x7D, 0x5D, 0x7D, 0x5D, 0x7D, 0x5D, 0x7D, 0x5D,
    0x7D, 0x5D, 0x7D, 0x5D, 0x7D, 0x5D, 0x7D, 0x5D, 0x7D, 0x5D, 0x7D, 0x5D, 0x7D, 0x5D, 0x7D, 0x5D, 0x7D, 0x5D, 0x7D,
    0x5D, 0x7D, 0x5D, 0x7D, 0x5D, 0x7D, 0x5D, 0x7D, 0x5D, 0x7D, 0x5D, 0x7D, 0x5D, 0x7D, 0x5D, 0x7D, 0x5D, 0x7D, 0x5D,
    0x7D, 0x5D, 0x89, 0x43, 0x89, 0x43, 0x89, 0x43, 0x89, 0x43, 0x89, 0x43, 0x89, 0x43, 0x89, 0x43, 0x89, 0x43, 0x89,
    0x43, 0x89, 0x43, 0x89, 0x43, 0x89, 0x43, 0x89, 0x43, 0x89, 0x43, 0x89, 0x43, 0x89, 0x43, 0x89, 0x43, 0x7D, 0x5D,
    0x7D, 0x5D, 0x7D, 0x5D, 0x7D, 0x5D, 0x7D, 0x5D, 0x7D, 0x5D, 0x7D, 0x5D, 0x7D, 0x5D, 0x7D, 0x5D, 0x7D, 0x5D, 0x7D,
    0x5D, 0x7D, 0x5D, 0x7D, 0x5D, 0x7D, 0x5D, 0x7D, 0x5D, 0x7D, 0x5D, 0x7D, 0x5D, 0x7D, 0x5D, 0x7D, 0x5D, 0x7D, 0x5D,
    0x7D, 0x5D, 0x7D, 0x5D, 0x7D, 0x5D, 0x7D, 0x5D, 0x7D, 0x5D, 0x7D, 0x5D, 0x7D, 0x5D, 0x7D, 0x5D, 0x7D, 0x5D, 0x7D,
    0x5D, 0x7D, 0x5D, 0x7D, 0x5D, 0x7D, 0x5D, 0x7D, 0x5D, 0x7D, 0x5D, 0x7D, 0x5D, 0x7D, 0x5D, 0x7D, 0x5D, 0x7D, 0x5D,
    0x7D, 0x5D, 0x7D, 0x5D, 0x7D, 0x5D, 0x7D, 0x5D, 0x7D, 0x5D, 0x7D, 0x5D, 0x7D, 0x5D, 0x7D, 0x5D, 0x7D, 0x5D, 0x7D,
    0x5D, 0x7D, 0x5D, 0x7D, 0x5D, 0x7D, 0x5D, 0x7D, 0x5D, 0x7D, 0x5D, 0x7D, 0x5D, 0x7D, 0x5D, 0x7D, 0x5D, 0xD4, 0xA5,
    0xD4, 0xA5, 0xD4, 0xA5, 0x06, 0xCD, 0x06, 0xCD, 0x06, 0xCD, 0x60, 0x72, 0x60, 0x72, 0x60, 0x72, 0x60, 0x72, 0x20,
    0x62, 0x20, 0x62, 0x20, 0x62, 0x20, 0x62, 0x20, 0x62, 0x20, 0x62, 0x20, 0x62, 0x20, 0x62, 0x20, 0x62, 0x20, 0x62,
    0x20, 0x62, 0x20, 0x62, 0x20, 0x62, 0x20, 0x62, 0x20, 0x62, 0x20, 0x62, 0x20, 0x62, 0x20, 0x62, 0x20, 0x62, 0x20,
    0x62, 0x20, 0x62, 0x20, 0x62, 0x20, 0x62, 0x20, 0x62, 0x20, 0x62, 0x20, 0x62, 0x20, 0x62, 0x20, 0x62, 0x20, 0x62,
    0x20, 0x62, 0x20, 0x62, 0x20, 0x62, 0x20, 0x62, 0x20, 0x62, 0x20, 0x62, 0x20, 0x62, 0x20, 0x62, 0x20, 0x62, 0x20,
    0x62, 0x20, 0x62, 0x20, 0x62, 0x20, 0x62, 0x20, 0x62, 0x20, 0x62, 0x20, 0x62, 0x20, 0x62, 0x20, 0x62, 0x20, 0x62,
    0x20, 0x62, 0x20, 0x62, 0x20, 0x62, 0x20, 0x62, 0x20, 0x62, 0x20, 0x62, 0x20, 0x62, 0x20, 0x62, 0x20, 0x62, 0x20,
    0x62, 0x20, 0x62, 0x20, 0x62, 0x20, 0x62, 0x20, 0x62, 0x20, 0x62, 0x20, 0x62, 0x20, 0x62, 0x20, 0x62, 0x20, 0x62,
    0x20, 0x62, 0x20, 0x62, 0x20, 0x62, 0x20, 0x62, 0x20, 0x62, 0x20, 0x62, 0x20, 0x62, 0x20, 0x62, 0x20, 0x62, 0x20,
    0x62, 0x20, 0x62, 0x20, 0x62, 0x20, 0x62, 0x20, 0x62, 0x20, 0x62, 0x20, 0x62, 0x20, 0x62, 0x20, 0x62, 0x20, 0x62,
    0x60, 0x72, 0x60, 0x72, 0x60, 0x72, 0x60, 0x72, 0x06, 0xCD, 0x06, 0xCD, 0x06, 0xCD, 0xD4, 0xA5, 0xD4, 0xA5, 0xD4,
    0xA5, 0x7D, 0x5D, 0x7D, 0x5D, 0x7D, 0x5D, 0x7D, 0x5D, 0x7D, 0x5D, 0x7D, 0x5D, 0x7D, 0x5D, 0x7D, 0x5D, 0x7D, 0x5D,
    0x7D, 0x5D, 0x7D, 0x5D, 0x7D, 0x5D, 0x7D, 0x5D, 0x7D, 0x5D, 0x7D, 0x5D, 0x7D, 0x5D, 0x7D, 0x5D, 0x7D, 0x5D, 0x7D,
    0x5D, 0x7D, 0x5D, 0x7D, 0x5D, 0x7D, 0x5D, 0x7D, 0x5D, 0x7D, 0x5D, 0x7D, 0x5D, 0x7D, 0x5D, 0x7D, 0x5D, 0x7D, 0x5D,
    0x7D, 0x5D, 0x7D, 0x5D, 0x7D, 0x5D, 0x7D, 0x5D, 0x7D, 0x5D, 0x7D, 0x5D, 0x7D, 0x5D, 0x7D, 0x5D, 0x7D, 0x5D, 0x7D,
    0x5D, 0x7D, 0x5D, 0x7D, 0x5D, 0x7D, 0x5D, 0x7D, 0x5D, 0x7D, 0x5D, 0x7D, 0x5D, 0x7D, 0x5D, 0x7D, 0x5D, 0x7D, 0x5D,
    0x7D, 0x5D, 0x7D, 0x5D, 0x7D, 0x5D, 0x7D, 0x5D, 0x7D, 0x5D, 0x7D, 0x5D, 0x7D, 0x5D, 0x7D, 0x5D, 0x7D, 0x5D, 0x7D,
    0x5D, 0x89, 0x43, 0x89, 0x43, 0x89, 0x43, 0x89, 0x43, 0x89, 0x43, 0x89, 0x43, 0x89, 0x43, 0x89, 0x43, 0x89, 0x43,
    0x89, 0x43, 0x89, 0x43, 0x89, 0x43, 0x89, 0x43, 0x89, 0x43, 0x89, 0x43, 0x89, 0x43, 0x89, 0x43, 0x89, 0x43, 0x89,
    0x43, 0x89, 0x43, 0x7D, 0x5D, 0x7D, 0x5D, 0x7D, 0x5D, 0x7D, 0x5D, 0x7D, 0x5D, 0x7D, 0x5D, 0x7D, 0x5D, 0x7D, 0x5D,
    0x7D, 0x5D, 0x7D, 0x5D, 0x7D, 0x5D, 0x7D, 0x5D, 0x7D, 0x5D, 0x7D, 0x5D, 0x7D, 0x5D, 0x7D, 0x5D, 0x7D, 0x5D, 0x7D,
    0x5D, 0x7D, 0x5D, 0x7D, 0x5D, 0x7D, 0x5D, 0x7D, 0x5D, 0x7D, 0x5D, 0x7D, 0x5D, 0x7D, 0x5D, 0x7D, 0x5D, 0x7D, 0x5D,
    0x7D, 0x5D, 0x7D, 0x5D, 0x7D, 0x5D, 0x7D, 0x5D, 0x7D, 0x5D, 0x7D, 0x5D, 0x7D, 0x5D, 0x7D, 0x5D, 0x7D, 0x5D, 0x7D,
    0x5D, 0x7D, 0x5D, 0x7D, 0x5D, 0x7D, 0x5D, 0x7D, 0x5D, 0x7D, 0x5D, 0x7D, 0x5D, 0x7D, 0x5D, 0x7D, 0x5D, 0x7D, 0x5D,
    0x7D, 0x5D, 0x7D, 0x5D, 0x7D, 0x5D, 0x7D, 0x5D, 0x7D, 0x5D, 0x7D, 0x5D, 0x7D, 0x5D, 0x7D, 0x5D, 0x7D, 0x5D, 0x7D,
    0x5D, 0x7D, 0x5D, 0xD4, 0xA5, 0xD4, 0xA5, 0xD4, 0xA5, 0x06, 0xCD, 0x06, 0xCD, 0x06, 0xCD, 0x60, 0x72, 0x60, 0x72,
    0x60, 0x72, 0x60, 0x72, 0x20, 0x62, 0x20, 0x62, 0x20, 0x62, 0x20, 0x62, 0x20, 0x62, 0x20, 0x62, 0x20, 0x62, 0x20,
    0x62, 0x20, 0x62, 0x20, 0x62, 0x20, 0x62, 0x20, 0x62, 0x20, 0x62, 0x20, 0x62, 0x20, 0x62, 0x20, 0x62, 0x20, 0x62,
    0x20, 0x62, 0x20, 0x62, 0x20, 0x62, 0x20, 0x62, 0x20, 0x62, 0x20, 0x62, 0x20, 0x62, 0x20, 0x62, 0x20, 0x62, 0x20,
    0x62, 0x20, 0x62, 0x20, 0x62, 0x20, 0x62, 0x20, 0x62, 0x20, 0x62, 0x20, 0x62, 0x20, 0x62, 0x20, 0x62, 0x20, 0x62,
    0x20, 0x62, 0x20, 0x62, 0x20, 0x62, 0x20, 0x62, 0x20, 0x62, 0x20, 0x62, 0x20, 0x62, 0x20, 0x62, 0x20, 0x62, 0x20,
    0x62, 0x20, 0x62, 0x20, 0x62, 0x20, 0x62, 0x20, 0x62, 0x20, 0x62, 0x20, 0x62, 0x20, 0x62, 0x20, 0x62, 0x20, 0x62,
    0x20, 0x62, 0x20, 0x62, 0x20, 0x62, 0x20, 0x62, 0x20, 0x62, 0x20, 0x62, 0x20, 0x62, 0x20, 0x62, 0x20, 0x62, 0x20,
    0x62, 0x20, 0x62, 0x20, 0x62, 0x20, 0x62, 0x20, 0x62, 0x20, 0x62, 0x20, 0x62, 0x20, 0x62, 0x20, 0x62, 0x20, 0x62,
    0x20, 0x62, 0x20, 0x62, 0x20, 0x62, 0x20, 0x62, 0x20, 0x62, 0x20, 0x62, 0x20, 0x62, 0x20, 0x62, 0x20, 0x62, 0x20,
    0x62, 0x20, 0x62, 0x20, 0x62, 0x60, 0x72, 0x60, 0x72, 0x60, 0x72, 0x60, 0x72, 0x06, 0xCD, 0x06, 0xCD, 0x06, 0xCD,
    0xD4, 0xA5, 0xD4, 0xA5, 0xD4, 0xA5, 0x7D, 0x5D, 0x7D, 0x5D, 0x7D, 0x5D, 0x7D, 0x5D, 0x7D, 0x5D, 0x7D, 0x5D, 0x7D,
    0x5D, 0x7D, 0x5D, 0x7D, 0x5D, 0x7D, 0x5D, 0x7D, 0x5D, 0x7D, 0x5D, 0x7D, 0x5D, 0x7D, 0x5D, 0x7D, 0x5D, 0x7D, 0x5D,
    0x7D, 0x5D, 0x7D, 0x5D, 0x7D, 0x5D, 0x7D, 0x5D, 0x7D, 0x5D, 0x7D, 0x5D, 0x7D, 0x5D, 0x7D, 0x5D, 0x7D, 0x5D, 0x7D,
    0x5D, 0x7D, 0x5D, 0x7D, 0x5D, 0x7D, 0x5D, 0x7D, 0x5D, 0x7D, 0x5D, 0x7D, 0x5D, 0x7D, 0x5D, 0x7D, 0x5D, 0x7D, 0x5D,
    0x7D, 0x5D, 0x7D, 0x5D, 0x7D, 0x5D, 0x7D, 0x5D, 0x7D, 0x5D, 0x7D, 0x5D, 0x7D, 0x5D, 0x7D, 0x5D, 0x7D, 0x5D, 0x7D,
    0x5D, 0x7D, 0x5D, 0x7D, 0x5D, 0x7D, 0x5D, 0x7D, 0x5D, 0x7D, 0x5D, 0x7D, 0x5D, 0x7D, 0x5D, 0x7D, 0x5D, 0x7D, 0x5D,
    0x7D, 0x5D, 0x7D, 0x5D, 0x7D, 0x5D, 0x89, 0x43, 0x89, 0x43, 0x89, 0x43, 0x89, 0x43, 0x89, 0x43, 0x89, 0x43, 0x89,
    0x43, 0x89, 0x43, 0x89, 0x43, 0x89, 0x43, 0x89, 0x43, 0x89, 0x43, 0x89, 0x43, 0x89, 0x43, 0x89, 0x43, 0x89, 0x43,
    0x89, 0x43, 0x89, 0x43, 0x89, 0x43, 0x89, 0x43, 0x7D, 0x5D, 0x7D, 0x5D, 0x7D, 0x5D, 0x7D, 0x5D, 0x7D, 0x5D, 0x7D,
    0x5D, 0x7D, 0x5D, 0x7D, 0x5D, 0x7D, 0x5D, 0x7D, 0x5D, 0x7D, 0x5D, 0x7D, 0x5D, 0x7D, 0x5D, 0x7D, 0x5D, 0x7D, 0x5D,
    0x7D, 0x5D, 0x7D, 0x5D, 0x7D, 0x5D, 0x7D, 0x5D, 0x7D, 0x5D, 0x7D, 0x5D, 0x7D, 0x5D, 0x7D, 0x5D, 0x7D, 0x5D, 0x7D,
    0x5D, 0x7D, 0x5D, 0x7D, 0x5D, 0x7D, 0x5D, 0x7D, 0x5D, 0x7D, 0x5D, 0x7D, 0x5D, 0x7D, 0x5D, 0x7D, 0x5D, 0x7D, 0x5D,
    0x7D, 0x5D, 0x7D, 0x5D, 0x7D, 0x5D, 0x7D, 0x5D, 0x7D, 0x5D, 0x7D, 0x5D, 0x7D, 0x5D, 0x7D, 0x5D, 0x7D, 0x5D, 0x7D,
    0x5D, 0x7D, 0x5D, 0x7D, 0x5D, 0x7D, 0x5D, 0x7D, 0x5D, 0x7D, 0x5D, 0x7D, 0x5D, 0x7D, 0x5D, 0x7D, 0x5D, 0x7D, 0x5D,
    0x7D, 0x5D, 0x7D, 0x5D, 0x7D, 0x5D, 0x7D, 0x5D, 0xD4, 0xA5, 0xD4, 0xA5, 0xD4, 0xA5, 0x06, 0xCD, 0x06, 0xCD, 0x06,
    0xCD, 0x60, 0x72, 0x60, 0x72, 0x60, 0x72, 0x60, 0x72, 0x20, 0x62, 0x20, 0x62, 0x20, 0x62, 0x20, 0x62, 0x20, 0x62,
    0x20, 0x62, 0x20, 0x62, 0x20, 0x62, 0x20, 0x62, 0x20, 0x62, 0x20, 0x62, 0x20, 0x62, 0x20, 0x62, 0x20, 0x62, 0x20,
    0x62, 0x20, 0x62, 0x20, 0x62, 0x20, 0x62, 0x20, 0x62, 0x20, 0x62, 0x20, 0x62, 0x20, 0x62, 0x20, 0x62, 0x20, 0x62,
    0x20, 0x62, 0x20, 0x62, 0x20, 0x62, 0x20, 0x62, 0x20, 0x62, 0x20, 0x62, 0x20, 0x62, 0x20, 0x62, 0x20, 0x62, 0x20,
    0x62, 0x20, 0x62, 0x20, 0x62, 0x20, 0x62, 0x20, 0x62, 0x20, 0x62, 0x20, 0x62, 0x20, 0x62, 0x20, 0x62, 0x20, 0x62,
    0x20, 0x62, 0x20, 0x62, 0x20, 0x62, 0x20, 0x62, 0x20, 0x62, 0x20, 0x62, 0x20, 0x62, 0x20, 0x62, 0x20, 0x62, 0x20,
    0x62, 0x20, 0x62, 0x20, 0x62, 0x20, 0x62, 0x20, 0x62, 0x20, 0x62, 0x20, 0x62, 0x20, 0x62, 0x20, 0x62, 0x20, 0x62,
    0x20, 0x62, 0x20, 0x62, 0x20, 0x62, 0x20, 0x62, 0x20, 0x62, 0x20, 0x62, 0x20, 0x62, 0x20, 0x62, 0x20, 0x62, 0x20,
    0x62, 0x20, 0x62, 0x20, 0x62, 0x20, 0x62, 0x20, 0x62, 0x20, 0x62, 0x20, 0x62, 0x20, 0x62, 0x20, 0x62, 0x20, 0x62,
    0x20, 0x62, 0x20, 0x62, 0x20, 0x62, 0x20, 0x62, 0x20, 0x62, 0x60, 0x72, 0x60, 0x72, 0x60, 0x72, 0x60, 0x72, 0x06,
    0xCD, 0x06, 0xCD, 0x06, 0xCD, 0xD4, 0xA5, 0xD4, 0xA5, 0xD4, 0xA5, 0x7D, 0x5D, 0x7D, 0x5D, 0x7D, 0x5D, 0x7D, 0x5D,
    0x7D, 0x5D, 0x7D, 0x5D, 0x7D, 0x5D, 0x7D, 0x5D, 0x7D, 0x5D, 0x7D, 0x5D, 0x7D, 0x5D, 0x7D, 0x5D, 0x7D, 0x5D, 0x7D,
    0x5D, 0x7D, 0x5D, 0x7D, 0x5D, 0x7D, 0x5D, 0x7D, 0x5D, 0x7D, 0x5D, 0x7D, 0x5D, 0x7D, 0x5D, 0x7D, 0x5D, 0x7D, 0x5D,
    0x7D, 0x5D, 0x7D, 0x5D, 0x7D, 0x5D, 0x7D, 0x5D, 0x7D, 0x5D, 0x7D, 0x5D, 0x7D, 0x5D, 0x7D, 0x5D, 0x7D, 0x5D, 0x7D,
    0x5D, 0x7D, 0x5D, 0x7D, 0x5D, 0x7D, 0x5D, 0x7D, 0x5D, 0x7D, 0x5D, 0x7D, 0x5D, 0x7D, 0x5D, 0x7D, 0x5D, 0x7D, 0x5D,
    0x7D, 0x5D, 0x7D, 0x5D, 0x7D, 0x5D, 0x7D, 0x5D, 0x7D, 0x5D, 0x7D, 0x5D, 0x7D, 0x5D, 0x7D, 0x5D, 0x7D, 0x5D, 0x7D,
    0x5D, 0x7D, 0x5D, 0x7D, 0x5D, 0x7D, 0x5D, 0x7D, 0x5D, 0x7D, 0x5D, 0x89, 0x43, 0x89, 0x43, 0x89, 0x43, 0x89, 0x43,
    0x89, 0x43, 0x89, 0x43, 0x89, 0x43, 0x89, 0x43, 0x89, 0x43, 0x89, 0x43, 0x89, 0x43, 0x89, 0x43, 0x89, 0x43, 0x89,
    0x43, 0x89, 0x43, 0x89, 0x43, 0x89, 0x43, 0x89, 0x43, 0x89, 0x43, 0x89, 0x43, 0x89, 0x43, 0x89, 0x43, 0x89, 0x43,
    0x7D, 0x5D, 0x7D, 0x5D, 0x7D, 0x5D, 0x7D, 0x5D, 0x7D, 0x5D, 0x7D, 0x5D, 0x7D, 0x5D, 0x7D, 0x5D, 0x7D, 0x5D, 0x7D,
    0x5D, 0x7D, 0x5D, 0x7D, 0x5D, 0x7D, 0x5D, 0x7D, 0x5D, 0x7D, 0x5D, 0x7D, 0x5D, 0x7D, 0x5D, 0x7D, 0x5D, 0x7D, 0x5D,
    0x7D, 0x5D, 0x7D, 0x5D, 0x7D, 0x5D, 0x7D, 0x5D, 0x7D, 0x5D, 0x7D, 0x5D, 0x7D, 0x5D, 0x7D, 0x5D, 0x7D, 0x5D, 0x7D,
    0x5D, 0x7D, 0x5D, 0x7D, 0x5D, 0x7D, 0x5D, 0x7D, 0x5D, 0x7D, 0x5D, 0x7D, 0x5D, 0x7D, 0x5D, 0x7D, 0x5D, 0x7D, 0x5D,
    0x7D, 0x5D, 0x7D, 0x5D, 0x7D, 0x5D, 0x7D, 0x5D, 0x7D, 0x5D, 0x7D, 0x5D, 0x7D, 0x5D, 0x7D, 0x5D, 0x7D, 0x5D, 0x7D,
    0x5D, 0x7D, 0x5D, 0x7D, 0x5D, 0x9A, 0x75, 0x9A, 0x75, 0x9A, 0x75, 0x9A, 0x75, 0x4B, 0xF6, 0x4B, 0xF6, 0x4B, 0xF6,
    0x69, 0xFE, 0x69, 0xFE, 0x69, 0xFE, 0x29, 0xF6, 0x29, 0xF6, 0x29, 0xF6, 0x29, 0xF6, 0x63, 0x93, 0x63, 0x93, 0x63,
    0x93, 0x20, 0x62, 0x20, 0x62, 0x20, 0x62, 0x20, 0x62, 0x20, 0x62, 0x20, 0x62, 0x20, 0x62, 0x20, 0x62, 0x20, 0x62,
    0x20, 0x62, 0x20, 0x62, 0x20, 0x62, 0x20, 0x62, 0x20, 0x62, 0x20, 0x62, 0x20, 0x62, 0x20, 0x62, 0x20, 0x62, 0x20,
    0x62, 0x20, 0x62, 0x20, 0x62, 0x20, 0x62, 0x20, 0x62, 0x20, 0x62, 0x20, 0x62, 0x20, 0x62, 0x20, 0x62, 0x20, 0x62,
    0x20, 0x62, 0x20, 0x62, 0x20, 0x62, 0x20, 0x62, 0x20, 0x62, 0x20, 0x62, 0x20, 0x62, 0x20, 0x62, 0x20, 0x62, 0x20,
    0x62, 0x20, 0x62, 0x20, 0x62, 0x20, 0x62, 0x20, 0x62, 0x20, 0x62, 0x20, 0x62, 0x20, 0x62, 0x20, 0x62, 0x20, 0x62,
    0x20, 0x62, 0x20, 0x62, 0x20, 0x62, 0x20, 0x62, 0x20, 0x62, 0x20, 0x62, 0x20, 0x62, 0x20, 0x62, 0x20, 0x62, 0x20,
    0x62, 0x20, 0x62, 0x20, 0x62, 0x20, 0x62, 0x20, 0x62, 0x20, 0x62, 0x20, 0x62, 0x20, 0x62, 0x20, 0x62, 0x20, 0x62,
    0x20, 0x62, 0x20, 0x62, 0x20, 0x62, 0x20, 0x62, 0x20, 0x62, 0x20, 0x62, 0x20, 0x62, 0x20, 0x62, 0x20, 0x62, 0x20,
    0x62, 0x20, 0x62, 0x20, 0x62, 0x20, 0x62, 0x20, 0x62, 0x63, 0x93, 0x63, 0x93, 0x63, 0x93, 0x29, 0xF6, 0x29, 0xF6,
    0x29, 0xF6, 0x29, 0xF6, 0x69, 0xFE, 0x69, 0xFE, 0x69, 0xFE, 0x4B, 0xF6, 0x4B, 0xF6, 0x4B, 0xF6, 0x9A, 0x75, 0x9A,
    0x75, 0x9A, 0x75, 0x9A, 0x75, 0x7D, 0x5D, 0x7D, 0x5D, 0x7D, 0x5D, 0x7D, 0x5D, 0x7D, 0x5D, 0x7D, 0x5D, 0x7D, 0x5D,
    0x7D, 0x5D, 0x7D, 0x5D, 0x7D, 0x5D, 0x7D, 0x5D, 0x7D, 0x5D, 0x7D, 0x5D, 0x7D, 0x5D, 0x7D, 0x5D, 0x7D, 0x5D, 0x7D,
    0x5D, 0x7D, 0x5D, 0x7D, 0x5D, 0x7D, 0x5D, 0x7D, 0x5D, 0x7D, 0x5D, 0x7D, 0x5D, 0x7D, 0x5D, 0x7D, 0x5D, 0x7D, 0x5D,
    0x7D, 0x5D, 0x7D, 0x5D, 0x7D, 0x5D, 0x7D, 0x5D, 0x7D, 0x5D, 0x7D, 0x5D, 0x7D, 0x5D, 0x7D, 0x5D, 0x7D, 0x5D, 0x7D,
    0x5D, 0x7D, 0x5D, 0x7D, 0x5D, 0x7D, 0x5D, 0x7D, 0x5D, 0x7D, 0x5D, 0x7D, 0x5D, 0x7D, 0x5D, 0x7D, 0x5D, 0x7D, 0x5D,
    0x7D, 0x5D, 0x7D, 0x5D, 0x7D, 0x5D, 0x7D, 0x5D, 0x7D, 0x5D, 0x89, 0x43, 0x89, 0x43, 0x89, 0x43, 0x89, 0x43, 0x89,
    0x43, 0x89, 0x43, 0x89, 0x43, 0x89, 0x43, 0x89, 0x43, 0x89, 0x43, 0x89, 0x43, 0x89, 0x43, 0x89, 0x43, 0x89, 0x43,
    0x89, 0x43, 0x89, 0x43, 0x89, 0x43, 0x89, 0x43, 0x89, 0x43, 0x89, 0x43, 0x89, 0x43, 0x89, 0x43, 0x89, 0x43, 0x89,
    0x43, 0x89, 0x43, 0x89, 0x43, 0x7D, 0x5D, 0x7D, 0x5D, 0x7D, 0x5D, 0x7D, 0x5D, 0x7D, 0x5D, 0x7D, 0x5D, 0x7D, 0x5D,
    0x7D, 0x5D, 0x7D, 0x5D, 0x7D, 0x5D, 0x7D, 0x5D, 0x7D, 0x5D, 0x7D, 0x5D, 0x7D, 0x5D, 0x7D, 0x5D, 0x7D, 0x5D, 0x7D,
    0x5D, 0x7D, 0x5D, 0x7D, 0x5D, 0x7D, 0x5D, 0x7D, 0x5D, 0x7D, 0x5D, 0x7D, 0x5D, 0x7D, 0x5D, 0x7D, 0x5D, 0x7D, 0x5D,
    0x7D, 0x5D, 0x7D, 0x5D, 0x7D, 0x5D, 0x7D, 0x5D, 0x7D, 0x5D, 0x7D, 0x5D, 0x7D, 0x5D, 0x7D, 0x5D, 0x7D, 0x5D, 0x7D,
    0x5D, 0x7D, 0x5D, 0x7D, 0x5D, 0x7D, 0x5D, 0x7D, 0x5D, 0x7D, 0x5D, 0x7D, 0x5D, 0x7D, 0x5D, 0x7D, 0x5D, 0x7D, 0x5D,
    0x7D, 0x5D, 0x7D, 0x5D, 0x7D, 0x5D, 0x7D, 0x5D, 0x7D, 0x5D, 0x9A, 0x75, 0x9A, 0x75, 0x9A, 0x75, 0x9A, 0x75, 0x4B,
    0xF6, 0x4B, 0xF6, 0x4B, 0xF6, 0x69, 0xFE, 0x69, 0xFE, 0x69, 0xFE, 0x29, 0xF6, 0x29, 0xF6, 0x29, 0xF6, 0x29, 0xF6,
    0x63, 0x93, 0x63, 0x93, 0x63, 0x93, 0x20, 0x62, 0x20, 0x62, 0x20, 0x62, 0x20, 0x62, 0x20, 0x62, 0x20, 0x62, 0x20,
    0x62, 0x20, 0x62, 0x20, 0x62, 0x20, 0x62, 0x20, 0x62, 0x20, 0x62, 0x20, 0x62, 0x20, 0x62, 0x20, 0x62, 0x20, 0x62,
    0x20, 0x62, 0x20, 0x62, 0x20, 0x62, 0x20, 0x62, 0x20, 0x62, 0x20, 0x62, 0x20, 0x62, 0x20, 0x62, 0x20, 0x62, 0x20,
    0x62, 0x20, 0x62, 0x20, 0x62, 0x20, 0x62, 0x20, 0x62, 0x20, 0x62, 0x20, 0x62, 0x20, 0x62, 0x20, 0x62, 0x20, 0x62,
    0x20, 0x62, 0x20, 0x62, 0x20, 0x62, 0x20, 0x62, 0x20, 0x62, 0x20, 0x62, 0x20, 0x62, 0x20, 0x62, 0x20, 0x62, 0x20,
    0x62, 0x20, 0x62, 0x20, 0x62, 0x20, 0x62, 0x20, 0x62, 0x20, 0x62, 0x20, 0x62, 0x20, 0x62, 0x20, 0x62, 0x20, 0x62,
    0x20, 0x62, 0x20, 0x62, 0x20, 0x62, 0x20, 0x62, 0x20, 0x62, 0x20, 0x62, 0x20, 0x62, 0x20, 0x62, 0x20, 0x62, 0x20,
    0x62, 0x20, 0x62, 0x20, 0x62, 0x20, 0x62, 0x20, 0x62, 0x20, 0x62, 0x20, 0x62, 0x20, 0x62, 0x20, 0x62, 0x20, 0x62,
    0x20, 0x62, 0x20, 0x62, 0x20, 0x62, 0x20, 0x62, 0x20, 0x62, 0x20, 0x62, 0x20, 0x62, 0x63, 0x93, 0x63, 0x93, 0x63,
    0x93, 0x29, 0xF6, 0x29, 0xF6, 0x29, 0xF6, 0x29, 0xF6, 0x69, 0xFE, 0x69, 0xFE, 0x69, 0xFE, 0x4B, 0xF6, 0x4B, 0xF6,
    0x4B, 0xF6, 0x9A, 0x75, 0x9A, 0x75, 0x9A, 0x75, 0x9A, 0x75, 0x7D, 0x5D, 0x7D, 0x5D, 0x7D, 0x5D, 0x7D, 0x5D, 0x7D,
    0x5D, 0x7D, 0x5D, 0x7D, 0x5D, 0x7D, 0x5D, 0x7D, 0x5D, 0x7D, 0x5D, 0x7D, 0x5D, 0x7D, 0x5D, 0x7D, 0x5D, 0x7D, 0x5D,
    0x7D, 0x5D, 0x7D, 0x5D, 0x7D, 0x5D, 0x7D, 0x5D, 0x7D, 0x5D, 0x7D, 0x5D, 0x7D, 0x5D, 0x7D, 0x5D, 0x7D, 0x5D, 0x7D,
    0x5D, 0x7D, 0x5D, 0x7D, 0x5D, 0x7D, 0x5D, 0x7D, 0x5D, 0x7D, 0x5D, 0x7D, 0x5D, 0x7D, 0x5D, 0x7D, 0x5D, 0x7D, 0x5D,
    0x7D, 0x5D, 0x7D, 0x5D, 0x7D, 0x5D, 0x7D, 0x5D, 0x7D, 0x5D, 0x7D, 0x5D, 0x7D, 0x5D, 0x7D, 0x5D, 0x7D, 0x5D, 0x7D,
    0x5D, 0x7D, 0x5D, 0x7D, 0x5D, 0x7D, 0x5D, 0x7D, 0x5D, 0x7D, 0x5D, 0x7D, 0x5D, 0x7D, 0x5D, 0x89, 0x43, 0x89, 0x43,
    0x89, 0x43, 0x89, 0x43, 0x89, 0x43, 0x89, 0x43, 0x89, 0x43, 0x89, 0x43, 0x89, 0x43, 0x89, 0x43, 0x89, 0x43, 0x89,
    0x43, 0x89, 0x43, 0x89, 0x43, 0x89, 0x43, 0x89, 0x43, 0x89, 0x43, 0x89, 0x43, 0x89, 0x43, 0x89, 0x43, 0x89, 0x43,
    0x89, 0x43, 0x89, 0x43, 0x89, 0x43, 0x89, 0x43, 0x89, 0x43, 0x7D, 0x5D, 0x7D, 0x5D, 0x7D, 0x5D, 0x7D, 0x5D, 0x7D,
    0x5D, 0x7D, 0x5D, 0x7D, 0x5D, 0x7D, 0x5D, 0x7D, 0x5D, 0x7D, 0x5D, 0x7D, 0x5D, 0x7D, 0x5D, 0x7D, 0x5D, 0x7D, 0x5D,
    0x7D, 0x5D, 0x7D, 0x5D, 0x7D, 0x5D, 0x7D, 0x5D, 0x7D, 0x5D, 0x7D, 0x5D, 0x7D, 0x5D, 0x7D, 0x5D, 0x7D, 0x5D, 0x7D,
    0x5D, 0x7D, 0x5D, 0x7D, 0x5D, 0x7D, 0x5D, 0x7D, 0x5D, 0x7D, 0x5D, 0x7D, 0x5D, 0x7D, 0x5D, 0x7D, 0x5D, 0x7D, 0x5D,
    0x7D, 0x5D, 0x7D, 0x5D, 0x7D, 0x5D, 0x7D, 0x5D, 0x7D, 0x5D, 0x7D, 0x5D, 0x7D, 0x5D, 0x7D, 0x5D, 0x7D, 0x5D, 0x7D,
    0x5D, 0x7D, 0x5D, 0x7D, 0x5D, 0x7D, 0x5D, 0x7D, 0x5D, 0x7D, 0x5D, 0x7D, 0x5D, 0x7D, 0x5D, 0x9A, 0x75, 0x9A, 0x75,
    0x9A, 0x75, 0x9A, 0x75, 0x4B, 0xF6, 0x4B, 0xF6, 0x4B, 0xF6, 0x69, 0xFE, 0x69, 0xFE, 0x69, 0xFE, 0x29, 0xF6, 0x29,
    0xF6, 0x29, 0xF6, 0x29, 0xF6, 0x63, 0x93, 0x63, 0x93, 0x63, 0x93, 0x20, 0x62, 0x20, 0x62, 0x20, 0x62, 0x20, 0x62,
    0x20, 0x62, 0x20, 0x62, 0x20, 0x62, 0x20, 0x62, 0x20, 0x62, 0x20, 0x62, 0x20, 0x62, 0x20, 0x62, 0x20, 0x62, 0x20,
    0x62, 0x20, 0x62, 0x20, 0x62, 0x20, 0x62, 0x20, 0x62, 0x20, 0x62, 0x20, 0x62, 0x20, 0x62, 0x20, 0x62, 0x20, 0x62,
    0x20, 0x62, 0x20, 0x62, 0x20, 0x62, 0x20, 0x62, 0x20, 0x62, 0x20, 0x62, 0x20, 0x62, 0x20, 0x62, 0x20, 0x62, 0x20,
    0x62, 0x20, 0x62, 0x20, 0x62, 0x20, 0x62, 0x20, 0x62, 0x20, 0x62, 0x20, 0x62, 0x20, 0x62, 0x20, 0x62, 0x20, 0x62,
    0x20, 0x62, 0x20, 0x62, 0x20, 0x62, 0x20, 0x62, 0x20, 0x62, 0x20, 0x62, 0x20, 0x62, 0x20, 0x62, 0x20, 0x62, 0x20,
    0x62, 0x20, 0x62, 0x20, 0x62, 0x20, 0x62, 0x20, 0x62, 0x20, 0x62, 0x20, 0x62, 0x20, 0x62, 0x20, 0x62, 0x20, 0x62,
    0x20, 0x62, 0x20, 0x62, 0x20, 0x62, 0x20, 0x62, 0x20, 0x62, 0x20, 0x62, 0x20, 0x62, 0x20, 0x62, 0x20, 0x62, 0x20,
    0x62, 0x20, 0x62, 0x20, 0x62, 0x20, 0x62, 0x20, 0x62, 0x20, 0x62, 0x20, 0x62, 0x20, 0x62, 0x20, 0x62, 0x20, 0x62,
    0x63, 0x93, 0x63, 0x93, 0x63, 0x93, 0x29, 0xF6, 0x29, 0xF6, 0x29, 0xF6, 0x29, 0xF6, 0x69, 0xFE, 0x69, 0xFE, 0x69,
    0xFE, 0x4B, 0xF6, 0x4B, 0xF6, 0x4B, 0xF6, 0x9A, 0x75, 0x9A, 0x75, 0x9A, 0x75, 0x9A, 0x75, 0x7D, 0x5D, 0x7D, 0x5D,
    0x7D, 0x5D, 0x7D, 0x5D, 0x7D, 0x5D, 0x7D, 0x5D, 0x7D, 0x5D, 0x7D, 0x5D, 0x7D, 0x5D, 0x7D, 0x5D, 0x7D, 0x5D, 0x7D,
    0x5D, 0x7D, 0x5D, 0x7D, 0x5D, 0x7D, 0x5D, 0x7D, 0x5D, 0x7D, 0x5D, 0x7D, 0x5D, 0x7D, 0x5D, 0x7D, 0x5D, 0x7D, 0x5D,
    0x7D, 0x5D, 0x7D, 0x5D, 0x7D, 0x5D, 0x7D, 0x5D, 0x7D, 0x5D, 0x7D, 0x5D, 0x7D, 0x5D, 0x7D, 0x5D, 0x7D, 0x5D, 0x7D,
    0x5D, 0x7D, 0x5D, 0x7D, 0x5D, 0x7D, 0x5D, 0x7D, 0x5D, 0x7D, 0x5D, 0x7D, 0x5D, 0x7D, 0x5D, 0x7D, 0x5D, 0x7D, 0x5D,
    0x7D, 0x5D, 0x7D, 0x5D, 0x7D, 0x5D, 0x7D, 0x5D, 0x7D, 0x5D, 0x7D, 0x5D, 0x7D, 0x5D, 0x7D, 0x5D, 0x7D, 0x5D, 0x7D,
    0x5D, 0x89, 0x43, 0x89, 0x43, 0x89, 0x43, 0x89, 0x43, 0x89, 0x43, 0x89, 0x43, 0x89, 0x43, 0x89, 0x43, 0x89, 0x43,
    0x89, 0x43, 0x89, 0x43, 0x89, 0x43, 0x89, 0x43, 0x89, 0x43, 0x89, 0x43, 0x89, 0x43, 0x89, 0x43, 0x89, 0x43, 0x89,
    0x43, 0x89, 0x43, 0x89, 0x43, 0x89, 0x43, 0x89, 0x43, 0x89, 0x43, 0x89, 0x43, 0x89, 0x43, 0x7D, 0x5D, 0x7D, 0x5D,
    0x7D, 0x5D, 0x7D, 0x5D, 0x7D, 0x5D, 0x7D, 0x5D, 0x7D, 0x5D, 0x7D, 0x5D, 0x7D, 0x5D, 0x7D, 0x5D, 0x7D, 0x5D, 0x7D,
    0x5D, 0x7D, 0x5D, 0x7D, 0x5D, 0x7D, 0x5D, 0x7D, 0x5D, 0x7D, 0x5D, 0x7D, 0x5D, 0x7D, 0x5D, 0x7D, 0x5D, 0x7D, 0x5D,
    0x7D, 0x5D, 0x7D, 0x5D, 0x7D, 0x5D, 0x7D, 0x5D, 0x7D, 0x5D, 0x7D, 0x5D, 0x7D, 0x5D, 0x7D, 0x5D, 0x7D, 0x5D, 0x7D,
    0x5D, 0x7D, 0x5D, 0x7D, 0x5D, 0x7D, 0x5D, 0x7D, 0x5D, 0x7D, 0x5D, 0x7D, 0x5D, 0x7D, 0x5D, 0x7D, 0x5D, 0x7D, 0x5D,
    0x7D, 0x5D, 0x7D, 0x5D, 0x7D, 0x5D, 0x7D, 0x5D, 0x7D, 0x5D, 0x7D, 0x5D, 0x7D, 0x5D, 0x9A, 0x75, 0x9A, 0x75, 0x9A,
    0x75, 0x4B, 0xF6, 0x4B, 0xF6, 0x4B, 0xF6, 0x4B, 0xF6, 0x69, 0xFE, 0x69, 0xFE, 0x69, 0xFE, 0x69, 0xFE, 0x69, 0xFE,
    0x69, 0xFE, 0x69, 0xFE, 0x69, 0xFE, 0x69, 0xFE, 0x69, 0xFE, 0x69, 0xFE, 0x69, 0xFE, 0x69, 0xFE, 0x47, 0xDD, 0x47,
    0xDD, 0x47, 0xDD, 0x22, 0x8B, 0x22, 0x8B, 0x22, 0x8B, 0x22, 0x8B, 0x20, 0x62, 0x20, 0x62, 0x20, 0x62, 0x20, 0x62,
    0x20, 0x62, 0x20, 0x62, 0x20, 0x62, 0x20, 0x62, 0x20, 0x62, 0x20, 0x62, 0x20, 0x62, 0x20, 0x62, 0x20, 0x62, 0x20,
    0x62, 0x20, 0x62, 0x20, 0x62, 0x20, 0x62, 0x20, 0x62, 0x20, 0x62, 0x20, 0x62, 0x20, 0x62, 0x20, 0x62, 0x20, 0x62,
    0x20, 0x62, 0x20, 0x62, 0x20, 0x62, 0x20, 0x62, 0x20, 0x62, 0x20, 0x62, 0x20, 0x62, 0x20, 0x62, 0x20, 0x62, 0x20,
    0x62, 0x20, 0x62, 0x20, 0x62, 0x20, 0x62, 0x20, 0x62, 0x20, 0x62, 0x20, 0x62, 0x20, 0x62, 0x20, 0x62, 0x20, 0x62,
    0x20, 0x62, 0x20, 0x62, 0x20, 0x62, 0x20, 0x62, 0x20, 0x62, 0x20, 0x62, 0x20, 0x62, 0x20, 0x62, 0x20, 0x62, 0x20,
    0x62, 0x20, 0x62, 0x20, 0x62, 0x20, 0x62, 0x20, 0x62, 0x20, 0x62, 0x20, 0x62, 0x20, 0x62, 0x20, 0x62, 0x20, 0x62,
    0x20, 0x62, 0x20, 0x62, 0x20, 0x62, 0x20, 0x62, 0x20, 0x62, 0x22, 0x8B, 0x22, 0x8B, 0x22, 0x8B, 0x22, 0x8B, 0x47,
    0xDD, 0x47, 0xDD, 0x47, 0xDD, 0x69, 0xFE, 0x69, 0xFE, 0x69, 0xFE, 0x69, 0xFE, 0x69, 0xFE, 0x69, 0xFE, 0x69, 0xFE,
    0x69, 0xFE, 0x69, 0xFE, 0x69, 0xFE, 0x69, 0xFE, 0x69, 0xFE, 0x69, 0xFE, 0x4B, 0xF6, 0x4B, 0xF6, 0x4B, 0xF6, 0x4B,
    0xF6, 0x9A, 0x75, 0x9A, 0x75, 0x9A, 0x75, 0x7D, 0x5D, 0x7D, 0x5D, 0x7D, 0x5D, 0x7D, 0x5D, 0x7D, 0x5D, 0x7D, 0x5D,
    0x7D, 0x5D, 0x7D, 0x5D, 0x7D, 0x5D, 0x7D, 0x5D, 0x7D, 0x5D, 0x7D, 0x5D, 0x7D, 0x5D, 0x7D, 0x5D, 0x7D, 0x5D, 0x7D,
    0x5D, 0x7D, 0x5D, 0x7D, 0x5D, 0x7D, 0x5D, 0x7D, 0x5D, 0x7D, 0x5D, 0x7D, 0x5D, 0x7D, 0x5D, 0x7D, 0x5D, 0x7D, 0x5D,
    0x7D, 0x5D, 0x7D, 0x5D, 0x7D, 0x5D, 0x7D, 0x5D, 0x7D, 0x5D, 0x7D, 0x5D, 0x7D, 0x5D, 0x7D, 0x5D, 0x7D, 0x5D, 0x7D,
    0x5D, 0x7D, 0x5D, 0x7D, 0x5D, 0x7D, 0x5D, 0x7D, 0x5D, 0x7D, 0x5D, 0x7D, 0x5D, 0x7D, 0x5D, 0x7D, 0x5D, 0x7D, 0x5D,
    0x7D, 0x5D, 0x7D, 0x5D, 0x7D, 0x5D, 0x89, 0x43, 0x89, 0x43, 0x89, 0x43, 0x89, 0x43, 0x89, 0x43, 0x89, 0x43, 0x89,
    0x43, 0x89, 0x43, 0x89, 0x43, 0x89, 0x43, 0x89, 0x43, 0x89, 0x43, 0x89, 0x43, 0x89, 0x43, 0x89, 0x43, 0x89, 0x43,
    0x89, 0x43, 0x89, 0x43, 0x89, 0x43, 0x89, 0x43, 0x89, 0x43, 0x89, 0x43, 0x89, 0x43, 0x89, 0x43, 0x89, 0x43, 0x89,
    0x43, 0x7D, 0x5D, 0x7D, 0x5D, 0x7D, 0x5D, 0x7D, 0x5D, 0x7D, 0x5D, 0x7D, 0x5D, 0x7D, 0x5D, 0x7D, 0x5D, 0x7D, 0x5D,
    0x7D, 0x5D, 0x7D, 0x5D, 0x7D, 0x5D, 0x7D, 0x5D, 0x7D, 0x5D, 0x7D, 0x5D, 0x7D, 0x5D, 0x7D, 0x5D, 0x7D, 0x5D, 0x7D,
    0x5D, 0x7D, 0x5D, 0x7D, 0x5D, 0x7D, 0x5D, 0x7D, 0x5D, 0x7D, 0x5D, 0x7D, 0x5D, 0x7D, 0x5D, 0x7D, 0x5D, 0x7D, 0x5D,
    0x7D, 0x5D, 0x7D, 0x5D, 0x7D, 0x5D, 0x7D, 0x5D, 0x7D, 0x5D, 0x7D, 0x5D, 0x7D, 0x5D, 0x7D, 0x5D, 0x7D, 0x5D, 0x7D,
    0x5D, 0x7D, 0x5D, 0x7D, 0x5D, 0x7D, 0x5D, 0x7D, 0x5D, 0x7D, 0x5D, 0x7D, 0x5D, 0x7D, 0x5D, 0x7D, 0x5D, 0x7D, 0x5D,
    0x9A, 0x75, 0x9A, 0x75, 0x9A, 0x75, 0x4B, 0xF6, 0x4B, 0xF6, 0x4B, 0xF6, 0x4B, 0xF6, 0x69, 0xFE, 0x69, 0xFE, 0x69,
    0xFE, 0x69, 0xFE, 0x69, 0xFE, 0x69, 0xFE, 0x69, 0xFE, 0x69, 0xFE, 0x69, 0xFE, 0x69, 0xFE, 0x69, 0xFE, 0x69, 0xFE,
    0x69, 0xFE, 0x47, 0xDD, 0x47, 0xDD, 0x47, 0xDD, 0x22, 0x8B, 0x22, 0x8B, 0x22, 0x8B, 0x22, 0x8B, 0x20, 0x62, 0x20,
    0x62, 0x20, 0x62, 0x20, 0x62, 0x20, 0x62, 0x20, 0x62, 0x20, 0x62, 0x20, 0x62, 0x20, 0x62, 0x20, 0x62, 0x20, 0x62,
    0x20, 0x62, 0x20, 0x62, 0x20, 0x62, 0x20, 0x62, 0x20, 0x62, 0x20, 0x62, 0x20, 0x62, 0x20, 0x62, 0x20, 0x62, 0x20,
    0x62, 0x20, 0x62, 0x20, 0x62, 0x20, 0x62, 0x20, 0x62, 0x20, 0x62, 0x20, 0x62, 0x20, 0x62, 0x20, 0x62, 0x20, 0x62,
    0x20, 0x62, 0x20, 0x62, 0x20, 0x62, 0x20, 0x62, 0x20, 0x62, 0x20, 0x62, 0x20, 0x62, 0x20, 0x62, 0x20, 0x62, 0x20,
    0x62, 0x20, 0x62, 0x20, 0x62, 0x20, 0x62, 0x20, 0x62, 0x20, 0x62, 0x20, 0x62, 0x20, 0x62, 0x20, 0x62, 0x20, 0x62,
    0x20, 0x62, 0x20, 0x62, 0x20, 0x62, 0x20, 0x62, 0x20, 0x62, 0x20, 0x62, 0x20, 0x62, 0x20, 0x62, 0x20, 0x62, 0x20,
    0x62, 0x20, 0x62, 0x20, 0x62, 0x20, 0x62, 0x20, 0x62, 0x20, 0x62, 0x20, 0x62, 0x20, 0x62, 0x22, 0x8B, 0x22, 0x8B,
    0x22, 0x8B, 0x22, 0x8B, 0x47, 0xDD, 0x47, 0xDD, 0x47, 0xDD, 0x69, 0xFE, 0x69, 0xFE, 0x69, 0xFE, 0x69, 0xFE, 0x69,
    0xFE, 0x69, 0xFE, 0x69, 0xFE, 0x69, 0xFE, 0x69, 0xFE, 0x69, 0xFE, 0x69, 0xFE, 0x69, 0xFE, 0x69, 0xFE, 0x4B, 0xF6,
    0x4B, 0xF6, 0x4B, 0xF6, 0x4B, 0xF6, 0x9A, 0x75, 0x9A, 0x75, 0x9A, 0x75, 0x7D, 0x5D, 0x7D, 0x5D, 0x7D, 0x5D, 0x7D,
    0x5D, 0x7D, 0x5D, 0x7D, 0x5D, 0x7D, 0x5D, 0x7D, 0x5D, 0x7D, 0x5D, 0x7D, 0x5D, 0x7D, 0x5D, 0x7D, 0x5D, 0x7D, 0x5D,
    0x7D, 0x5D, 0x7D, 0x5D, 0x7D, 0x5D, 0x7D, 0x5D, 0x7D, 0x5D, 0x7D, 0x5D, 0x7D, 0x5D, 0x7D, 0x5D, 0x7D, 0x5D, 0x7D,
    0x5D, 0x7D, 0x5D, 0x7D, 0x5D, 0x7D, 0x5D, 0x7D, 0x5D, 0x7D, 0x5D, 0x7D, 0x5D, 0x7D, 0x5D, 0x7D, 0x5D, 0x7D, 0x5D,
    0x7D, 0x5D, 0x7D, 0x5D, 0x7D, 0x5D, 0x7D, 0x5D, 0x7D, 0x5D, 0x7D, 0x5D, 0x7D, 0x5D, 0x7D, 0x5D, 0x7D, 0x5D, 0x7D,
    0x5D, 0x7D, 0x5D, 0x7D, 0x5D, 0x7D, 0x5D, 0x7D, 0x5D, 0x7D, 0x5D, 0x89, 0x43, 0x89, 0x43, 0x89, 0x43, 0x89, 0x43,
    0x89, 0x43, 0x89, 0x43, 0x89, 0x43, 0x89, 0x43, 0x89, 0x43, 0x89, 0x43, 0x89, 0x43, 0x89, 0x43, 0x89, 0x43, 0x89,
    0x43, 0x89, 0x43, 0x89, 0x43, 0x89, 0x43, 0x89, 0x43, 0x89, 0x43, 0x89, 0x43, 0x89, 0x43, 0x89, 0x43, 0x89, 0x43,
    0x89, 0x43, 0x89, 0x43, 0x89, 0x43, 0x7D, 0x5D, 0x7D, 0x5D, 0x7D, 0x5D, 0x7D, 0x5D, 0x7D, 0x5D, 0x7D, 0x5D, 0x7D,
    0x5D, 0x7D, 0x5D, 0x7D, 0x5D, 0x7D, 0x5D, 0x7D, 0x5D, 0x7D, 0x5D, 0x7D, 0x5D, 0x7D, 0x5D, 0x7D, 0x5D, 0x7D, 0x5D,
    0x7D, 0x5D, 0x7D, 0x5D, 0x7D, 0x5D, 0x7D, 0x5D, 0x7D, 0x5D, 0x7D, 0x5D, 0x7D, 0x5D, 0x7D, 0x5D, 0x7D, 0x5D, 0x7D,
    0x5D, 0x7D, 0x5D, 0x7D, 0x5D, 0x7D, 0x5D, 0x7D, 0x5D, 0x7D, 0x5D, 0x7D, 0x5D, 0x7D, 0x5D, 0x7D, 0x5D, 0x7D, 0x5D,
    0x7D, 0x5D, 0x7D, 0x5D, 0x7D, 0x5D, 0x7D, 0x5D, 0x7D, 0x5D, 0x7D, 0x5D, 0x7D, 0x5D, 0x7D, 0x5D, 0x7D, 0x5D, 0x7D,
    0x5D, 0x7D, 0x5D, 0x7D, 0x5D, 0x9A, 0x75, 0x9A, 0x75, 0x9A, 0x75, 0x4B, 0xF6, 0x4B, 0xF6, 0x4B, 0xF6, 0x4B, 0xF6,
    0x69, 0xFE, 0x69, 0xFE, 0x69, 0xFE, 0x69, 0xFE, 0x69, 0xFE, 0x69, 0xFE, 0x69, 0xFE, 0x69, 0xFE, 0x69, 0xFE, 0x69,
    0xFE, 0x69, 0xFE, 0x69, 0xFE, 0x69, 0xFE, 0x47, 0xDD, 0x47, 0xDD, 0x47, 0xDD, 0x22, 0x8B, 0x22, 0x8B, 0x22, 0x8B,
    0x22, 0x8B, 0x20, 0x62, 0x20, 0x62, 0x20, 0x62, 0x20, 0x62, 0x20, 0x62, 0x20, 0x62, 0x20, 0x62, 0x20, 0x62, 0x20,
    0x62, 0x20, 0x62, 0x20, 0x62, 0x20, 0x62, 0x20, 0x62, 0x20, 0x62, 0x20, 0x62, 0x20, 0x62, 0x20, 0x62, 0x20, 0x62,
    0x20, 0x62, 0x20, 0x62, 0x20, 0x62, 0x20, 0x62, 0x20, 0x62, 0x20, 0x62, 0x20, 0x62, 0x20, 0x62, 0x20, 0x62, 0x20,
    0x62, 0x20, 0x62, 0x20, 0x62, 0x20, 0x62, 0x20, 0x62, 0x20, 0x62, 0x20, 0x62, 0x20, 0x62, 0x20, 0x62, 0x20, 0x62,
    0x20, 0x62, 0x20, 0x62, 0x20, 0x62, 0x20, 0x62, 0x20, 0x62, 0x20, 0x62, 0x20, 0x62, 0x20, 0x62, 0x20, 0x62, 0x20,
    0x62, 0x20, 0x62, 0x20, 0x62, 0x20, 0x62, 0x20, 0x62, 0x20, 0x62, 0x20, 0x62, 0x20, 0x62, 0x20, 0x62, 0x20, 0x62,
    0x20, 0x62, 0x20, 0x62, 0x20, 0x62, 0x20, 0x62, 0x20, 0x62, 0x20, 0x62, 0x20, 0x62, 0x20, 0x62, 0x20, 0x62, 0x20,
    0x62, 0x22, 0x8B, 0x22, 0x8B, 0x22, 0x8B, 0x22, 0x8B, 0x47, 0xDD, 0x47, 0xDD, 0x47, 0xDD, 0x69, 0xFE, 0x69, 0xFE,
    0x69, 0xFE, 0x69, 0xFE, 0x69, 0xFE, 0x69, 0xFE, 0x69, 0xFE, 0x69, 0xFE, 0x69, 0xFE, 0x69, 0xFE, 0x69, 0xFE, 0x69,
    0xFE, 0x69, 0xFE, 0x4B, 0xF6, 0x4B, 0xF6, 0x4B, 0xF6, 0x4B, 0xF6, 0x9A, 0x75, 0x9A, 0x75, 0x9A, 0x75, 0x7D, 0x5D,
    0x7D, 0x5D, 0x7D, 0x5D, 0x7D, 0x5D, 0x7D, 0x5D, 0x7D, 0x5D, 0x7D, 0x5D, 0x7D, 0x5D, 0x7D, 0x5D, 0x7D, 0x5D, 0x7D,
    0x5D, 0x7D, 0x5D, 0x7D, 0x5D, 0x7D, 0x5D, 0x7D, 0x5D, 0x7D, 0x5D, 0x7D, 0x5D, 0x7D, 0x5D, 0x7D, 0x5D, 0x7D, 0x5D,
    0x7D, 0x5D, 0x7D, 0x5D, 0x7D, 0x5D, 0x7D, 0x5D, 0x7D, 0x5D, 0x7D, 0x5D, 0x7D, 0x5D, 0x7D, 0x5D, 0x7D, 0x5D, 0x7D,
    0x5D, 0x7D, 0x5D, 0x7D, 0x5D, 0x7D, 0x5D, 0x7D, 0x5D, 0x7D, 0x5D, 0x7D, 0x5D, 0x7D, 0x5D, 0x7D, 0x5D, 0x7D, 0x5D,
    0x7D, 0x5D, 0x7D, 0x5D, 0x7D, 0x5D, 0x7D, 0x5D, 0x7D, 0x5D, 0x7D, 0x5D, 0x7D, 0x5D, 0x7D, 0x5D, 0x89, 0x43, 0x89,
    0x43, 0x89, 0x43, 0x89, 0x43, 0x89, 0x43, 0x89, 0x43, 0x89, 0x43, 0x89, 0x43, 0x89, 0x43, 0x89, 0x43, 0x89, 0x43,
    0x89, 0x43, 0x89, 0x43, 0x89, 0x43, 0x89, 0x43, 0x89, 0x43, 0x89, 0x43, 0x89, 0x43, 0x89, 0x43, 0x89, 0x43, 0x89,
    0x43, 0x89, 0x43, 0x89, 0x43, 0x89, 0x43, 0x89, 0x43, 0x89, 0x43, 0x7D, 0x5D, 0x7D, 0x5D, 0x7D, 0x5D, 0x7D, 0x5D,
    0x7D, 0x5D, 0x7D, 0x5D, 0x7D, 0x5D, 0x7D, 0x5D, 0x7D, 0x5D, 0x7D, 0x5D, 0x7D, 0x5D, 0x7D, 0x5D, 0x7D, 0x5D, 0x7D,
    0x5D, 0x7D, 0x5D, 0x7D, 0x5D, 0x7D, 0x5D, 0x7D, 0x5D, 0x7D, 0x5D, 0x7D, 0x5D, 0x7D, 0x5D, 0x7D, 0x5D, 0x7D, 0x5D,
    0x7D, 0x5D, 0x7D, 0x5D, 0x7D, 0x5D, 0x7D, 0x5D, 0x7D, 0x5D, 0x7D, 0x5D, 0x7D, 0x5D, 0x7D, 0x5D, 0x7D, 0x5D, 0x7D,
    0x5D, 0x7D, 0x5D, 0x7D, 0x5D, 0x7D, 0x5D, 0x7D, 0x5D, 0x7D, 0x5D, 0x7D, 0x5D, 0x7D, 0x5D, 0x7D, 0x5D, 0x7D, 0x5D,
    0x7D, 0x5D, 0x7D, 0x5D, 0x7D, 0x5D, 0x7D, 0x5D, 0x7D, 0x5D, 0x9A, 0x75, 0x9A, 0x75, 0x9A, 0x75, 0x4B, 0xF6, 0x4B,
    0xF6, 0x4B, 0xF6, 0x4B, 0xF6, 0x69, 0xFE, 0x69, 0xFE, 0x69, 0xFE, 0x69, 0xFE, 0x69, 0xFE, 0x69, 0xFE, 0x69, 0xFE,
    0x69, 0xFE, 0x69, 0xFE, 0x69, 0xFE, 0x69, 0xFE, 0x69, 0xFE, 0x69, 0xFE, 0x47, 0xDD, 0x47, 0xDD, 0x47, 0xDD, 0x22,
    0x8B, 0x22, 0x8B, 0x22, 0x8B, 0x22, 0x8B, 0x20, 0x62, 0x20, 0x62, 0x20, 0x62, 0x20, 0x62, 0x20, 0x62, 0x20, 0x62,
    0x20, 0x62, 0x20, 0x62, 0x20, 0x62, 0x20, 0x62, 0x20, 0x62, 0x20, 0x62, 0x20, 0x62, 0x20, 0x62, 0x20, 0x62, 0x20,
    0x62, 0x20, 0x62, 0x20, 0x62, 0x20, 0x62, 0x20, 0x62, 0x20, 0x62, 0x20, 0x62, 0x20, 0x62, 0x20, 0x62, 0x20, 0x62,
    0x20, 0x62, 0x20, 0x62, 0x20, 0x62, 0x20, 0x62, 0x20, 0x62, 0x20, 0x62, 0x20, 0x62, 0x20, 0x62, 0x20, 0x62, 0x20,
    0x62, 0x20, 0x62, 0x20, 0x62, 0x20, 0x62, 0x20, 0x62, 0x20, 0x62, 0x20, 0x62, 0x20, 0x62, 0x20, 0x62, 0x20, 0x62,
    0x20, 0x62, 0x20, 0x62, 0x20, 0x62, 0x20, 0x62, 0x20, 0x62, 0x20, 0x62, 0x20, 0x62, 0x20, 0x62, 0x20, 0x62, 0x20,
    0x62, 0x20, 0x62, 0x20, 0x62, 0x20, 0x62, 0x20, 0x62, 0x20, 0x62, 0x20, 0x62, 0x20, 0x62, 0x20, 0x62, 0x20, 0x62,
    0x20, 0x62, 0x20, 0x62, 0x20, 0x62, 0x22, 0x8B, 0x22, 0x8B, 0x22, 0x8B, 0x22, 0x8B, 0x47, 0xDD, 0x47, 0xDD, 0x47,
    0xDD, 0x69, 0xFE, 0x69, 0xFE, 0x69, 0xFE, 0x69, 0xFE, 0x69, 0xFE, 0x69, 0xFE, 0x69, 0xFE, 0x69, 0xFE, 0x69, 0xFE,
    0x69, 0xFE, 0x69, 0xFE, 0x69, 0xFE, 0x69, 0xFE, 0x4B, 0xF6, 0x4B, 0xF6, 0x4B, 0xF6, 0x4B, 0xF6, 0x9A, 0x75, 0x9A,
    0x75, 0x9A, 0x75, 0x7D, 0x5D, 0x7D, 0x5D, 0x7D, 0x5D, 0x7D, 0x5D, 0x7D, 0x5D, 0x7D, 0x5D, 0x7D, 0x5D, 0x7D, 0x5D,
    0x7D, 0x5D, 0x7D, 0x5D, 0x7D, 0x5D, 0x7D, 0x5D, 0x7D, 0x5D, 0x7D, 0x5D, 0x7D, 0x5D, 0x7D, 0x5D, 0x7D, 0x5D, 0x7D,
    0x5D, 0x7D, 0x5D, 0x7D, 0x5D, 0x7D, 0x5D, 0x7D, 0x5D, 0x7D, 0x5D, 0x7D, 0x5D, 0x7D, 0x5D, 0x7D, 0x5D, 0x7D, 0x5D,
    0x7D, 0x5D, 0x7D, 0x5D, 0x7D, 0x5D, 0x7D, 0x5D, 0x7D, 0x5D, 0x7D, 0x5D, 0x7D, 0x5D, 0x7D, 0x5D, 0x7D, 0x5D, 0x7D,
    0x5D, 0x7D, 0x5D, 0x7D, 0x5D, 0x7D, 0x5D, 0x7D, 0x5D, 0x7D, 0x5D, 0x7D, 0x5D, 0x7D, 0x5D, 0x7D, 0x5D, 0x7D, 0x5D,
    0x7D, 0x5D, 0x89, 0x43, 0x89, 0x43, 0x89, 0x43, 0x89, 0x43, 0x89, 0x43, 0x89, 0x43, 0x89, 0x43, 0x89, 0x43, 0x89,
    0x43, 0x89, 0x43, 0x89, 0x43, 0x89, 0x43, 0x89, 0x43, 0x89, 0x43, 0x89, 0x43, 0x89, 0x43, 0x89, 0x43, 0x89, 0x43,
    0x89, 0x43, 0x89, 0x43, 0x89, 0x43, 0x89, 0x43, 0x89, 0x43, 0x89, 0x43, 0x89, 0x43, 0x89, 0x43, 0x89, 0x43, 0x89,
    0x43, 0x89, 0x43, 0x89, 0x43, 0x89, 0x43, 0x89, 0x43, 0x89, 0x43, 0x7D, 0x5D, 0x7D, 0x5D, 0x7D, 0x5D, 0x7D, 0x5D,
    0x7D, 0x5D, 0x7D, 0x5D, 0x7D, 0x5D, 0x7D, 0x5D, 0x7D, 0x5D, 0x7D, 0x5D, 0x7D, 0x5D, 0x7D, 0x5D, 0x7D, 0x5D, 0x7D,
    0x5D, 0x7D, 0x5D, 0x7D, 0x5D, 0x7D, 0x5D, 0x7D, 0x5D, 0x7D, 0x5D, 0x7D, 0x5D, 0x7D, 0x5D, 0x7D, 0x5D, 0x7D, 0x5D,
    0x7D, 0x5D, 0x7D, 0x5D, 0x7D, 0x5D, 0x7D, 0x5D, 0x7D, 0x5D, 0x7D, 0x5D, 0x7D, 0x5D, 0x7D, 0x5D, 0x7D, 0x5D, 0x7D,
    0x5D, 0x7D, 0x5D, 0x7D, 0x5D, 0x7D, 0x5D, 0x7D, 0x5D, 0xD4, 0xA5, 0xD4, 0xA5, 0xD4, 0xA5, 0x69, 0xFE, 0x69, 0xFE,
    0x69, 0xFE, 0x69, 0xFE, 0x69, 0xFE, 0x69, 0xFE, 0x69, 0xFE, 0x69, 0xFE, 0x69, 0xFE, 0x69, 0xFE, 0x69, 0xFE, 0x69,
    0xFE, 0x69, 0xFE, 0x69, 0xFE, 0x69, 0xFE, 0x69, 0xFE, 0x69, 0xFE, 0x69, 0xFE, 0x69, 0xFE, 0x69, 0xFE, 0x69, 0xFE,
    0x69, 0xFE, 0x69, 0xFE, 0x69, 0xFE, 0x69, 0xFE, 0x69, 0xFE, 0x69, 0xFE, 0x87, 0xE5, 0x87, 0xE5, 0x87, 0xE5, 0xC3,
    0x9B, 0xC3, 0x9B, 0xC3, 0x9B, 0x60, 0x72, 0x60, 0x72, 0x60, 0x72, 0x60, 0x72, 0x20, 0x62, 0x20, 0x62, 0x20, 0x62,
    0x20, 0x62, 0x20, 0x62, 0x20, 0x62, 0x20, 0x62, 0x20, 0x62, 0x20, 0x62, 0x20, 0x62, 0x20, 0x62, 0x20, 0x62, 0x20,
    0x62, 0x20, 0x62, 0x20, 0x62, 0x20, 0x62, 0x20, 0x62, 0x20, 0x62, 0x20, 0x62, 0x20, 0x62, 0x20, 0x62, 0x20, 0x62,
    0x20, 0x62, 0x20, 0x62, 0x20, 0x62, 0x20, 0x62, 0x20, 0x62, 0x20, 0x62, 0x20, 0x62, 0x20, 0x62, 0x20, 0x62, 0x20,
    0x62, 0x20, 0x62, 0x20, 0x62, 0x20, 0x62, 0x20, 0x62, 0x20, 0x62, 0x20, 0x62, 0x20, 0x62, 0x20, 0x62, 0x20, 0x62,
    0x20, 0x62, 0x20, 0x62, 0x20, 0x62, 0x20, 0x62, 0x20, 0x62, 0x60, 0x72, 0x60, 0x72, 0x60, 0x72, 0x60, 0x72, 0xC3,
    0x9B, 0xC3, 0x9B, 0xC3, 0x9B, 0x87, 0xE5, 0x87, 0xE5, 0x87, 0xE5, 0x69, 0xFE, 0x69, 0xFE, 0x69, 0xFE, 0x69, 0xFE,
    0x69, 0xFE, 0x69, 0xFE, 0x69, 0xFE, 0x69, 0xFE, 0x69, 0xFE, 0x69, 0xFE, 0x69, 0xFE, 0x69, 0xFE, 0x69, 0xFE, 0x69,
    0xFE, 0x69, 0xFE, 0x69, 0xFE, 0x69, 0xFE, 0x69, 0xFE, 0x69, 0xFE, 0x69, 0xFE, 0x69, 0xFE, 0x69, 0xFE, 0x69, 0xFE,
    0x69, 0xFE, 0x4B, 0xF6, 0x4B, 0xF6, 0x4B, 0xF6, 0xD4, 0xA5, 0xD4, 0xA5, 0xD4, 0xA5, 0x7D, 0x5D, 0x7D, 0x5D, 0x7D,
    0x5D, 0x7D, 0x5D, 0x7D, 0x5D, 0x7D, 0x5D, 0x7D, 0x5D, 0x7D, 0x5D, 0x7D, 0x5D, 0x7D, 0x5D, 0x7D, 0x5D, 0x7D, 0x5D,
    0x7D, 0x5D, 0x7D, 0x5D, 0x7D, 0x5D, 0x7D, 0x5D, 0x7D, 0x5D, 0x7D, 0x5D, 0x7D, 0x5D, 0x7D, 0x5D, 0x7D, 0x5D, 0x7D,
    0x5D, 0x7D, 0x5D, 0x7D, 0x5D, 0x7D, 0x5D, 0x7D, 0x5D, 0x7D, 0x5D, 0x7D, 0x5D, 0x7D, 0x5D, 0x7D, 0x5D, 0x7D, 0x5D,
    0x7D, 0x5D, 0x7D, 0x5D, 0x7D, 0x5D, 0x7D, 0x5D, 0x7D, 0x5D, 0x7D, 0x5D, 0x89, 0x43, 0x89, 0x43, 0x89, 0x43, 0x89,
    0x43, 0x89, 0x43, 0x89, 0x43, 0x89, 0x43, 0x89, 0x43, 0x89, 0x43, 0x89, 0x43, 0x89, 0x43, 0x89, 0x43, 0x89, 0x43,
    0x89, 0x43, 0x89, 0x43, 0x89, 0x43, 0x89, 0x43, 0x89, 0x43, 0x89, 0x43, 0x89, 0x43, 0x89, 0x43, 0x89, 0x43, 0x89,
    0x43, 0x89, 0x43, 0x89, 0x43, 0x89, 0x43, 0x89, 0x43, 0x89, 0x43, 0x89, 0x43, 0x89, 0x43, 0x89, 0x43, 0x89, 0x43,
    0x89, 0x43, 0x89, 0x43, 0x89, 0x43, 0x89, 0x43, 0x89, 0x43, 0x89, 0x43, 0x89, 0x43, 0x89, 0x43, 0x7D, 0x5D, 0x7D,
    0x5D, 0x7D, 0x5D, 0x7D, 0x5D, 0x7D, 0x5D, 0x7D, 0x5D, 0x7D, 0x5D, 0x7D, 0x5D, 0x7D, 0x5D, 0x7D, 0x5D, 0x7D, 0x5D,
    0x7D, 0x5D, 0x7D, 0x5D, 0x7D, 0x5D, 0x7D, 0x5D, 0x7D, 0x5D, 0x7D, 0x5D, 0x7D, 0x5D, 0x7D, 0x5D, 0x7D, 0x5D, 0x7D,
    0x5D, 0x7D, 0x5D, 0x7D, 0x5D, 0x7D, 0x5D, 0x7D, 0x5D, 0x7D, 0x5D, 0x7D, 0x5D, 0x7D, 0x5D, 0x7D, 0x5D, 0x7D, 0x5D,
    0x7D, 0x5D, 0x7D, 0x5D, 0x7D, 0x5D, 0x7D, 0x5D, 0x7D, 0x5D, 0x7D, 0x5D, 0x7D, 0x5D, 0xD4, 0xA5, 0xD4, 0xA5, 0xD4,
    0xA5, 0x69, 0xFE, 0x69, 0xFE, 0x69, 0xFE, 0x69, 0xFE, 0x69, 0xFE, 0x69, 0xFE, 0x69, 0xFE, 0x69, 0xFE, 0x69, 0xFE,
    0x69, 0xFE, 0x69, 0xFE, 0x69, 0xFE, 0x69, 0xFE, 0x69, 0xFE, 0x69, 0xFE, 0x69, 0xFE, 0x69, 0xFE, 0x69, 0xFE, 0x69,
    0xFE, 0x69, 0xFE, 0x69, 0xFE, 0x69, 0xFE, 0x69, 0xFE, 0x69, 0xFE, 0x69, 0xFE, 0x69, 0xFE, 0x69, 0xFE, 0x87, 0xE5,
    0x87, 0xE5, 0x87, 0xE5, 0xC3, 0x9B, 0xC3, 0x9B, 0xC3, 0x9B, 0x60, 0x72, 0x60, 0x72, 0x60, 0x72, 0x60, 0x72, 0x20,
    0x62, 0x20, 0x62, 0x20, 0x62, 0x20, 0x62, 0x20, 0x62, 0x20, 0x62, 0x20, 0x62, 0x20, 0x62, 0x20, 0x62, 0x20, 0x62,
    0x20, 0x62, 0x20, 0x62, 0x20, 0x62, 0x20, 0x62, 0x20, 0x62, 0x20, 0x62, 0x20, 0x62, 0x20, 0x62, 0x20, 0x62, 0x20,
    0x62, 0x20, 0x62, 0x20, 0x62, 0x20, 0x62, 0x20, 0x62, 0x20, 0x62, 0x20, 0x62, 0x20, 0x62, 0x20, 0x62, 0x20, 0x62,
    0x20, 0x62, 0x20, 0x62, 0x20, 0x62, 0x20, 0x62, 0x20, 0x62, 0x20, 0x62, 0x20, 0x62, 0x20, 0x62, 0x20, 0x62, 0x20,
    0x62, 0x20, 0x62, 0x20, 0x62, 0x20, 0x62, 0x20, 0x62, 0x20, 0x62, 0x20, 0x62, 0x20, 0x62, 0x60, 0x72, 0x60, 0x72,
    0x60, 0x72, 0x60, 0x72, 0xC3, 0x9B, 0xC3, 0x9B, 0xC3, 0x9B, 0x87, 0xE5, 0x87, 0xE5, 0x87, 0xE5, 0x69, 0xFE, 0x69,
    0xFE, 0x69, 0xFE, 0x69, 0xFE, 0x69, 0xFE, 0x69, 0xFE, 0x69, 0xFE, 0x69, 0xFE, 0x69, 0xFE, 0x69, 0xFE, 0x69, 0xFE,
    0x69, 0xFE, 0x69, 0xFE, 0x69, 0xFE, 0x69, 0xFE, 0x69, 0xFE, 0x69, 0xFE, 0x69, 0xFE, 0x69, 0xFE, 0x69, 0xFE, 0x69,
    0xFE, 0x69, 0xFE, 0x69, 0xFE, 0x69, 0xFE, 0x4B, 0xF6, 0x4B, 0xF6, 0x4B, 0xF6, 0xD4, 0xA5, 0xD4, 0xA5, 0xD4, 0xA5,
    0x7D, 0x5D, 0x7D, 0x5D, 0x7D, 0x5D, 0x7D, 0x5D, 0x7D, 0x5D, 0x7D, 0x5D, 0x7D, 0x5D, 0x7D, 0x5D, 0x7D, 0x5D, 0x7D,
    0x5D, 0x7D, 0x5D, 0x7D, 0x5D, 0x7D, 0x5D, 0x7D, 0x5D, 0x7D, 0x5D, 0x7D, 0x5D, 0x7D, 0x5D, 0x7D, 0x5D, 0x7D, 0x5D,
    0x7D, 0x5D, 0x7D, 0x5D, 0x7D, 0x5D, 0x7D, 0x5D, 0x7D, 0x5D, 0x7D, 0x5D, 0x7D, 0x5D, 0x7D, 0x5D, 0x7D, 0x5D, 0x7D,
    0x5D, 0x7D, 0x5D, 0x7D, 0x5D, 0x7D, 0x5D, 0x7D, 0x5D, 0x7D, 0x5D, 0x7D, 0x5D, 0x7D, 0x5D, 0x7D, 0x5D, 0x89, 0x43,
    0x89, 0x43, 0x89, 0x43, 0x89, 0x43, 0x89, 0x43, 0x89, 0x43, 0x89, 0x43, 0x89, 0x43, 0x89, 0x43, 0x89, 0x43, 0x89,
    0x43, 0x89, 0x43, 0x89, 0x43, 0x89, 0x43, 0x89, 0x43, 0x89, 0x43, 0x89, 0x43, 0x89, 0x43, 0x89, 0x43, 0x89, 0x43,
    0x89, 0x43, 0x89, 0x43, 0x89, 0x43, 0x89, 0x43, 0x89, 0x43, 0x89, 0x43, 0x89, 0x43, 0x89, 0x43, 0x89, 0x43, 0x89,
    0x43, 0x89, 0x43, 0x89, 0x43, 0x89, 0x43, 0x89, 0x43, 0x89, 0x43, 0x89, 0x43, 0x89, 0x43, 0x89, 0x43, 0x89, 0x43,
    0x89, 0x43, 0x7D, 0x5D, 0x7D, 0x5D, 0x7D, 0x5D, 0x7D, 0x5D, 0x7D, 0x5D, 0x7D, 0x5D, 0x7D, 0x5D, 0x7D, 0x5D, 0x7D,
    0x5D, 0x7D, 0x5D, 0x7D, 0x5D, 0x7D, 0x5D, 0x7D, 0x5D, 0x7D, 0x5D, 0x7D, 0x5D, 0x7D, 0x5D, 0x7D, 0x5D, 0x7D, 0x5D,
    0x7D, 0x5D, 0x7D, 0x5D, 0x7D, 0x5D, 0x7D, 0x5D, 0x7D, 0x5D, 0x7D, 0x5D, 0x7D, 0x5D, 0x7D, 0x5D, 0x7D, 0x5D, 0x7D,
    0x5D, 0x7D, 0x5D, 0x7D, 0x5D, 0x7D, 0x5D, 0x7D, 0x5D, 0x7D, 0x5D, 0x7D, 0x5D, 0x7D, 0x5D, 0x7D, 0x5D, 0x7D, 0x5D,
    0xD4, 0xA5, 0xD4, 0xA5, 0xD4, 0xA5, 0x69, 0xFE, 0x69, 0xFE, 0x69, 0xFE, 0x69, 0xFE, 0x69, 0xFE, 0x69, 0xFE, 0x69,
    0xFE, 0x69, 0xFE, 0x69, 0xFE, 0x69, 0xFE, 0x69, 0xFE, 0x69, 0xFE, 0x69, 0xFE, 0x69, 0xFE, 0x69, 0xFE, 0x69, 0xFE,
    0x69, 0xFE, 0x69, 0xFE, 0x69, 0xFE, 0x69, 0xFE, 0x69, 0xFE, 0x69, 0xFE, 0x69, 0xFE, 0x69, 0xFE, 0x69, 0xFE, 0x69,
    0xFE, 0x69, 0xFE, 0x87, 0xE5, 0x87, 0xE5, 0x87, 0xE5, 0xC3, 0x9B, 0xC3, 0x9B, 0xC3, 0x9B, 0x60, 0x72, 0x60, 0x72,
    0x60, 0x72, 0x60, 0x72, 0x20, 0x62, 0x20, 0x62, 0x20, 0x62, 0x20, 0x62, 0x20, 0x62, 0x20, 0x62, 0x20, 0x62, 0x20,
    0x62, 0x20, 0x62, 0x20, 0x62, 0x20, 0x62, 0x20, 0x62, 0x20, 0x62, 0x20, 0x62, 0x20, 0x62, 0x20, 0x62, 0x20, 0x62,
    0x20, 0x62, 0x20, 0x62, 0x20, 0x62, 0x20, 0x62, 0x20, 0x62, 0x20, 0x62, 0x20, 0x62, 0x20, 0x62, 0x20, 0x62, 0x20,
    0x62, 0x20, 0x62, 0x20, 0x62, 0x20, 0x62, 0x20, 0x62, 0x20, 0x62, 0x20, 0x62, 0x20, 0x62, 0x20, 0x62, 0x20, 0x62,
    0x20, 0x62, 0x20, 0x62, 0x20, 0x62, 0x20, 0x62, 0x20, 0x62, 0x20, 0x62, 0x20, 0x62, 0x20, 0x62, 0x20, 0x62, 0x20,
    0x62, 0x60, 0x72, 0x60, 0x72, 0x60, 0x72, 0x60, 0x72, 0xC3, 0x9B, 0xC3, 0x9B, 0xC3, 0x9B, 0x87, 0xE5, 0x87, 0xE5,
    0x87, 0xE5, 0x69, 0xFE, 0x69, 0xFE, 0x69, 0xFE, 0x69, 0xFE, 0x69, 0xFE, 0x69, 0xFE, 0x69, 0xFE, 0x69, 0xFE, 0x69,
    0xFE, 0x69, 0xFE, 0x69, 0xFE, 0x69, 0xFE, 0x69, 0xFE, 0x69, 0xFE, 0x69, 0xFE, 0x69, 0xFE, 0x69, 0xFE, 0x69, 0xFE,
    0x69, 0xFE, 0x69, 0xFE, 0x69, 0xFE, 0x69, 0xFE, 0x69, 0xFE, 0x69, 0xFE, 0x4B, 0xF6, 0x4B, 0xF6, 0x4B, 0xF6, 0xD4,
    0xA5, 0xD4, 0xA5, 0xD4, 0xA5, 0x7D, 0x5D, 0x7D, 0x5D, 0x7D, 0x5D, 0x7D, 0x5D, 0x7D, 0x5D, 0x7D, 0x5D, 0x7D, 0x5D,
    0x7D, 0x5D, 0x7D, 0x5D, 0x7D, 0x5D, 0x7D, 0x5D, 0x7D, 0x5D, 0x7D, 0x5D, 0x7D, 0x5D, 0x7D, 0x5D, 0x7D, 0x5D, 0x7D,
    0x5D, 0x7D, 0x5D, 0x7D, 0x5D, 0x7D, 0x5D, 0x7D, 0x5D, 0x7D, 0x5D, 0x7D, 0x5D, 0x7D, 0x5D, 0x7D, 0x5D, 0x7D, 0x5D,
    0x7D, 0x5D, 0x7D, 0x5D, 0x7D, 0x5D, 0x7D, 0x5D, 0x7D, 0x5D, 0x7D, 0x5D, 0x7D, 0x5D, 0x7D, 0x5D, 0x7D, 0x5D, 0x7D,
    0x5D, 0x7D, 0x5D, 0x89, 0x43, 0x89, 0x43, 0x89, 0x43, 0x89, 0x43, 0x89, 0x43, 0x89, 0x43, 0x89, 0x43, 0x89, 0x43,
    0x89, 0x43, 0x89, 0x43, 0x89, 0x43, 0x89, 0x43, 0x89, 0x43, 0x89, 0x43, 0x89, 0x43, 0x89, 0x43, 0x89, 0x43, 0x89,
    0x43, 0x89, 0x43, 0x89, 0x43, 0x89, 0x43, 0x89, 0x43, 0x89, 0x43, 0x89, 0x43, 0x89, 0x43, 0x89, 0x43, 0x89, 0x43,
    0x89, 0x43, 0x89, 0x43, 0x89, 0x43, 0x89, 0x43, 0x89, 0x43, 0x89, 0x43, 0x89, 0x43, 0x89, 0x43, 0x89, 0x43, 0x89,
    0x43, 0x89, 0x43, 0x89, 0x43, 0x89, 0x43, 0x89, 0x43, 0x89, 0x43, 0x89, 0x43, 0x7D, 0x5D, 0x7D, 0x5D, 0x7D, 0x5D,
    0x7D, 0x5D, 0x7D, 0x5D, 0x7D, 0x5D, 0x7D, 0x5D, 0x7D, 0x5D, 0x7D, 0x5D, 0x7D, 0x5D, 0x7D, 0x5D, 0x7D, 0x5D, 0x7D,
    0x5D, 0x7D, 0x5D, 0x7D, 0x5D, 0x7D, 0x5D, 0x7D, 0x5D, 0x7D, 0x5D, 0x7D, 0x5D, 0x7D, 0x5D, 0x7D, 0x5D, 0x7D, 0x5D,
    0x7D, 0x5D, 0x7D, 0x5D, 0x9A, 0x75, 0x9A, 0x75, 0x9A, 0x75, 0xD4, 0xA5, 0xD4, 0xA5, 0xD4, 0xA5, 0x4B, 0xF6, 0x4B,
    0xF6, 0x4B, 0xF6, 0x4B, 0xF6, 0x69, 0xFE, 0x69, 0xFE, 0x69, 0xFE, 0x69, 0xFE, 0x69, 0xFE, 0x69, 0xFE, 0x69, 0xFE,
    0x69, 0xFE, 0x69, 0xFE, 0x69, 0xFE, 0x69, 0xFE, 0x69, 0xFE, 0x69, 0xFE, 0x69, 0xFE, 0x69, 0xFE, 0x69, 0xFE, 0x69,
    0xFE, 0x69, 0xFE, 0x69, 0xFE, 0x69, 0xFE, 0x69, 0xFE, 0x69, 0xFE, 0x69, 0xFE, 0x69, 0xFE, 0x69, 0xFE, 0x69, 0xFE,
    0x69, 0xFE, 0x69, 0xFE, 0x69, 0xFE, 0x69, 0xFE, 0x69, 0xFE, 0x69, 0xFE, 0x69, 0xFE, 0x69, 0xFE, 0x69, 0xFE, 0x69,
    0xFE, 0x69, 0xFE, 0x69, 0xFE, 0x69, 0xFE, 0x69, 0xFE, 0x47, 0xDD, 0x47, 0xDD, 0x47, 0xDD, 0x45, 0xB4, 0x45, 0xB4,
    0x45, 0xB4, 0x22, 0x8B, 0x22, 0x8B, 0x22, 0x8B, 0x22, 0x8B, 0xA1, 0x7A, 0xA1, 0x7A, 0xA1, 0x7A, 0x20, 0x62, 0x20,
    0x62, 0x20, 0x62, 0x20, 0x62, 0x20, 0x62, 0x20, 0x62, 0x20, 0x62, 0x20, 0x62, 0x20, 0x62, 0x20, 0x62, 0x20, 0x62,
    0x20, 0x62, 0x20, 0x62, 0x20, 0x62, 0x20, 0x62, 0x20, 0x62, 0x20, 0x62, 0x20, 0x62, 0x20, 0x62, 0x20, 0x62, 0xA1,
    0x7A, 0xA1, 0x7A, 0xA1, 0x7A, 0x22, 0x8B, 0x22, 0x8B, 0x22, 0x8B, 0x22, 0x8B, 0x45, 0xB4, 0x45, 0xB4, 0x45, 0xB4,
    0x47, 0xDD, 0x47, 0xDD, 0x47, 0xDD, 0x69, 0xFE, 0x69, 0xFE, 0x69, 0xFE, 0x69, 0xFE, 0x69, 0xFE, 0x69, 0xFE, 0x69,
    0xFE, 0x69, 0xFE, 0x69, 0xFE, 0x69, 0xFE, 0x69, 0xFE, 0x69, 0xFE, 0x69, 0xFE, 0x69, 0xFE, 0x69, 0xFE, 0x69, 0xFE,
    0x69, 0xFE, 0x69, 0xFE, 0x69, 0xFE, 0x69, 0xFE, 0x69, 0xFE, 0x69, 0xFE, 0x69, 0xFE, 0x69, 0xFE, 0x69, 0xFE, 0x69,
    0xFE, 0x69, 0xFE, 0x69, 0xFE, 0x69, 0xFE, 0x69, 0xFE, 0x69, 0xFE, 0x69, 0xFE, 0x69, 0xFE, 0x69, 0xFE, 0x69, 0xFE,
    0x69, 0xFE, 0x69, 0xFE, 0x69, 0xFE, 0x69, 0xFE, 0x69, 0xFE, 0x4B, 0xF6, 0x4B, 0xF6, 0x4B, 0xF6, 0x4B, 0xF6, 0xD4,
    0xA5, 0xD4, 0xA5, 0xD4, 0xA5, 0x9A, 0x75, 0x9A, 0x75, 0x9A, 0x75, 0x7D, 0x5D, 0x7D, 0x5D, 0x7D, 0x5D, 0x7D, 0x5D,
    0x7D, 0x5D, 0x7D, 0x5D, 0x7D, 0x5D, 0x7D, 0x5D, 0x7D, 0x5D, 0x7D, 0x5D, 0x7D, 0x5D, 0x7D, 0x5D, 0x7D, 0x5D, 0x7D,
    0x5D, 0x7D, 0x5D, 0x7D, 0x5D, 0x7D, 0x5D, 0x7D, 0x5D, 0x7D, 0x5D, 0x7D, 0x5D, 0x7D, 0x5D, 0x7D, 0x5D, 0x7D, 0x5D,
    0x7D, 0x5D, 0x89, 0x43, 0x89, 0x43, 0x89, 0x43, 0x89, 0x43, 0x89, 0x43, 0x89, 0x43, 0x89, 0x43, 0x89, 0x43, 0x89,
    0x43, 0x89, 0x43, 0x89, 0x43, 0x89, 0x43, 0x89, 0x43, 0x89, 0x43, 0x89, 0x43, 0x89, 0x43, 0x89, 0x43, 0x89, 0x43,
    0x89, 0x43, 0x89, 0x43, 0x89, 0x43, 0x89, 0x43, 0x89, 0x43, 0x89, 0x43, 0x89, 0x43, 0x89, 0x43, 0x89, 0x43, 0x89,
    0x43, 0x89, 0x43, 0x89, 0x43, 0x89, 0x43, 0x89, 0x43, 0x89, 0x43, 0x89, 0x43, 0x89, 0x43, 0x89, 0x43, 0x89, 0x43,
    0x89, 0x43, 0x89, 0x43, 0x89, 0x43, 0x89, 0x43, 0x89, 0x43, 0x89, 0x43, 0x89, 0x43, 0x89, 0x43, 0x89, 0x43, 0x7D,
    0x5D, 0x7D, 0x5D, 0x7D, 0x5D, 0x7D, 0x5D, 0x7D, 0x5D, 0x7D, 0x5D, 0x7D, 0x5D, 0x7D, 0x5D, 0x7D, 0x5D, 0x7D, 0x5D,
    0x7D, 0x5D, 0x7D, 0x5D, 0x7D, 0x5D, 0x7D, 0x5D, 0x7D, 0x5D, 0x7D, 0x5D, 0x7D, 0x5D, 0x7D, 0x5D, 0x7D, 0x5D, 0x7D,
    0x5D, 0x7D, 0x5D, 0x7D, 0x5D, 0x7D, 0x5D, 0x7D, 0x5D, 0x9A, 0x75, 0x9A, 0x75, 0x9A, 0x75, 0xD4, 0xA5, 0xD4, 0xA5,
    0xD4, 0xA5, 0x4B, 0xF6, 0x4B, 0xF6, 0x4B, 0xF6, 0x4B, 0xF6, 0x69, 0xFE, 0x69, 0xFE, 0x69, 0xFE, 0x69, 0xFE, 0x69,
    0xFE, 0x69, 0xFE, 0x69, 0xFE, 0x69, 0xFE, 0x69, 0xFE, 0x69, 0xFE, 0x69, 0xFE, 0x69, 0xFE, 0x69, 0xFE, 0x69, 0xFE,
    0x69, 0xFE, 0x69, 0xFE, 0x69, 0xFE, 0x69, 0xFE, 0x69, 0xFE, 0x69, 0xFE, 0x69, 0xFE, 0x69, 0xFE, 0x69, 0xFE, 0x69,
    0xFE, 0x69, 0xFE, 0x69, 0xFE, 0x69, 0xFE, 0x69, 0xFE, 0x69, 0xFE, 0x69, 0xFE, 0x69, 0xFE, 0x69, 0xFE, 0x69, 0xFE,
    0x69, 0xFE, 0x69, 0xFE, 0x69, 0xFE, 0x69, 0xFE, 0x69, 0xFE, 0x69, 0xFE, 0x69, 0xFE, 0x47, 0xDD, 0x47, 0xDD, 0x47,
    0xDD, 0x45, 0xB4, 0x45, 0xB4, 0x45, 0xB4, 0x22, 0x8B, 0x22, 0x8B, 0x22, 0x8B, 0x22, 0x8B, 0xA1, 0x7A, 0xA1, 0x7A,
    0xA1, 0x7A, 0x20, 0x62, 0x20, 0x62, 0x20, 0x62, 0x20, 0x62, 0x20, 0x62, 0x20, 0x62, 0x20, 0x62, 0x20, 0x62, 0x20,
    0x62, 0x20, 0x62, 0x20, 0x62, 0x20, 0x62, 0x20, 0x62, 0x20, 0x62, 0x20, 0x62, 0x20, 0x62, 0x20, 0x62, 0x20, 0x62,
    0x20, 0x62, 0x20, 0x62, 0xA1, 0x7A, 0xA1, 0x7A, 0xA1, 0x7A, 0x22, 0x8B, 0x22, 0x8B, 0x22, 0x8B, 0x22, 0x8B, 0x45,
    0xB4, 0x45, 0xB4, 0x45, 0xB4, 0x47, 0xDD, 0x47, 0xDD, 0x47, 0xDD, 0x69, 0xFE, 0x69, 0xFE, 0x69, 0xFE, 0x69, 0xFE,
    0x69, 0xFE, 0x69, 0xFE, 0x69, 0xFE, 0x69, 0xFE, 0x69, 0xFE, 0x69, 0xFE, 0x69, 0xFE, 0x69, 0xFE, 0x69, 0xFE, 0x69,
    0xFE, 0x69, 0xFE, 0x69, 0xFE, 0x69, 0xFE, 0x69, 0xFE, 0x69, 0xFE, 0x69, 0xFE, 0x69, 0xFE, 0x69, 0xFE, 0x69, 0xFE,
    0x69, 0xFE, 0x69, 0xFE, 0x69, 0xFE, 0x69, 0xFE, 0x69, 0xFE, 0x69, 0xFE, 0x69, 0xFE, 0x69, 0xFE, 0x69, 0xFE, 0x69,
    0xFE, 0x69, 0xFE, 0x69, 0xFE, 0x69, 0xFE, 0x69, 0xFE, 0x69, 0xFE, 0x69, 0xFE, 0x69, 0xFE, 0x4B, 0xF6, 0x4B, 0xF6,
    0x4B, 0xF6, 0x4B, 0xF6, 0xD4, 0xA5, 0xD4, 0xA5, 0xD4, 0xA5, 0x9A, 0x75, 0x9A, 0x75, 0x9A, 0x75, 0x7D, 0x5D, 0x7D,
    0x5D, 0x7D, 0x5D, 0x7D, 0x5D, 0x7D, 0x5D, 0x7D, 0x5D, 0x7D, 0x5D, 0x7D, 0x5D, 0x7D, 0x5D, 0x7D, 0x5D, 0x7D, 0x5D,
    0x7D, 0x5D, 0x7D, 0x5D, 0x7D, 0x5D, 0x7D, 0x5D, 0x7D, 0x5D, 0x7D, 0x5D, 0x7D, 0x5D, 0x7D, 0x5D, 0x7D, 0x5D, 0x7D,
    0x5D, 0x7D, 0x5D, 0x7D, 0x5D, 0x7D, 0x5D, 0x89, 0x43, 0x89, 0x43, 0x89, 0x43, 0x89, 0x43, 0x89, 0x43, 0x89, 0x43,
    0x89, 0x43, 0x89, 0x43, 0x89, 0x43, 0x89, 0x43, 0x89, 0x43, 0x89, 0x43, 0x89, 0x43, 0x89, 0x43, 0x89, 0x43, 0x89,
    0x43, 0x89, 0x43, 0x89, 0x43, 0x89, 0x43, 0x89, 0x43, 0x89, 0x43, 0x89, 0x43, 0x89, 0x43, 0x89, 0x43, 0x89, 0x43,
    0x89, 0x43, 0x89, 0x43, 0x89, 0x43, 0x89, 0x43, 0x89, 0x43, 0x89, 0x43, 0x89, 0x43, 0x89, 0x43, 0x89, 0x43, 0x89,
    0x43, 0x89, 0x43, 0x89, 0x43, 0x89, 0x43, 0x89, 0x43, 0x89, 0x43, 0x89, 0x43, 0x89, 0x43, 0x89, 0x43, 0x89, 0x43,
    0x89, 0x43, 0x89, 0x43, 0x7D, 0x5D, 0x7D, 0x5D, 0x7D, 0x5D, 0x7D, 0x5D, 0x7D, 0x5D, 0x7D, 0x5D, 0x7D, 0x5D, 0x7D,
    0x5D, 0x7D, 0x5D, 0x7D, 0x5D, 0x7D, 0x5D, 0x7D, 0x5D, 0x7D, 0x5D, 0x7D, 0x5D, 0x7D, 0x5D, 0x7D, 0x5D, 0x7D, 0x5D,
    0x7D, 0x5D, 0x7D, 0x5D, 0x7D, 0x5D, 0x7D, 0x5D, 0x7D, 0x5D, 0x7D, 0x5D, 0x7D, 0x5D, 0x9A, 0x75, 0x9A, 0x75, 0x9A,
    0x75, 0xD4, 0xA5, 0xD4, 0xA5, 0xD4, 0xA5, 0x4B, 0xF6, 0x4B, 0xF6, 0x4B, 0xF6, 0x4B, 0xF6, 0x69, 0xFE, 0x69, 0xFE,
    0x69, 0xFE, 0x69, 0xFE, 0x69, 0xFE, 0x69, 0xFE, 0x69, 0xFE, 0x69, 0xFE, 0x69, 0xFE, 0x69, 0xFE, 0x69, 0xFE, 0x69,
    0xFE, 0x69, 0xFE, 0x69, 0xFE, 0x69, 0xFE, 0x69, 0xFE, 0x69, 0xFE, 0x69, 0xFE, 0x69, 0xFE, 0x69, 0xFE, 0x69, 0xFE,
    0x69, 0xFE, 0x69, 0xFE, 0x69, 0xFE, 0x69, 0xFE, 0x69, 0xFE, 0x69, 0xFE, 0x69, 0xFE, 0x69, 0xFE, 0x69, 0xFE, 0x69,
    0xFE, 0x69, 0xFE, 0x69, 0xFE, 0x69, 0xFE, 0x69, 0xFE, 0x69, 0xFE, 0x69, 0xFE, 0x69, 0xFE, 0x69, 0xFE, 0x69, 0xFE,
    0x47, 0xDD, 0x47, 0xDD, 0x47, 0xDD, 0x45, 0xB4, 0x45, 0xB4, 0x45, 0xB4, 0x22, 0x8B, 0x22, 0x8B, 0x22, 0x8B, 0x22,
    0x8B, 0xA1, 0x7A, 0xA1, 0x7A, 0xA1, 0x7A, 0x20, 0x62, 0x20, 0x62, 0x20, 0x62, 0x20, 0x62, 0x20, 0x62, 0x20, 0x62,
    0x20, 0x62, 0x20, 0x62, 0x20, 0x62, 0x20, 0x62, 0x20, 0x62, 0x20, 0x62, 0x20, 0x62, 0x20, 0x62, 0x20, 0x62, 0x20,
    0x62, 0x20, 0x62, 0x20, 0x62, 0x20, 0x62, 0x20, 0x62, 0xA1, 0x7A, 0xA1, 0x7A, 0xA1, 0x7A, 0x22, 0x8B, 0x22, 0x8B,
    0x22, 0x8B, 0x22, 0x8B, 0x45, 0xB4, 0x45, 0xB4, 0x45, 0xB4, 0x47, 0xDD, 0x47, 0xDD, 0x47, 0xDD, 0x69, 0xFE, 0x69,
    0xFE, 0x69, 0xFE, 0x69, 0xFE, 0x69, 0xFE, 0x69, 0xFE, 0x69, 0xFE, 0x69, 0xFE, 0x69, 0xFE, 0x69, 0xFE, 0x69, 0xFE,
    0x69, 0xFE, 0x69, 0xFE, 0x69, 0xFE, 0x69, 0xFE, 0x69, 0xFE, 0x69, 0xFE, 0x69, 0xFE, 0x69, 0xFE, 0x69, 0xFE, 0x69,
    0xFE, 0x69, 0xFE, 0x69, 0xFE, 0x69, 0xFE, 0x69, 0xFE, 0x69, 0xFE, 0x69, 0xFE, 0x69, 0xFE, 0x69, 0xFE, 0x69, 0xFE,
    0x69, 0xFE, 0x69, 0xFE, 0x69, 0xFE, 0x69, 0xFE, 0x69, 0xFE, 0x69, 0xFE, 0x69, 0xFE, 0x69, 0xFE, 0x69, 0xFE, 0x69,
    0xFE, 0x4B, 0xF6, 0x4B, 0xF6, 0x4B, 0xF6, 0x4B, 0xF6, 0xD4, 0xA5, 0xD4, 0xA5, 0xD4, 0xA5, 0x9A, 0x75, 0x9A, 0x75,
    0x9A, 0x75, 0x7D, 0x5D, 0x7D, 0x5D, 0x7D, 0x5D, 0x7D, 0x5D, 0x7D, 0x5D, 0x7D, 0x5D, 0x7D, 0x5D, 0x7D, 0x5D, 0x7D,
    0x5D, 0x7D, 0x5D, 0x7D, 0x5D, 0x7D, 0x5D, 0x7D, 0x5D, 0x7D, 0x5D, 0x7D, 0x5D, 0x7D, 0x5D, 0x7D, 0x5D, 0x7D, 0x5D,
    0x7D, 0x5D, 0x7D, 0x5D, 0x7D, 0x5D, 0x7D, 0x5D, 0x7D, 0x5D, 0x7D, 0x5D, 0x89, 0x43, 0x89, 0x43, 0x89, 0x43, 0x89,
    0x43, 0x89, 0x43, 0x89, 0x43, 0x89, 0x43, 0x89, 0x43, 0x89, 0x43, 0x89, 0x43, 0x89, 0x43, 0x89, 0x43, 0x89, 0x43,
    0x89, 0x43, 0x89, 0x43, 0x89, 0x43, 0x89, 0x43, 0x89, 0x43, 0x89, 0x43, 0x89, 0x43, 0x89, 0x43, 0x89, 0x43, 0x89,
    0x43, 0x89, 0x43, 0x89, 0x43, 0x89, 0x43, 0x89, 0x43, 0x89, 0x43, 0x89, 0x43, 0x89, 0x43, 0x89, 0x43, 0x89, 0x43,
    0x89, 0x43, 0x89, 0x43, 0x89, 0x43, 0x89, 0x43, 0x89, 0x43, 0x89, 0x43, 0x89, 0x43, 0x89, 0x43, 0x89, 0x43, 0x89,
    0x43, 0x89, 0x43, 0x89, 0x43, 0x89, 0x43, 0x89, 0x43, 0x89, 0x43, 0x89, 0x43, 0x89, 0x43, 0x89, 0x43, 0x89, 0x43,
    0x89, 0x43, 0x89, 0x43, 0x89, 0x43, 0x89, 0x43, 0x89, 0x43, 0x89, 0x43, 0x89, 0x43, 0x89, 0x43, 0x89, 0x43, 0x89,
    0x43, 0x89, 0x43, 0x89, 0x43, 0x89, 0x43, 0x89, 0x43, 0x89, 0x43, 0x69, 0xFE, 0x69, 0xFE, 0x69, 0xFE, 0x69, 0xFE,
    0x69, 0xFE, 0x69, 0xFE, 0x69, 0xFE, 0x69, 0xFE, 0x69, 0xFE, 0x69, 0xFE, 0x69, 0xFE, 0x69, 0xFE, 0x69, 0xFE, 0x69,
    0xFE, 0x69, 0xFE, 0x69, 0xFE, 0x69, 0xFE, 0x69, 0xFE, 0x69, 0xFE, 0x69, 0xFE, 0x69, 0xFE, 0x69, 0xFE, 0x69, 0xFE,
    0x69, 0xFE, 0x69, 0xFE, 0x69, 0xFE, 0x69, 0xFE, 0x69, 0xFE, 0x69, 0xFE, 0x69, 0xFE, 0x69, 0xFE, 0x69, 0xFE, 0x69,
    0xFE, 0x69, 0xFE, 0x69, 0xFE, 0x69, 0xFE, 0x69, 0xFE, 0x69, 0xFE, 0x69, 0xFE, 0x69, 0xFE, 0x69, 0xFE, 0x69, 0xFE,
    0x69, 0xFE, 0x69, 0xFE, 0x69, 0xFE, 0x69, 0xFE, 0x69, 0xFE, 0x69, 0xFE, 0x69, 0xFE, 0x69, 0xFE, 0x69, 0xFE, 0x69,
    0xFE, 0x69, 0xFE, 0x69, 0xFE, 0x69, 0xFE, 0x69, 0xFE, 0x69, 0xFE, 0x69, 0xFE, 0x69, 0xFE, 0x69, 0xFE, 0x69, 0xFE,
    0x69, 0xFE, 0x69, 0xFE, 0x69, 0xFE, 0x69, 0xFE, 0x69, 0xFE, 0x69, 0xFE, 0x69, 0xFE, 0x69, 0xFE, 0x69, 0xFE, 0x69,
    0xFE, 0x69, 0xFE, 0x69, 0xFE, 0x69, 0xFE, 0x69, 0xFE, 0x69, 0xFE, 0x69, 0xFE, 0x69, 0xFE, 0x69, 0xFE, 0x69, 0xFE,
    0x69, 0xFE, 0x69, 0xFE, 0x69, 0xFE, 0x69, 0xFE, 0x69, 0xFE, 0x69, 0xFE, 0x69, 0xFE, 0x69, 0xFE, 0x69, 0xFE, 0x69,
    0xFE, 0x69, 0xFE, 0x69, 0xFE, 0x69, 0xFE, 0x69, 0xFE, 0x69, 0xFE, 0x69, 0xFE, 0x69, 0xFE, 0x69, 0xFE, 0x69, 0xFE,
    0x69, 0xFE, 0x69, 0xFE, 0x69, 0xFE, 0x69, 0xFE, 0x69, 0xFE, 0x69, 0xFE, 0x69, 0xFE, 0x69, 0xFE, 0x69, 0xFE, 0x69,
    0xFE, 0x69, 0xFE, 0x69, 0xFE, 0x69, 0xFE, 0x69, 0xFE, 0x69, 0xFE, 0x69, 0xFE, 0x69, 0xFE, 0x69, 0xFE, 0x69, 0xFE,
    0x69, 0xFE, 0x69, 0xFE, 0x69, 0xFE, 0x69, 0xFE, 0x69, 0xFE, 0x69, 0xFE, 0x69, 0xFE, 0x69, 0xFE, 0x69, 0xFE, 0x69,
    0xFE, 0x69, 0xFE, 0x69, 0xFE, 0x69, 0xFE, 0x69, 0xFE, 0x69, 0xFE, 0x69, 0xFE, 0x69, 0xFE, 0x69, 0xFE, 0x69, 0xFE,
    0x69, 0xFE, 0x69, 0xFE, 0x69, 0xFE, 0x69, 0xFE, 0x69, 0xFE, 0x69, 0xFE, 0x69, 0xFE, 0x69, 0xFE, 0x69, 0xFE, 0x69,
    0xFE, 0x69, 0xFE, 0x69, 0xFE, 0x69, 0xFE, 0x69, 0xFE, 0x69, 0xFE, 0x69, 0xFE, 0x69, 0xFE, 0x89, 0x43, 0x89, 0x43,
    0x89, 0x43, 0x89, 0x43, 0x89, 0x43, 0x89, 0x43, 0x89, 0x43, 0x89, 0x43, 0x89, 0x43, 0x89, 0x43, 0x89, 0x43, 0x89,
    0x43, 0x89, 0x43, 0x89, 0x43, 0x89, 0x43, 0x89, 0x43, 0x89, 0x43, 0x89, 0x43, 0x89, 0x43, 0x89, 0x43, 0x89, 0x43,
    0x89, 0x43, 0x89, 0x43, 0x89, 0x43, 0x89, 0x43, 0x89, 0x43, 0x89, 0x43, 0x89, 0x43, 0x89, 0x43, 0x89, 0x43, 0x89,
    0x43, 0x89, 0x43, 0x89, 0x43, 0x89, 0x43, 0x89, 0x43, 0x89, 0x43, 0x89, 0x43, 0x89, 0x43, 0x89, 0x43, 0x89, 0x43,
    0x89, 0x43, 0x89, 0x43, 0x89, 0x43, 0x89, 0x43, 0x89, 0x43, 0x89, 0x43, 0x89, 0x43, 0x89, 0x43, 0x89, 0x43, 0x89,
    0x43, 0x89, 0x43, 0x89, 0x43, 0x89, 0x43, 0x89, 0x43, 0x89, 0x43, 0x89, 0x43, 0x89, 0x43, 0x89, 0x43, 0x89, 0x43,
    0x89, 0x43, 0x89, 0x43, 0x89, 0x43, 0x89, 0x43, 0x89, 0x43, 0x89, 0x43, 0x89, 0x43, 0x89, 0x43, 0x89, 0x43, 0x89,
    0x43, 0x89, 0x43, 0x89, 0x43, 0x89, 0x43, 0x89, 0x43, 0x89, 0x43, 0x89, 0x43, 0x89, 0x43, 0x89, 0x43, 0x89, 0x43,
    0x89, 0x43, 0x89, 0x43, 0x89, 0x43, 0x89, 0x43, 0x89, 0x43, 0x89, 0x43, 0x89, 0x43, 0x89, 0x43, 0x69, 0xFE, 0x69,
    0xFE, 0x69, 0xFE, 0x69, 0xFE, 0x69, 0xFE, 0x69, 0xFE, 0x69, 0xFE, 0x69, 0xFE, 0x69, 0xFE, 0x69, 0xFE, 0x69, 0xFE,
    0x69, 0xFE, 0x69, 0xFE, 0x69, 0xFE, 0x69, 0xFE, 0x69, 0xFE, 0x69, 0xFE, 0x69, 0xFE, 0x69, 0xFE, 0x69, 0xFE, 0x69,
    0xFE, 0x69, 0xFE, 0x69, 0xFE, 0x69, 0xFE, 0x69, 0xFE, 0x69, 0xFE, 0x69, 0xFE, 0x69, 0xFE, 0x69, 0xFE, 0x69, 0xFE,
    0x69, 0xFE, 0x69, 0xFE, 0x69, 0xFE, 0x69, 0xFE, 0x69, 0xFE, 0x69, 0xFE, 0x69, 0xFE, 0x69, 0xFE, 0x69, 0xFE, 0x69,
    0xFE, 0x69, 0xFE, 0x69, 0xFE, 0x69, 0xFE, 0x69, 0xFE, 0x69, 0xFE, 0x69, 0xFE, 0x69, 0xFE, 0x69, 0xFE, 0x69, 0xFE,
    0x69, 0xFE, 0x69, 0xFE, 0x69, 0xFE, 0x69, 0xFE, 0x69, 0xFE, 0x69, 0xFE, 0x69, 0xFE, 0x69, 0xFE, 0x69, 0xFE, 0x69,
    0xFE, 0x69, 0xFE, 0x69, 0xFE, 0x69, 0xFE, 0x69, 0xFE, 0x69, 0xFE, 0x69, 0xFE, 0x69, 0xFE, 0x69, 0xFE, 0x69, 0xFE,
    0x69, 0xFE, 0x69, 0xFE, 0x69, 0xFE, 0x69, 0xFE, 0x69, 0xFE, 0x69, 0xFE, 0x69, 0xFE, 0x69, 0xFE, 0x69, 0xFE, 0x69,
    0xFE, 0x69, 0xFE, 0x69, 0xFE, 0x69, 0xFE, 0x69, 0xFE, 0x69, 0xFE, 0x69, 0xFE, 0x69, 0xFE, 0x69, 0xFE, 0x69, 0xFE,
    0x69, 0xFE, 0x69, 0xFE, 0x69, 0xFE, 0x69, 0xFE, 0x69, 0xFE, 0x69, 0xFE, 0x69, 0xFE, 0x69, 0xFE, 0x69, 0xFE, 0x69,
    0xFE, 0x69, 0xFE, 0x69, 0xFE, 0x69, 0xFE, 0x69, 0xFE, 0x69, 0xFE, 0x69, 0xFE, 0x69, 0xFE, 0x69, 0xFE, 0x69, 0xFE,
    0x69, 0xFE, 0x69, 0xFE, 0x69, 0xFE, 0x69, 0xFE, 0x69, 0xFE, 0x69, 0xFE, 0x69, 0xFE, 0x69, 0xFE, 0x69, 0xFE, 0x69,
    0xFE, 0x69, 0xFE, 0x69, 0xFE, 0x69, 0xFE, 0x69, 0xFE, 0x69, 0xFE, 0x69, 0xFE, 0x69, 0xFE, 0x69, 0xFE, 0x69, 0xFE,
    0x69, 0xFE, 0x69, 0xFE, 0x69, 0xFE, 0x69, 0xFE, 0x69, 0xFE, 0x69, 0xFE, 0x69, 0xFE, 0x69, 0xFE, 0x69, 0xFE, 0x69,
    0xFE, 0x69, 0xFE, 0x69, 0xFE, 0x69, 0xFE, 0x69, 0xFE, 0x69, 0xFE, 0x69, 0xFE, 0x69, 0xFE, 0x69, 0xFE, 0x69, 0xFE,
    0x69, 0xFE, 0x69, 0xFE, 0x69, 0xFE, 0x69, 0xFE, 0x69, 0xFE, 0x69, 0xFE, 0x69, 0xFE, 0x69, 0xFE, 0x69, 0xFE, 0x69,
    0xFE, 0x89, 0x43, 0x89, 0x43, 0x89, 0x43, 0x89, 0x43, 0x89, 0x43, 0x89, 0x43, 0x89, 0x43, 0x89, 0x43, 0x89, 0x43,
    0x89, 0x43, 0x89, 0x43, 0x89, 0x43, 0x89, 0x43, 0x89, 0x43, 0x89, 0x43, 0x89, 0x43, 0x89, 0x43, 0x89, 0x43, 0x89,
    0x43, 0x89, 0x43, 0x89, 0x43, 0x89, 0x43, 0x89, 0x43, 0x89, 0x43, 0x89, 0x43, 0x89, 0x43, 0x89, 0x43, 0x89, 0x43,
    0x89, 0x43, 0x89, 0x43, 0x89, 0x43, 0x89, 0x43, 0x89, 0x43, 0x89, 0x43, 0x89, 0x43, 0x89, 0x43, 0x89, 0x43, 0x89,
    0x43, 0x89, 0x43, 0x89, 0x43, 0x89, 0x43, 0x89, 0x43, 0x89, 0x43, 0x89, 0x43, 0x89, 0x43, 0x89, 0x43, 0x89, 0x43,
    0x89, 0x43, 0x89, 0x43, 0x89, 0x43, 0x89, 0x43, 0x89, 0x43, 0x89, 0x43, 0x89, 0x43, 0x89, 0x43, 0x89, 0x43, 0x89,
    0x43, 0x89, 0x43, 0x89, 0x43, 0x89, 0x43, 0x89, 0x43, 0x89, 0x43, 0x89, 0x43, 0x89, 0x43, 0x89, 0x43, 0x89, 0x43,
    0x89, 0x43, 0x89, 0x43, 0x89, 0x43, 0x89, 0x43, 0x89, 0x43, 0x89, 0x43, 0x89, 0x43, 0x89, 0x43, 0x89, 0x43, 0x89,
    0x43, 0x89, 0x43, 0x89, 0x43, 0x89, 0x43, 0x89, 0x43, 0x89, 0x43, 0x89, 0x43, 0x89, 0x43, 0x89, 0x43, 0x89, 0x43,
    0x89, 0x43, 0x69, 0xFE, 0x69, 0xFE, 0x69, 0xFE, 0x69, 0xFE, 0x69, 0xFE, 0x69, 0xFE, 0x69, 0xFE, 0x69, 0xFE, 0x69,
    0xFE, 0x69, 0xFE, 0x69, 0xFE, 0x69, 0xFE, 0x69, 0xFE, 0x69, 0xFE, 0x69, 0xFE, 0x69, 0xFE, 0x69, 0xFE, 0x69, 0xFE,
    0x69, 0xFE, 0x69, 0xFE, 0x69, 0xFE, 0x69, 0xFE, 0x69, 0xFE, 0x69, 0xFE, 0x69, 0xFE, 0x69, 0xFE, 0x69, 0xFE, 0x69,
    0xFE, 0x69, 0xFE, 0x69, 0xFE, 0x69, 0xFE, 0x69, 0xFE, 0x69, 0xFE, 0x69, 0xFE, 0x69, 0xFE, 0x69, 0xFE, 0x69, 0xFE,
    0x69, 0xFE, 0x69, 0xFE, 0x69, 0xFE, 0x69, 0xFE, 0x69, 0xFE, 0x69, 0xFE, 0x69, 0xFE, 0x69, 0xFE, 0x69, 0xFE, 0x69,
    0xFE, 0x69, 0xFE, 0x69, 0xFE, 0x69, 0xFE, 0x69, 0xFE, 0x69, 0xFE, 0x69, 0xFE, 0x69, 0xFE, 0x69, 0xFE, 0x69, 0xFE,
    0x69, 0xFE, 0x69, 0xFE, 0x69, 0xFE, 0x69, 0xFE, 0x69, 0xFE, 0x69, 0xFE, 0x69, 0xFE, 0x69, 0xFE, 0x69, 0xFE, 0x69,
    0xFE, 0x69, 0xFE, 0x69, 0xFE, 0x69, 0xFE, 0x69, 0xFE, 0x69, 0xFE, 0x69, 0xFE, 0x69, 0xFE, 0x69, 0xFE, 0x69, 0xFE,
    0x69, 0xFE, 0x69, 0xFE, 0x69, 0xFE, 0x69, 0xFE, 0x69, 0xFE, 0x69, 0xFE, 0x69, 0xFE, 0x69, 0xFE, 0x69, 0xFE, 0x69,
    0xFE, 0x69, 0xFE, 0x69, 0xFE, 0x69, 0xFE, 0x69, 0xFE, 0x69, 0xFE, 0x69, 0xFE, 0x69, 0xFE, 0x69, 0xFE, 0x69, 0xFE,
    0x69, 0xFE, 0x69, 0xFE, 0x69, 0xFE, 0x69, 0xFE, 0x69, 0xFE, 0x69, 0xFE, 0x69, 0xFE, 0x69, 0xFE, 0x69, 0xFE, 0x69,
    0xFE, 0x69, 0xFE, 0x69, 0xFE, 0x69, 0xFE, 0x69, 0xFE, 0x69, 0xFE, 0x69, 0xFE, 0x69, 0xFE, 0x69, 0xFE, 0x69, 0xFE,
    0x69, 0xFE, 0x69, 0xFE, 0x69, 0xFE, 0x69, 0xFE, 0x69, 0xFE, 0x69, 0xFE, 0x69, 0xFE, 0x69, 0xFE, 0x69, 0xFE, 0x69,
    0xFE, 0x69, 0xFE, 0x69, 0xFE, 0x69, 0xFE, 0x69, 0xFE, 0x69, 0xFE, 0x69, 0xFE, 0x69, 0xFE, 0x69, 0xFE, 0x69, 0xFE,
    0x69, 0xFE, 0x69, 0xFE, 0x69, 0xFE, 0x69, 0xFE, 0x69, 0xFE, 0x69, 0xFE, 0x69, 0xFE, 0x69, 0xFE, 0x69, 0xFE, 0x69,
    0xFE, 0x69, 0xFE, 0x69, 0xFE, 0x69, 0xFE, 0x69, 0xFE, 0x69, 0xFE, 0x69, 0xFE, 0x69, 0xFE, 0x69, 0xFE, 0x69, 0xFE,
    0x69, 0xFE, 0x69, 0xFE, 0x69, 0xFE, 0x89, 0x43, 0x89, 0x43, 0x89, 0x43, 0x89, 0x43, 0x89, 0x43, 0x89, 0x43, 0x89,
    0x43, 0x89, 0x43, 0x89, 0x43, 0x89, 0x43, 0x89, 0x43, 0x89, 0x43, 0x89, 0x43, 0x89, 0x43, 0x89, 0x43, 0x89, 0x43,
    0x89, 0x43, 0x89, 0x43, 0x89, 0x43, 0x89, 0x43, 0x89, 0x43, 0x89, 0x43, 0x89, 0x43, 0x89, 0x43, 0x89, 0x43, 0x89,
    0x43, 0x89, 0x43, 0x89, 0x43, 0x89, 0x43, 0x89, 0x43, 0x89, 0x43, 0x89, 0x43, 0x89, 0x43, 0x89, 0x43, 0x89, 0x43,
    0x89, 0x43, 0x89, 0x43, 0x89, 0x43, 0x89, 0x43, 0x89, 0x43, 0x89, 0x43, 0x89, 0x43, 0x89, 0x43, 0x89, 0x43, 0x89,
    0x43, 0x89, 0x43, 0x89, 0x43, 0x89, 0x43, 0x89, 0x43, 0x89, 0x43, 0x89, 0x43, 0x89, 0x43, 0x89, 0x43, 0x89, 0x43,
    0x89, 0x43, 0x89, 0x43, 0x89, 0x43, 0x89, 0x43, 0x89, 0x43, 0x89, 0x43, 0x89, 0x43, 0x89, 0x43, 0x89, 0x43, 0x89,
    0x43, 0x89, 0x43, 0x89, 0x43, 0x89, 0x43, 0x89, 0x43, 0x89, 0x43, 0x89, 0x43, 0x89, 0x43, 0x89, 0x43, 0x89, 0x43,
    0x89, 0x43, 0x89, 0x43, 0x89, 0x43, 0x89, 0x43, 0x89, 0x43, 0x89, 0x43, 0x89, 0x43, 0x89, 0x43, 0x89, 0x43, 0x89,
    0x43, 0x89, 0x43, 0x89, 0x43, 0x89, 0x43, 0x69, 0xFE, 0x69, 0xFE, 0x69, 0xFE, 0x69, 0xFE, 0x69, 0xFE, 0x69, 0xFE,
    0x69, 0xFE, 0x69, 0xFE, 0x69, 0xFE, 0x69, 0xFE, 0x69, 0xFE, 0x69, 0xFE, 0x69, 0xFE, 0x69, 0xFE, 0x69, 0xFE, 0x69,
    0xFE, 0x69, 0xFE, 0x69, 0xFE, 0x69, 0xFE, 0x69, 0xFE, 0x69, 0xFE, 0x69, 0xFE, 0x69, 0xFE, 0x69, 0xFE, 0x69, 0xFE,
    0x69, 0xFE, 0x69, 0xFE, 0x69, 0xFE, 0x69, 0xFE, 0x69, 0xFE, 0x69, 0xFE, 0x69, 0xFE, 0x69, 0xFE, 0x69, 0xFE, 0x69,
    0xFE, 0x69, 0xFE, 0x69, 0xFE, 0x69, 0xFE, 0x69, 0xFE, 0x69, 0xFE, 0x69, 0xFE, 0x69, 0xFE, 0x69, 0xFE, 0x69, 0xFE,
    0x69, 0xFE, 0x69, 0xFE, 0x69, 0xFE, 0x69, 0xFE, 0x69, 0xFE, 0x69, 0xFE, 0x69, 0xFE, 0x69, 0xFE, 0x69, 0xFE, 0x69,
    0xFE, 0x69, 0xFE, 0x69, 0xFE, 0x69, 0xFE, 0x69, 0xFE, 0x69, 0xFE, 0x69, 0xFE, 0x69, 0xFE, 0x69, 0xFE, 0x69, 0xFE,
    0x69, 0xFE, 0x69, 0xFE, 0x69, 0xFE, 0x69, 0xFE, 0x69, 0xFE, 0x69, 0xFE, 0x69, 0xFE, 0x69, 0xFE, 0x69, 0xFE, 0x69,
    0xFE, 0x69, 0xFE, 0x69, 0xFE, 0x69, 0xFE, 0x69, 0xFE, 0x69, 0xFE, 0x69, 0xFE, 0x69, 0xFE, 0x69, 0xFE, 0x69, 0xFE,
    0x69, 0xFE, 0x69, 0xFE, 0x69, 0xFE, 0x69, 0xFE, 0x69, 0xFE, 0x69, 0xFE, 0x69, 0xFE, 0x69, 0xFE, 0x69, 0xFE, 0x69,
    0xFE, 0x69, 0xFE, 0x69, 0xFE, 0x69, 0xFE, 0x69, 0xFE, 0x69, 0xFE, 0x69, 0xFE, 0x69, 0xFE, 0x69, 0xFE, 0x69, 0xFE,
    0x69, 0xFE, 0x69, 0xFE, 0x69, 0xFE, 0x69, 0xFE, 0x69, 0xFE, 0x69, 0xFE, 0x69, 0xFE, 0x69, 0xFE, 0x69, 0xFE, 0x69,
    0xFE, 0x69, 0xFE, 0x69, 0xFE, 0x69, 0xFE, 0x69, 0xFE, 0x69, 0xFE, 0x69, 0xFE, 0x69, 0xFE, 0x69, 0xFE, 0x69, 0xFE,
    0x69, 0xFE, 0x69, 0xFE, 0x69, 0xFE, 0x69, 0xFE, 0x69, 0xFE, 0x69, 0xFE, 0x69, 0xFE, 0x69, 0xFE, 0x69, 0xFE, 0x69,
    0xFE, 0x69, 0xFE, 0x69, 0xFE, 0x69, 0xFE, 0x69, 0xFE, 0x69, 0xFE, 0x69, 0xFE, 0x69, 0xFE, 0x69, 0xFE, 0x69, 0xFE,
    0x69, 0xFE, 0x69, 0xFE, 0x69, 0xFE, 0x69, 0xFE, 0x69, 0xFE, 0x69, 0xFE, 0x69, 0xFE, 0x69, 0xFE, 0x69, 0xFE, 0x69,
    0xFE, 0x69, 0xFE, 0x69, 0xFE, 0x69, 0xFE, 0x69, 0xFE, 0x69, 0xFE, 0x89, 0x43, 0x89, 0x43, 0x89, 0x43, 0x89, 0x43,
    0x89, 0x43, 0x89, 0x43, 0x89, 0x43, 0x89, 0x43, 0x89, 0x43, 0x89, 0x43, 0x89, 0x43, 0x89, 0x43, 0x89, 0x43, 0x89,
    0x43, 0x89, 0x43, 0x89, 0x43, 0x89, 0x43, 0x89, 0x43, 0x89, 0x43, 0x89, 0x43, 0x89, 0x43, 0x89, 0x43, 0x89, 0x43,
    0x89, 0x43, 0x89, 0x43, 0x89, 0x43, 0x89, 0x43, 0x89, 0x43, 0x89, 0x43, 0x89, 0x43, 0x89, 0x43, 0x89, 0x43, 0x89,
    0x43, 0x89, 0x43, 0x89, 0x43, 0x89, 0x43, 0x89, 0x43, 0x89, 0x43, 0x89, 0x43, 0x89, 0x43, 0x89, 0x43, 0x89, 0x43,
    0x89, 0x43, 0x89, 0x43, 0x89, 0x43, 0x89, 0x43, 0x89, 0x43, 0x89, 0x43, 0x89, 0x43, 0x89, 0x43, 0x89, 0x43, 0x89,
    0x43, 0x89, 0x43, 0x89, 0x43, 0x89, 0x43, 0x89, 0x43, 0x89, 0x43, 0x89, 0x43, 0x89, 0x43, 0x89, 0x43, 0x89, 0x43,
    0x89, 0x43, 0x89, 0x43, 0x89, 0x43, 0x89, 0x43, 0x89, 0x43, 0x89, 0x43, 0x89, 0x43, 0x89, 0x43, 0x89, 0x43, 0x89,
    0x43, 0x89, 0x43, 0x89, 0x43, 0x89, 0x43, 0x89, 0x43, 0x89, 0x43, 0x89, 0x43, 0x89, 0x43, 0x89, 0x43, 0x89, 0x43,
    0x89, 0x43, 0x89, 0x43, 0x89, 0x43, 0x89, 0x43, 0x89, 0x43, 0x89, 0x43, 0x89, 0x43, 0x89, 0x43, 0x89, 0x43, 0x89,
    0x43, 0x69, 0xFE, 0x69, 0xFE, 0x69, 0xFE, 0x69, 0xFE, 0x69, 0xFE, 0x69, 0xFE, 0x69, 0xFE, 0x69, 0xFE, 0x69, 0xFE,
    0x69, 0xFE, 0x69, 0xFE, 0x69, 0xFE, 0x69, 0xFE, 0x69, 0xFE, 0x69, 0xFE, 0x69, 0xFE, 0x69, 0xFE, 0x69, 0xFE, 0x69,
    0xFE, 0x69, 0xFE, 0x69, 0xFE, 0x69, 0xFE, 0x69, 0xFE, 0x69, 0xFE, 0x69, 0xFE, 0x69, 0xFE, 0x69, 0xFE, 0x69, 0xFE,
    0x69, 0xFE, 0x69, 0xFE, 0x69, 0xFE, 0x69, 0xFE, 0x69, 0xFE, 0x69, 0xFE, 0x69, 0xFE, 0x69, 0xFE, 0x69, 0xFE, 0x69,
    0xFE, 0x69, 0xFE, 0x69, 0xFE, 0x69, 0xFE, 0x69, 0xFE, 0x69, 0xFE, 0x69, 0xFE, 0x69, 0xFE, 0x69, 0xFE, 0x69, 0xFE,
    0x69, 0xFE, 0x69, 0xFE, 0x69, 0xFE, 0x69, 0xFE, 0x69, 0xFE, 0x69, 0xFE, 0x69, 0xFE, 0x69, 0xFE, 0x69, 0xFE, 0x69,
    0xFE, 0x69, 0xFE, 0x69, 0xFE, 0x69, 0xFE, 0x69, 0xFE, 0x69, 0xFE, 0x69, 0xFE, 0x69, 0xFE, 0x69, 0xFE, 0x69, 0xFE,
    0x69, 0xFE, 0x69, 0xFE, 0x69, 0xFE, 0x69, 0xFE, 0x69, 0xFE, 0x69, 0xFE, 0x69, 0xFE, 0x69, 0xFE, 0x69, 0xFE, 0x69,
    0xFE, 0x69, 0xFE, 0x69, 0xFE, 0x69, 0xFE, 0x69, 0xFE, 0x69, 0xFE, 0x69, 0xFE, 0x69, 0xFE, 0x69, 0xFE, 0x69, 0xFE,
    0x69, 0xFE, 0x69, 0xFE, 0x69, 0xFE, 0x69, 0xFE, 0x69, 0xFE, 0x69, 0xFE, 0x69, 0xFE, 0x69, 0xFE, 0x69, 0xFE, 0x69,
    0xFE, 0x69, 0xFE, 0x69, 0xFE, 0x69, 0xFE, 0x69, 0xFE, 0x69, 0xFE, 0x69, 0xFE, 0x69, 0xFE, 0x69, 0xFE, 0x69, 0xFE,
    0x69, 0xFE, 0x69, 0xFE, 0x69, 0xFE, 0x69, 0xFE, 0x69, 0xFE, 0x69, 0xFE, 0x69, 0xFE, 0x69, 0xFE, 0x69, 0xFE, 0x69,
    0xFE, 0x69, 0xFE, 0x69, 0xFE, 0x69, 0xFE, 0x69, 0xFE, 0x69, 0xFE, 0x69, 0xFE, 0x69, 0xFE, 0x69, 0xFE, 0x69, 0xFE,
    0x69, 0xFE, 0x69, 0xFE, 0x69, 0xFE, 0x69, 0xFE, 0x69, 0xFE, 0x69, 0xFE, 0x69, 0xFE, 0x69, 0xFE, 0x69, 0xFE, 0x69,
    0xFE, 0x69, 0xFE, 0x69, 0xFE, 0x69, 0xFE, 0x69, 0xFE, 0x69, 0xFE, 0x69, 0xFE, 0x69, 0xFE, 0x69, 0xFE, 0x69, 0xFE,
    0x69, 0xFE, 0x69, 0xFE, 0x69, 0xFE, 0x69, 0xFE, 0x89, 0x43, 0x89, 0x43, 0x89, 0x43, 0x89, 0x43, 0x89, 0x43, 0x89,
    0x43, 0x89, 0x43, 0x89, 0x43, 0x89, 0x43, 0x89, 0x43, 0x89, 0x43, 0x89, 0x43, 0x89, 0x43, 0x89, 0x43, 0x89, 0x43,
    0x89, 0x43, 0x89, 0x43, 0x89, 0x43, 0x89, 0x43, 0x89, 0x43, 0x89, 0x43, 0x89, 0x43, 0x89, 0x43, 0x89, 0x43, 0x89,
    0x43, 0x89, 0x43, 0x89, 0x43, 0x89, 0x43, 0x89, 0x43, 0x89, 0x43, 0x89, 0x43, 0x89, 0x43, 0x89, 0x43, 0x89, 0x43,
    0x89, 0x43, 0x89, 0x43, 0x89, 0x43, 0x89, 0x43, 0x89, 0x43, 0x89, 0x43, 0x89, 0x43, 0x89, 0x43, 0x89, 0x43, 0x89,
    0x43, 0x89, 0x43, 0x89, 0x43, 0x89, 0x43, 0x89, 0x43, 0x89, 0x43, 0x89, 0x43, 0x89, 0x43, 0x89, 0x43, 0x89, 0x43,
    0x89, 0x43, 0x89, 0x43, 0x89, 0x43, 0x89, 0x43, 0x89, 0x43, 0x89, 0x43, 0x89, 0x43, 0x89, 0x43, 0x89, 0x43, 0x89,
    0x43, 0x89, 0x43, 0x89, 0x43, 0x89, 0x43, 0x89, 0x43, 0x89, 0x43, 0x89, 0x43, 0x89, 0x43, 0x89, 0x43, 0x89, 0x43,
    0x89, 0x43, 0x89, 0x43, 0x89, 0x43, 0x89, 0x43, 0x89, 0x43, 0x89, 0x43, 0x89, 0x43, 0x89, 0x43, 0x89, 0x43, 0x89,
    0x43, 0x89, 0x43, 0x89, 0x43, 0x89, 0x43, 0x89, 0x43, 0x89, 0x43, 0x89, 0x43, 0x89, 0x43, 0x89, 0x43, 0x89, 0x43,
    0x89, 0x43, 0x89, 0x43, 0x89, 0x43, 0x69, 0xFE, 0x69, 0xFE, 0x69, 0xFE, 0x69, 0xFE, 0x69, 0xFE, 0x69, 0xFE, 0x69,
    0xFE, 0x69, 0xFE, 0x69, 0xFE, 0x69, 0xFE, 0x69, 0xFE, 0x69, 0xFE, 0x69, 0xFE, 0x69, 0xFE, 0x69, 0xFE, 0x69, 0xFE,
    0x69, 0xFE, 0x69, 0xFE, 0x69, 0xFE, 0x69, 0xFE, 0x69, 0xFE, 0x69, 0xFE, 0x69, 0xFE, 0x69, 0xFE, 0x69, 0xFE, 0x69,
    0xFE, 0x69, 0xFE, 0x69, 0xFE, 0x69, 0xFE, 0x69, 0xFE, 0x69, 0xFE, 0x69, 0xFE, 0x69, 0xFE, 0x69, 0xFE, 0x69, 0xFE,
    0x69, 0xFE, 0x69, 0xFE, 0x69, 0xFE, 0x69, 0xFE, 0x69, 0xFE, 0x69, 0xFE, 0x69, 0xFE, 0x69, 0xFE, 0x69, 0xFE, 0x69,
    0xFE, 0x69, 0xFE, 0x69, 0xFE, 0x69, 0xFE, 0x69, 0xFE, 0x69, 0xFE, 0x69, 0xFE, 0x69, 0xFE, 0x69, 0xFE, 0x69, 0xFE,
    0x69, 0xFE, 0x69, 0xFE, 0x69, 0xFE, 0x69, 0xFE, 0x69, 0xFE, 0x69, 0xFE, 0x69, 0xFE, 0x69, 0xFE, 0x69, 0xFE, 0x69,
    0xFE, 0x69, 0xFE, 0x69, 0xFE, 0x69, 0xFE, 0x69, 0xFE, 0x69, 0xFE, 0x69, 0xFE, 0x69, 0xFE, 0x69, 0xFE, 0x69, 0xFE,
    0x69, 0xFE, 0x69, 0xFE, 0x69, 0xFE, 0x69, 0xFE, 0x69, 0xFE, 0x69, 0xFE, 0x69, 0xFE, 0x69, 0xFE, 0x69, 0xFE, 0x69,
    0xFE, 0x69, 0xFE, 0x69, 0xFE, 0x69, 0xFE, 0x69, 0xFE, 0x69, 0xFE, 0x69, 0xFE, 0x69, 0xFE, 0x69, 0xFE, 0x69, 0xFE,
    0x69, 0xFE, 0x69, 0xFE, 0x69, 0xFE, 0x69, 0xFE, 0x69, 0xFE, 0x69, 0xFE, 0x69, 0xFE, 0x69, 0xFE, 0x69, 0xFE, 0x69,
    0xFE, 0x69, 0xFE, 0x69, 0xFE, 0x69, 0xFE, 0x69, 0xFE, 0x69, 0xFE, 0x69, 0xFE, 0x69, 0xFE, 0x69, 0xFE, 0x69, 0xFE,
    0x69, 0xFE, 0x69, 0xFE, 0x69, 0xFE, 0x69, 0xFE, 0x69, 0xFE, 0x69, 0xFE, 0x69, 0xFE, 0x69, 0xFE, 0x69, 0xFE, 0x69,
    0xFE, 0x69, 0xFE, 0x69, 0xFE, 0x69, 0xFE, 0x69, 0xFE, 0x69, 0xFE, 0x69, 0xFE, 0x69, 0xFE, 0x69, 0xFE, 0x69, 0xFE,
    0x69, 0xFE, 0x69, 0xFE, 0x69, 0xFE, 0x69, 0xFE, 0x69, 0xFE, 0x69, 0xFE, 0x69, 0xFE, 0x69, 0xFE, 0x69, 0xFE, 0x69,
    0xFE, 0x69, 0xFE, 0x69, 0xFE, 0x69, 0xFE, 0x69, 0xFE, 0x69, 0xFE, 0x69, 0xFE, 0x89, 0x43, 0x89, 0x43, 0x89, 0x43,
    0x89, 0x43, 0x89, 0x43, 0x89, 0x43, 0x89, 0x43, 0x89, 0x43, 0x89, 0x43, 0x89, 0x43, 0x89, 0x43, 0x89, 0x43, 0x89,
    0x43, 0x89, 0x43, 0x89, 0x43, 0x89, 0x43, 0x89, 0x43, 0x89, 0x43, 0x89, 0x43, 0x89, 0x43, 0x89, 0x43, 0x89, 0x43,
    0x89, 0x43, 0x89, 0x43, 0x89, 0x43, 0x89, 0x43, 0x89, 0x43, 0x89, 0x43, 0x89, 0x43, 0x89, 0x43, 0x89, 0x43, 0x89,
    0x43, 0x89, 0x43, 0x89, 0x43, 0x89, 0x43, 0x89, 0x43, 0x89, 0x43, 0x89, 0x43, 0x89, 0x43, 0x89, 0x43, 0x89, 0x43,
    0x89, 0x43, 0x89, 0x43, 0x89, 0x43, 0x89, 0x43, 0x89, 0x43, 0x89, 0x43, 0x89, 0x43, 0x89, 0x43, 0x89, 0x43, 0x89,
    0x43, 0x89, 0x43, 0x89, 0x43, 0x89, 0x43, 0x89, 0x43, 0x89, 0x43, 0x89, 0x43, 0x89, 0x43, 0x89, 0x43, 0x89, 0x43,
    0x89, 0x43, 0x89, 0x43, 0x89, 0x43, 0x89, 0x43, 0x89, 0x43, 0x89, 0x43, 0x89, 0x43, 0x89, 0x43, 0x89, 0x43, 0x89,
    0x43, 0x89, 0x43, 0x89, 0x43, 0x89, 0x43, 0x89, 0x43, 0x89, 0x43, 0x89, 0x43, 0x89, 0x43, 0x89, 0x43, 0x89, 0x43,
    0x89, 0x43, 0x89, 0x43, 0x89, 0x43, 0x89, 0x43, 0x89, 0x43, 0x89, 0x43, 0x89, 0x43, 0x89, 0x43, 0x89, 0x43, 0x89,
    0x43, 0x89, 0x43, 0x89, 0x43, 0x89, 0x43, 0x89, 0x43, 0x89, 0x43, 0x69, 0xFE, 0x69, 0xFE, 0x69, 0xFE, 0x69, 0xFE,
    0x69, 0xFE, 0x69, 0xFE, 0x69, 0xFE, 0x69, 0xFE, 0x69, 0xFE, 0x69, 0xFE, 0x69, 0xFE, 0x69, 0xFE, 0x69, 0xFE, 0x69,
    0xFE, 0x69, 0xFE, 0x69, 0xFE, 0x69, 0xFE, 0x69, 0xFE, 0x69, 0xFE, 0x69, 0xFE, 0x69, 0xFE, 0x69, 0xFE, 0x69, 0xFE,
    0x69, 0xFE, 0x69, 0xFE, 0x69, 0xFE, 0x69, 0xFE, 0x69, 0xFE, 0x69, 0xFE, 0x69, 0xFE, 0x69, 0xFE, 0x69, 0xFE, 0x69,
    0xFE, 0x69, 0xFE, 0x69, 0xFE, 0x69, 0xFE, 0x69, 0xFE, 0x69, 0xFE, 0x69, 0xFE, 0x69, 0xFE, 0x69, 0xFE, 0x69, 0xFE,
    0x69, 0xFE, 0x69, 0xFE, 0x69, 0xFE, 0x69, 0xFE, 0x69, 0xFE, 0x69, 0xFE, 0x69, 0xFE, 0x69, 0xFE, 0x69, 0xFE, 0x69,
    0xFE, 0x69, 0xFE, 0x69, 0xFE, 0x69, 0xFE, 0x69, 0xFE, 0x69, 0xFE, 0x69, 0xFE, 0x69, 0xFE, 0x69, 0xFE, 0x69, 0xFE,
    0x69, 0xFE, 0x69, 0xFE, 0x69, 0xFE, 0x69, 0xFE, 0x69, 0xFE, 0x69, 0xFE, 0x69, 0xFE, 0x69, 0xFE, 0x69, 0xFE, 0x69,
    0xFE, 0x69, 0xFE, 0x69, 0xFE, 0x69, 0xFE, 0x69, 0xFE, 0x69, 0xFE, 0x69, 0xFE, 0x69, 0xFE, 0x69, 0xFE, 0x69, 0xFE,
    0x69, 0xFE, 0x69, 0xFE, 0x69, 0xFE, 0x69, 0xFE, 0x69, 0xFE, 0x69, 0xFE, 0x69, 0xFE, 0x69, 0xFE, 0x69, 0xFE, 0x69,
    0xFE, 0x69, 0xFE, 0x69, 0xFE, 0x69, 0xFE, 0x69, 0xFE, 0x69, 0xFE, 0x69, 0xFE, 0x69, 0xFE, 0x69, 0xFE, 0x69, 0xFE,
    0x69, 0xFE, 0x69, 0xFE, 0x69, 0xFE, 0x69, 0xFE, 0x69, 0xFE, 0x69, 0xFE, 0x69, 0xFE, 0x69, 0xFE, 0x69, 0xFE, 0x69,
    0xFE, 0x69, 0xFE, 0x69, 0xFE, 0x69, 0xFE, 0x69, 0xFE, 0x69, 0xFE, 0x69, 0xFE, 0x69, 0xFE, 0x69, 0xFE, 0x69, 0xFE,
    0x69, 0xFE, 0x69, 0xFE, 0x69, 0xFE, 0x69, 0xFE, 0x69, 0xFE, 0x69, 0xFE, 0x69, 0xFE, 0x69, 0xFE, 0x69, 0xFE, 0x69,
    0xFE, 0x69, 0xFE, 0x69, 0xFE, 0x69, 0xFE, 0x69, 0xFE, 0x69, 0xFE, 0x69, 0xFE, 0x69, 0xFE, 0x69, 0xFE, 0x69, 0xFE,
    0x69, 0xFE, 0x69, 0xFE, 0x69, 0xFE, 0x69, 0xFE, 0x69, 0xFE, 0x69, 0xFE, 0x69, 0xFE, 0x69, 0xFE, 0x69, 0xFE, 0x89,
    0x43, 0x89, 0x43, 0x89, 0x43, 0x89, 0x43, 0x89, 0x43, 0x89, 0x43, 0x89, 0x43, 0x89, 0x43, 0x89, 0x43, 0x89, 0x43,
    0x89, 0x43, 0x89, 0x43, 0x89, 0x43, 0x89, 0x43, 0x89, 0x43, 0x89, 0x43, 0x89, 0x43, 0x89, 0x43, 0x89, 0x43, 0x89,
    0x43, 0x89, 0x43, 0x89, 0x43, 0x89, 0x43, 0x89, 0x43, 0x89, 0x43, 0x89, 0x43, 0x89, 0x43, 0x89, 0x43, 0x89, 0x43,
    0x89, 0x43, 0x89, 0x43, 0x89, 0x43, 0x89, 0x43, 0x89, 0x43, 0x89, 0x43, 0x89, 0x43, 0x89, 0x43, 0x89, 0x43, 0x89,
    0x43, 0x89, 0x43, 0x89, 0x43, 0x89, 0x43, 0x89, 0x43, 0x89, 0x43, 0x89, 0x43, 0x89, 0x43, 0x89, 0x43, 0x89, 0x43,
    0x89, 0x43, 0x89, 0x43, 0x89, 0x43, 0x89, 0x43, 0x89, 0x43, 0x89, 0x43, 0x89, 0x43, 0x89, 0x43, 0x89, 0x43, 0x89,
    0x43, 0x89, 0x43, 0x89, 0x43, 0x89, 0x43, 0x89, 0x43, 0x89, 0x43, 0x89, 0x43, 0x89, 0x43, 0x89, 0x43, 0x89, 0x43,
    0x89, 0x43, 0x89, 0x43, 0x89, 0x43, 0x89, 0x43, 0x89, 0x43, 0x89, 0x43, 0x89, 0x43, 0x89, 0x43, 0x89, 0x43, 0x89,
    0x43, 0x89, 0x43, 0x89, 0x43, 0x89, 0x43, 0x89, 0x43, 0x89, 0x43, 0x89, 0x43, 0x89, 0x43, 0x89, 0x43, 0x89, 0x43,
    0x89, 0x43, 0x89, 0x43, 0x89, 0x43, 0x89, 0x43, 0x89, 0x43, 0x89, 0x43, 0x89, 0x43, 0x89, 0x43, 0x89, 0x43, 0x89,
    0x43, 0x89, 0x43, 0x89, 0x43, 0x89, 0x43, 0x89, 0x43, 0x69, 0xFE, 0x69, 0xFE, 0x69, 0xFE, 0x69, 0xFE, 0x69, 0xFE,
    0x69, 0xFE, 0x69, 0xFE, 0x69, 0xFE, 0x69, 0xFE, 0x69, 0xFE, 0x69, 0xFE, 0x69, 0xFE, 0x69, 0xFE, 0x69, 0xFE, 0x69,
    0xFE, 0x69, 0xFE, 0x69, 0xFE, 0x69, 0xFE, 0x69, 0xFE, 0x69, 0xFE, 0x69, 0xFE, 0x69, 0xFE, 0x69, 0xFE, 0x69, 0xFE,
    0x69, 0xFE, 0x69, 0xFE, 0x69, 0xFE, 0x69, 0xFE, 0x69, 0xFE, 0x69, 0xFE, 0x69, 0xFE, 0x69, 0xFE, 0x69, 0xFE, 0x69,
    0xFE, 0x69, 0xFE, 0x69, 0xFE, 0x69, 0xFE, 0x69, 0xFE, 0x69, 0xFE, 0x69, 0xFE, 0x69, 0xFE, 0x69, 0xFE, 0x69, 0xFE,
    0x69, 0xFE, 0x69, 0xFE, 0x69, 0xFE, 0x69, 0xFE, 0x69, 0xFE, 0x69, 0xFE, 0x69, 0xFE, 0x69, 0xFE, 0x69, 0xFE, 0x69,
    0xFE, 0x69, 0xFE, 0x69, 0xFE, 0x69, 0xFE, 0x69, 0xFE, 0x69, 0xFE, 0x69, 0xFE, 0x69, 0xFE, 0x69, 0xFE, 0x69, 0xFE,
    0x69, 0xFE, 0x69, 0xFE, 0x69, 0xFE, 0x69, 0xFE, 0x69, 0xFE, 0x69, 0xFE, 0x69, 0xFE, 0x69, 0xFE, 0x69, 0xFE, 0x69,
    0xFE, 0x69, 0xFE, 0x69, 0xFE, 0x69, 0xFE, 0x69, 0xFE, 0x69, 0xFE, 0x69, 0xFE, 0x69, 0xFE, 0x69, 0xFE, 0x69, 0xFE,
    0x69, 0xFE, 0x69, 0xFE, 0x69, 0xFE, 0x69, 0xFE, 0x69, 0xFE, 0x69, 0xFE, 0x69, 0xFE, 0x69, 0xFE, 0x69, 0xFE, 0x69,
    0xFE, 0x69, 0xFE, 0x69, 0xFE, 0x69, 0xFE, 0x69, 0xFE, 0x69, 0xFE, 0x69, 0xFE, 0x69, 0xFE, 0x69, 0xFE, 0x69, 0xFE,
    0x69, 0xFE, 0x69, 0xFE, 0x69, 0xFE, 0x69, 0xFE, 0x69, 0xFE, 0x69, 0xFE, 0x69, 0xFE, 0x69, 0xFE, 0x69, 0xFE, 0x69,
    0xFE, 0x69, 0xFE, 0x69, 0xFE, 0x69, 0xFE, 0x69, 0xFE, 0x69, 0xFE, 0x69, 0xFE, 0x69, 0xFE, 0x69, 0xFE, 0x69, 0xFE,
    0x69, 0xFE, 0x69, 0xFE, 0x69, 0xFE, 0x69, 0xFE, 0x69, 0xFE, 0x69, 0xFE, 0x69, 0xFE, 0x69, 0xFE, 0x69, 0xFE, 0x69,
    0xFE, 0x69, 0xFE, 0x69, 0xFE, 0x69, 0xFE, 0x69, 0xFE, 0x69, 0xFE, 0x89, 0x43, 0x89, 0x43, 0x89, 0x43, 0x89, 0x43,
    0x89, 0x43, 0x89, 0x43, 0x89, 0x43, 0x89, 0x43, 0x89, 0x43, 0x89, 0x43, 0x89, 0x43, 0x89, 0x43, 0x89, 0x43, 0x89,
    0x43, 0x89, 0x43, 0x89, 0x43, 0x89, 0x43, 0x89, 0x43, 0x89, 0x43, 0x89, 0x43, 0x89, 0x43, 0x89, 0x43, 0x89, 0x43,
    0x89, 0x43, 0x89, 0x43, 0x89, 0x43, 0x89, 0x43, 0x89, 0x43, 0x89, 0x43, 0x89, 0x43, 0x89, 0x43, 0x89, 0x43, 0x89,
    0x43, 0x89, 0x43, 0x89, 0x43, 0x89, 0x43, 0x89, 0x43, 0x89, 0x43, 0x89, 0x43, 0x89, 0x43, 0x89, 0x43, 0x89, 0x43,
    0x89, 0x43, 0x89, 0x43, 0x89, 0x43, 0x89, 0x43, 0x89, 0x43, 0x89, 0x43, 0x89, 0x43, 0x89, 0x43, 0x89, 0x43, 0x89,
    0x43, 0x89, 0x43, 0x89, 0x43, 0x89, 0x43, 0x89, 0x43, 0x89, 0x43, 0x89, 0x43, 0x89, 0x43, 0x89, 0x43, 0x89, 0x43,
    0x89, 0x43, 0x89, 0x43, 0x89, 0x43, 0x89, 0x43, 0x89, 0x43, 0x89, 0x43, 0x89, 0x43, 0x89, 0x43, 0x89, 0x43, 0x89,
    0x43, 0x89, 0x43, 0x89, 0x43, 0x89, 0x43, 0x89, 0x43, 0x89, 0x43, 0x89, 0x43, 0x89, 0x43, 0x89, 0x43, 0x89, 0x43,
    0x89, 0x43, 0x89, 0x43, 0x89, 0x43, 0x89, 0x43, 0x89, 0x43, 0x89, 0x43, 0x89, 0x43, 0x89, 0x43, 0x89, 0x43, 0x89,
    0x43, 0x89, 0x43, 0x89, 0x43, 0x89, 0x43, 0x89, 0x43, 0x89, 0x43, 0x89, 0x43, 0x89, 0x43, 0x89, 0x43, 0x89, 0x43,
    0x89, 0x43, 0x89, 0x43, 0x89, 0x43, 0x89, 0x43, 0x89, 0x43, 0x89, 0x43, 0x89, 0x43, 0x69, 0xFE, 0x69, 0xFE, 0x69,
    0xFE, 0x69, 0xFE, 0x69, 0xFE, 0x69, 0xFE, 0x69, 0xFE, 0x69, 0xFE, 0x69, 0xFE, 0x69, 0xFE, 0x69, 0xFE, 0x69, 0xFE,
    0x69, 0xFE, 0x69, 0xFE, 0x69, 0xFE, 0x69, 0xFE, 0x69, 0xFE, 0x69, 0xFE, 0x69, 0xFE, 0x69, 0xFE, 0x69, 0xFE, 0x69,
    0xFE, 0x69, 0xFE, 0x69, 0xFE, 0x69, 0xFE, 0x69, 0xFE, 0x69, 0xFE, 0x69, 0xFE, 0x69, 0xFE, 0x69, 0xFE, 0x69, 0xFE,
    0x69, 0xFE, 0x69, 0xFE, 0x69, 0xFE, 0x69, 0xFE, 0x69, 0xFE, 0x69, 0xFE, 0x69, 0xFE, 0x69, 0xFE, 0x69, 0xFE, 0x69,
    0xFE, 0x69, 0xFE, 0x69, 0xFE, 0x69, 0xFE, 0x69, 0xFE, 0x69, 0xFE, 0x69, 0xFE, 0x69, 0xFE, 0x69, 0xFE, 0x69, 0xFE,
    0x69, 0xFE, 0x69, 0xFE, 0x69, 0xFE, 0x69, 0xFE, 0x69, 0xFE, 0x69, 0xFE, 0x69, 0xFE, 0x69, 0xFE, 0x69, 0xFE, 0x69,
    0xFE, 0x69, 0xFE, 0x69, 0xFE, 0x69, 0xFE, 0x69, 0xFE, 0x69, 0xFE, 0x69, 0xFE, 0x69, 0xFE, 0x69, 0xFE, 0x69, 0xFE,
    0x69, 0xFE, 0x69, 0xFE, 0x69, 0xFE, 0x69, 0xFE, 0x69, 0xFE, 0x69, 0xFE, 0x69, 0xFE, 0x69, 0xFE, 0x69, 0xFE, 0x69,
    0xFE, 0x69, 0xFE, 0x69, 0xFE, 0x69, 0xFE, 0x69, 0xFE, 0x69, 0xFE, 0x69, 0xFE, 0x69, 0xFE, 0x69, 0xFE, 0x69, 0xFE,
    0x69, 0xFE, 0x69, 0xFE, 0x69, 0xFE, 0x69, 0xFE, 0x69, 0xFE, 0x69, 0xFE, 0x69, 0xFE, 0x69, 0xFE, 0x69, 0xFE, 0x69,
    0xFE, 0x69, 0xFE, 0x69, 0xFE, 0x69, 0xFE, 0x69, 0xFE, 0x69, 0xFE, 0x69, 0xFE, 0x69, 0xFE, 0x69, 0xFE, 0x69, 0xFE,
    0x69, 0xFE, 0x69, 0xFE, 0x69, 0xFE, 0x69, 0xFE, 0x69, 0xFE, 0x69, 0xFE, 0x69, 0xFE, 0x69, 0xFE, 0x69, 0xFE, 0x69,
    0xFE, 0x69, 0xFE, 0x69, 0xFE, 0x69, 0xFE, 0x69, 0xFE, 0x69, 0xFE, 0x69, 0xFE, 0x69, 0xFE, 0x69, 0xFE, 0x69, 0xFE,
    0x69, 0xFE, 0x69, 0xFE, 0x69, 0xFE, 0x69, 0xFE, 0x69, 0xFE, 0x69, 0xFE, 0x69, 0xFE, 0x69, 0xFE, 0x89, 0x43, 0x89,
    0x43, 0x89, 0x43, 0x89, 0x43, 0x89, 0x43, 0x89, 0x43, 0x89, 0x43, 0x89, 0x43, 0x89, 0x43, 0x89, 0x43, 0x89, 0x43,
    0x89, 0x43, 0x89, 0x43, 0x89, 0x43, 0x89, 0x43, 0x89, 0x43, 0x89, 0x43, 0x89, 0x43, 0x89, 0x43, 0x89, 0x43, 0x89,
    0x43, 0x89, 0x43, 0x89, 0x43, 0x89, 0x43, 0x89, 0x43, 0x89, 0x43, 0x89, 0x43, 0x89, 0x43, 0x89, 0x43, 0x89, 0x43,
    0x89, 0x43, 0x89, 0x43, 0x89, 0x43, 0x89, 0x43, 0x89, 0x43, 0x89, 0x43, 0x89, 0x43, 0x89, 0x43, 0x89, 0x43, 0x89,
    0x43, 0x89, 0x43, 0x89, 0x43, 0x89, 0x43, 0x89, 0x43, 0x89, 0x43, 0x89, 0x43, 0x89, 0x43, 0x89, 0x43, 0x89, 0x43,
    0x89, 0x43, 0x89, 0x43, 0x89, 0x43, 0x89, 0x43, 0x89, 0x43, 0x89, 0x43, 0x89, 0x43, 0x89, 0x43, 0x89, 0x43, 0x89,
    0x43, 0x89, 0x43, 0x89, 0x43, 0x89, 0x43, 0x89, 0x43, 0x89, 0x43, 0x89, 0x43, 0x89, 0x43, 0x89, 0x43, 0x89, 0x43,
    0x89, 0x43, 0x89, 0x43, 0x89, 0x43, 0x89, 0x43, 0x89, 0x43, 0x89, 0x43, 0x89, 0x43, 0x89, 0x43, 0x89, 0x43, 0x89,
    0x43, 0x89, 0x43, 0x89, 0x43, 0x89, 0x43, 0x89, 0x43, 0x89, 0x43, 0x89, 0x43, 0x89, 0x43, 0x89, 0x43, 0x89, 0x43,
    0x89, 0x43, 0x89, 0x43, 0x89, 0x43, 0x89, 0x43, 0x89, 0x43, 0x89, 0x43, 0x89, 0x43, 0x89, 0x43, 0x89, 0x43, 0x89,
    0x43, 0x89, 0x43, 0x89, 0x43, 0x89, 0x43, 0x89, 0x43, 0x89, 0x43, 0x89, 0x43, 0x89, 0x43, 0x89, 0x43, 0x89, 0x43,
    0x69, 0xFE, 0x69, 0xFE, 0x69, 0xFE, 0x69, 0xFE, 0x69, 0xFE, 0x69, 0xFE, 0x69, 0xFE, 0x69, 0xFE, 0x69, 0xFE, 0x69,
    0xFE, 0x69, 0xFE, 0x69, 0xFE, 0x69, 0xFE, 0x69, 0xFE, 0x69, 0xFE, 0x69, 0xFE, 0x69, 0xFE, 0x69, 0xFE, 0x69, 0xFE,
    0x69, 0xFE, 0x69, 0xFE, 0x69, 0xFE, 0x69, 0xFE, 0x69, 0xFE, 0x69, 0xFE, 0x69, 0xFE, 0x69, 0xFE, 0x69, 0xFE, 0x69,
    0xFE, 0x69, 0xFE, 0x69, 0xFE, 0x69, 0xFE, 0x69, 0xFE, 0x69, 0xFE, 0x69, 0xFE, 0x69, 0xFE, 0x69, 0xFE, 0x69, 0xFE,
    0x69, 0xFE, 0x69, 0xFE, 0x69, 0xFE, 0x69, 0xFE, 0x69, 0xFE, 0x69, 0xFE, 0x69, 0xFE, 0x69, 0xFE, 0x69, 0xFE, 0x69,
    0xFE, 0x69, 0xFE, 0x69, 0xFE, 0x69, 0xFE, 0x69, 0xFE, 0x69, 0xFE, 0x69, 0xFE, 0x69, 0xFE, 0x69, 0xFE, 0x69, 0xFE,
    0x69, 0xFE, 0x69, 0xFE, 0x69, 0xFE, 0x69, 0xFE, 0x69, 0xFE, 0x69, 0xFE, 0x69, 0xFE, 0x69, 0xFE, 0x69, 0xFE, 0x69,
    0xFE, 0x69, 0xFE, 0x69, 0xFE, 0x69, 0xFE, 0x69, 0xFE, 0x69, 0xFE, 0x69, 0xFE, 0x69, 0xFE, 0x69, 0xFE, 0x69, 0xFE,
    0x69, 0xFE, 0x69, 0xFE, 0x69, 0xFE, 0x69, 0xFE, 0x69, 0xFE, 0x69, 0xFE, 0x69, 0xFE, 0x69, 0xFE, 0x69, 0xFE, 0x69,
    0xFE, 0x69, 0xFE, 0x69, 0xFE, 0x69, 0xFE, 0x69, 0xFE, 0x69, 0xFE, 0x69, 0xFE, 0x69, 0xFE, 0x69, 0xFE, 0x69, 0xFE,
    0x69, 0xFE, 0x69, 0xFE, 0x69, 0xFE, 0x69, 0xFE, 0x69, 0xFE, 0x69, 0xFE, 0x69, 0xFE, 0x69, 0xFE, 0x69, 0xFE, 0x69,
    0xFE, 0x69, 0xFE, 0x69, 0xFE, 0x69, 0xFE, 0x69, 0xFE, 0x69, 0xFE, 0x69, 0xFE, 0x69, 0xFE, 0x69, 0xFE, 0x69, 0xFE,
    0x69, 0xFE, 0x69, 0xFE, 0x69, 0xFE, 0x69, 0xFE, 0x69, 0xFE, 0x69, 0xFE, 0x69, 0xFE, 0x69, 0xFE, 0x69, 0xFE, 0x69,
    0xFE, 0x69, 0xFE, 0x69, 0xFE, 0x69, 0xFE, 0x69, 0xFE, 0x69, 0xFE, 0x69, 0xFE, 0x69, 0xFE, 0x69, 0xFE, 0x69, 0xFE,
    0x69, 0xFE, 0x89, 0x43, 0x89, 0x43, 0x89, 0x43, 0x89, 0x43, 0x89, 0x43, 0x89, 0x43, 0x89, 0x43, 0x89, 0x43, 0x89,
    0x43, 0x89, 0x43, 0x89, 0x43, 0x89, 0x43, 0x89, 0x43, 0x89, 0x43, 0x89, 0x43, 0x89, 0x43, 0x89, 0x43, 0x89, 0x43,
    0x89, 0x43, 0x89, 0x43, 0x89, 0x43, 0x89, 0x43, 0x89, 0x43, 0x89, 0x43, 0x89, 0x43, 0x89, 0x43, 0x89, 0x43, 0x89,
    0x43, 0x89, 0x43, 0x89, 0x43, 0x89, 0x43, 0x89, 0x43, 0x89, 0x43, 0x89, 0x43, 0x89, 0x43, 0x89, 0x43, 0x89, 0x43,
    0x89, 0x43, 0x89, 0x43, 0x89, 0x43, 0x89, 0x43, 0x89, 0x43, 0x89, 0x43, 0x89, 0x43, 0x89, 0x43, 0x89, 0x43, 0x89,
    0x43, 0x89, 0x43, 0x89, 0x43, 0x89, 0x43, 0x89, 0x43, 0x89, 0x43, 0x89, 0x43, 0x89, 0x43, 0x89, 0x43, 0x89, 0x43,
    0x89, 0x43, 0x89, 0x43, 0x89, 0x43, 0x89, 0x43, 0x89, 0x43, 0x89, 0x43, 0x89, 0x43, 0x89, 0x43, 0x89, 0x43, 0x89,
    0x43, 0x89, 0x43, 0x89, 0x43, 0x89, 0x43, 0x89, 0x43, 0x89, 0x43, 0x89, 0x43, 0x89, 0x43, 0x89, 0x43, 0x89, 0x43,
    0x89, 0x43, 0x89, 0x43, 0x89, 0x43, 0x89, 0x43, 0x89, 0x43, 0x89, 0x43, 0x89, 0x43, 0x89, 0x43, 0x89, 0x43, 0x89,
    0x43, 0x89, 0x43, 0x89, 0x43, 0x89, 0x43, 0x89, 0x43, 0x89, 0x43, 0x89, 0x43, 0x89, 0x43, 0x89, 0x43, 0x89, 0x43,
    0x89, 0x43, 0x89, 0x43, 0x89, 0x43, 0x89, 0x43, 0x89, 0x43, 0x89, 0x43, 0x89, 0x43, 0x89, 0x43, 0x89, 0x43, 0x89,
    0x43, 0x89, 0x43, 0x89, 0x43, 0x89, 0x43, 0x89, 0x43, 0x89, 0x43, 0x89, 0x43, 0x69, 0xFE, 0x69, 0xFE, 0x69, 0xFE,
    0x69, 0xFE, 0x69, 0xFE, 0x69, 0xFE, 0x69, 0xFE, 0x69, 0xFE, 0x69, 0xFE, 0x69, 0xFE, 0x69, 0xFE, 0x69, 0xFE, 0x69,
    0xFE, 0x69, 0xFE, 0x69, 0xFE, 0x69, 0xFE, 0x69, 0xFE, 0x69, 0xFE, 0x69, 0xFE, 0x69, 0xFE, 0x69, 0xFE, 0x69, 0xFE,
    0x69, 0xFE, 0x69, 0xFE, 0x69, 0xFE, 0x69, 0xFE, 0x69, 0xFE, 0x69, 0xFE, 0x69, 0xFE, 0x69, 0xFE, 0x69, 0xFE, 0x69,
    0xFE, 0x69, 0xFE, 0x69, 0xFE, 0x69, 0xFE, 0x69, 0xFE, 0x69, 0xFE, 0x69, 0xFE, 0x69, 0xFE, 0x69, 0xFE, 0x69, 0xFE,
    0x69, 0xFE, 0x69, 0xFE, 0x69, 0xFE, 0x69, 0xFE, 0x69, 0xFE, 0x69, 0xFE, 0x69, 0xFE, 0x69, 0xFE, 0x69, 0xFE, 0x69,
    0xFE, 0x69, 0xFE, 0x69, 0xFE, 0x69, 0xFE, 0x69, 0xFE, 0x69, 0xFE, 0x69, 0xFE, 0x69, 0xFE, 0x69, 0xFE, 0x69, 0xFE,
    0x69, 0xFE, 0x69, 0xFE, 0x69, 0xFE, 0x69, 0xFE, 0x69, 0xFE, 0x69, 0xFE, 0x69, 0xFE, 0x69, 0xFE, 0x69, 0xFE, 0x69,
    0xFE, 0x69, 0xFE, 0x69, 0xFE, 0x69, 0xFE, 0x69, 0xFE, 0x69, 0xFE, 0x69, 0xFE, 0x69, 0xFE, 0x69, 0xFE, 0x69, 0xFE,
    0x69, 0xFE, 0x69, 0xFE, 0x69, 0xFE, 0x69, 0xFE, 0x69, 0xFE, 0x69, 0xFE, 0x69, 0xFE, 0x69, 0xFE, 0x69, 0xFE, 0x69,
    0xFE, 0x69, 0xFE, 0x69, 0xFE, 0x69, 0xFE, 0x69, 0xFE, 0x69, 0xFE, 0x69, 0xFE, 0x69, 0xFE, 0x69, 0xFE, 0x69, 0xFE,
    0x69, 0xFE, 0x69, 0xFE, 0x69, 0xFE, 0x69, 0xFE, 0x69, 0xFE, 0x69, 0xFE, 0x69, 0xFE, 0x69, 0xFE, 0x69, 0xFE, 0x69,
    0xFE, 0x69, 0xFE, 0x69, 0xFE, 0x69, 0xFE, 0x69, 0xFE, 0x69, 0xFE, 0x69, 0xFE, 0x69, 0xFE, 0x69, 0xFE, 0x69, 0xFE,
    0x69, 0xFE, 0x69, 0xFE, 0x69, 0xFE, 0x69, 0xFE, 0x69, 0xFE, 0x69, 0xFE, 0x69, 0xFE, 0x69, 0xFE, 0x69, 0xFE, 0x89,
    0x43, 0x89, 0x43, 0x89, 0x43, 0x89, 0x43, 0x89, 0x43, 0x89, 0x43, 0x89, 0x43, 0x89, 0x43, 0x89, 0x43, 0x89, 0x43,
    0x89, 0x43, 0x89, 0x43, 0x89, 0x43, 0x89, 0x43, 0x89, 0x43, 0x89, 0x43, 0x89, 0x43, 0x89, 0x43, 0x89, 0x43, 0x89,
    0x43, 0x89, 0x43, 0x89, 0x43, 0x89, 0x43, 0x89, 0x43, 0x89, 0x43, 0x89, 0x43, 0x89, 0x43, 0x89, 0x43, 0x89, 0x43,
    0x89, 0x43, 0x89, 0x43, 0x89, 0x43, 0x89, 0x43, 0x89, 0x43, 0x89, 0x43, 0x89, 0x43, 0x89, 0x43, 0x89, 0x43, 0x89,
    0x43, 0x89, 0x43, 0x89, 0x43, 0x89, 0x43, 0x89, 0x43, 0x89, 0x43, 0x89, 0x43, 0x89, 0x43, 0x89, 0x43, 0x89, 0x43,
    0x89, 0x43, 0x89, 0x43, 0x89, 0x43, 0x89, 0x43, 0x89, 0x43, 0x89, 0x43, 0x89, 0x43, 0x89, 0x43, 0x89, 0x43, 0x89,
    0x43, 0x89, 0x43, 0x89, 0x43, 0x89, 0x43, 0x89, 0x43, 0x89, 0x43, 0x89, 0x43, 0x89, 0x43, 0x89, 0x43, 0x89, 0x43,
    0x89, 0x43, 0x89, 0x43, 0x89, 0x43, 0x89, 0x43, 0x89, 0x43, 0x89, 0x43, 0x89, 0x43, 0x89, 0x43, 0x89, 0x43, 0x89,
    0x43, 0x89, 0x43, 0x89, 0x43, 0x89, 0x43, 0x89, 0x43, 0x89, 0x43, 0x89, 0x43, 0x89, 0x43, 0x89, 0x43, 0x89, 0x43,
    0x89, 0x43, 0x89, 0x43, 0x89, 0x43, 0x89, 0x43, 0x89, 0x43, 0x89, 0x43, 0x89, 0x43, 0x89, 0x43, 0x89, 0x43, 0x89,
    0x43, 0x89, 0x43, 0x89, 0x43, 0x89, 0x43, 0x89, 0x43, 0x89, 0x43, 0x89, 0x43, 0x89, 0x43, 0x89, 0x43, 0x89, 0x43,
    0x89, 0x43, 0x89, 0x43, 0x89, 0x43, 0x89, 0x43, 0x89, 0x43, 0x89, 0x43, 0x89, 0x43, 0x89, 0x43, 0x89, 0x43, 0x69,
    0xFE, 0x69, 0xFE, 0x69, 0xFE, 0x69, 0xFE, 0x69, 0xFE, 0x69, 0xFE, 0x69, 0xFE, 0x69, 0xFE, 0x69, 0xFE, 0x69, 0xFE,
    0x69, 0xFE, 0x69, 0xFE, 0x69, 0xFE, 0x69, 0xFE, 0x69, 0xFE, 0x69, 0xFE, 0x69, 0xFE, 0x69, 0xFE, 0x69, 0xFE, 0x69,
    0xFE, 0x69, 0xFE, 0x69, 0xFE, 0x69, 0xFE, 0x69, 0xFE, 0x69, 0xFE, 0x69, 0xFE, 0x69, 0xFE, 0x69, 0xFE, 0x69, 0xFE,
    0x69, 0xFE, 0x69, 0xFE, 0x69, 0xFE, 0x69, 0xFE, 0x69, 0xFE, 0x69, 0xFE, 0x69, 0xFE, 0x69, 0xFE, 0x69, 0xFE, 0x69,
    0xFE, 0x69, 0xFE, 0x69, 0xFE, 0x69, 0xFE, 0x69, 0xFE, 0x69, 0xFE, 0x69, 0xFE, 0x69, 0xFE, 0x69, 0xFE, 0x69, 0xFE,
    0x69, 0xFE, 0x69, 0xFE, 0x69, 0xFE, 0x69, 0xFE, 0x69, 0xFE, 0x69, 0xFE, 0x69, 0xFE, 0x69, 0xFE, 0x69, 0xFE, 0x69,
    0xFE, 0x69, 0xFE, 0x69, 0xFE, 0x69, 0xFE, 0x69, 0xFE, 0x69, 0xFE, 0x69, 0xFE, 0x69, 0xFE, 0x69, 0xFE, 0x69, 0xFE,
    0x69, 0xFE, 0x69, 0xFE, 0x69, 0xFE, 0x69, 0xFE, 0x69, 0xFE, 0x69, 0xFE, 0x69, 0xFE, 0x69, 0xFE, 0x69, 0xFE, 0x69,
    0xFE, 0x69, 0xFE, 0x69, 0xFE, 0x69, 0xFE, 0x69, 0xFE, 0x69, 0xFE, 0x69, 0xFE, 0x69, 0xFE, 0x69, 0xFE, 0x69, 0xFE,
    0x69, 0xFE, 0x69, 0xFE, 0x69, 0xFE, 0x69, 0xFE, 0x69, 0xFE, 0x69, 0xFE, 0x69, 0xFE, 0x69, 0xFE, 0x69, 0xFE, 0x69,
    0xFE, 0x69, 0xFE, 0x69, 0xFE, 0x69, 0xFE, 0x69, 0xFE, 0x69, 0xFE, 0x69, 0xFE, 0x69, 0xFE, 0x69, 0xFE, 0x69, 0xFE,
    0x69, 0xFE, 0x69, 0xFE, 0x69, 0xFE, 0x69, 0xFE, 0x69, 0xFE, 0x69, 0xFE, 0x69, 0xFE, 0x69, 0xFE, 0x69, 0xFE, 0x69,
    0xFE, 0x69, 0xFE, 0x69, 0xFE, 0x69, 0xFE, 0x69, 0xFE, 0x69, 0xFE, 0x69, 0xFE, 0x69, 0xFE, 0x69, 0xFE, 0x69, 0xFE,
    0x69, 0xFE, 0x69, 0xFE, 0x89, 0x43, 0x89, 0x43, 0x89, 0x43, 0x89, 0x43, 0x89, 0x43, 0x89, 0x43, 0x89, 0x43, 0x89,
    0x43, 0x89, 0x43, 0x89, 0x43, 0x89, 0x43, 0x89, 0x43, 0x89, 0x43, 0x89, 0x43, 0x89, 0x43, 0x89, 0x43, 0x89, 0x43,
    0x89, 0x43, 0x89, 0x43, 0x89, 0x43, 0x89, 0x43, 0x89, 0x43, 0x89, 0x43, 0x89, 0x43, 0x89, 0x43, 0x89, 0x43, 0x89,
    0x43, 0x89, 0x43, 0x89, 0x43, 0x89, 0x43, 0x89, 0x43, 0x89, 0x43, 0x89, 0x43, 0x89, 0x43, 0x89, 0x43, 0x89, 0x43,
    0x89, 0x43, 0x89, 0x43, 0x89, 0x43, 0x89, 0x43, 0x89, 0x43, 0x89, 0x43, 0x89, 0x43, 0x89, 0x43, 0x89, 0x43, 0x89,
    0x43, 0x89, 0x43, 0x89, 0x43, 0x89, 0x43, 0x89, 0x43, 0x89, 0x43, 0x89, 0x43, 0x89, 0x43, 0x89, 0x43, 0x89, 0x43,
    0x89, 0x43, 0x89, 0x43, 0x89, 0x43, 0x89, 0x43, 0x89, 0x43, 0x89, 0x43, 0x89, 0x43, 0x89, 0x43, 0x89, 0x43, 0x89,
    0x43, 0x89, 0x43, 0x89, 0x43, 0x89, 0x43, 0x89, 0x43, 0x89, 0x43, 0x89, 0x43, 0x89, 0x43, 0x89, 0x43, 0x89, 0x43,
    0x89, 0x43, 0x89, 0x43, 0x89, 0x43, 0x89, 0x43, 0x89, 0x43, 0x89, 0x43, 0x89, 0x43, 0x89, 0x43, 0x89, 0x43, 0x89,
    0x43, 0x89, 0x43, 0x89, 0x43, 0x89, 0x43, 0x89, 0x43, 0x89, 0x43, 0x89, 0x43, 0x89, 0x43, 0x89, 0x43, 0x89, 0x43,
    0x89, 0x43, 0x89, 0x43, 0x89, 0x43, 0x89, 0x43, 0x89, 0x43, 0x89, 0x43, 0x89, 0x43, 0x89, 0x43, 0x89, 0x43, 0x89,
    0x43, 0x89, 0x43, 0x89, 0x43, 0x89, 0x43, 0x89, 0x43, 0x89, 0x43, 0x89, 0x43, 0x89, 0x43, 0x89, 0x43, 0x89, 0x43,
    0x89, 0x43, 0x89, 0x43, 0x69, 0xFE, 0x69, 0xFE, 0x69, 0xFE, 0x69, 0xFE, 0x69, 0xFE, 0x69, 0xFE, 0x69, 0xFE, 0x69,
    0xFE, 0x69, 0xFE, 0x69, 0xFE, 0x69, 0xFE, 0x69, 0xFE, 0x69, 0xFE, 0x69, 0xFE, 0x69, 0xFE, 0x69, 0xFE, 0x69, 0xFE,
    0x69, 0xFE, 0x69, 0xFE, 0x69, 0xFE, 0x69, 0xFE, 0x69, 0xFE, 0x69, 0xFE, 0x69, 0xFE, 0x69, 0xFE, 0x69, 0xFE, 0x69,
    0xFE, 0x69, 0xFE, 0x69, 0xFE, 0x69, 0xFE, 0x69, 0xFE, 0x69, 0xFE, 0x69, 0xFE, 0x69, 0xFE, 0x69, 0xFE, 0x69, 0xFE,
    0x69, 0xFE, 0x69, 0xFE, 0x69, 0xFE, 0x69, 0xFE, 0x69, 0xFE, 0x69, 0xFE, 0x69, 0xFE, 0x69, 0xFE, 0x69, 0xFE, 0x69,
    0xFE, 0x69, 0xFE, 0x69, 0xFE, 0x69, 0xFE, 0x69, 0xFE, 0x69, 0xFE, 0x69, 0xFE, 0x69, 0xFE, 0x69, 0xFE, 0x69, 0xFE,
    0x69, 0xFE, 0x69, 0xFE, 0x69, 0xFE, 0x69, 0xFE, 0x69, 0xFE, 0x69, 0xFE, 0x69, 0xFE, 0x69, 0xFE, 0x69, 0xFE, 0x69,
    0xFE, 0x69, 0xFE, 0x69, 0xFE, 0x69, 0xFE, 0x69, 0xFE, 0x69, 0xFE, 0x69, 0xFE, 0x69, 0xFE, 0x69, 0xFE, 0x69, 0xFE,
    0x69, 0xFE, 0x69, 0xFE, 0x69, 0xFE, 0x69, 0xFE, 0x69, 0xFE, 0x69, 0xFE, 0x69, 0xFE, 0x69, 0xFE, 0x69, 0xFE, 0x69,
    0xFE, 0x69, 0xFE, 0x69, 0xFE, 0x69, 0xFE, 0x69, 0xFE, 0x69, 0xFE, 0x69, 0xFE, 0x69, 0xFE, 0x69, 0xFE, 0x69, 0xFE,
    0x69, 0xFE, 0x69, 0xFE, 0x69, 0xFE, 0x69, 0xFE, 0x69, 0xFE, 0x69, 0xFE, 0x69, 0xFE, 0x69, 0xFE, 0x69, 0xFE, 0x69,
    0xFE, 0x69, 0xFE, 0x69, 0xFE, 0x69, 0xFE, 0x69, 0xFE, 0x69, 0xFE, 0x69, 0xFE, 0x69, 0xFE, 0x69, 0xFE, 0x69, 0xFE,
    0x69, 0xFE, 0x69, 0xFE, 0x69, 0xFE, 0x69, 0xFE, 0x69, 0xFE, 0x69, 0xFE, 0x69, 0xFE, 0x69, 0xFE, 0x69, 0xFE, 0x69,
    0xFE, 0x69, 0xFE, 0x69, 0xFE, 0x69, 0xFE, 0x69, 0xFE, 0x89, 0x43, 0x89, 0x43, 0x89, 0x43, 0x89, 0x43, 0x89, 0x43,
    0x89, 0x43, 0x89, 0x43, 0x89, 0x43, 0x89, 0x43, 0x89, 0x43, 0x89, 0x43, 0x89, 0x43, 0x89, 0x43, 0x89, 0x43, 0x89,
    0x43, 0x89, 0x43, 0x89, 0x43, 0x89, 0x43, 0x89, 0x43, 0x89, 0x43, 0x89, 0x43, 0x89, 0x43, 0x89, 0x43, 0x89, 0x43,
    0x89, 0x43, 0x89, 0x43, 0x89, 0x43, 0x89, 0x43, 0x89, 0x43, 0x89, 0x43, 0x89, 0x43, 0x89, 0x43, 0x89, 0x43, 0x89,
    0x43, 0x89, 0x43, 0x89, 0x43, 0x89, 0x43, 0x89, 0x43, 0x89, 0x43, 0x89, 0x43, 0x89, 0x43, 0x89, 0x43, 0x89, 0x43,
    0x89, 0x43, 0x89, 0x43, 0x89, 0x43, 0x89, 0x43, 0x89, 0x43, 0x89, 0x43, 0x89, 0x43, 0x89, 0x43, 0x89, 0x43, 0x89,
    0x43, 0x89, 0x43, 0x89, 0x43, 0x89, 0x43, 0x89, 0x43, 0x89, 0x43, 0x89, 0x43, 0x89, 0x43, 0x89, 0x43, 0x89, 0x43,
    0x89, 0x43, 0x89, 0x43, 0x89, 0x43, 0x89, 0x43, 0x89, 0x43, 0x89, 0x43, 0x89, 0x43, 0x89, 0x43, 0x89, 0x43, 0x89,
    0x43, 0x89, 0x43, 0x89, 0x43, 0x89, 0x43, 0x89, 0x43, 0x89, 0x43, 0x89, 0x43, 0x89, 0x43, 0x89, 0x43, 0x89, 0x43,
    0x89, 0x43, 0x89, 0x43, 0x89, 0x43, 0x89, 0x43, 0x89, 0x43, 0x89, 0x43, 0x89, 0x43, 0x89, 0x43, 0x89, 0x43, 0x89,
    0x43, 0x89, 0x43, 0x89, 0x43, 0x89, 0x43, 0x89, 0x43, 0x89, 0x43, 0x89, 0x43, 0x89, 0x43, 0x89, 0x43, 0x89, 0x43,
    0x89, 0x43, 0x89, 0x43, 0x89, 0x43, 0x89, 0x43, 0x89, 0x43, 0x89, 0x43, 0x89, 0x43, 0x89, 0x43, 0x89, 0x43, 0x89,
    0x43, 0x89, 0x43, 0x89, 0x43, 0x89, 0x43, 0x89, 0x43, 0x69, 0xFE, 0x69, 0xFE, 0x69, 0xFE, 0x69, 0xFE, 0x69, 0xFE,
    0x69, 0xFE, 0x69, 0xFE, 0x69, 0xFE, 0x69, 0xFE, 0x69, 0xFE, 0x69, 0xFE, 0x69, 0xFE, 0x69, 0xFE, 0x69, 0xFE, 0x69,
    0xFE, 0x69, 0xFE, 0x69, 0xFE, 0x69, 0xFE, 0x69, 0xFE, 0x69, 0xFE, 0x69, 0xFE, 0x69, 0xFE, 0x69, 0xFE, 0x69, 0xFE,
    0x69, 0xFE, 0x69, 0xFE, 0x69, 0xFE, 0x69, 0xFE, 0x69, 0xFE, 0x69, 0xFE, 0x69, 0xFE, 0x69, 0xFE, 0x69, 0xFE, 0x69,
    0xFE, 0x69, 0xFE, 0x69, 0xFE, 0x69, 0xFE, 0x69, 0xFE, 0x69, 0xFE, 0x69, 0xFE, 0x69, 0xFE, 0x69, 0xFE, 0x69, 0xFE,
    0x69, 0xFE, 0x69, 0xFE, 0x69, 0xFE, 0x69, 0xFE, 0x69, 0xFE, 0x69, 0xFE, 0x69, 0xFE, 0x69, 0xFE, 0x69, 0xFE, 0x69,
    0xFE, 0x69, 0xFE, 0x69, 0xFE, 0x69, 0xFE, 0x69, 0xFE, 0x69, 0xFE, 0x69, 0xFE, 0x69, 0xFE, 0x69, 0xFE, 0x69, 0xFE,
    0x69, 0xFE, 0x69, 0xFE, 0x69, 0xFE, 0x69, 0xFE, 0x69, 0xFE, 0x69, 0xFE, 0x69, 0xFE, 0x69, 0xFE, 0x69, 0xFE, 0x69,
    0xFE, 0x69, 0xFE, 0x69, 0xFE, 0x69, 0xFE, 0x69, 0xFE, 0x69, 0xFE, 0x69, 0xFE, 0x69, 0xFE, 0x69, 0xFE, 0x69, 0xFE,
    0x69, 0xFE, 0x69, 0xFE, 0x69, 0xFE, 0x69, 0xFE, 0x69, 0xFE, 0x69, 0xFE, 0x69, 0xFE, 0x69, 0xFE, 0x69, 0xFE, 0x69,
    0xFE, 0x69, 0xFE, 0x69, 0xFE, 0x69, 0xFE, 0x69, 0xFE, 0x69, 0xFE, 0x69, 0xFE, 0x69, 0xFE, 0x69, 0xFE, 0x69, 0xFE,
    0x69, 0xFE, 0x69, 0xFE, 0x69, 0xFE, 0x69, 0xFE, 0x69, 0xFE, 0x69, 0xFE, 0x69, 0xFE, 0x69, 0xFE, 0x69, 0xFE, 0x69,
    0xFE, 0x69, 0xFE, 0x69, 0xFE, 0x69, 0xFE, 0x69, 0xFE, 0x69, 0xFE, 0x69, 0xFE, 0x69, 0xFE, 0x69, 0xFE, 0x69, 0xFE,
    0x69, 0xFE, 0x69, 0xFE, 0x69, 0xFE, 0x69, 0xFE, 0x69, 0xFE, 0x69, 0xFE, 0x69, 0xFE, 0x89, 0x43, 0x89, 0x43, 0x89,
    0x43, 0x89, 0x43, 0x89, 0x43, 0x89, 0x43, 0x89, 0x43, 0x89, 0x43, 0x89, 0x43, 0x89, 0x43, 0x89, 0x43, 0x89, 0x43,
    0x89, 0x43, 0x89, 0x43, 0x89, 0x43, 0x89, 0x43, 0x89, 0x43, 0x89, 0x43, 0x89, 0x43, 0x89, 0x43, 0x89, 0x43, 0x89,
    0x43, 0x89, 0x43, 0x89, 0x43, 0x89, 0x43, 0x89, 0x43, 0x89, 0x43, 0x89, 0x43, 0x89, 0x43, 0x89, 0x43, 0x89, 0x43,
    0x89, 0x43, 0x89, 0x43, 0x89, 0x43, 0x89, 0x43, 0x89, 0x43, 0x89, 0x43, 0x89, 0x43, 0x89, 0x43, 0x89, 0x43, 0x89,
    0x43, 0x89, 0x43, 0x89, 0x43, 0x89, 0x43, 0x89, 0x43, 0x89, 0x43, 0x89, 0x43, 0x89, 0x43, 0x89, 0x43, 0x89, 0x43,
    0x89, 0x43, 0x89, 0x43, 0x89, 0x43, 0x89, 0x43, 0x89, 0x43, 0x89, 0x43, 0x89, 0x43, 0x89, 0x43, 0x89, 0x43, 0x89,
    0x43, 0x89, 0x43, 0x89, 0x43, 0x89, 0x43, 0x89, 0x43, 0x89, 0x43, 0x89, 0x43, 0x89, 0x43, 0x89, 0x43, 0x89, 0x43,
    0x89, 0x43, 0x89, 0x43, 0x89, 0x43, 0x89, 0x43, 0x89, 0x43, 0x89, 0x43, 0x89, 0x43, 0x89, 0x43, 0x89, 0x43, 0x89,
    0x43, 0x89, 0x43, 0x89, 0x43, 0x89, 0x43, 0x89, 0x43, 0x89, 0x43, 0x89, 0x43, 0x89, 0x43, 0x89, 0x43, 0x89, 0x43,
    0x89, 0x43, 0x89, 0x43, 0x89, 0x43, 0x89, 0x43, 0x89, 0x43, 0x89, 0x43, 0x89, 0x43, 0x89, 0x43, 0x89, 0x43, 0x89,
    0x43, 0x89, 0x43, 0x89, 0x43, 0x89, 0x43, 0x89, 0x43, 0x89, 0x43, 0x89, 0x43, 0x89, 0x43, 0x89, 0x43, 0x89, 0x43,
    0x89, 0x43, 0x89, 0x43, 0x89, 0x43, 0x89, 0x43, 0x89, 0x43, 0x89, 0x43, 0x89, 0x43, 0x89, 0x43, 0x89, 0x43, 0x89,
    0x43, 0x89, 0x43, 0x89, 0x43, 0x89, 0x43, 0x69, 0xFE, 0x69, 0xFE, 0x69, 0xFE, 0x69, 0xFE, 0x69, 0xFE, 0x69, 0xFE,
    0x69, 0xFE, 0x69, 0xFE, 0x69, 0xFE, 0x69, 0xFE, 0x69, 0xFE, 0x69, 0xFE, 0x69, 0xFE, 0x69, 0xFE, 0x69, 0xFE, 0x69,
    0xFE, 0x69, 0xFE, 0x69, 0xFE, 0x69, 0xFE, 0x69, 0xFE, 0x69, 0xFE, 0x69, 0xFE, 0x69, 0xFE, 0x69, 0xFE, 0x69, 0xFE,
    0x69, 0xFE, 0x69, 0xFE, 0x69, 0xFE, 0x69, 0xFE, 0x69, 0xFE, 0x69, 0xFE, 0x69, 0xFE, 0x69, 0xFE, 0x69, 0xFE, 0x69,
    0xFE, 0x69, 0xFE, 0x69, 0xFE, 0x69, 0xFE, 0x69, 0xFE, 0x69, 0xFE, 0x69, 0xFE, 0x69, 0xFE, 0x69, 0xFE, 0x69, 0xFE,
    0x69, 0xFE, 0x69, 0xFE, 0x69, 0xFE, 0x69, 0xFE, 0x69, 0xFE, 0x69, 0xFE, 0x69, 0xFE, 0x69, 0xFE, 0x69, 0xFE, 0x69,
    0xFE, 0x69, 0xFE, 0x69, 0xFE, 0x69, 0xFE, 0x69, 0xFE, 0x69, 0xFE, 0x69, 0xFE, 0x69, 0xFE, 0x69, 0xFE, 0x69, 0xFE,
    0x69, 0xFE, 0x69, 0xFE, 0x69, 0xFE, 0x69, 0xFE, 0x69, 0xFE, 0x69, 0xFE, 0x69, 0xFE, 0x69, 0xFE, 0x69, 0xFE, 0x69,
    0xFE, 0x69, 0xFE, 0x69, 0xFE, 0x69, 0xFE, 0x69, 0xFE, 0x69, 0xFE, 0x69, 0xFE, 0x69, 0xFE, 0x69, 0xFE, 0x69, 0xFE,
    0x69, 0xFE, 0x69, 0xFE, 0x69, 0xFE, 0x69, 0xFE, 0x69, 0xFE, 0x69, 0xFE, 0x69, 0xFE, 0x69, 0xFE, 0x69, 0xFE, 0x69,
    0xFE, 0x69, 0xFE, 0x69, 0xFE, 0x69, 0xFE, 0x69, 0xFE, 0x69, 0xFE, 0x69, 0xFE, 0x69, 0xFE, 0x69, 0xFE, 0x69, 0xFE,
    0x69, 0xFE, 0x69, 0xFE, 0x69, 0xFE, 0x69, 0xFE, 0x69, 0xFE, 0x69, 0xFE, 0x69, 0xFE, 0x69, 0xFE, 0x69, 0xFE, 0x69,
    0xFE, 0x69, 0xFE, 0x69, 0xFE, 0x69, 0xFE, 0x89, 0x43, 0x89, 0x43, 0x89, 0x43, 0x89, 0x43, 0x89, 0x43, 0x89, 0x43,
    0x89, 0x43, 0x89, 0x43, 0x89, 0x43, 0x89, 0x43, 0x89, 0x43, 0x89, 0x43, 0x89, 0x43, 0x89, 0x43, 0x89, 0x43, 0x89,
    0x43, 0x89, 0x43, 0x89, 0x43, 0x89, 0x43, 0x89, 0x43, 0x89, 0x43, 0x89, 0x43, 0x89, 0x43, 0x89, 0x43, 0x89, 0x43,
    0x89, 0x43, 0x89, 0x43, 0x89, 0x43, 0x89, 0x43, 0x89, 0x43, 0x89, 0x43, 0x89, 0x43, 0x89, 0x43, 0x89, 0x43, 0x89,
    0x43, 0x89, 0x43, 0x89, 0x43, 0x89, 0x43, 0x89, 0x43, 0x89, 0x43, 0x89, 0x43, 0x89, 0x43, 0x89, 0x43, 0x89, 0x43,
    0x89, 0x43, 0x89, 0x43, 0x89, 0x43, 0x89, 0x43, 0x89, 0x43, 0x89, 0x43, 0x89, 0x43, 0x89, 0x43, 0x89, 0x43, 0x89,
    0x43, 0x89, 0x43, 0x89, 0x43, 0x89, 0x43, 0x89, 0x43, 0x89, 0x43, 0x89, 0x43, 0x89, 0x43, 0x89, 0x43, 0x89, 0x43,
    0x89, 0x43, 0x89, 0x43, 0x89, 0x43, 0x89, 0x43, 0x89, 0x43, 0x89, 0x43, 0x89, 0x43, 0x89, 0x43, 0x89, 0x43, 0x89,
    0x43, 0x89, 0x43, 0x89, 0x43, 0x89, 0x43, 0x89, 0x43, 0x89, 0x43, 0x89, 0x43, 0x89, 0x43, 0x89, 0x43, 0x89, 0x43,
    0x89, 0x43, 0x89, 0x43, 0x89, 0x43, 0x89, 0x43, 0x89, 0x43, 0x89, 0x43, 0x89, 0x43, 0x89, 0x43, 0x89, 0x43, 0x89,
    0x43, 0x89, 0x43, 0x89, 0x43, 0x89, 0x43, 0x89, 0x43, 0x89, 0x43, 0x89, 0x43, 0x89, 0x43, 0x89, 0x43, 0x89, 0x43,
    0x89, 0x43, 0x89, 0x43, 0x89, 0x43, 0x89, 0x43, 0x89, 0x43, 0x89, 0x43, 0x89, 0x43, 0x89, 0x43, 0x89, 0x43, 0x89,
    0x43, 0x89, 0x43, 0x89, 0x43, 0x89, 0x43, 0x89, 0x43, 0x89, 0x43, 0x89, 0x43, 0x89, 0x43, 0x89, 0x43, 0x89, 0x43,
    0x89, 0x43, 0x89, 0x43, 0x89, 0x43, 0x89, 0x43, 0x89, 0x43, 0x89, 0x43, 0x69, 0xFE, 0x69, 0xFE, 0x69, 0xFE, 0x69,
    0xFE, 0x69, 0xFE, 0x69, 0xFE, 0x69, 0xFE, 0x69, 0xFE, 0x69, 0xFE, 0x69, 0xFE, 0x69, 0xFE, 0x69, 0xFE, 0x69, 0xFE,
    0x69, 0xFE, 0x69, 0xFE, 0x69, 0xFE, 0x69, 0xFE, 0x69, 0xFE, 0x69, 0xFE, 0x69, 0xFE, 0x69, 0xFE, 0x69, 0xFE, 0x69,
    0xFE, 0x69, 0xFE, 0x69, 0xFE, 0x69, 0xFE, 0x69, 0xFE, 0x69, 0xFE, 0x69, 0xFE, 0x69, 0xFE, 0x69, 0xFE, 0x69, 0xFE,
    0x69, 0xFE, 0x69, 0xFE, 0x69, 0xFE, 0x69, 0xFE, 0x69, 0xFE, 0x69, 0xFE, 0x69, 0xFE, 0x69, 0xFE, 0x69, 0xFE, 0x69,
    0xFE, 0x69, 0xFE, 0x69, 0xFE, 0x69, 0xFE, 0x69, 0xFE, 0x69, 0xFE, 0x69, 0xFE, 0x69, 0xFE, 0x69, 0xFE, 0x69, 0xFE,
    0x69, 0xFE, 0x69, 0xFE, 0x69, 0xFE, 0x69, 0xFE, 0x69, 0xFE, 0x69, 0xFE, 0x69, 0xFE, 0x69, 0xFE, 0x69, 0xFE, 0x69,
    0xFE, 0x69, 0xFE, 0x69, 0xFE, 0x69, 0xFE, 0x69, 0xFE, 0x69, 0xFE, 0x69, 0xFE, 0x69, 0xFE, 0x69, 0xFE, 0x69, 0xFE,
    0x69, 0xFE, 0x69, 0xFE, 0x69, 0xFE, 0x69, 0xFE, 0x69, 0xFE, 0x69, 0xFE, 0x69, 0xFE, 0x69, 0xFE, 0x69, 0xFE, 0x69,
    0xFE, 0x69, 0xFE, 0x69, 0xFE, 0x69, 0xFE, 0x69, 0xFE, 0x69, 0xFE, 0x69, 0xFE, 0x69, 0xFE, 0x69, 0xFE, 0x69, 0xFE,
    0x69, 0xFE, 0x69, 0xFE, 0x69, 0xFE, 0x69, 0xFE, 0x69, 0xFE, 0x69, 0xFE, 0x69, 0xFE, 0x69, 0xFE, 0x69, 0xFE, 0x69,
    0xFE, 0x69, 0xFE, 0x69, 0xFE, 0x69, 0xFE, 0x69, 0xFE, 0x69, 0xFE, 0x69, 0xFE, 0x69, 0xFE, 0x69, 0xFE, 0x69, 0xFE,
    0x69, 0xFE, 0x69, 0xFE, 0x69, 0xFE, 0x69, 0xFE, 0x69, 0xFE, 0x69, 0xFE, 0x89, 0x43, 0x89, 0x43, 0x89, 0x43, 0x89,
    0x43, 0x89, 0x43, 0x89, 0x43, 0x89, 0x43, 0x89, 0x43, 0x89, 0x43, 0x89, 0x43, 0x89, 0x43, 0x89, 0x43, 0x89, 0x43,
    0x89, 0x43, 0x89, 0x43, 0x89, 0x43, 0x89, 0x43, 0x89, 0x43, 0x89, 0x43, 0x89, 0x43, 0x89, 0x43, 0x89, 0x43, 0x89,
    0x43, 0x89, 0x43, 0x89, 0x43, 0x89, 0x43, 0x89, 0x43, 0x89, 0x43, 0x89, 0x43, 0x89, 0x43, 0x89, 0x43, 0x89, 0x43,
    0x89, 0x43, 0x89, 0x43, 0x89, 0x43, 0x89, 0x43, 0x89, 0x43, 0x89, 0x43, 0x89, 0x43, 0x89, 0x43, 0x89, 0x43, 0x89,
    0x43, 0x89, 0x43, 0x89, 0x43, 0x89, 0x43, 0x89, 0x43, 0x89, 0x43, 0x89, 0x43, 0x89, 0x43, 0x89, 0x43, 0x89, 0x43,
    0x89, 0x43, 0x89, 0x43, 0x89, 0x43, 0x89, 0x43, 0x89, 0x43, 0x89, 0x43, 0x89, 0x43, 0x89, 0x43, 0x89, 0x43, 0x89,
    0x43, 0x89, 0x43, 0x89, 0x43, 0x89, 0x43, 0x89, 0x43, 0x89, 0x43, 0x89, 0x43, 0x89, 0x43, 0x89, 0x43, 0x89, 0x43,
    0x89, 0x43, 0x89, 0x43, 0x89, 0x43, 0x89, 0x43, 0x89, 0x43, 0x89, 0x43, 0x89, 0x43, 0x89, 0x43, 0x89, 0x43, 0x89,
    0x43, 0x89, 0x43, 0x89, 0x43, 0x89, 0x43, 0x89, 0x43, 0x89, 0x43, 0x89, 0x43, 0x89, 0x43, 0x89, 0x43, 0x89, 0x43,
    0x89, 0x43, 0x89, 0x43, 0x89, 0x43, 0x89, 0x43, 0x89, 0x43, 0x89, 0x43, 0x89, 0x43, 0x89, 0x43, 0x89, 0x43, 0x89,
    0x43, 0x89, 0x43, 0x89, 0x43, 0x89, 0x43, 0x89, 0x43, 0x89, 0x43, 0x89, 0x43, 0x89, 0x43, 0x89, 0x43, 0x89, 0x43,
    0x89, 0x43, 0x89, 0x43, 0x89, 0x43, 0x89, 0x43, 0x89, 0x43, 0x89, 0x43, 0x89, 0x43, 0x89, 0x43, 0x89, 0x43, 0x89,
    0x43, 0x89, 0x43, 0x89, 0x43, 0x89, 0x43, 0x89, 0x43, 0x89, 0x43, 0x89, 0x43, 0x89, 0x43, 0x89, 0x43, 0x69, 0xFE,
    0x69, 0xFE, 0x69, 0xFE, 0x69, 0xFE, 0x69, 0xFE, 0x69, 0xFE, 0x69, 0xFE, 0x69, 0xFE, 0x69, 0xFE, 0x69, 0xFE, 0x69,
    0xFE, 0x69, 0xFE, 0x69, 0xFE, 0x69, 0xFE, 0x69, 0xFE, 0x69, 0xFE, 0x69, 0xFE, 0x69, 0xFE, 0x69, 0xFE, 0x69, 0xFE,
    0x69, 0xFE, 0x69, 0xFE, 0x69, 0xFE, 0x69, 0xFE, 0x69, 0xFE, 0x69, 0xFE, 0x69, 0xFE, 0x69, 0xFE, 0x69, 0xFE, 0x69,
    0xFE, 0x69, 0xFE, 0x69, 0xFE, 0x69, 0xFE, 0x69, 0xFE, 0x69, 0xFE, 0x69, 0xFE, 0x69, 0xFE, 0x69, 0xFE, 0x69, 0xFE,
    0x69, 0xFE, 0x69, 0xFE, 0x69, 0xFE, 0x69, 0xFE, 0x69, 0xFE, 0x69, 0xFE, 0x69, 0xFE, 0x69, 0xFE, 0x69, 0xFE, 0x69,
    0xFE, 0x69, 0xFE, 0x69, 0xFE, 0x69, 0xFE, 0x69, 0xFE, 0x69, 0xFE, 0x69, 0xFE, 0x69, 0xFE, 0x69, 0xFE, 0x69, 0xFE,
    0x69, 0xFE, 0x69, 0xFE, 0x69, 0xFE, 0x69, 0xFE, 0x69, 0xFE, 0x69, 0xFE, 0x69, 0xFE, 0x69, 0xFE, 0x69, 0xFE, 0x69,
    0xFE, 0x69, 0xFE, 0x69, 0xFE, 0x69, 0xFE, 0x69, 0xFE, 0x69, 0xFE, 0x69, 0xFE, 0x69, 0xFE, 0x69, 0xFE, 0x69, 0xFE,
    0x69, 0xFE, 0x69, 0xFE, 0x69, 0xFE, 0x69, 0xFE, 0x69, 0xFE, 0x69, 0xFE, 0x69, 0xFE, 0x69, 0xFE, 0x69, 0xFE, 0x69,
    0xFE, 0x69, 0xFE, 0x69, 0xFE, 0x69, 0xFE, 0x69, 0xFE, 0x69, 0xFE, 0x69, 0xFE, 0x69, 0xFE, 0x69, 0xFE, 0x69, 0xFE,
    0x69, 0xFE, 0x69, 0xFE, 0x69, 0xFE, 0x69, 0xFE, 0x69, 0xFE, 0x69, 0xFE, 0x69, 0xFE, 0x69, 0xFE, 0x69, 0xFE, 0x69,
    0xFE, 0x69, 0xFE, 0x69, 0xFE, 0x69, 0xFE, 0x69, 0xFE, 0x69, 0xFE, 0x69, 0xFE, 0x69, 0xFE, 0x69, 0xFE, 0x89, 0x43,
    0x89, 0x43, 0x89, 0x43, 0x89, 0x43, 0x89, 0x43, 0x89, 0x43, 0x89, 0x43, 0x89, 0x43, 0x89, 0x43, 0x89, 0x43, 0x89,
    0x43, 0x89, 0x43, 0x89, 0x43, 0x89, 0x43, 0x89, 0x43, 0x89, 0x43, 0x89, 0x43, 0x89, 0x43, 0x89, 0x43, 0x89, 0x43,
    0x89, 0x43, 0x89, 0x43, 0x89, 0x43, 0x89, 0x43, 0x89, 0x43, 0x89, 0x43, 0x89, 0x43, 0x89, 0x43, 0x89, 0x43, 0x89,
    0x43, 0x89, 0x43, 0x89, 0x43, 0x89, 0x43, 0x89, 0x43, 0x89, 0x43, 0x89, 0x43, 0x89, 0x43, 0x89, 0x43, 0x89, 0x43,
    0x89, 0x43, 0x89, 0x43, 0x89, 0x43, 0x89, 0x43, 0x89, 0x43, 0x89, 0x43, 0x89, 0x43, 0x89, 0x43, 0x89, 0x43, 0x89,
    0x43, 0x89, 0x43, 0x89, 0x43, 0x89, 0x43, 0x89, 0x43, 0x89, 0x43, 0x89, 0x43, 0x89, 0x43, 0x89, 0x43, 0x89, 0x43,
    0x89, 0x43, 0x89, 0x43, 0x89, 0x43, 0x89, 0x43, 0x89, 0x43, 0x89, 0x43, 0x89, 0x43, 0x89, 0x43, 0x89, 0x43, 0x89,
    0x43, 0x89, 0x43, 0x89, 0x43, 0x89, 0x43, 0x89, 0x43, 0x89, 0x43, 0x89, 0x43, 0x89, 0x43, 0x89, 0x43, 0x89, 0x43,
    0x89, 0x43, 0x89, 0x43, 0x89, 0x43, 0x89, 0x43, 0x89, 0x43, 0x89, 0x43, 0x89, 0x43, 0x89, 0x43, 0x89, 0x43, 0x89,
    0x43, 0x89, 0x43, 0x89, 0x43, 0x89, 0x43, 0x89, 0x43, 0x89, 0x43, 0x89, 0x43, 0x89, 0x43, 0x89, 0x43, 0x89, 0x43,
    0x89, 0x43, 0x89, 0x43, 0x89, 0x43, 0x89, 0x43, 0x89, 0x43, 0x89, 0x43, 0x89, 0x43, 0x89, 0x43, 0x89, 0x43, 0x89,
    0x43, 0x89, 0x43, 0x89, 0x43, 0x89, 0x43, 0x89, 0x43, 0x89, 0x43, 0x89, 0x43, 0x89, 0x43, 0x89, 0x43, 0x89, 0x43,
    0x89, 0x43, 0x89, 0x43, 0x89, 0x43, 0x89, 0x43, 0x89, 0x43, 0x89, 0x43, 0x89, 0x43, 0x89, 0x43, 0x89, 0x43, 0x89,
    0x43, 0x89, 0x43, 0x89, 0x43, 0x89, 0x43, 0x89, 0x43, 0x89, 0x43, 0x89, 0x43, 0x89, 0x43, 0x89, 0x43, 0x69, 0xFE,
    0x69, 0xFE, 0x69, 0xFE, 0x69, 0xFE, 0x69, 0xFE, 0x69, 0xFE, 0x69, 0xFE, 0x69, 0xFE, 0x69, 0xFE, 0x69, 0xFE, 0x69,
    0xFE, 0x69, 0xFE, 0x69, 0xFE, 0x69, 0xFE, 0x69, 0xFE, 0x69, 0xFE, 0x69, 0xFE, 0x69, 0xFE, 0x69, 0xFE, 0x69, 0xFE,
    0x69, 0xFE, 0x69, 0xFE, 0x69, 0xFE, 0x69, 0xFE, 0x69, 0xFE, 0x69, 0xFE, 0x69, 0xFE, 0x69, 0xFE, 0x69, 0xFE, 0x69,
    0xFE, 0x69, 0xFE, 0x69, 0xFE, 0x69, 0xFE, 0x69, 0xFE, 0x69, 0xFE, 0x69, 0xFE, 0x69, 0xFE, 0x69, 0xFE, 0x69, 0xFE,
    0x69, 0xFE, 0x69, 0xFE, 0x69, 0xFE, 0x69, 0xFE, 0x69, 0xFE, 0x69, 0xFE, 0x69, 0xFE, 0x69, 0xFE, 0x69, 0xFE, 0x69,
    0xFE, 0x69, 0xFE, 0x69, 0xFE, 0x69, 0xFE, 0x69, 0xFE, 0x69, 0xFE, 0x69, 0xFE, 0x69, 0xFE, 0x69, 0xFE, 0x69, 0xFE,
    0x69, 0xFE, 0x69, 0xFE, 0x69, 0xFE, 0x69, 0xFE, 0x69, 0xFE, 0x69, 0xFE, 0x69, 0xFE, 0x69, 0xFE, 0x69, 0xFE, 0x69,
    0xFE, 0x69, 0xFE, 0x69, 0xFE, 0x69, 0xFE, 0x69, 0xFE, 0x69, 0xFE, 0x69, 0xFE, 0x69, 0xFE, 0x69, 0xFE, 0x69, 0xFE,
    0x69, 0xFE, 0x69, 0xFE, 0x69, 0xFE, 0x69, 0xFE, 0x69, 0xFE, 0x69, 0xFE, 0x69, 0xFE, 0x69, 0xFE, 0x69, 0xFE, 0x69,
    0xFE, 0x69, 0xFE, 0x69, 0xFE, 0x69, 0xFE, 0x69, 0xFE, 0x69, 0xFE, 0x69, 0xFE, 0x69, 0xFE, 0x69, 0xFE, 0x69, 0xFE,
    0x69, 0xFE, 0x69, 0xFE, 0x69, 0xFE, 0x69, 0xFE, 0x89, 0x43, 0x89, 0x43, 0x89, 0x43, 0x89, 0x43, 0x89, 0x43, 0x89,
    0x43, 0x89, 0x43, 0x89, 0x43, 0x89, 0x43, 0x89, 0x43, 0x89, 0x43, 0x89, 0x43, 0x89, 0x43, 0x89, 0x43, 0x89, 0x43,
    0x89, 0x43, 0x89, 0x43, 0x89, 0x43, 0x89, 0x43, 0x89, 0x43, 0x89, 0x43, 0x89, 0x43, 0x89, 0x43, 0x89, 0x43, 0x89,
    0x43, 0x89, 0x43, 0x89, 0x43, 0x89, 0x43, 0x89, 0x43, 0x89, 0x43, 0x89, 0x43, 0x89, 0x43, 0x89, 0x43, 0x89, 0x43,
    0x89, 0x43, 0x89, 0x43, 0x89, 0x43, 0x89, 0x43, 0x89, 0x43, 0x89, 0x43, 0x89, 0x43, 0x89, 0x43, 0x89, 0x43, 0x89,
    0x43, 0x89, 0x43, 0x89, 0x43, 0x89, 0x43, 0x89, 0x43, 0x89, 0x43, 0x89, 0x43, 0x89, 0x43, 0x89, 0x43, 0x89, 0x43,
    0x89, 0x43, 0x89, 0x43, 0x89, 0x43, 0x89, 0x43, 0x89, 0x43, 0x89, 0x43, 0x89, 0x43, 0x89, 0x43, 0x89, 0x43, 0x89,
    0x43, 0x89, 0x43, 0x89, 0x43, 0x89, 0x43, 0x89, 0x43, 0x89, 0x43, 0x89, 0x43, 0x89, 0x43, 0x89, 0x43, 0x89, 0x43,
    0x89, 0x43, 0x89, 0x43, 0x89, 0x43, 0x89, 0x43, 0x89, 0x43, 0x89, 0x43, 0x89, 0x43, 0x89, 0x43, 0x89, 0x43, 0x89,
    0x43, 0x89, 0x43, 0x89, 0x43, 0x89, 0x43, 0x89, 0x43, 0x89, 0x43, 0x89, 0x43, 0x89, 0x43, 0x89, 0x43, 0x89, 0x43,
    0x89, 0x43, 0x89, 0x43, 0x89, 0x43, 0x89, 0x43, 0x89, 0x43, 0x89, 0x43, 0x89, 0x43, 0x89, 0x43, 0x89, 0x43, 0x89,
    0x43, 0x89, 0x43, 0x89, 0x43, 0x89, 0x43, 0x89, 0x43, 0x89, 0x43, 0x89, 0x43, 0x89, 0x43, 0x89, 0x43, 0x89, 0x43,
    0x89, 0x43, 0x89, 0x43, 0x89, 0x43, 0x89, 0x43, 0x89, 0x43, 0x89, 0x43, 0x89, 0x43, 0x89, 0x43, 0x89, 0x43, 0x89,
    0x43, 0x89, 0x43, 0x89, 0x43, 0x89, 0x43, 0x89, 0x43, 0x89, 0x43, 0x89, 0x43, 0x89, 0x43, 0x89, 0x43, 0x89, 0x43,
    0x89, 0x43, 0x89, 0x43, 0x89, 0x43, 0x89, 0x43, 0x89, 0x43, 0x89, 0x43, 0x89, 0x43, 0x89, 0x43, 0x89, 0x43, 0x89,
    0x43, 0x89, 0x43, 0x69, 0xFE, 0x69, 0xFE, 0x69, 0xFE, 0x69, 0xFE, 0x69, 0xFE, 0x69, 0xFE, 0x69, 0xFE, 0x69, 0xFE,
    0x69, 0xFE, 0x69, 0xFE, 0x69, 0xFE, 0x69, 0xFE, 0x69, 0xFE, 0x69, 0xFE, 0x69, 0xFE, 0x69, 0xFE, 0x69, 0xFE, 0x69,
    0xFE, 0x69, 0xFE, 0x69, 0xFE, 0x69, 0xFE, 0x69, 0xFE, 0x69, 0xFE, 0x69, 0xFE, 0x69, 0xFE, 0x69, 0xFE, 0x69, 0xFE,
    0x69, 0xFE, 0x69, 0xFE, 0x69, 0xFE, 0x69, 0xFE, 0x69, 0xFE, 0x69, 0xFE, 0x69, 0xFE, 0x69, 0xFE, 0x69, 0xFE, 0x69,
    0xFE, 0x69, 0xFE, 0x69, 0xFE, 0x69, 0xFE, 0x69, 0xFE, 0x69, 0xFE, 0x69, 0xFE, 0x69, 0xFE, 0x69, 0xFE, 0x69, 0xFE,
    0x69, 0xFE, 0x69, 0xFE, 0x69, 0xFE, 0x69, 0xFE, 0x69, 0xFE, 0x69, 0xFE, 0x69, 0xFE, 0x69, 0xFE, 0x69, 0xFE, 0x69,
    0xFE, 0x69, 0xFE, 0x69, 0xFE, 0x69, 0xFE, 0x69, 0xFE, 0x69, 0xFE, 0x69, 0xFE, 0x69, 0xFE, 0x69, 0xFE, 0x69, 0xFE,
    0x69, 0xFE, 0x69, 0xFE, 0x69, 0xFE, 0x69, 0xFE, 0x69, 0xFE, 0x69, 0xFE, 0x69, 0xFE, 0x69, 0xFE, 0x69, 0xFE, 0x69,
    0xFE, 0x69, 0xFE, 0x69, 0xFE, 0x69, 0xFE, 0x69, 0xFE, 0x69, 0xFE, 0x69, 0xFE, 0x69, 0xFE, 0x69, 0xFE, 0x69, 0xFE,
    0x69, 0xFE, 0x69, 0xFE, 0x69, 0xFE, 0x69, 0xFE, 0x69, 0xFE, 0x69, 0xFE, 0x69, 0xFE, 0x69, 0xFE, 0x69, 0xFE, 0x69,
    0xFE, 0x69, 0xFE, 0x69, 0xFE, 0x69, 0xFE, 0x69, 0xFE, 0x69, 0xFE, 0x69, 0xFE, 0x89, 0x43, 0x89, 0x43, 0x89, 0x43,
    0x89, 0x43, 0x89, 0x43, 0x89, 0x43, 0x89, 0x43, 0x89, 0x43, 0x89, 0x43, 0x89, 0x43, 0x89, 0x43, 0x89, 0x43, 0x89,
    0x43, 0x89, 0x43, 0x89, 0x43, 0x89, 0x43, 0x89, 0x43, 0x89, 0x43, 0x89, 0x43, 0x89, 0x43, 0x89, 0x43, 0x89, 0x43,
    0x89, 0x43, 0x89, 0x43, 0x89, 0x43, 0x89, 0x43, 0x89, 0x43, 0x89, 0x43, 0x89, 0x43, 0x89, 0x43, 0x89, 0x43, 0x89,
    0x43, 0x89, 0x43, 0x89, 0x43, 0x89, 0x43, 0x89, 0x43, 0x89, 0x43, 0x89, 0x43, 0x89, 0x43, 0x89, 0x43, 0x89, 0x43,
    0x89, 0x43, 0x89, 0x43, 0x89, 0x43, 0x89, 0x43, 0x89, 0x43, 0x89, 0x43, 0x89, 0x43, 0x89, 0x43, 0x89, 0x43, 0x89,
    0x43, 0x89, 0x43, 0x89, 0x43, 0x89, 0x43, 0x89, 0x43, 0x89, 0x43, 0x89, 0x43, 0x89, 0x43, 0x89, 0x43, 0x89, 0x43,
    0x89, 0x43, 0x89, 0x43, 0x89, 0x43, 0x89, 0x43, 0x89, 0x43, 0x89, 0x43, 0x89, 0x43, 0x89, 0x43, 0x89, 0x43, 0x89,
    0x43, 0x89, 0x43, 0x89, 0x43, 0x89, 0x43, 0x89, 0x43, 0x89, 0x43, 0x89, 0x43, 0x89, 0x43, 0x89, 0x43, 0x89, 0x43,
    0x89, 0x43, 0x89, 0x43, 0x89, 0x43, 0x89, 0x43, 0x89, 0x43, 0x89, 0x43, 0x89, 0x43, 0x89, 0x43, 0x89, 0x43, 0x89,
    0x43, 0x89, 0x43, 0x89, 0x43, 0x89, 0x43, 0x89, 0x43, 0x89, 0x43, 0x89, 0x43, 0x89, 0x43, 0x89, 0x43, 0x89, 0x43,
    0x89, 0x43, 0x89, 0x43, 0x89, 0x43, 0x89, 0x43, 0x89, 0x43, 0x89, 0x43, 0x89, 0x43, 0x89, 0x43, 0x89, 0x43, 0x89,
    0x43, 0x89, 0x43, 0x89, 0x43, 0x89, 0x43, 0x89, 0x43, 0x89, 0x43, 0x89, 0x43, 0x89, 0x43, 0x89, 0x43, 0x89, 0x43,
    0x89, 0x43, 0x89, 0x43, 0x89, 0x43, 0x89, 0x43, 0x89, 0x43, 0x89, 0x43, 0x89, 0x43, 0x89, 0x43, 0x89, 0x43, 0x89,
    0x43, 0x89, 0x43, 0x89, 0x43, 0x89, 0x43, 0x89, 0x43, 0x89, 0x43, 0x89, 0x43, 0x89, 0x43, 0x89, 0x43, 0x89, 0x43,
    0x89, 0x43, 0x89, 0x43, 0x89, 0x43, 0x89, 0x43, 0x69, 0xFE, 0x69, 0xFE, 0x69, 0xFE, 0x69, 0xFE, 0x69, 0xFE, 0x69,
    0xFE, 0x69, 0xFE, 0x69, 0xFE, 0x69, 0xFE, 0x69, 0xFE, 0x69, 0xFE, 0x69, 0xFE, 0x69, 0xFE, 0x69, 0xFE, 0x69, 0xFE,
    0x69, 0xFE, 0x69, 0xFE, 0x69, 0xFE, 0x69, 0xFE, 0x69, 0xFE, 0x69, 0xFE, 0x69, 0xFE, 0x69, 0xFE, 0x69, 0xFE, 0x69,
    0xFE, 0x69, 0xFE, 0x69, 0xFE, 0x69, 0xFE, 0x69, 0xFE, 0x69, 0xFE, 0x69, 0xFE, 0x69, 0xFE, 0x69, 0xFE, 0x69, 0xFE,
    0x69, 0xFE, 0x69, 0xFE, 0x69, 0xFE, 0x69, 0xFE, 0x69, 0xFE, 0x69, 0xFE, 0x69, 0xFE, 0x69, 0xFE, 0x69, 0xFE, 0x69,
    0xFE, 0x69, 0xFE, 0x69, 0xFE, 0x69, 0xFE, 0x69, 0xFE, 0x69, 0xFE, 0x69, 0xFE, 0x69, 0xFE, 0x69, 0xFE, 0x69, 0xFE,
    0x69, 0xFE, 0x69, 0xFE, 0x69, 0xFE, 0x69, 0xFE, 0x69, 0xFE, 0x69, 0xFE, 0x69, 0xFE, 0x69, 0xFE, 0x69, 0xFE, 0x69,
    0xFE, 0x69, 0xFE, 0x69, 0xFE, 0x69, 0xFE, 0x69, 0xFE, 0x69, 0xFE, 0x69, 0xFE, 0x69, 0xFE, 0x69, 0xFE, 0x69, 0xFE,
    0x69, 0xFE, 0x69, 0xFE, 0x69, 0xFE, 0x69, 0xFE, 0x69, 0xFE, 0x69, 0xFE, 0x69, 0xFE, 0x69, 0xFE, 0x69, 0xFE, 0x69,
    0xFE, 0x69, 0xFE, 0x69, 0xFE, 0x69, 0xFE, 0x69, 0xFE, 0x69, 0xFE, 0x69, 0xFE, 0x69, 0xFE, 0x69, 0xFE, 0x69, 0xFE,
    0x69, 0xFE, 0x69, 0xFE, 0x69, 0xFE, 0x69, 0xFE, 0x69, 0xFE, 0x69, 0xFE, 0x69, 0xFE, 0x69, 0xFE, 0x69, 0xFE, 0x89,
    0x43, 0x89, 0x43, 0x89, 0x43, 0x89, 0x43, 0x89, 0x43, 0x89, 0x43, 0x89, 0x43, 0x89, 0x43, 0x89, 0x43, 0x89, 0x43,
    0x89, 0x43, 0x89, 0x43, 0x89, 0x43, 0x89, 0x43, 0x89, 0x43, 0x89, 0x43, 0x89, 0x43, 0x89, 0x43, 0x89, 0x43, 0x89,
    0x43, 0x89, 0x43, 0x89, 0x43, 0x89, 0x43, 0x89, 0x43, 0x89, 0x43, 0x89, 0x43, 0x89, 0x43, 0x89, 0x43, 0x89, 0x43,
    0x89, 0x43, 0x89, 0x43, 0x89, 0x43, 0x89, 0x43, 0x89, 0x43, 0x89, 0x43, 0x89, 0x43, 0x89, 0x43, 0x89, 0x43, 0x89,
    0x43, 0x89, 0x43, 0x89, 0x43, 0x89, 0x43, 0x89, 0x43, 0x89, 0x43, 0x89, 0x43, 0x89, 0x43, 0x89, 0x43, 0x89, 0x43,
    0x89, 0x43, 0x89, 0x43, 0x89, 0x43, 0x89, 0x43, 0x89, 0x43, 0x89, 0x43, 0x89, 0x43, 0x89, 0x43, 0x89, 0x43, 0x89,
    0x43, 0x89, 0x43, 0x89, 0x43, 0x89, 0x43, 0x89, 0x43, 0x89, 0x43, 0x89, 0x43, 0x89, 0x43, 0x89, 0x43, 0x89, 0x43,
    0x89, 0x43, 0x89, 0x43, 0x89, 0x43, 0x89, 0x43, 0x89, 0x43, 0x89, 0x43, 0x89, 0x43, 0x89, 0x43, 0x89, 0x43, 0x89,
    0x43, 0x89, 0x43, 0x89, 0x43, 0x89, 0x43, 0x89, 0x43, 0x89, 0x43, 0x89, 0x43, 0x89, 0x43, 0x89, 0x43, 0x89, 0x43,
    0x89, 0x43, 0x89, 0x43, 0x89, 0x43, 0x89, 0x43, 0x89, 0x43, 0x89, 0x43, 0x89, 0x43, 0x89, 0x43, 0x89, 0x43, 0x89,
    0x43, 0x89, 0x43, 0x89, 0x43, 0x89, 0x43, 0x89, 0x43, 0x89, 0x43, 0x89, 0x43, 0x89, 0x43, 0x89, 0x43, 0x89, 0x43,
    0x89, 0x43, 0x89, 0x43, 0x89, 0x43, 0x89, 0x43, 0x89, 0x43, 0x89, 0x43, 0x89, 0x43, 0x89, 0x43, 0x89, 0x43, 0x89,
    0x43, 0x89, 0x43, 0x89, 0x43, 0x89, 0x43, 0x89, 0x43, 0x89, 0x43, 0x89, 0x43, 0x89, 0x43, 0x89, 0x43, 0x89, 0x43,
    0x89, 0x43, 0x89, 0x43, 0x89, 0x43, 0x89, 0x43, 0x89, 0x43, 0x89, 0x43, 0x89, 0x43, 0x89, 0x43, 0x89, 0x43, 0x89,
    0x43, 0x89, 0x43, 0x89, 0x43, 0x89, 0x43, 0x89, 0x43, 0x89, 0x43, 0x89, 0x43, 0x89, 0x43, 0x89, 0x43, 0x89, 0x43,
    0x89, 0x43, 0x89, 0x43, 0x89, 0x43, 0x89, 0x43, 0x89, 0x43, 0x89, 0x43, 0x89, 0x43, 0x69, 0xFE, 0x69, 0xFE, 0x69,
    0xFE, 0x69, 0xFE, 0x69, 0xFE, 0x69, 0xFE, 0x69, 0xFE, 0x69, 0xFE, 0x69, 0xFE, 0x69, 0xFE, 0x69, 0xFE, 0x69, 0xFE,
    0x69, 0xFE, 0x69, 0xFE, 0x69, 0xFE, 0x69, 0xFE, 0x69, 0xFE, 0x69, 0xFE, 0x69, 0xFE, 0x69, 0xFE, 0x69, 0xFE, 0x69,
    0xFE, 0x69, 0xFE, 0x69, 0xFE, 0x69, 0xFE, 0x69, 0xFE, 0x69, 0xFE, 0x69, 0xFE, 0x69, 0xFE, 0x69, 0xFE, 0x69, 0xFE,
    0x69, 0xFE, 0x69, 0xFE, 0x69, 0xFE, 0x69, 0xFE, 0x69, 0xFE, 0x69, 0xFE, 0x69, 0xFE, 0x69, 0xFE, 0x69, 0xFE, 0x69,
    0xFE, 0x69, 0xFE, 0x69, 0xFE, 0x69, 0xFE, 0x69, 0xFE, 0x69, 0xFE, 0x69, 0xFE, 0x69, 0xFE, 0x69, 0xFE, 0x69, 0xFE,
    0x69, 0xFE, 0x69, 0xFE, 0x69, 0xFE, 0x69, 0xFE, 0x69, 0xFE, 0x69, 0xFE, 0x69, 0xFE, 0x69, 0xFE, 0x69, 0xFE, 0x69,
    0xFE, 0x69, 0xFE, 0x69, 0xFE, 0x69, 0xFE, 0x69, 0xFE, 0x69, 0xFE, 0x69, 0xFE, 0x69, 0xFE, 0x69, 0xFE, 0x69, 0xFE,
    0x69, 0xFE, 0x69, 0xFE, 0x69, 0xFE, 0x69, 0xFE, 0x69, 0xFE, 0x69, 0xFE, 0x69, 0xFE, 0x69, 0xFE, 0x69, 0xFE, 0x69,
    0xFE, 0x69, 0xFE, 0x89, 0x43, 0x89, 0x43, 0x89, 0x43, 0x89, 0x43, 0x89, 0x43, 0x89, 0x43, 0x89, 0x43, 0x89, 0x43,
    0x89, 0x43, 0x89, 0x43, 0x89, 0x43, 0x89, 0x43, 0x89, 0x43, 0x89, 0x43, 0x89, 0x43, 0x89, 0x43, 0x89, 0x43, 0x89,
    0x43, 0x89, 0x43, 0x89, 0x43, 0x89, 0x43, 0x89, 0x43, 0x89, 0x43, 0x89, 0x43, 0x89, 0x43, 0x89, 0x43, 0x89, 0x43,
    0x89, 0x43, 0x89, 0x43, 0x89, 0x43, 0x89, 0x43, 0x89, 0x43, 0x89, 0x43, 0x89, 0x43, 0x89, 0x43, 0x89, 0x43, 0x89,
    0x43, 0x89, 0x43, 0x89, 0x43, 0x89, 0x43, 0x89, 0x43, 0x89, 0x43, 0x89, 0x43, 0x89, 0x43, 0x89, 0x43, 0x89, 0x43,
    0x89, 0x43, 0x89, 0x43, 0x89, 0x43, 0x89, 0x43, 0x89, 0x43, 0x89, 0x43, 0x89, 0x43, 0x89, 0x43, 0x89, 0x43, 0x89,
    0x43, 0x89, 0x43, 0x89, 0x43, 0x89, 0x43, 0x89, 0x43, 0x89, 0x43, 0x89, 0x43, 0x89, 0x43, 0x89, 0x43, 0x89, 0x43,
    0x89, 0x43, 0x89, 0x43, 0x89, 0x43, 0x89, 0x43, 0x89, 0x43, 0x89, 0x43, 0x89, 0x43, 0x89, 0x43, 0x89, 0x43, 0x89,
    0x43, 0x89, 0x43, 0x89, 0x43, 0x89, 0x43, 0x89, 0x43, 0x89, 0x43, 0x89, 0x43, 0x89, 0x43, 0x89, 0x43, 0x89, 0x43,
    0x89, 0x43, 0x89, 0x43, 0x89, 0x43, 0x89, 0x43, 0x89, 0x43, 0x89, 0x43, 0x89, 0x43, 0x89, 0x43, 0x89, 0x43, 0x89,
    0x43, 0x89, 0x43, 0x89, 0x43, 0x89, 0x43, 0x89, 0x43, 0x89, 0x43, 0x89, 0x43, 0x89, 0x43, 0x89, 0x43, 0x89, 0x43,
    0x89, 0x43, 0x89, 0x43, 0x89, 0x43, 0x89, 0x43, 0x89, 0x43, 0x89, 0x43, 0x89, 0x43, 0x89, 0x43, 0x89, 0x43, 0x89,
    0x43, 0x89, 0x43, 0x89, 0x43, 0x89, 0x43, 0x89, 0x43, 0x89, 0x43, 0x89, 0x43, 0x89, 0x43, 0x89, 0x43, 0x89, 0x43,
    0x89, 0x43, 0x89, 0x43, 0x89, 0x43, 0x89, 0x43, 0x89, 0x43, 0x89, 0x43, 0x89, 0x43, 0x89, 0x43, 0x89, 0x43, 0x89,
    0x43, 0x89, 0x43, 0x89, 0x43, 0x89, 0x43, 0x89, 0x43, 0x89, 0x43, 0x89, 0x43, 0x89, 0x43, 0x89, 0x43, 0x89, 0x43,
    0x89, 0x43, 0x89, 0x43, 0x89, 0x43, 0x89, 0x43, 0x89, 0x43, 0x89, 0x43, 0x89, 0x43, 0x89, 0x43, 0x89, 0x43, 0x89,
    0x43, 0x89, 0x43, 0x89, 0x43, 0x89, 0x43, 0x89, 0x43, 0x89, 0x43, 0x89, 0x43, 0x89, 0x43, 0x89, 0x43, 0x89, 0x43,
    0x69, 0xFE, 0x69, 0xFE, 0x69, 0xFE, 0x69, 0xFE, 0x69, 0xFE, 0x69, 0xFE, 0x69, 0xFE, 0x69, 0xFE, 0x69, 0xFE, 0x69,
    0xFE, 0x69, 0xFE, 0x69, 0xFE, 0x69, 0xFE, 0x69, 0xFE, 0x69, 0xFE, 0x69, 0xFE, 0x69, 0xFE, 0x69, 0xFE, 0x69, 0xFE,
    0x69, 0xFE, 0x69, 0xFE, 0x69, 0xFE, 0x69, 0xFE, 0x69, 0xFE, 0x69, 0xFE, 0x69, 0xFE, 0x69, 0xFE, 0x69, 0xFE, 0x69,
    0xFE, 0x69, 0xFE, 0x69, 0xFE, 0x69, 0xFE, 0x69, 0xFE, 0x69, 0xFE, 0x69, 0xFE, 0x69, 0xFE, 0x69, 0xFE, 0x69, 0xFE,
    0x69, 0xFE, 0x69, 0xFE, 0x69, 0xFE, 0x69, 0xFE, 0x69, 0xFE, 0x69, 0xFE, 0x69, 0xFE, 0x69, 0xFE, 0x69, 0xFE, 0x69,
    0xFE, 0x69, 0xFE, 0x69, 0xFE, 0x69, 0xFE, 0x69, 0xFE, 0x69, 0xFE, 0x69, 0xFE, 0x69, 0xFE, 0x69, 0xFE, 0x69, 0xFE,
    0x69, 0xFE, 0x69, 0xFE, 0x69, 0xFE, 0x69, 0xFE, 0x69, 0xFE, 0x69, 0xFE, 0x69, 0xFE, 0x69, 0xFE, 0x69, 0xFE, 0x69,
    0xFE, 0x69, 0xFE, 0x69, 0xFE, 0x69, 0xFE, 0x69, 0xFE, 0x69, 0xFE, 0x69, 0xFE, 0x69, 0xFE, 0x69, 0xFE, 0x69, 0xFE,
    0x69, 0xFE, 0x69, 0xFE, 0x69, 0xFE, 0x69, 0xFE, 0x89, 0x43, 0x89, 0x43, 0x89, 0x43, 0x89, 0x43, 0x89, 0x43, 0x89,
    0x43, 0x89, 0x43, 0x89, 0x43, 0x89, 0x43, 0x89, 0x43, 0x89, 0x43, 0x89, 0x43, 0x89, 0x43, 0x89, 0x43, 0x89, 0x43,
    0x89, 0x43, 0x89, 0x43, 0x89, 0x43, 0x89, 0x43, 0x89, 0x43, 0x89, 0x43, 0x89, 0x43, 0x89, 0x43, 0x89, 0x43, 0x89,
    0x43, 0x89, 0x43, 0x89, 0x43, 0x89, 0x43, 0x89, 0x43, 0x89, 0x43, 0x89, 0x43, 0x89, 0x43, 0x89, 0x43, 0x89, 0x43,
    0x89, 0x43, 0x89, 0x43, 0x89, 0x43, 0x89, 0x43, 0x89, 0x43, 0x89, 0x43, 0x89, 0x43, 0x89, 0x43, 0x89, 0x43, 0x89,
    0x43, 0x89, 0x43, 0x89, 0x43, 0x89, 0x43, 0x89, 0x43, 0x89, 0x43, 0x89, 0x43, 0x89, 0x43, 0x89, 0x43, 0x89, 0x43,
    0x89, 0x43, 0x89, 0x43, 0x89, 0x43, 0x89, 0x43, 0x89, 0x43, 0x89, 0x43, 0x89, 0x43, 0x89, 0x43, 0x89, 0x43, 0x89,
    0x43, 0x89, 0x43, 0x89, 0x43, 0x89, 0x43, 0x89, 0x43, 0x89, 0x43, 0x89, 0x43, 0x89, 0x43, 0x89, 0x43, 0x89, 0x43,
    0x89, 0x43, 0x89, 0x43, 0x89, 0x43, 0x89, 0x43, 0x89, 0x43, 0x89, 0x43, 0x89, 0x43, 0x89, 0x43, 0x89, 0x43, 0x89,
    0x43, 0x89, 0x43, 0x89, 0x43, 0x89, 0x43, 0x89, 0x43, 0x89, 0x43, 0x89, 0x43, 0x89, 0x43, 0x89, 0x43, 0x89, 0x43,
    0x89, 0x43, 0x89, 0x43, 0x89, 0x43, 0x89, 0x43, 0x89, 0x43, 0x89, 0x43, 0x89, 0x43, 0x89, 0x43, 0x89, 0x43, 0x89,
    0x43, 0x89, 0x43, 0x89, 0x43, 0x89, 0x43, 0x89, 0x43, 0x89, 0x43, 0x89, 0x43, 0x89, 0x43, 0x89, 0x43, 0x89, 0x43,
    0x89, 0x43, 0x89, 0x43, 0x89, 0x43, 0x89, 0x43, 0x89, 0x43, 0x89, 0x43, 0x89, 0x43, 0x89, 0x43, 0x89, 0x43, 0x89,
    0x43, 0x89, 0x43, 0x89, 0x43, 0x89, 0x43, 0x89, 0x43, 0x89, 0x43, 0x89, 0x43, 0x89, 0x43, 0x89, 0x43, 0x89, 0x43,
    0x89, 0x43, 0x89, 0x43, 0x89, 0x43, 0x89, 0x43, 0x89, 0x43, 0x89, 0x43, 0x89, 0x43, 0x89, 0x43, 0x89, 0x43, 0x89,
    0x43, 0x89, 0x43, 0x89, 0x43, 0x89, 0x43, 0x89, 0x43, 0x89, 0x43, 0x89, 0x43, 0x89, 0x43, 0x89, 0x43, 0x89, 0x43,
    0x89, 0x43, 0x89, 0x43, 0x89, 0x43, 0x89, 0x43, 0x89, 0x43, 0x89, 0x43, 0x89, 0x43, 0x89, 0x43, 0x89, 0x43, 0x89,
    0x43, 0x89, 0x43, 0x89, 0x43, 0x69, 0xFE, 0x69, 0xFE, 0x69, 0xFE, 0x69, 0xFE, 0x69, 0xFE, 0x69, 0xFE, 0x69, 0xFE,
    0x69, 0xFE, 0x69, 0xFE, 0x69, 0xFE, 0x69, 0xFE, 0x69, 0xFE, 0x69, 0xFE, 0x69, 0xFE, 0x69, 0xFE, 0x69, 0xFE, 0x69,
    0xFE, 0x69, 0xFE, 0x69, 0xFE, 0x69, 0xFE, 0x69, 0xFE, 0x69, 0xFE, 0x69, 0xFE, 0x69, 0xFE, 0x69, 0xFE, 0x69, 0xFE,
    0x69, 0xFE, 0x69, 0xFE, 0x69, 0xFE, 0x69, 0xFE, 0x69, 0xFE, 0x69, 0xFE, 0x69, 0xFE, 0x69, 0xFE, 0x69, 0xFE, 0x69,
    0xFE, 0x69, 0xFE, 0x69, 0xFE, 0x69, 0xFE, 0x69, 0xFE, 0x69, 0xFE, 0x69, 0xFE, 0x69, 0xFE, 0x69, 0xFE, 0x69, 0xFE,
    0x69, 0xFE, 0x69, 0xFE, 0x69, 0xFE, 0x69, 0xFE, 0x69, 0xFE, 0x69, 0xFE, 0x69, 0xFE, 0x69, 0xFE, 0x69, 0xFE, 0x69,
    0xFE, 0x69, 0xFE, 0x69, 0xFE, 0x69, 0xFE, 0x69, 0xFE, 0x69, 0xFE, 0x69, 0xFE, 0x69, 0xFE, 0x69, 0xFE, 0x69, 0xFE,
    0x69, 0xFE, 0x69, 0xFE, 0x69, 0xFE, 0x69, 0xFE, 0x69, 0xFE, 0x69, 0xFE, 0x69, 0xFE, 0x69, 0xFE, 0x69, 0xFE, 0x69,
    0xFE, 0x69, 0xFE, 0x69, 0xFE, 0x69, 0xFE, 0x69, 0xFE, 0x69, 0xFE, 0x69, 0xFE, 0x89, 0x43, 0x89, 0x43, 0x89, 0x43,
    0x89, 0x43, 0x89, 0x43, 0x89, 0x43, 0x89, 0x43, 0x89, 0x43, 0x89, 0x43, 0x89, 0x43, 0x89, 0x43, 0x89, 0x43, 0x89,
    0x43, 0x89, 0x43, 0x89, 0x43, 0x89, 0x43, 0x89, 0x43, 0x89, 0x43, 0x89, 0x43, 0x89, 0x43, 0x89, 0x43, 0x89, 0x43,
    0x89, 0x43, 0x89, 0x43, 0x89, 0x43, 0x89, 0x43, 0x89, 0x43, 0x89, 0x43, 0x89, 0x43, 0x89, 0x43, 0x89, 0x43, 0x89,
    0x43, 0x89, 0x43, 0x89, 0x43, 0x89, 0x43, 0x89, 0x43, 0x89, 0x43, 0x89, 0x43, 0x89, 0x43, 0x89, 0x43, 0x89, 0x43,
    0x89, 0x43, 0x89, 0x43, 0x89, 0x43, 0x89, 0x43, 0x89, 0x43, 0x89, 0x43, 0x89, 0x43, 0x89, 0x43, 0x89, 0x43, 0x89,
    0x43, 0x89, 0x43, 0x89, 0x43, 0x89, 0x43, 0x89, 0x43, 0x89, 0x43, 0x89, 0x43, 0x89, 0x43, 0x89, 0x43, 0x89, 0x43,
    0x89, 0x43, 0x89, 0x43, 0x89, 0x43, 0x89, 0x43, 0x89, 0x43, 0x89, 0x43, 0x89, 0x43, 0x89, 0x43, 0x89, 0x43, 0x89,
    0x43, 0x89, 0x43, 0x89, 0x43, 0x89, 0x43, 0x89, 0x43, 0x89, 0x43, 0x89, 0x43, 0x89, 0x43, 0x89, 0x43, 0x89, 0x43,
    0x89, 0x43, 0x89, 0x43, 0x89, 0x43, 0x89, 0x43, 0x89, 0x43, 0x89, 0x43, 0x89, 0x43, 0x89, 0x43, 0x89, 0x43, 0x89,
    0x43, 0x89, 0x43, 0x89, 0x43, 0x89, 0x43, 0x89, 0x43, 0x89, 0x43, 0x89, 0x43, 0x89, 0x43, 0x89, 0x43, 0x89, 0x43,
    0x89, 0x43, 0x89, 0x43, 0x89, 0x43, 0x89, 0x43, 0x89, 0x43, 0x89, 0x43, 0x89, 0x43, 0x89, 0x43, 0x89, 0x43, 0x89,
    0x43, 0x89, 0x43, 0x89, 0x43, 0x89, 0x43, 0x89, 0x43, 0x89, 0x43, 0x89, 0x43, 0x89, 0x43, 0x89, 0x43, 0x89, 0x43,
    0x89, 0x43, 0x89, 0x43, 0x89, 0x43, 0x89, 0x43, 0x89, 0x43, 0x89, 0x43, 0x89, 0x43, 0x89, 0x43, 0x89, 0x43, 0x89,
    0x43, 0x89, 0x43, 0x89, 0x43, 0x89, 0x43, 0x89, 0x43, 0x89, 0x43, 0x89, 0x43, 0x89, 0x43, 0x89, 0x43, 0x89, 0x43,
    0x89, 0x43, 0x89, 0x43, 0x89, 0x43, 0x89, 0x43, 0x89, 0x43, 0x89, 0x43, 0x89, 0x43, 0x89, 0x43, 0x89, 0x43, 0x89,
    0x43, 0x89, 0x43, 0x89, 0x43, 0x89, 0x43, 0x89, 0x43, 0x89, 0x43, 0x89, 0x43, 0x89, 0x43, 0x89, 0x43, 0x89, 0x43,
    0x89, 0x43, 0x89, 0x43, 0x89, 0x43, 0x89, 0x43, 0x89, 0x43, 0x69, 0xFE, 0x69, 0xFE, 0x69, 0xFE, 0x69, 0xFE, 0x69,
    0xFE, 0x69, 0xFE, 0x69, 0xFE, 0x69, 0xFE, 0x69, 0xFE, 0x69, 0xFE, 0x69, 0xFE, 0x69, 0xFE, 0x69, 0xFE, 0x69, 0xFE,
    0x69, 0xFE, 0x69, 0xFE, 0x69, 0xFE, 0x69, 0xFE, 0x69, 0xFE, 0x69, 0xFE, 0x69, 0xFE, 0x69, 0xFE, 0x69, 0xFE, 0x69,
    0xFE, 0x69, 0xFE, 0x69, 0xFE, 0x69, 0xFE, 0x69, 0xFE, 0x69, 0xFE, 0x69, 0xFE, 0x69, 0xFE, 0x69, 0xFE, 0x69, 0xFE,
    0x69, 0xFE, 0x69, 0xFE, 0x69, 0xFE, 0x69, 0xFE, 0x69, 0xFE, 0x69, 0xFE, 0x69, 0xFE, 0x69, 0xFE, 0x69, 0xFE, 0x69,
    0xFE, 0x69, 0xFE, 0x69, 0xFE, 0x69, 0xFE, 0x69, 0xFE, 0x69, 0xFE, 0x69, 0xFE, 0x69, 0xFE, 0x69, 0xFE, 0x69, 0xFE,
    0x69, 0xFE, 0x69, 0xFE, 0x69, 0xFE, 0x69, 0xFE, 0x69, 0xFE, 0x69, 0xFE, 0x69, 0xFE, 0x69, 0xFE, 0x69, 0xFE, 0x69,
    0xFE, 0x69, 0xFE, 0x69, 0xFE, 0x69, 0xFE, 0x69, 0xFE, 0x69, 0xFE, 0x69, 0xFE, 0x69, 0xFE, 0x69, 0xFE, 0x69, 0xFE,
    0x69, 0xFE, 0x69, 0xFE, 0x69, 0xFE, 0x69, 0xFE, 0x69, 0xFE, 0x69, 0xFE, 0x69, 0xFE, 0x69, 0xFE, 0x69, 0xFE, 0x89,
    0x43, 0x89, 0x43, 0x89, 0x43, 0x89, 0x43, 0x89, 0x43, 0x89, 0x43, 0x89, 0x43, 0x89, 0x43, 0x89, 0x43, 0x89, 0x43,
    0x89, 0x43, 0x89, 0x43, 0x89, 0x43, 0x89, 0x43, 0x89, 0x43, 0x89, 0x43, 0x89, 0x43, 0x89, 0x43, 0x89, 0x43, 0x89,
    0x43, 0x89, 0x43, 0x89, 0x43, 0x89, 0x43, 0x89, 0x43, 0x89, 0x43, 0x89, 0x43, 0x89, 0x43, 0x89, 0x43, 0x89, 0x43,
    0x89, 0x43, 0x89, 0x43, 0x89, 0x43, 0x89, 0x43, 0x89, 0x43, 0x89, 0x43, 0x89, 0x43, 0x89, 0x43, 0x89, 0x43, 0x89,
    0x43, 0x89, 0x43, 0x89, 0x43, 0x89, 0x43, 0x89, 0x43, 0x89, 0x43, 0x89, 0x43, 0x89, 0x43, 0x89, 0x43, 0x89, 0x43,
    0x89, 0x43, 0x89, 0x43, 0x89, 0x43, 0x89, 0x43, 0x89, 0x43, 0x89, 0x43, 0x89, 0x43, 0x89, 0x43, 0x89, 0x43, 0x89,
    0x43, 0x89, 0x43, 0x89, 0x43, 0x89, 0x43, 0x89, 0x43, 0x89, 0x43, 0x89, 0x43, 0x89, 0x43, 0x89, 0x43, 0x89, 0x43,
    0x89, 0x43, 0x89, 0x43, 0x89, 0x43, 0x89, 0x43, 0x89, 0x43, 0x89, 0x43, 0x89, 0x43, 0x89, 0x43, 0x89, 0x43, 0x89,
    0x43, 0x89, 0x43, 0x89, 0x43, 0x89, 0x43, 0x89, 0x43, 0x89, 0x43, 0x89, 0x43, 0x89, 0x43, 0x89, 0x43, 0x89, 0x43,
    0x89, 0x43, 0x89, 0x43, 0x89, 0x43, 0x89, 0x43, 0x89, 0x43, 0x89, 0x43, 0x89, 0x43, 0x89, 0x43, 0x89, 0x43, 0x89,
    0x43, 0x89, 0x43, 0x89, 0x43, 0x89, 0x43, 0x89, 0x43, 0x89, 0x43, 0x89, 0x43, 0x89, 0x43, 0x89, 0x43, 0x89, 0x43,
    0x89, 0x43, 0x89, 0x43, 0x89, 0x43, 0x89, 0x43, 0x89, 0x43, 0x89, 0x43, 0x89, 0x43, 0x89, 0x43, 0x89, 0x43, 0x89,
    0x43, 0x89, 0x43, 0x89, 0x43, 0x89, 0x43, 0x89, 0x43, 0x89, 0x43, 0x89, 0x43, 0x89, 0x43, 0x89, 0x43, 0x89, 0x43,
    0x89, 0x43, 0x89, 0x43, 0x89, 0x43, 0x89, 0x43, 0x89, 0x43, 0x89, 0x43, 0x89, 0x43, 0x89, 0x43, 0x89, 0x43, 0x89,
    0x43, 0x89, 0x43, 0x89, 0x43, 0x89, 0x43, 0x89, 0x43, 0x89, 0x43, 0x89, 0x43, 0x89, 0x43, 0x89, 0x43, 0x89, 0x43,
    0x89, 0x43, 0x89, 0x43, 0x89, 0x43, 0x89, 0x43, 0x89, 0x43, 0x89, 0x43, 0x89, 0x43, 0x89, 0x43, 0x89, 0x43, 0x89,
    0x43, 0x89, 0x43, 0x89, 0x43, 0x89, 0x43, 0x89, 0x43, 0x89, 0x43, 0x89, 0x43, 0x89, 0x43, 0x89, 0x43, 0x89, 0x43,
    0x89, 0x43, 0x89, 0x43, 0x89, 0x43, 0x89, 0x43, 0x89, 0x43, 0x89, 0x43, 0x89, 0x43, 0x89, 0x43, 0x69, 0xFE, 0x69,
    0xFE, 0x69, 0xFE, 0x69, 0xFE, 0x69, 0xFE, 0x69, 0xFE, 0x69, 0xFE, 0x69, 0xFE, 0x69, 0xFE, 0x69, 0xFE, 0x69, 0xFE,
    0x69, 0xFE, 0x69, 0xFE, 0x69, 0xFE, 0x69, 0xFE, 0x69, 0xFE, 0x69, 0xFE, 0x69, 0xFE, 0x69, 0xFE, 0x69, 0xFE, 0x69,
    0xFE, 0x69, 0xFE, 0x69, 0xFE, 0x69, 0xFE, 0x69, 0xFE, 0x69, 0xFE, 0x69, 0xFE, 0x69, 0xFE, 0x69, 0xFE, 0x69, 0xFE,
    0x69, 0xFE, 0x69, 0xFE, 0x69, 0xFE, 0x69, 0xFE, 0x69, 0xFE, 0x69, 0xFE, 0x69, 0xFE, 0x69, 0xFE, 0x69, 0xFE, 0x69,
    0xFE, 0x69, 0xFE, 0x69, 0xFE, 0x69, 0xFE, 0x69, 0xFE, 0x69, 0xFE, 0x69, 0xFE, 0x69, 0xFE, 0x69, 0xFE, 0x69, 0xFE,
    0x69, 0xFE, 0x69, 0xFE, 0x69, 0xFE, 0x69, 0xFE, 0x69, 0xFE, 0x69, 0xFE, 0x69, 0xFE, 0x69, 0xFE, 0x69, 0xFE, 0x69,
    0xFE, 0x69, 0xFE, 0x89, 0x43, 0x89, 0x43, 0x89, 0x43, 0x89, 0x43, 0x89, 0x43, 0x89, 0x43, 0x89, 0x43, 0x89, 0x43,
    0x89, 0x43, 0x89, 0x43, 0x89, 0x43, 0x89, 0x43, 0x89, 0x43, 0x89, 0x43, 0x89, 0x43, 0x89, 0x43, 0x89, 0x43, 0x89,
    0x43, 0x89, 0x43, 0x89, 0x43, 0x89, 0x43, 0x89, 0x43, 0x89, 0x43, 0x89, 0x43, 0x89, 0x43, 0x89, 0x43, 0x89, 0x43,
    0x89, 0x43, 0x89, 0x43, 0x89, 0x43, 0x89, 0x43, 0x89, 0x43, 0x89, 0x43, 0x89, 0x43, 0x89, 0x43, 0x89, 0x43, 0x89,
    0x43, 0x89, 0x43, 0x89, 0x43, 0x89, 0x43, 0x89, 0x43, 0x89, 0x43, 0x89, 0x43, 0x89, 0x43, 0x89, 0x43, 0x89, 0x43,
    0x89, 0x43, 0x89, 0x43, 0x89, 0x43, 0x89, 0x43, 0x89, 0x43, 0x89, 0x43, 0x89, 0x43, 0x89, 0x43, 0x89, 0x43, 0x89,
    0x43, 0x89, 0x43, 0x89, 0x43, 0x89, 0x43, 0x89, 0x43, 0x89, 0x43, 0x89, 0x43, 0x89, 0x43, 0x89, 0x43, 0x89, 0x43,
    0x89, 0x43, 0x89, 0x43, 0x89, 0x43, 0x89, 0x43, 0x89, 0x43, 0x89, 0x43, 0x89, 0x43, 0x89, 0x43, 0x89, 0x43, 0x89,
    0x43, 0x89, 0x43, 0x89, 0x43, 0x89, 0x43, 0x89, 0x43, 0x89, 0x43, 0x89, 0x43, 0x89, 0x43, 0x89, 0x43, 0x89, 0x43,
    0x89, 0x43, 0x89, 0x43, 0x89, 0x43, 0x89, 0x43, 0x89, 0x43, 0x89, 0x43, 0x89, 0x43, 0x89, 0x43, 0x89, 0x43, 0x89,
    0x43, 0x89, 0x43, 0x89, 0x43, 0x89, 0x43, 0x89, 0x43, 0x89, 0x43, 0x89, 0x43, 0x89, 0x43, 0x89, 0x43, 0x89, 0x43,
    0x89, 0x43, 0x89, 0x43, 0x89, 0x43, 0x89, 0x43, 0x89, 0x43, 0x89, 0x43, 0x89, 0x43, 0x89, 0x43, 0x89, 0x43, 0x89,
    0x43, 0x89, 0x43, 0x89, 0x43, 0x89, 0x43, 0x89, 0x43, 0x89, 0x43, 0x89, 0x43, 0x89, 0x43, 0x89, 0x43, 0x89, 0x43,
    0x89, 0x43, 0x89, 0x43, 0x89, 0x43, 0x89, 0x43, 0x89, 0x43, 0x89, 0x43, 0x89, 0x43, 0x89, 0x43, 0x89, 0x43, 0x89,
    0x43, 0x89, 0x43, 0x89, 0x43, 0x89, 0x43, 0x89, 0x43, 0x89, 0x43, 0x89, 0x43, 0x89, 0x43, 0x89, 0x43, 0x89, 0x43,
    0x89, 0x43, 0x89, 0x43, 0x89, 0x43, 0x89, 0x43, 0x89, 0x43, 0x89, 0x43, 0x89, 0x43, 0x89, 0x43, 0x89, 0x43, 0x89,
    0x43, 0x89, 0x43, 0x89, 0x43, 0x89, 0x43, 0x89, 0x43, 0x89, 0x43, 0x89, 0x43, 0x89, 0x43, 0x89, 0x43, 0x89, 0x43,
    0x89, 0x43, 0x89, 0x43, 0x89, 0x43, 0x89, 0x43, 0x89, 0x43, 0x89, 0x43, 0x89, 0x43, 0x89, 0x43, 0x89, 0x43, 0x89,
    0x43, 0x89, 0x43, 0x89, 0x43, 0x89, 0x43, 0x89, 0x43, 0x89, 0x43, 0x89, 0x43, 0x89, 0x43, 0x89, 0x43, 0x89, 0x43,
    0x89, 0x43, 0x69, 0xFE, 0x69, 0xFE, 0x69, 0xFE, 0x69, 0xFE, 0x69, 0xFE, 0x69, 0xFE, 0x69, 0xFE, 0x69, 0xFE, 0x69,
    0xFE, 0x69, 0xFE, 0x69, 0xFE, 0x69, 0xFE, 0x69, 0xFE, 0x69, 0xFE, 0x69, 0xFE, 0x69, 0xFE, 0x69, 0xFE, 0x69, 0xFE,
    0x69, 0xFE, 0x69, 0xFE, 0x69, 0xFE, 0x69, 0xFE, 0x69, 0xFE, 0x69, 0xFE, 0x69, 0xFE, 0x69, 0xFE, 0x69, 0xFE, 0x69,
    0xFE, 0x69, 0xFE, 0x69, 0xFE, 0x69, 0xFE, 0x69, 0xFE, 0x69, 0xFE, 0x69, 0xFE, 0x69, 0xFE, 0x69, 0xFE, 0x69, 0xFE,
    0x69, 0xFE, 0x69, 0xFE, 0x69, 0xFE, 0x69, 0xFE, 0x69, 0xFE, 0x69, 0xFE, 0x69, 0xFE, 0x69, 0xFE, 0x69, 0xFE, 0x69,
    0xFE, 0x69, 0xFE, 0x69, 0xFE, 0x69, 0xFE, 0x69, 0xFE, 0x69, 0xFE, 0x69, 0xFE, 0x69, 0xFE, 0x69, 0xFE, 0x69, 0xFE,
    0x69, 0xFE, 0x69, 0xFE, 0x69, 0xFE, 0x69, 0xFE, 0x89, 0x43, 0x89, 0x43, 0x89, 0x43, 0x89, 0x43, 0x89, 0x43, 0x89,
    0x43, 0x89, 0x43, 0x89, 0x43, 0x89, 0x43, 0x89, 0x43, 0x89, 0x43, 0x89, 0x43, 0x89, 0x43, 0x89, 0x43, 0x89, 0x43,
    0x89, 0x43, 0x89, 0x43, 0x89, 0x43, 0x89, 0x43, 0x89, 0x43, 0x89, 0x43, 0x89, 0x43, 0x89, 0x43, 0x89, 0x43, 0x89,
    0x43, 0x89, 0x43, 0x89, 0x43, 0x89, 0x43, 0x89, 0x43, 0x89, 0x43, 0x89, 0x43, 0x89, 0x43, 0x89, 0x43, 0x89, 0x43,
    0x89, 0x43, 0x89, 0x43, 0x89, 0x43, 0x89, 0x43, 0x89, 0x43, 0x89, 0x43, 0x89, 0x43, 0x89, 0x43, 0x89, 0x43, 0x89,
    0x43, 0x89, 0x43, 0x89, 0x43, 0x89, 0x43, 0x89, 0x43, 0x89, 0x43, 0x89, 0x43, 0x89, 0x43, 0x89, 0x43, 0x89, 0x43,
    0x89, 0x43, 0x89, 0x43, 0x89, 0x43, 0x89, 0x43, 0x89, 0x43, 0x89, 0x43, 0x89, 0x43, 0x89, 0x43, 0x89, 0x43, 0x89,
    0x43, 0x89, 0x43, 0x89, 0x43, 0x89, 0x43, 0x89, 0x43, 0x89, 0x43, 0x89, 0x43, 0x89, 0x43, 0x89, 0x43, 0x89, 0x43,
    0x89, 0x43, 0x89, 0x43, 0x89, 0x43, 0x89, 0x43, 0x89, 0x43, 0x89, 0x43, 0x89, 0x43, 0x89, 0x43, 0x89, 0x43, 0x89,
    0x43, 0x89, 0x43, 0x89, 0x43, 0x89, 0x43, 0x89, 0x43, 0x89, 0x43, 0x89, 0x43, 0x89, 0x43, 0x89, 0x43, 0x89, 0x43,
    0x89, 0x43, 0x89, 0x43, 0x89, 0x43, 0x89, 0x43, 0x89, 0x43, 0x89, 0x43, 0x89, 0x43, 0x89, 0x43, 0x89, 0x43, 0x89,
    0x43, 0x89, 0x43, 0x89, 0x43, 0x89, 0x43, 0x89, 0x43, 0x89, 0x43, 0x89, 0x43, 0x89, 0x43, 0x89, 0x43, 0x89, 0x43,
    0x89, 0x43, 0x89, 0x43, 0x89, 0x43, 0x89, 0x43, 0x89, 0x43, 0x89, 0x43, 0x89, 0x43, 0x89, 0x43, 0x89, 0x43, 0x89,
    0x43, 0x89, 0x43, 0x89, 0x43, 0x89, 0x43, 0x89, 0x43, 0x89, 0x43, 0x89, 0x43, 0x89, 0x43, 0x89, 0x43, 0x89, 0x43,
    0x89, 0x43, 0x89, 0x43, 0x89, 0x43, 0x89, 0x43, 0x89, 0x43, 0x89, 0x43, 0x89, 0x43, 0x89, 0x43, 0x89, 0x43, 0x89,
    0x43, 0x89, 0x43, 0x89, 0x43, 0x89, 0x43, 0x89, 0x43, 0x89, 0x43, 0x89, 0x43, 0x89, 0x43, 0x89, 0x43, 0x89, 0x43,
    0x89, 0x43, 0x89, 0x43, 0x89, 0x43, 0x89, 0x43, 0x89, 0x43, 0x89, 0x43, 0x89, 0x43, 0x89, 0x43, 0x89, 0x43, 0x89,
    0x43, 0x89, 0x43, 0x89, 0x43, 0x89, 0x43, 0x89, 0x43, 0x89, 0x43, 0x89, 0x43, 0x89, 0x43, 0x89, 0x43, 0x89, 0x43,
    0x89, 0x43, 0x89, 0x43, 0x89, 0x43, 0x89, 0x43, 0x89, 0x43, 0x89, 0x43, 0x89, 0x43, 0x89, 0x43, 0x89, 0x43, 0x89,
    0x43, 0x89, 0x43, 0x89, 0x43, 0x89, 0x43, 0x69, 0xFE, 0x69, 0xFE, 0x69, 0xFE, 0x69, 0xFE, 0x69, 0xFE, 0x69, 0xFE,
    0x69, 0xFE, 0x69, 0xFE, 0x69, 0xFE, 0x69, 0xFE, 0x69, 0xFE, 0x69, 0xFE, 0x69, 0xFE, 0x69, 0xFE, 0x69, 0xFE, 0x69,
    0xFE, 0x69, 0xFE, 0x69, 0xFE, 0x69, 0xFE, 0x69, 0xFE, 0x69, 0xFE, 0x69, 0xFE, 0x69, 0xFE, 0x69, 0xFE, 0x69, 0xFE,
    0x69, 0xFE, 0x69, 0xFE, 0x69, 0xFE, 0x69, 0xFE, 0x69, 0xFE, 0x69, 0xFE, 0x69, 0xFE, 0x69, 0xFE, 0x69, 0xFE, 0x69,
    0xFE, 0x69, 0xFE, 0x69, 0xFE, 0x69, 0xFE, 0x69, 0xFE, 0x69, 0xFE, 0x69, 0xFE, 0x69, 0xFE, 0x69, 0xFE, 0x69, 0xFE,
    0x69, 0xFE, 0x69, 0xFE, 0x69, 0xFE, 0x69, 0xFE, 0x69, 0xFE, 0x69, 0xFE, 0x69, 0xFE, 0x69, 0xFE, 0x69, 0xFE, 0x69,
    0xFE, 0x69, 0xFE, 0x69, 0xFE, 0x69, 0xFE, 0x69, 0xFE, 0x69, 0xFE, 0x69, 0xFE, 0x89, 0x43, 0x89, 0x43, 0x89, 0x43,
    0x89, 0x43, 0x89, 0x43, 0x89, 0x43, 0x89, 0x43, 0x89, 0x43, 0x89, 0x43, 0x89, 0x43, 0x89, 0x43, 0x89, 0x43, 0x89,
    0x43, 0x89, 0x43, 0x89, 0x43, 0x89, 0x43, 0x89, 0x43, 0x89, 0x43, 0x89, 0x43, 0x89, 0x43, 0x89, 0x43, 0x89, 0x43,
    0x89, 0x43, 0x89, 0x43, 0x89, 0x43, 0x89, 0x43, 0x89, 0x43, 0x89, 0x43, 0x89, 0x43, 0x89, 0x43, 0x89, 0x43, 0x89,
    0x43, 0x89, 0x43, 0x89, 0x43, 0x89, 0x43, 0x89, 0x43, 0x89, 0x43, 0x89, 0x43, 0x89, 0x43, 0x89, 0x43, 0x89, 0x43,
    0x89, 0x43, 0x89, 0x43, 0x89, 0x43, 0x89, 0x43, 0x89, 0x43, 0x89, 0x43, 0x89, 0x43, 0x89, 0x43, 0x89, 0x43, 0x89,
    0x43, 0x89, 0x43, 0x89, 0x43, 0x89, 0x43, 0x89, 0x43, 0x89, 0x43, 0x89, 0x43, 0x89, 0x43, 0x89, 0x43, 0x89, 0x43,
    0x89, 0x43, 0x89, 0x43, 0x89, 0x43, 0x89, 0x43, 0x89, 0x43, 0x89, 0x43, 0x89, 0x43, 0x89, 0x43, 0x89, 0x43, 0x89,
    0x43, 0x89, 0x43, 0x89, 0x43, 0x89, 0x43, 0x89, 0x43, 0x89, 0x43, 0x89, 0x43, 0x89, 0x43, 0x89, 0x43, 0x89, 0x43,
    0x89, 0x43, 0x89, 0x43, 0x89, 0x43, 0x89, 0x43, 0x89, 0x43, 0x89, 0x43, 0x89, 0x43, 0x89, 0x43, 0x89, 0x43, 0x89,
    0x43, 0x89, 0x43,
};

const brick_image_asset_t brick_joy_tears_240 = { 240, 240,    BRICK_IMAGE_FORMAT_RGB565_LE,
                                                  2,   115200, brick_joy_tears_240_data };
