#include "grinning_squinting_face_rgb565.h"

static const uint8_t brick_grinning_face_data[] = {
    0x89, 0x43, 0x89, 0x43, 0x89, 0x43, 0x89, 0x43, 0x89, 0x43, 0x89, 0x43, 0x89, 0x43, 0x89, 0x43,
    0x89, 0x43, 0x89, 0x43, 0x89, 0x43, 0x89, 0x43, 0x89, 0x43, 0x89, 0x43, 0x89, 0x43, 0x89, 0x43,
    0x89, 0x43, 0x89, 0x43, 0x89, 0x43, 0x89, 0x43, 0x89, 0x43, 0x89, 0x43, 0x89, 0x43, 0x89, 0x43,
    0x89, 0x43, 0x89, 0x43, 0x89, 0x43, 0x89, 0x43, 0x89, 0x43, 0x89, 0x43, 0x89, 0x43, 0x89, 0x43,
    0x89, 0x43, 0x89, 0x43, 0x89, 0x43, 0x89, 0x43, 0x89, 0x43, 0x89, 0x43, 0x69, 0xFE, 0x69, 0xFE,
    0x69, 0xFE, 0x69, 0xFE, 0x69, 0xFE, 0x69, 0xFE, 0x69, 0xFE, 0x69, 0xFE, 0x69, 0xFE, 0x69, 0xFE,
    0x69, 0xFE, 0x69, 0xFE, 0x69, 0xFE, 0x69, 0xFE, 0x69, 0xFE, 0x69, 0xFE, 0x69, 0xFE, 0x69, 0xFE,
    0x69, 0xFE, 0x69, 0xFE, 0x69, 0xFE, 0x69, 0xFE, 0x69, 0xFE, 0x69, 0xFE, 0x69, 0xFE, 0x89, 0x43,
    0x89, 0x43, 0x89, 0x43, 0x89, 0x43, 0x89, 0x43, 0x89, 0x43, 0x89, 0x43, 0x89, 0x43, 0x89, 0x43,
    0x89, 0x43, 0x89, 0x43, 0x89, 0x43, 0x89, 0x43, 0x89, 0x43, 0x89, 0x43, 0x89, 0x43, 0x89, 0x43,
    0x89, 0x43, 0x89, 0x43, 0x89, 0x43, 0x89, 0x43, 0x89, 0x43, 0x89, 0x43, 0x89, 0x43, 0x89, 0x43,
    0x89, 0x43, 0x89, 0x43, 0x89, 0x43, 0x89, 0x43, 0x89, 0x43, 0x89, 0x43, 0x89, 0x43, 0x89, 0x43,
    0x89, 0x43, 0x89, 0x43, 0x89, 0x43, 0x89, 0x43, 0x89, 0x43, 0x89, 0x43, 0x89, 0x43, 0x89, 0x43,
    0x89, 0x43, 0x89, 0x43, 0x89, 0x43, 0x89, 0x43, 0x89, 0x43, 0x89, 0x43, 0x89, 0x43, 0x89, 0x43,
    0x89, 0x43, 0x89, 0x43, 0x89, 0x43, 0x89, 0x43, 0x89, 0x43, 0x89, 0x43, 0x89, 0x43, 0x89, 0x43,
    0x89, 0x43, 0x89, 0x43, 0x89, 0x43, 0x89, 0x43, 0x89, 0x43, 0x89, 0x43, 0x89, 0x43, 0x89, 0x43,
    0x89, 0x43, 0x89, 0x43, 0x89, 0x43, 0x89, 0x43, 0x89, 0x43, 0x69, 0xFE, 0x69, 0xFE, 0x69, 0xFE,
    0x69, 0xFE, 0x69, 0xFE, 0x69, 0xFE, 0x69, 0xFE, 0x69, 0xFE, 0x69, 0xFE, 0x69, 0xFE, 0x69, 0xFE,
    0x69, 0xFE, 0x69, 0xFE, 0x69, 0xFE, 0x69, 0xFE, 0x69, 0xFE, 0x69, 0xFE, 0x69, 0xFE, 0x69, 0xFE,
    0x69, 0xFE, 0x69, 0xFE, 0x69, 0xFE, 0x69, 0xFE, 0x69, 0xFE, 0x69, 0xFE, 0x69, 0xFE, 0x69, 0xFE,
    0x69, 0xFE, 0x69, 0xFE, 0x69, 0xFE, 0x69, 0xFE, 0x69, 0xFE, 0x69, 0xFE, 0x69, 0xFE, 0x89, 0x43,
    0x89, 0x43, 0x89, 0x43, 0x89, 0x43, 0x89, 0x43, 0x89, 0x43, 0x89, 0x43, 0x89, 0x43, 0x89, 0x43,
    0x89, 0x43, 0x89, 0x43, 0x89, 0x43, 0x89, 0x43, 0x89, 0x43, 0x89, 0x43, 0x89, 0x43, 0x89, 0x43,
    0x89, 0x43, 0x89, 0x43, 0x89, 0x43, 0x89, 0x43, 0x89, 0x43, 0x89, 0x43, 0x89, 0x43, 0x89, 0x43,
    0x89, 0x43, 0x89, 0x43, 0x89, 0x43, 0x89, 0x43, 0x89, 0x43, 0x89, 0x43, 0x89, 0x43, 0x89, 0x43,
    0x89, 0x43, 0x89, 0x43, 0x89, 0x43, 0x89, 0x43, 0x89, 0x43, 0x89, 0x43, 0x89, 0x43, 0x89, 0x43,
    0x89, 0x43, 0x89, 0x43, 0x89, 0x43, 0x89, 0x43, 0x89, 0x43, 0x89, 0x43, 0x89, 0x43, 0x89, 0x43,
    0x89, 0x43, 0x89, 0x43, 0x89, 0x43, 0x89, 0x43, 0x89, 0x43, 0x89, 0x43, 0x89, 0x43, 0x89, 0x43,
    0x89, 0x43, 0x89, 0x43, 0x89, 0x43, 0x89, 0x43, 0x89, 0x43, 0x89, 0x43, 0x89, 0x43, 0x89, 0x43,
    0x89, 0x43, 0x69, 0xFE, 0x69, 0xFE, 0x69, 0xFE, 0x69, 0xFE, 0x69, 0xFE, 0x69, 0xFE, 0x69, 0xFE,
    0x69, 0xFE, 0x69, 0xFE, 0x69, 0xFE, 0x69, 0xFE, 0x69, 0xFE, 0x69, 0xFE, 0x69, 0xFE, 0x69, 0xFE,
    0x69, 0xFE, 0x69, 0xFE, 0x69, 0xFE, 0x69, 0xFE, 0x69, 0xFE, 0x69, 0xFE, 0x69, 0xFE, 0x69, 0xFE,
    0x69, 0xFE, 0x69, 0xFE, 0x69, 0xFE, 0x69, 0xFE, 0x69, 0xFE, 0x69, 0xFE, 0x69, 0xFE, 0x69, 0xFE,
    0x69, 0xFE, 0x69, 0xFE, 0x69, 0xFE, 0x89, 0x43, 0x89, 0x43, 0x89, 0x43, 0x89, 0x43, 0x89, 0x43,
    0x89, 0x43, 0x89, 0x43, 0x89, 0x43, 0x89, 0x43, 0x89, 0x43, 0x89, 0x43, 0x89, 0x43, 0x89, 0x43,
    0x89, 0x43, 0x89, 0x43, 0x89, 0x43, 0x89, 0x43, 0x89, 0x43, 0x89, 0x43, 0x89, 0x43, 0x89, 0x43,
    0x89, 0x43, 0x89, 0x43, 0x89, 0x43, 0x89, 0x43, 0x89, 0x43, 0x89, 0x43, 0x89, 0x43, 0x89, 0x43,
    0x89, 0x43, 0x89, 0x43, 0x89, 0x43, 0x89, 0x43, 0x89, 0x43, 0x89, 0x43, 0x89, 0x43, 0x89, 0x43,
    0x89, 0x43, 0x89, 0x43, 0x89, 0x43, 0x89, 0x43, 0x89, 0x43, 0x89, 0x43, 0x89, 0x43, 0x89, 0x43,
    0x89, 0x43, 0x89, 0x43, 0x89, 0x43, 0x89, 0x43, 0x89, 0x43, 0x89, 0x43, 0x89, 0x43, 0x89, 0x43,
    0x89, 0x43, 0x89, 0x43, 0x89, 0x43, 0x89, 0x43, 0x89, 0x43, 0x89, 0x43, 0x89, 0x43, 0x89, 0x43,
    0x89, 0x43, 0x69, 0xFE, 0x69, 0xFE, 0x69, 0xFE, 0x69, 0xFE, 0x69, 0xFE, 0x69, 0xFE, 0x69, 0xFE,
    0x69, 0xFE, 0x69, 0xFE, 0x69, 0xFE, 0x69, 0xFE, 0x69, 0xFE, 0x69, 0xFE, 0x69, 0xFE, 0x69, 0xFE,
    0x69, 0xFE, 0x69, 0xFE, 0x69, 0xFE, 0x69, 0xFE, 0x69, 0xFE, 0x69, 0xFE, 0x69, 0xFE, 0x69, 0xFE,
    0x69, 0xFE, 0x69, 0xFE, 0x69, 0xFE, 0x69, 0xFE, 0x69, 0xFE, 0x69, 0xFE, 0x69, 0xFE, 0x69, 0xFE,
    0x69, 0xFE, 0x69, 0xFE, 0x69, 0xFE, 0x69, 0xFE, 0x69, 0xFE, 0x69, 0xFE, 0x69, 0xFE, 0x69, 0xFE,
    0x69, 0xFE, 0x69, 0xFE, 0x69, 0xFE, 0x89, 0x43, 0x89, 0x43, 0x89, 0x43, 0x89, 0x43, 0x89, 0x43,
    0x89, 0x43, 0x89, 0x43, 0x89, 0x43, 0x89, 0x43, 0x89, 0x43, 0x89, 0x43, 0x89, 0x43, 0x89, 0x43,
    0x89, 0x43, 0x89, 0x43, 0x89, 0x43, 0x89, 0x43, 0x89, 0x43, 0x89, 0x43, 0x89, 0x43, 0x89, 0x43,
    0x89, 0x43, 0x89, 0x43, 0x89, 0x43, 0x89, 0x43, 0x89, 0x43, 0x89, 0x43, 0x89, 0x43, 0x89, 0x43,
    0x89, 0x43, 0x89, 0x43, 0x89, 0x43, 0x89, 0x43, 0x89, 0x43, 0x89, 0x43, 0x89, 0x43, 0x89, 0x43,
    0x89, 0x43, 0x89, 0x43, 0x89, 0x43, 0x89, 0x43, 0x89, 0x43, 0x89, 0x43, 0x89, 0x43, 0x89, 0x43,
    0x89, 0x43, 0x89, 0x43, 0x89, 0x43, 0x89, 0x43, 0x89, 0x43, 0x89, 0x43, 0x89, 0x43, 0x89, 0x43,
    0x89, 0x43, 0x89, 0x43, 0x69, 0xFE, 0x69, 0xFE, 0x69, 0xFE, 0x69, 0xFE, 0x69, 0xFE, 0x69, 0xFE,
    0x69, 0xFE, 0x69, 0xFE, 0x69, 0xFE, 0x69, 0xFE, 0x69, 0xFE, 0x69, 0xFE, 0x69, 0xFE, 0x69, 0xFE,
    0x69, 0xFE, 0x69, 0xFE, 0x69, 0xFE, 0x69, 0xFE, 0x69, 0xFE, 0x69, 0xFE, 0x69, 0xFE, 0x69, 0xFE,
    0x69, 0xFE, 0x69, 0xFE, 0x69, 0xFE, 0x69, 0xFE, 0x69, 0xFE, 0x69, 0xFE, 0x69, 0xFE, 0x69, 0xFE,
    0x69, 0xFE, 0x69, 0xFE, 0x69, 0xFE, 0x69, 0xFE, 0x69, 0xFE, 0x69, 0xFE, 0x69, 0xFE, 0x69, 0xFE,
    0x69, 0xFE, 0x69, 0xFE, 0x69, 0xFE, 0x69, 0xFE, 0x69, 0xFE, 0x69, 0xFE, 0x69, 0xFE, 0x69, 0xFE,
    0x69, 0xFE, 0x69, 0xFE, 0x89, 0x43, 0x89, 0x43, 0x89, 0x43, 0x89, 0x43, 0x89, 0x43, 0x89, 0x43,
    0x89, 0x43, 0x89, 0x43, 0x89, 0x43, 0x89, 0x43, 0x89, 0x43, 0x89, 0x43, 0x89, 0x43, 0x89, 0x43,
    0x89, 0x43, 0x89, 0x43, 0x89, 0x43, 0x89, 0x43, 0x89, 0x43, 0x89, 0x43, 0x89, 0x43, 0x89, 0x43,
    0x89, 0x43, 0x89, 0x43, 0x89, 0x43, 0x89, 0x43, 0x89, 0x43, 0x89, 0x43, 0x89, 0x43, 0x89, 0x43,
    0x89, 0x43, 0x89, 0x43, 0x89, 0x43, 0x89, 0x43, 0x89, 0x43, 0x89, 0x43, 0x89, 0x43, 0x89, 0x43,
    0x89, 0x43, 0x89, 0x43, 0x89, 0x43, 0x89, 0x43, 0x89, 0x43, 0x89, 0x43, 0x89, 0x43, 0x89, 0x43,
    0x89, 0x43, 0x89, 0x43, 0x89, 0x43, 0x89, 0x43, 0x89, 0x43, 0x89, 0x43, 0x69, 0xFE, 0x69, 0xFE,
    0x69, 0xFE, 0x69, 0xFE, 0x69, 0xFE, 0x69, 0xFE, 0x69, 0xFE, 0x69, 0xFE, 0x69, 0xFE, 0x69, 0xFE,
    0x69, 0xFE, 0x69, 0xFE, 0x69, 0xFE, 0x69, 0xFE, 0x69, 0xFE, 0x69, 0xFE, 0x69, 0xFE, 0x69, 0xFE,
    0x69, 0xFE, 0x69, 0xFE, 0x69, 0xFE, 0x69, 0xFE, 0x69, 0xFE, 0x69, 0xFE, 0x69, 0xFE, 0x69, 0xFE,
    0x69, 0xFE, 0x69, 0xFE, 0x69, 0xFE, 0x69, 0xFE, 0x69, 0xFE, 0x69, 0xFE, 0x69, 0xFE, 0x69, 0xFE,
    0x69, 0xFE, 0x69, 0xFE, 0x69, 0xFE, 0x69, 0xFE, 0x69, 0xFE, 0x69, 0xFE, 0x69, 0xFE, 0x69, 0xFE,
    0x69, 0xFE, 0x69, 0xFE, 0x69, 0xFE, 0x69, 0xFE, 0x69, 0xFE, 0x69, 0xFE, 0x89, 0x43, 0x89, 0x43,
    0x89, 0x43, 0x89, 0x43, 0x89, 0x43, 0x89, 0x43, 0x89, 0x43, 0x89, 0x43, 0x89, 0x43, 0x89, 0x43,
    0x89, 0x43, 0x89, 0x43, 0x89, 0x43, 0x89, 0x43, 0x89, 0x43, 0x89, 0x43, 0x89, 0x43, 0x89, 0x43,
    0x89, 0x43, 0x89, 0x43, 0x89, 0x43, 0x89, 0x43, 0x89, 0x43, 0x89, 0x43, 0x89, 0x43, 0x89, 0x43,
    0x89, 0x43, 0x89, 0x43, 0x89, 0x43, 0x89, 0x43, 0x89, 0x43, 0x89, 0x43, 0x89, 0x43, 0x89, 0x43,
    0x89, 0x43, 0x89, 0x43, 0x89, 0x43, 0x89, 0x43, 0x89, 0x43, 0x89, 0x43, 0x89, 0x43, 0x89, 0x43,
    0x89, 0x43, 0x89, 0x43, 0x89, 0x43, 0x89, 0x43, 0x89, 0x43, 0x89, 0x43, 0x89, 0x43, 0x89, 0x43,
    0x69, 0xFE, 0x69, 0xFE, 0x69, 0xFE, 0x69, 0xFE, 0x69, 0xFE, 0x69, 0xFE, 0x69, 0xFE, 0x69, 0xFE,
    0x69, 0xFE, 0x69, 0xFE, 0x69, 0xFE, 0x69, 0xFE, 0x69, 0xFE, 0x69, 0xFE, 0x69, 0xFE, 0x69, 0xFE,
    0x69, 0xFE, 0x69, 0xFE, 0x69, 0xFE, 0x69, 0xFE, 0x69, 0xFE, 0x69, 0xFE, 0x69, 0xFE, 0x69, 0xFE,
    0x69, 0xFE, 0x69, 0xFE, 0x69, 0xFE, 0x69, 0xFE, 0x69, 0xFE, 0x69, 0xFE, 0x69, 0xFE, 0x69, 0xFE,
    0x69, 0xFE, 0x69, 0xFE, 0x69, 0xFE, 0x69, 0xFE, 0x69, 0xFE, 0x69, 0xFE, 0x69, 0xFE, 0x69, 0xFE,
    0x69, 0xFE, 0x69, 0xFE, 0x69, 0xFE, 0x69, 0xFE, 0x69, 0xFE, 0x69, 0xFE, 0x69, 0xFE, 0x69, 0xFE,
    0x69, 0xFE, 0x69, 0xFE, 0x69, 0xFE, 0x69, 0xFE, 0x89, 0x43, 0x89, 0x43, 0x89, 0x43, 0x89, 0x43,
    0x89, 0x43, 0x89, 0x43, 0x89, 0x43, 0x89, 0x43, 0x89, 0x43, 0x89, 0x43, 0x89, 0x43, 0x89, 0x43,
    0x89, 0x43, 0x89, 0x43, 0x89, 0x43, 0x89, 0x43, 0x89, 0x43, 0x89, 0x43, 0x89, 0x43, 0x89, 0x43,
    0x89, 0x43, 0x89, 0x43, 0x89, 0x43, 0x89, 0x43, 0x89, 0x43, 0x89, 0x43, 0x89, 0x43, 0x89, 0x43,
    0x89, 0x43, 0x89, 0x43, 0x89, 0x43, 0x89, 0x43, 0x89, 0x43, 0x89, 0x43, 0x89, 0x43, 0x89, 0x43,
    0x89, 0x43, 0x89, 0x43, 0x89, 0x43, 0x89, 0x43, 0x89, 0x43, 0x89, 0x43, 0x89, 0x43, 0x89, 0x43,
    0x89, 0x43, 0x89, 0x43, 0x69, 0xFE, 0x69, 0xFE, 0x69, 0xFE, 0x69, 0xFE, 0x69, 0xFE, 0x69, 0xFE,
    0x69, 0xFE, 0x69, 0xFE, 0x69, 0xFE, 0x69, 0xFE, 0x69, 0xFE, 0x69, 0xFE, 0x69, 0xFE, 0x69, 0xFE,
    0x69, 0xFE, 0x69, 0xFE, 0x69, 0xFE, 0x69, 0xFE, 0x69, 0xFE, 0x69, 0xFE, 0x69, 0xFE, 0x69, 0xFE,
    0x69, 0xFE, 0x69, 0xFE, 0x69, 0xFE, 0x69, 0xFE, 0x69, 0xFE, 0x69, 0xFE, 0x69, 0xFE, 0x69, 0xFE,
    0x69, 0xFE, 0x69, 0xFE, 0x69, 0xFE, 0x69, 0xFE, 0x69, 0xFE, 0x69, 0xFE, 0x69, 0xFE, 0x69, 0xFE,
    0x69, 0xFE, 0x69, 0xFE, 0x69, 0xFE, 0x69, 0xFE, 0x69, 0xFE, 0x69, 0xFE, 0x69, 0xFE, 0x69, 0xFE,
    0x69, 0xFE, 0x69, 0xFE, 0x69, 0xFE, 0x69, 0xFE, 0x69, 0xFE, 0x69, 0xFE, 0x69, 0xFE, 0x69, 0xFE,
    0x69, 0xFE, 0x69, 0xFE, 0x89, 0x43, 0x89, 0x43, 0x89, 0x43, 0x89, 0x43, 0x89, 0x43, 0x89, 0x43,
    0x89, 0x43, 0x89, 0x43, 0x89, 0x43, 0x89, 0x43, 0x89, 0x43, 0x89, 0x43, 0x89, 0x43, 0x89, 0x43,
    0x89, 0x43, 0x89, 0x43, 0x89, 0x43, 0x89, 0x43, 0x89, 0x43, 0x89, 0x43, 0x89, 0x43, 0x89, 0x43,
    0x89, 0x43, 0x89, 0x43, 0x89, 0x43, 0x89, 0x43, 0x89, 0x43, 0x89, 0x43, 0x89, 0x43, 0x89, 0x43,
    0x89, 0x43, 0x89, 0x43, 0x89, 0x43, 0x89, 0x43, 0x89, 0x43, 0x89, 0x43, 0x89, 0x43, 0x89, 0x43,
    0x89, 0x43, 0x89, 0x43, 0x89, 0x43, 0x69, 0xFE, 0x69, 0xFE, 0x69, 0xFE, 0x69, 0xFE, 0x69, 0xFE,
    0x69, 0xFE, 0x69, 0xFE, 0x69, 0xFE, 0x69, 0xFE, 0x69, 0xFE, 0x69, 0xFE, 0x69, 0xFE, 0x69, 0xFE,
    0x69, 0xFE, 0x69, 0xFE, 0x69, 0xFE, 0x69, 0xFE, 0x69, 0xFE, 0x69, 0xFE, 0x69, 0xFE, 0x69, 0xFE,
    0x69, 0xFE, 0x69, 0xFE, 0x69, 0xFE, 0x69, 0xFE, 0x69, 0xFE, 0x69, 0xFE, 0x69, 0xFE, 0x69, 0xFE,
    0x69, 0xFE, 0x69, 0xFE, 0x69, 0xFE, 0x69, 0xFE, 0x69, 0xFE, 0x69, 0xFE, 0x69, 0xFE, 0x69, 0xFE,
    0x69, 0xFE, 0x69, 0xFE, 0x69, 0xFE, 0x69, 0xFE, 0x69, 0xFE, 0x69, 0xFE, 0x69, 0xFE, 0x69, 0xFE,
    0x69, 0xFE, 0x69, 0xFE, 0x69, 0xFE, 0x69, 0xFE, 0x69, 0xFE, 0x69, 0xFE, 0x69, 0xFE, 0x69, 0xFE,
    0x69, 0xFE, 0x69, 0xFE, 0x69, 0xFE, 0x69, 0xFE, 0x69, 0xFE, 0x69, 0xFE, 0x69, 0xFE, 0x69, 0xFE,
    0x69, 0xFE, 0x89, 0x43, 0x89, 0x43, 0x89, 0x43, 0x89, 0x43, 0x89, 0x43, 0x89, 0x43, 0x89, 0x43,
    0x89, 0x43, 0x89, 0x43, 0x89, 0x43, 0x89, 0x43, 0x89, 0x43, 0x89, 0x43, 0x89, 0x43, 0x89, 0x43,
    0x89, 0x43, 0x89, 0x43, 0x89, 0x43, 0x89, 0x43, 0x89, 0x43, 0x89, 0x43, 0x89, 0x43, 0x89, 0x43,
    0x89, 0x43, 0x89, 0x43, 0x89, 0x43, 0x89, 0x43, 0x89, 0x43, 0x89, 0x43, 0x89, 0x43, 0x89, 0x43,
    0x89, 0x43, 0x89, 0x43, 0x89, 0x43, 0x89, 0x43, 0x89, 0x43, 0x89, 0x43, 0x89, 0x43, 0x69, 0xFE,
    0x69, 0xFE, 0x69, 0xFE, 0x69, 0xFE, 0x69, 0xFE, 0x69, 0xFE, 0x69, 0xFE, 0x69, 0xFE, 0x69, 0xFE,
    0x69, 0xFE, 0x69, 0xFE, 0x69, 0xFE, 0x69, 0xFE, 0x69, 0xFE, 0x69, 0xFE, 0x69, 0xFE, 0x69, 0xFE,
    0x69, 0xFE, 0x69, 0xFE, 0x69, 0xFE, 0x69, 0xFE, 0x69, 0xFE, 0x69, 0xFE, 0x69, 0xFE, 0x69, 0xFE,
    0x69, 0xFE, 0x69, 0xFE, 0x69, 0xFE, 0x69, 0xFE, 0x69, 0xFE, 0x69, 0xFE, 0x69, 0xFE, 0x69, 0xFE,
    0x69, 0xFE, 0x69, 0xFE, 0x69, 0xFE, 0x69, 0xFE, 0x69, 0xFE, 0x69, 0xFE, 0x69, 0xFE, 0x69, 0xFE,
    0x69, 0xFE, 0x69, 0xFE, 0x69, 0xFE, 0x69, 0xFE, 0x69, 0xFE, 0x69, 0xFE, 0x69, 0xFE, 0x69, 0xFE,
    0x69, 0xFE, 0x69, 0xFE, 0x69, 0xFE, 0x69, 0xFE, 0x69, 0xFE, 0x69, 0xFE, 0x69, 0xFE, 0x69, 0xFE,
    0x69, 0xFE, 0x69, 0xFE, 0x69, 0xFE, 0x69, 0xFE, 0x69, 0xFE, 0x89, 0x43, 0x89, 0x43, 0x89, 0x43,
    0x89, 0x43, 0x89, 0x43, 0x89, 0x43, 0x89, 0x43, 0x89, 0x43, 0x89, 0x43, 0x89, 0x43, 0x89, 0x43,
    0x89, 0x43, 0x89, 0x43, 0x89, 0x43, 0x89, 0x43, 0x89, 0x43, 0x89, 0x43, 0x89, 0x43, 0x89, 0x43,
    0x89, 0x43, 0x89, 0x43, 0x89, 0x43, 0x89, 0x43, 0x89, 0x43, 0x89, 0x43, 0x89, 0x43, 0x89, 0x43,
    0x89, 0x43, 0x89, 0x43, 0x89, 0x43, 0x89, 0x43, 0x89, 0x43, 0x89, 0x43, 0x89, 0x43, 0x89, 0x43,
    0x89, 0x43, 0x89, 0x43, 0x69, 0xFE, 0x69, 0xFE, 0x69, 0xFE, 0x69, 0xFE, 0x69, 0xFE, 0x69, 0xFE,
    0x69, 0xFE, 0x69, 0xFE, 0x69, 0xFE, 0x69, 0xFE, 0x69, 0xFE, 0x69, 0xFE, 0x69, 0xFE, 0x69, 0xFE,
    0x69, 0xFE, 0x69, 0xFE, 0x69, 0xFE, 0x69, 0xFE, 0x69, 0xFE, 0x69, 0xFE, 0x69, 0xFE, 0x69, 0xFE,
    0x69, 0xFE, 0x69, 0xFE, 0x69, 0xFE, 0x69, 0xFE, 0x69, 0xFE, 0x69, 0xFE, 0x69, 0xFE, 0x69, 0xFE,
    0x69, 0xFE, 0x69, 0xFE, 0x69, 0xFE, 0x69, 0xFE, 0x69, 0xFE, 0x69, 0xFE, 0x69, 0xFE, 0x69, 0xFE,
    0x69, 0xFE, 0x69, 0xFE, 0x69, 0xFE, 0x69, 0xFE, 0x69, 0xFE, 0x69, 0xFE, 0x69, 0xFE, 0x69, 0xFE,
    0x69, 0xFE, 0x69, 0xFE, 0x69, 0xFE, 0x69, 0xFE, 0x69, 0xFE, 0x69, 0xFE, 0x69, 0xFE, 0x69, 0xFE,
    0x69, 0xFE, 0x69, 0xFE, 0x69, 0xFE, 0x69, 0xFE, 0x69, 0xFE, 0x69, 0xFE, 0x69, 0xFE, 0x69, 0xFE,
    0x69, 0xFE, 0x69, 0xFE, 0x89, 0x43, 0x89, 0x43, 0x89, 0x43, 0x89, 0x43, 0x89, 0x43, 0x89, 0x43,
    0x89, 0x43, 0x89, 0x43, 0x89, 0x43, 0x89, 0x43, 0x89, 0x43, 0x89, 0x43, 0x89, 0x43, 0x89, 0x43,
    0x89, 0x43, 0x89, 0x43, 0x89, 0x43, 0x89, 0x43, 0x89, 0x43, 0x89, 0x43, 0x89, 0x43, 0x89, 0x43,
    0x89, 0x43, 0x89, 0x43, 0x89, 0x43, 0x89, 0x43, 0x89, 0x43, 0x89, 0x43, 0x89, 0x43, 0x89, 0x43,
    0x89, 0x43, 0x89, 0x43, 0x89, 0x43, 0x89, 0x43, 0x89, 0x43, 0x69, 0xFE, 0x69, 0xFE, 0x69, 0xFE,
    0x69, 0xFE, 0x69, 0xFE, 0x69, 0xFE, 0x69, 0xFE, 0x69, 0xFE, 0x69, 0xFE, 0x69, 0xFE, 0x69, 0xFE,
    0x69, 0xFE, 0x69, 0xFE, 0x69, 0xFE, 0x69, 0xFE, 0x69, 0xFE, 0x69, 0xFE, 0x69, 0xFE, 0x69, 0xFE,
    0x69, 0xFE, 0x69, 0xFE, 0x69, 0xFE, 0x69, 0xFE, 0x69, 0xFE, 0x69, 0xFE, 0x69, 0xFE, 0x69, 0xFE,
    0x69, 0xFE, 0x69, 0xFE, 0x69, 0xFE, 0x69, 0xFE, 0x69, 0xFE, 0x69, 0xFE, 0x69, 0xFE, 0x69, 0xFE,
    0x69, 0xFE, 0x69, 0xFE, 0x69, 0xFE, 0x69, 0xFE, 0x69, 0xFE, 0x69, 0xFE, 0x69, 0xFE, 0x69, 0xFE,
    0x69, 0xFE, 0x69, 0xFE, 0x69, 0xFE, 0x69, 0xFE, 0x69, 0xFE, 0x69, 0xFE, 0x69, 0xFE, 0x69, 0xFE,
    0x69, 0xFE, 0x69, 0xFE, 0x69, 0xFE, 0x69, 0xFE, 0x69, 0xFE, 0x69, 0xFE, 0x69, 0xFE, 0x69, 0xFE,
    0x69, 0xFE, 0x69, 0xFE, 0x69, 0xFE, 0x69, 0xFE, 0x69, 0xFE, 0x69, 0xFE, 0x69, 0xFE, 0x89, 0x43,
    0x89, 0x43, 0x89, 0x43, 0x89, 0x43, 0x89, 0x43, 0x89, 0x43, 0x89, 0x43, 0x89, 0x43, 0x89, 0x43,
    0x89, 0x43, 0x89, 0x43, 0x89, 0x43, 0x89, 0x43, 0x89, 0x43, 0x89, 0x43, 0x89, 0x43, 0x89, 0x43,
    0x89, 0x43, 0x89, 0x43, 0x89, 0x43, 0x89, 0x43, 0x89, 0x43, 0x89, 0x43, 0x89, 0x43, 0x89, 0x43,
    0x89, 0x43, 0x89, 0x43, 0x89, 0x43, 0x89, 0x43, 0x89, 0x43, 0x89, 0x43, 0x89, 0x43, 0x69, 0xFE,
    0x69, 0xFE, 0x69, 0xFE, 0x69, 0xFE, 0x69, 0xFE, 0x69, 0xFE, 0x69, 0xFE, 0x69, 0xFE, 0x69, 0xFE,
    0x69, 0xFE, 0x69, 0xFE, 0x69, 0xFE, 0x69, 0xFE, 0x69, 0xFE, 0x69, 0xFE, 0x69, 0xFE, 0x69, 0xFE,
    0x69, 0xFE, 0x69, 0xFE, 0x69, 0xFE, 0x69, 0xFE, 0x69, 0xFE, 0x69, 0xFE, 0x69, 0xFE, 0x69, 0xFE,
    0x69, 0xFE, 0x69, 0xFE, 0x69, 0xFE, 0x69, 0xFE, 0x69, 0xFE, 0x69, 0xFE, 0x69, 0xFE, 0x69, 0xFE,
    0x69, 0xFE, 0x69, 0xFE, 0x69, 0xFE, 0x69, 0xFE, 0x69, 0xFE, 0x69, 0xFE, 0x69, 0xFE, 0x69, 0xFE,
    0x69, 0xFE, 0x69, 0xFE, 0x69, 0xFE, 0x69, 0xFE, 0x69, 0xFE, 0x69, 0xFE, 0x69, 0xFE, 0x69, 0xFE,
    0x69, 0xFE, 0x69, 0xFE, 0x69, 0xFE, 0x69, 0xFE, 0x69, 0xFE, 0x69, 0xFE, 0x69, 0xFE, 0x69, 0xFE,
    0x69, 0xFE, 0x69, 0xFE, 0x69, 0xFE, 0x69, 0xFE, 0x69, 0xFE, 0x69, 0xFE, 0x69, 0xFE, 0x69, 0xFE,
    0x69, 0xFE, 0x69, 0xFE, 0x69, 0xFE, 0x69, 0xFE, 0x69, 0xFE, 0x89, 0x43, 0x89, 0x43, 0x89, 0x43,
    0x89, 0x43, 0x89, 0x43, 0x89, 0x43, 0x89, 0x43, 0x89, 0x43, 0x89, 0x43, 0x89, 0x43, 0x89, 0x43,
    0x89, 0x43, 0x89, 0x43, 0x89, 0x43, 0x89, 0x43, 0x89, 0x43, 0x89, 0x43, 0x89, 0x43, 0x89, 0x43,
    0x89, 0x43, 0x89, 0x43, 0x89, 0x43, 0x89, 0x43, 0x89, 0x43, 0x89, 0x43, 0x89, 0x43, 0x89, 0x43,
    0x89, 0x43, 0x89, 0x43, 0x89, 0x43, 0x69, 0xFE, 0x69, 0xFE, 0x69, 0xFE, 0x69, 0xFE, 0x69, 0xFE,
    0x69, 0xFE, 0x69, 0xFE, 0x69, 0xFE, 0x69, 0xFE, 0x69, 0xFE, 0x69, 0xFE, 0x69, 0xFE, 0x69, 0xFE,
    0x69, 0xFE, 0x69, 0xFE, 0x69, 0xFE, 0x69, 0xFE, 0x69, 0xFE, 0x69, 0xFE, 0x69, 0xFE, 0x69, 0xFE,
    0x69, 0xFE, 0x69, 0xFE, 0x69, 0xFE, 0x69, 0xFE, 0x69, 0xFE, 0x69, 0xFE, 0x69, 0xFE, 0x69, 0xFE,
    0x69, 0xFE, 0x69, 0xFE, 0x69, 0xFE, 0x69, 0xFE, 0x69, 0xFE, 0x69, 0xFE, 0x69, 0xFE, 0x69, 0xFE,
    0x69, 0xFE, 0x69, 0xFE, 0x69, 0xFE, 0x69, 0xFE, 0x69, 0xFE, 0x69, 0xFE, 0x69, 0xFE, 0x69, 0xFE,
    0x69, 0xFE, 0x69, 0xFE, 0x69, 0xFE, 0x69, 0xFE, 0x69, 0xFE, 0x69, 0xFE, 0x69, 0xFE, 0x69, 0xFE,
    0x69, 0xFE, 0x69, 0xFE, 0x69, 0xFE, 0x69, 0xFE, 0x69, 0xFE, 0x69, 0xFE, 0x69, 0xFE, 0x69, 0xFE,
    0x69, 0xFE, 0x69, 0xFE, 0x69, 0xFE, 0x69, 0xFE, 0x69, 0xFE, 0x69, 0xFE, 0x69, 0xFE, 0x69, 0xFE,
    0x69, 0xFE, 0x89, 0x43, 0x89, 0x43, 0x89, 0x43, 0x89, 0x43, 0x89, 0x43, 0x89, 0x43, 0x89, 0x43,
    0x89, 0x43, 0x89, 0x43, 0x89, 0x43, 0x89, 0x43, 0x89, 0x43, 0x89, 0x43, 0x89, 0x43, 0x89, 0x43,
    0x89, 0x43, 0x89, 0x43, 0x89, 0x43, 0x89, 0x43, 0x89, 0x43, 0x89, 0x43, 0x89, 0x43, 0x89, 0x43,
    0x89, 0x43, 0x89, 0x43, 0x89, 0x43, 0x89, 0x43, 0x89, 0x43, 0x89, 0x43, 0x69, 0xFE, 0x69, 0xFE,
    0x69, 0xFE, 0x69, 0xFE, 0x69, 0xFE, 0x69, 0xFE, 0x69, 0xFE, 0x69, 0xFE, 0x69, 0xFE, 0x69, 0xFE,
    0x69, 0xFE, 0x69, 0xFE, 0x69, 0xFE, 0x69, 0xFE, 0x69, 0xFE, 0x69, 0xFE, 0x69, 0xFE, 0x69, 0xFE,
    0x69, 0xFE, 0x69, 0xFE, 0x69, 0xFE, 0x69, 0xFE, 0x69, 0xFE, 0x69, 0xFE, 0x69, 0xFE, 0x69, 0xFE,
    0x69, 0xFE, 0x69, 0xFE, 0x69, 0xFE, 0x69, 0xFE, 0x69, 0xFE, 0x69, 0xFE, 0x69, 0xFE, 0x69, 0xFE,
    0x69, 0xFE, 0x69, 0xFE, 0x69, 0xFE, 0x69, 0xFE, 0x69, 0xFE, 0x69, 0xFE, 0x69, 0xFE, 0x69, 0xFE,
    0x69, 0xFE, 0x69, 0xFE, 0x69, 0xFE, 0x69, 0xFE, 0x69, 0xFE, 0x69, 0xFE, 0x69, 0xFE, 0x69, 0xFE,
    0x69, 0xFE, 0x69, 0xFE, 0x69, 0xFE, 0x69, 0xFE, 0x69, 0xFE, 0x69, 0xFE, 0x69, 0xFE, 0x69, 0xFE,
    0x69, 0xFE, 0x69, 0xFE, 0x69, 0xFE, 0x69, 0xFE, 0x69, 0xFE, 0x69, 0xFE, 0x69, 0xFE, 0x69, 0xFE,
    0x69, 0xFE, 0x69, 0xFE, 0x69, 0xFE, 0x69, 0xFE, 0x69, 0xFE, 0x69, 0xFE, 0x89, 0x43, 0x89, 0x43,
    0x89, 0x43, 0x89, 0x43, 0x89, 0x43, 0x89, 0x43, 0x89, 0x43, 0x89, 0x43, 0x89, 0x43, 0x89, 0x43,
    0x89, 0x43, 0x89, 0x43, 0x89, 0x43, 0x89, 0x43, 0x89, 0x43, 0x89, 0x43, 0x89, 0x43, 0x89, 0x43,
    0x89, 0x43, 0x89, 0x43, 0x89, 0x43, 0x89, 0x43, 0x89, 0x43, 0x89, 0x43, 0x89, 0x43, 0x89, 0x43,
    0x69, 0xFE, 0x69, 0xFE, 0x69, 0xFE, 0x69, 0xFE, 0x69, 0xFE, 0x69, 0xFE, 0x69, 0xFE, 0x69, 0xFE,
    0x69, 0xFE, 0x69, 0xFE, 0x69, 0xFE, 0x69, 0xFE, 0x69, 0xFE, 0x69, 0xFE, 0x69, 0xFE, 0x69, 0xFE,
    0x69, 0xFE, 0x69, 0xFE, 0x69, 0xFE, 0x69, 0xFE, 0x69, 0xFE, 0x69, 0xFE, 0x69, 0xFE, 0x69, 0xFE,
    0x69, 0xFE, 0x69, 0xFE, 0x69, 0xFE, 0x69, 0xFE, 0x69, 0xFE, 0x69, 0xFE, 0x69, 0xFE, 0x69, 0xFE,
    0x69, 0xFE, 0x69, 0xFE, 0x69, 0xFE, 0x69, 0xFE, 0x69, 0xFE, 0x69, 0xFE, 0x69, 0xFE, 0x69, 0xFE,
    0x69, 0xFE, 0x69, 0xFE, 0x69, 0xFE, 0x69, 0xFE, 0x69, 0xFE, 0x69, 0xFE, 0x69, 0xFE, 0x69, 0xFE,
    0x69, 0xFE, 0x69, 0xFE, 0x69, 0xFE, 0x69, 0xFE, 0x69, 0xFE, 0x69, 0xFE, 0x69, 0xFE, 0x69, 0xFE,
    0x69, 0xFE, 0x69, 0xFE, 0x69, 0xFE, 0x69, 0xFE, 0x69, 0xFE, 0x69, 0xFE, 0x69, 0xFE, 0x69, 0xFE,
    0x69, 0xFE, 0x69, 0xFE, 0x69, 0xFE, 0x69, 0xFE, 0x69, 0xFE, 0x69, 0xFE, 0x69, 0xFE, 0x69, 0xFE,
    0x69, 0xFE, 0x69, 0xFE, 0x69, 0xFE, 0x69, 0xFE, 0x89, 0x43, 0x89, 0x43, 0x89, 0x43, 0x89, 0x43,
    0x89, 0x43, 0x89, 0x43, 0x89, 0x43, 0x89, 0x43, 0x89, 0x43, 0x89, 0x43, 0x89, 0x43, 0x89, 0x43,
    0x89, 0x43, 0x89, 0x43, 0x89, 0x43, 0x89, 0x43, 0x89, 0x43, 0x89, 0x43, 0x89, 0x43, 0x89, 0x43,
    0x89, 0x43, 0x89, 0x43, 0x89, 0x43, 0x89, 0x43, 0x69, 0xFE, 0x69, 0xFE, 0x69, 0xFE, 0x69, 0xFE,
    0x69, 0xFE, 0x69, 0xFE, 0x69, 0xFE, 0x69, 0xFE, 0x69, 0xFE, 0x69, 0xFE, 0x69, 0xFE, 0x69, 0xFE,
    0x69, 0xFE, 0x69, 0xFE, 0x69, 0xFE, 0x69, 0xFE, 0x69, 0xFE, 0x69, 0xFE, 0x69, 0xFE, 0x69, 0xFE,
    0x69, 0xFE, 0x69, 0xFE, 0x69, 0xFE, 0x69, 0xFE, 0x69, 0xFE, 0x69, 0xFE, 0x69, 0xFE, 0x69, 0xFE,
    0x69, 0xFE, 0x69, 0xFE, 0x69, 0xFE, 0x69, 0xFE, 0x69, 0xFE, 0x69, 0xFE, 0x69, 0xFE, 0x69, 0xFE,
    0x69, 0xFE, 0x69, 0xFE, 0x69, 0xFE, 0x69, 0xFE, 0x69, 0xFE, 0x69, 0xFE, 0x69, 0xFE, 0x69, 0xFE,
    0x69, 0xFE, 0x69, 0xFE, 0x69, 0xFE, 0x69, 0xFE, 0x69, 0xFE, 0x69, 0xFE, 0x69, 0xFE, 0x69, 0xFE,
    0x69, 0xFE, 0x69, 0xFE, 0x69, 0xFE, 0x69, 0xFE, 0x69, 0xFE, 0x69, 0xFE, 0x69, 0xFE, 0x69, 0xFE,
    0x69, 0xFE, 0x69, 0xFE, 0x69, 0xFE, 0x69, 0xFE, 0x69, 0xFE, 0x69, 0xFE, 0x69, 0xFE, 0x69, 0xFE,
    0x69, 0xFE, 0x69, 0xFE, 0x69, 0xFE, 0x69, 0xFE, 0x69, 0xFE, 0x69, 0xFE, 0x69, 0xFE, 0x69, 0xFE,
    0x89, 0x43, 0x89, 0x43, 0x89, 0x43, 0x89, 0x43, 0x89, 0x43, 0x89, 0x43, 0x89, 0x43, 0x89, 0x43,
    0x89, 0x43, 0x89, 0x43, 0x89, 0x43, 0x89, 0x43, 0x89, 0x43, 0x89, 0x43, 0x89, 0x43, 0x89, 0x43,
    0x89, 0x43, 0x89, 0x43, 0x89, 0x43, 0x89, 0x43, 0x89, 0x43, 0x89, 0x43, 0x89, 0x43, 0x69, 0xFE,
    0x69, 0xFE, 0x69, 0xFE, 0x69, 0xFE, 0x69, 0xFE, 0x69, 0xFE, 0x69, 0xFE, 0x69, 0xFE, 0x69, 0xFE,
    0x69, 0xFE, 0x69, 0xFE, 0x69, 0xFE, 0x69, 0xFE, 0x69, 0xFE, 0x69, 0xFE, 0x69, 0xFE, 0x69, 0xFE,
    0x69, 0xFE, 0x69, 0xFE, 0x69, 0xFE, 0x69, 0xFE, 0x69, 0xFE, 0x69, 0xFE, 0x69, 0xFE, 0x69, 0xFE,
    0x69, 0xFE, 0x69, 0xFE, 0x69, 0xFE, 0x69, 0xFE, 0x69, 0xFE, 0x69, 0xFE, 0x69, 0xFE, 0x69, 0xFE,
    0x69, 0xFE, 0x69, 0xFE, 0x69, 0xFE, 0x69, 0xFE, 0x69, 0xFE, 0x69, 0xFE, 0x69, 0xFE, 0x69, 0xFE,
    0x69, 0xFE, 0x69, 0xFE, 0x69, 0xFE, 0x69, 0xFE, 0x69, 0xFE, 0x69, 0xFE, 0x69, 0xFE, 0x69, 0xFE,
    0x69, 0xFE, 0x69, 0xFE, 0x69, 0xFE, 0x69, 0xFE, 0x69, 0xFE, 0x69, 0xFE, 0x69, 0xFE, 0x69, 0xFE,
    0x69, 0xFE, 0x69, 0xFE, 0x69, 0xFE, 0x69, 0xFE, 0x69, 0xFE, 0x69, 0xFE, 0x69, 0xFE, 0x69, 0xFE,
    0x69, 0xFE, 0x69, 0xFE, 0x69, 0xFE, 0x69, 0xFE, 0x69, 0xFE, 0x69, 0xFE, 0x69, 0xFE, 0x69, 0xFE,
    0x69, 0xFE, 0x69, 0xFE, 0x69, 0xFE, 0x69, 0xFE, 0x69, 0xFE, 0x89, 0x43, 0x89, 0x43, 0x89, 0x43,
    0x89, 0x43, 0x89, 0x43, 0x89, 0x43, 0x89, 0x43, 0x89, 0x43, 0x89, 0x43, 0x89, 0x43, 0x89, 0x43,
    0x89, 0x43, 0x89, 0x43, 0x89, 0x43, 0x89, 0x43, 0x89, 0x43, 0x89, 0x43, 0x89, 0x43, 0x89, 0x43,
    0x89, 0x43, 0x89, 0x43, 0x69, 0xFE, 0x69, 0xFE, 0x69, 0xFE, 0x69, 0xFE, 0x69, 0xFE, 0x69, 0xFE,
    0x69, 0xFE, 0x69, 0xFE, 0x69, 0xFE, 0x69, 0xFE, 0x69, 0xFE, 0x69, 0xFE, 0x69, 0xFE, 0x69, 0xFE,
    0x69, 0xFE, 0x69, 0xFE, 0x69, 0xFE, 0x69, 0xFE, 0x69, 0xFE, 0x69, 0xFE, 0x69, 0xFE, 0x69, 0xFE,
    0x69, 0xFE, 0x69, 0xFE, 0x69, 0xFE, 0x69, 0xFE, 0x69, 0xFE, 0x69, 0xFE, 0x69, 0xFE, 0x69, 0xFE,
    0x69, 0xFE, 0x69, 0xFE, 0x69, 0xFE, 0x69, 0xFE, 0x69, 0xFE, 0x69, 0xFE, 0x69, 0xFE, 0x69, 0xFE,
    0x69, 0xFE, 0x69, 0xFE, 0x69, 0xFE, 0x69, 0xFE, 0x69, 0xFE, 0x69, 0xFE, 0x69, 0xFE, 0x69, 0xFE,
    0x69, 0xFE, 0x69, 0xFE, 0x69, 0xFE, 0x69, 0xFE, 0x69, 0xFE, 0x69, 0xFE, 0x69, 0xFE, 0x69, 0xFE,
    0x69, 0xFE, 0x69, 0xFE, 0x69, 0xFE, 0x69, 0xFE, 0x69, 0xFE, 0x69, 0xFE, 0x69, 0xFE, 0x69, 0xFE,
    0x69, 0xFE, 0x69, 0xFE, 0x69, 0xFE, 0x69, 0xFE, 0x69, 0xFE, 0x69, 0xFE, 0x69, 0xFE, 0x69, 0xFE,
    0x69, 0xFE, 0x69, 0xFE, 0x69, 0xFE, 0x69, 0xFE, 0x69, 0xFE, 0x69, 0xFE, 0x69, 0xFE, 0x69, 0xFE,
    0x69, 0xFE, 0x69, 0xFE, 0x89, 0x43, 0x89, 0x43, 0x89, 0x43, 0x89, 0x43, 0x89, 0x43, 0x89, 0x43,
    0x89, 0x43, 0x89, 0x43, 0x89, 0x43, 0x89, 0x43, 0x89, 0x43, 0x89, 0x43, 0x89, 0x43, 0x89, 0x43,
    0x89, 0x43, 0x89, 0x43, 0x89, 0x43, 0x89, 0x43, 0x69, 0xFE, 0x69, 0xFE, 0x69, 0xFE, 0x69, 0xFE,
    0x69, 0xFE, 0x69, 0xFE, 0x69, 0xFE, 0x69, 0xFE, 0x69, 0xFE, 0x69, 0xFE, 0x69, 0xFE, 0x69, 0xFE,
    0x69, 0xFE, 0x69, 0xFE, 0x69, 0xFE, 0x69, 0xFE, 0x69, 0xFE, 0x69, 0xFE, 0x69, 0xFE, 0x69, 0xFE,
    0x69, 0xFE, 0x69, 0xFE, 0x69, 0xFE, 0x69, 0xFE, 0x69, 0xFE, 0x69, 0xFE, 0x69, 0xFE, 0x69, 0xFE,
    0x69, 0xFE, 0x69, 0xFE, 0x69, 0xFE, 0x69, 0xFE, 0x69, 0xFE, 0x69, 0xFE, 0x69, 0xFE, 0x69, 0xFE,
    0x69, 0xFE, 0x69, 0xFE, 0x69, 0xFE, 0x69, 0xFE, 0x69, 0xFE, 0x69, 0xFE, 0x69, 0xFE, 0x69, 0xFE,
    0x69, 0xFE, 0x69, 0xFE, 0x69, 0xFE, 0x69, 0xFE, 0x69, 0xFE, 0x69, 0xFE, 0x69, 0xFE, 0x69, 0xFE,
    0x69, 0xFE, 0x69, 0xFE, 0x69, 0xFE, 0x69, 0xFE, 0x69, 0xFE, 0x69, 0xFE, 0x69, 0xFE, 0x69, 0xFE,
    0x69, 0xFE, 0x69, 0xFE, 0x69, 0xFE, 0x69, 0xFE, 0x69, 0xFE, 0x69, 0xFE, 0x69, 0xFE, 0x69, 0xFE,
    0x69, 0xFE, 0x69, 0xFE, 0x69, 0xFE, 0x69, 0xFE, 0x69, 0xFE, 0x69, 0xFE, 0x69, 0xFE, 0x69, 0xFE,
    0x69, 0xFE, 0x69, 0xFE, 0x69, 0xFE, 0x69, 0xFE, 0x69, 0xFE, 0x69, 0xFE, 0x69, 0xFE, 0x69, 0xFE,
    0x89, 0x43, 0x89, 0x43, 0x89, 0x43, 0x89, 0x43, 0x89, 0x43, 0x89, 0x43, 0x89, 0x43, 0x89, 0x43,
    0x89, 0x43, 0x89, 0x43, 0x89, 0x43, 0x89, 0x43, 0x89, 0x43, 0x89, 0x43, 0x89, 0x43, 0x89, 0x43,
    0x69, 0xFE, 0x69, 0xFE, 0x69, 0xFE, 0x69, 0xFE, 0x69, 0xFE, 0x69, 0xFE, 0x69, 0xFE, 0x69, 0xFE,
    0x69, 0xFE, 0x69, 0xFE, 0x69, 0xFE, 0x69, 0xFE, 0x69, 0xFE, 0x69, 0xFE, 0x69, 0xFE, 0x69, 0xFE,
    0x69, 0xFE, 0x69, 0xFE, 0x69, 0xFE, 0x69, 0xFE, 0x69, 0xFE, 0x69, 0xFE, 0x69, 0xFE, 0x69, 0xFE,
    0x69, 0xFE, 0x69, 0xFE, 0x69, 0xFE, 0x69, 0xFE, 0x69, 0xFE, 0x69, 0xFE, 0x69, 0xFE, 0x69, 0xFE,
    0x69, 0xFE, 0x69, 0xFE, 0x69, 0xFE, 0x69, 0xFE, 0x69, 0xFE, 0x69, 0xFE, 0x69, 0xFE, 0x69, 0xFE,
    0x69, 0xFE, 0x69, 0xFE, 0x69, 0xFE, 0x69, 0xFE, 0x69, 0xFE, 0x69, 0xFE, 0x69, 0xFE, 0x69, 0xFE,
    0x69, 0xFE, 0x69, 0xFE, 0x69, 0xFE, 0x69, 0xFE, 0x69, 0xFE, 0x69, 0xFE, 0x69, 0xFE, 0x69, 0xFE,
    0x69, 0xFE, 0x69, 0xFE, 0x69, 0xFE, 0x69, 0xFE, 0x69, 0xFE, 0x69, 0xFE, 0x69, 0xFE, 0x69, 0xFE,
    0x69, 0xFE, 0x69, 0xFE, 0x69, 0xFE, 0x69, 0xFE, 0x69, 0xFE, 0x69, 0xFE, 0x69, 0xFE, 0x69, 0xFE,
    0x69, 0xFE, 0x69, 0xFE, 0x69, 0xFE, 0x69, 0xFE, 0x69, 0xFE, 0x69, 0xFE, 0x69, 0xFE, 0x69, 0xFE,
    0x69, 0xFE, 0x69, 0xFE, 0x69, 0xFE, 0x69, 0xFE, 0x89, 0x43, 0x89, 0x43, 0x89, 0x43, 0x89, 0x43,
    0x89, 0x43, 0x89, 0x43, 0x89, 0x43, 0x89, 0x43, 0x89, 0x43, 0x89, 0x43, 0x89, 0x43, 0x89, 0x43,
    0x89, 0x43, 0x89, 0x43, 0x89, 0x43, 0x89, 0x43, 0x69, 0xFE, 0x69, 0xFE, 0x69, 0xFE, 0x69, 0xFE,
    0x69, 0xFE, 0x69, 0xFE, 0x69, 0xFE, 0x69, 0xFE, 0x69, 0xFE, 0x69, 0xFE, 0x69, 0xFE, 0x69, 0xFE,
    0x69, 0xFE, 0x69, 0xFE, 0x69, 0xFE, 0x69, 0xFE, 0x69, 0xFE, 0x69, 0xFE, 0x69, 0xFE, 0x69, 0xFE,
    0x69, 0xFE, 0x69, 0xFE, 0x69, 0xFE, 0x69, 0xFE, 0x69, 0xFE, 0x69, 0xFE, 0x69, 0xFE, 0x69, 0xFE,
    0x69, 0xFE, 0x69, 0xFE, 0x69, 0xFE, 0x69, 0xFE, 0x69, 0xFE, 0x69, 0xFE, 0x69, 0xFE, 0x69, 0xFE,
    0x69, 0xFE, 0x69, 0xFE, 0x69, 0xFE, 0x69, 0xFE, 0x69, 0xFE, 0x69, 0xFE, 0x69, 0xFE, 0x69, 0xFE,
    0x69, 0xFE, 0x69, 0xFE, 0x69, 0xFE, 0x69, 0xFE, 0x69, 0xFE, 0x69, 0xFE, 0x69, 0xFE, 0x69, 0xFE,
    0x69, 0xFE, 0x69, 0xFE, 0x69, 0xFE, 0x69, 0xFE, 0x69, 0xFE, 0x69, 0xFE, 0x69, 0xFE, 0x69, 0xFE,
    0x69, 0xFE, 0x69, 0xFE, 0x69, 0xFE, 0x69, 0xFE, 0x69, 0xFE, 0x69, 0xFE, 0x69, 0xFE, 0x69, 0xFE,
    0x69, 0xFE, 0x69, 0xFE, 0x69, 0xFE, 0x69, 0xFE, 0x69, 0xFE, 0x69, 0xFE, 0x69, 0xFE, 0x69, 0xFE,
    0x69, 0xFE, 0x69, 0xFE, 0x69, 0xFE, 0x69, 0xFE, 0x69, 0xFE, 0x69, 0xFE, 0x69, 0xFE, 0x69, 0xFE,
    0x89, 0x43, 0x89, 0x43, 0x89, 0x43, 0x89, 0x43, 0x89, 0x43, 0x89, 0x43, 0x89, 0x43, 0x89, 0x43,
    0x89, 0x43, 0x89, 0x43, 0x89, 0x43, 0x89, 0x43, 0x89, 0x43, 0x89, 0x43, 0x89, 0x43, 0x69, 0xFE,
    0x69, 0xFE, 0x69, 0xFE, 0x69, 0xFE, 0x69, 0xFE, 0x69, 0xFE, 0x69, 0xFE, 0x69, 0xFE, 0x69, 0xFE,
    0x69, 0xFE, 0x69, 0xFE, 0x69, 0xFE, 0x69, 0xFE, 0x69, 0xFE, 0x69, 0xFE, 0x69, 0xFE, 0x69, 0xFE,
    0x69, 0xFE, 0x69, 0xFE, 0x69, 0xFE, 0x69, 0xFE, 0x69, 0xFE, 0x69, 0xFE, 0x69, 0xFE, 0x69, 0xFE,
    0x69, 0xFE, 0x69, 0xFE, 0x69, 0xFE, 0x69, 0xFE, 0x69, 0xFE, 0x69, 0xFE, 0x69, 0xFE, 0x69, 0xFE,
    0x69, 0xFE, 0x69, 0xFE, 0x69, 0xFE, 0x69, 0xFE, 0x69, 0xFE, 0x69, 0xFE, 0x69, 0xFE, 0x69, 0xFE,
    0x69, 0xFE, 0x69, 0xFE, 0x69, 0xFE, 0x69, 0xFE, 0x69, 0xFE, 0x69, 0xFE, 0x69, 0xFE, 0x69, 0xFE,
    0x69, 0xFE, 0x69, 0xFE, 0x69, 0xFE, 0x69, 0xFE, 0x69, 0xFE, 0x69, 0xFE, 0x69, 0xFE, 0x69, 0xFE,
    0x69, 0xFE, 0x69, 0xFE, 0x69, 0xFE, 0x69, 0xFE, 0x69, 0xFE, 0x69, 0xFE, 0x69, 0xFE, 0x69, 0xFE,
    0x69, 0xFE, 0x69, 0xFE, 0x69, 0xFE, 0x69, 0xFE, 0x69, 0xFE, 0x69, 0xFE, 0x69, 0xFE, 0x69, 0xFE,
    0x69, 0xFE, 0x69, 0xFE, 0x69, 0xFE, 0x69, 0xFE, 0x69, 0xFE, 0x69, 0xFE, 0x69, 0xFE, 0x69, 0xFE,
    0x69, 0xFE, 0x69, 0xFE, 0x69, 0xFE, 0x69, 0xFE, 0x69, 0xFE, 0x89, 0x43, 0x89, 0x43, 0x89, 0x43,
    0x89, 0x43, 0x89, 0x43, 0x89, 0x43, 0x89, 0x43, 0x89, 0x43, 0x89, 0x43, 0x89, 0x43, 0x89, 0x43,
    0x89, 0x43, 0x89, 0x43, 0x89, 0x43, 0x69, 0xFE, 0x69, 0xFE, 0x69, 0xFE, 0x69, 0xFE, 0x69, 0xFE,
    0x69, 0xFE, 0x69, 0xFE, 0x69, 0xFE, 0x69, 0xFE, 0x69, 0xFE, 0x69, 0xFE, 0x69, 0xFE, 0x69, 0xFE,
    0x69, 0xFE, 0x69, 0xFE, 0x69, 0xFE, 0x69, 0xFE, 0x69, 0xFE, 0x69, 0xFE, 0x69, 0xFE, 0x69, 0xFE,
    0x69, 0xFE, 0x69, 0xFE, 0x69, 0xFE, 0x69, 0xFE, 0x69, 0xFE, 0x69, 0xFE, 0x69, 0xFE, 0x69, 0xFE,
    0x69, 0xFE, 0x69, 0xFE, 0x69, 0xFE, 0x69, 0xFE, 0x69, 0xFE, 0x69, 0xFE, 0x69, 0xFE, 0x69, 0xFE,
    0x69, 0xFE, 0x69, 0xFE, 0x69, 0xFE, 0x69, 0xFE, 0x69, 0xFE, 0x69, 0xFE, 0x69, 0xFE, 0x69, 0xFE,
    0x69, 0xFE, 0x69, 0xFE, 0x69, 0xFE, 0x69, 0xFE, 0x69, 0xFE, 0x69, 0xFE, 0x69, 0xFE, 0x69, 0xFE,
    0x69, 0xFE, 0x69, 0xFE, 0x69, 0xFE, 0x69, 0xFE, 0x69, 0xFE, 0x69, 0xFE, 0x69, 0xFE, 0x69, 0xFE,
    0x69, 0xFE, 0x69, 0xFE, 0x69, 0xFE, 0x69, 0xFE, 0x69, 0xFE, 0x69, 0xFE, 0x69, 0xFE, 0x69, 0xFE,
    0x69, 0xFE, 0x69, 0xFE, 0x69, 0xFE, 0x69, 0xFE, 0x69, 0xFE, 0x69, 0xFE, 0x69, 0xFE, 0x69, 0xFE,
    0x69, 0xFE, 0x69, 0xFE, 0x69, 0xFE, 0x69, 0xFE, 0x69, 0xFE, 0x69, 0xFE, 0x69, 0xFE, 0x69, 0xFE,
    0x69, 0xFE, 0x89, 0x43, 0x89, 0x43, 0x89, 0x43, 0x89, 0x43, 0x89, 0x43, 0x89, 0x43, 0x89, 0x43,
    0x89, 0x43, 0x89, 0x43, 0x89, 0x43, 0x89, 0x43, 0x89, 0x43, 0x89, 0x43, 0x69, 0xFE, 0x69, 0xFE,
    0x69, 0xFE, 0x69, 0xFE, 0x69, 0xFE, 0x69, 0xFE, 0x69, 0xFE, 0x69, 0xFE, 0x69, 0xFE, 0x69, 0xFE,
    0x69, 0xFE, 0x69, 0xFE, 0x69, 0xFE, 0x69, 0xFE, 0x69, 0xFE, 0x69, 0xFE, 0x69, 0xFE, 0x69, 0xFE,
    0x69, 0xFE, 0x69, 0xFE, 0x69, 0xFE, 0x69, 0xFE, 0x69, 0xFE, 0x69, 0xFE, 0x69, 0xFE, 0x69, 0xFE,
    0x69, 0xFE, 0x69, 0xFE, 0x69, 0xFE, 0x69, 0xFE, 0x69, 0xFE, 0x69, 0xFE, 0x69, 0xFE, 0x69, 0xFE,
    0x69, 0xFE, 0x69, 0xFE, 0x69, 0xFE, 0x69, 0xFE, 0x69, 0xFE, 0x69, 0xFE, 0x69, 0xFE, 0x69, 0xFE,
    0x69, 0xFE, 0x69, 0xFE, 0x69, 0xFE, 0x69, 0xFE, 0x69, 0xFE, 0x69, 0xFE, 0x69, 0xFE, 0x69, 0xFE,
    0x69, 0xFE, 0x69, 0xFE, 0x69, 0xFE, 0x69, 0xFE, 0x69, 0xFE, 0x69, 0xFE, 0x69, 0xFE, 0x69, 0xFE,
    0x69, 0xFE, 0x69, 0xFE, 0x69, 0xFE, 0x69, 0xFE, 0x69, 0xFE, 0x69, 0xFE, 0x69, 0xFE, 0x69, 0xFE,
    0x69, 0xFE, 0x69, 0xFE, 0x69, 0xFE, 0x69, 0xFE, 0x69, 0xFE, 0x69, 0xFE, 0x69, 0xFE, 0x69, 0xFE,
    0x69, 0xFE, 0x69, 0xFE, 0x69, 0xFE, 0x69, 0xFE, 0x69, 0xFE, 0x69, 0xFE, 0x69, 0xFE, 0x69, 0xFE,
    0x69, 0xFE, 0x69, 0xFE, 0x69, 0xFE, 0x69, 0xFE, 0x69, 0xFE, 0x69, 0xFE, 0x89, 0x43, 0x89, 0x43,
    0x89, 0x43, 0x89, 0x43, 0x89, 0x43, 0x89, 0x43, 0x89, 0x43, 0x89, 0x43, 0x89, 0x43, 0x89, 0x43,
    0x89, 0x43, 0x89, 0x43, 0x69, 0xFE, 0x69, 0xFE, 0x69, 0xFE, 0x69, 0xFE, 0x69, 0xFE, 0x69, 0xFE,
    0x69, 0xFE, 0x69, 0xFE, 0x69, 0xFE, 0x69, 0xFE, 0x69, 0xFE, 0x69, 0xFE, 0x69, 0xFE, 0x69, 0xFE,
    0x69, 0xFE, 0x69, 0xFE, 0x69, 0xFE, 0x69, 0xFE, 0x69, 0xFE, 0x69, 0xFE, 0x69, 0xFE, 0x69, 0xFE,
    0x69, 0xFE, 0x69, 0xFE, 0x69, 0xFE, 0x69, 0xFE, 0x69, 0xFE, 0x69, 0xFE, 0x69, 0xFE, 0x69, 0xFE,
    0x69, 0xFE, 0x69, 0xFE, 0x69, 0xFE, 0x69, 0xFE, 0x69, 0xFE, 0x69, 0xFE, 0x69, 0xFE, 0x69, 0xFE,
    0x69, 0xFE, 0x69, 0xFE, 0x69, 0xFE, 0x69, 0xFE, 0x69, 0xFE, 0x69, 0xFE, 0x69, 0xFE, 0x69, 0xFE,
    0x69, 0xFE, 0x69, 0xFE, 0x69, 0xFE, 0x69, 0xFE, 0x69, 0xFE, 0x69, 0xFE, 0x69, 0xFE, 0x69, 0xFE,
    0x69, 0xFE, 0x69, 0xFE, 0x69, 0xFE, 0x69, 0xFE, 0x69, 0xFE, 0x69, 0xFE, 0x69, 0xFE, 0x69, 0xFE,
    0x69, 0xFE, 0x69, 0xFE, 0x69, 0xFE, 0x69, 0xFE, 0x69, 0xFE, 0x69, 0xFE, 0x69, 0xFE, 0x69, 0xFE,
    0x69, 0xFE, 0x69, 0xFE, 0x69, 0xFE, 0x69, 0xFE, 0x69, 0xFE, 0x69, 0xFE, 0x69, 0xFE, 0x69, 0xFE,
    0x69, 0xFE, 0x69, 0xFE, 0x69, 0xFE, 0x69, 0xFE, 0x69, 0xFE, 0x69, 0xFE, 0x69, 0xFE, 0x69, 0xFE,
    0x69, 0xFE, 0x69, 0xFE, 0x89, 0x43, 0x89, 0x43, 0x89, 0x43, 0x89, 0x43, 0x89, 0x43, 0x89, 0x43,
    0x89, 0x43, 0x89, 0x43, 0x89, 0x43, 0x89, 0x43, 0x69, 0xFE, 0x69, 0xFE, 0x69, 0xFE, 0x69, 0xFE,
    0x69, 0xFE, 0x69, 0xFE, 0x69, 0xFE, 0x69, 0xFE, 0x69, 0xFE, 0x69, 0xFE, 0x69, 0xFE, 0x69, 0xFE,
    0x69, 0xFE, 0x69, 0xFE, 0x69, 0xFE, 0x69, 0xFE, 0x69, 0xFE, 0x69, 0xFE, 0x69, 0xFE, 0x69, 0xFE,
    0x69, 0xFE, 0x69, 0xFE, 0x69, 0xFE, 0x69, 0xFE, 0x69, 0xFE, 0x69, 0xFE, 0x69, 0xFE, 0x69, 0xFE,
    0x69, 0xFE, 0x69, 0xFE, 0x69, 0xFE, 0x69, 0xFE, 0x69, 0xFE, 0x69, 0xFE, 0x69, 0xFE, 0x69, 0xFE,
    0x69, 0xFE, 0x69, 0xFE, 0x69, 0xFE, 0x69, 0xFE, 0x69, 0xFE, 0x69, 0xFE, 0x69, 0xFE, 0x69, 0xFE,
    0x69, 0xFE, 0x69, 0xFE, 0x69, 0xFE, 0x69, 0xFE, 0x69, 0xFE, 0x69, 0xFE, 0x69, 0xFE, 0x69, 0xFE,
    0x69, 0xFE, 0x69, 0xFE, 0x69, 0xFE, 0x69, 0xFE, 0x69, 0xFE, 0x69, 0xFE, 0x69, 0xFE, 0x69, 0xFE,
    0x69, 0xFE, 0x69, 0xFE, 0x69, 0xFE, 0x69, 0xFE, 0x69, 0xFE, 0x69, 0xFE, 0x69, 0xFE, 0x69, 0xFE,
    0x69, 0xFE, 0x69, 0xFE, 0x69, 0xFE, 0x69, 0xFE, 0x69, 0xFE, 0x69, 0xFE, 0x69, 0xFE, 0x69, 0xFE,
    0x69, 0xFE, 0x69, 0xFE, 0x69, 0xFE, 0x69, 0xFE, 0x69, 0xFE, 0x69, 0xFE, 0x69, 0xFE, 0x69, 0xFE,
    0x69, 0xFE, 0x69, 0xFE, 0x69, 0xFE, 0x69, 0xFE, 0x69, 0xFE, 0x69, 0xFE, 0x69, 0xFE, 0x69, 0xFE,
    0x89, 0x43, 0x89, 0x43, 0x89, 0x43, 0x89, 0x43, 0x89, 0x43, 0x89, 0x43, 0x89, 0x43, 0x89, 0x43,
    0x69, 0xFE, 0x69, 0xFE, 0x69, 0xFE, 0x69, 0xFE, 0x69, 0xFE, 0x69, 0xFE, 0x69, 0xFE, 0x69, 0xFE,
    0x69, 0xFE, 0x69, 0xFE, 0x69, 0xFE, 0x69, 0xFE, 0x69, 0xFE, 0x69, 0xFE, 0x69, 0xFE, 0x69, 0xFE,
    0x69, 0xFE, 0x69, 0xFE, 0x69, 0xFE, 0x69, 0xFE, 0x69, 0xFE, 0x69, 0xFE, 0x69, 0xFE, 0x69, 0xFE,
    0x69, 0xFE, 0x69, 0xFE, 0x69, 0xFE, 0x69, 0xFE, 0x69, 0xFE, 0x69, 0xFE, 0x69, 0xFE, 0x69, 0xFE,
    0x69, 0xFE, 0x69, 0xFE, 0x69, 0xFE, 0x69, 0xFE, 0x69, 0xFE, 0x69, 0xFE, 0x69, 0xFE, 0x69, 0xFE,
    0x69, 0xFE, 0x69, 0xFE, 0x69, 0xFE, 0x69, 0xFE, 0x69, 0xFE, 0x69, 0xFE, 0x69, 0xFE, 0x69, 0xFE,
    0x69, 0xFE, 0x69, 0xFE, 0x69, 0xFE, 0x69, 0xFE, 0x69, 0xFE, 0x69, 0xFE, 0x69, 0xFE, 0x69, 0xFE,
    0x69, 0xFE, 0x69, 0xFE, 0x69, 0xFE, 0x69, 0xFE, 0x69, 0xFE, 0x69, 0xFE, 0x69, 0xFE, 0x69, 0xFE,
    0x69, 0xFE, 0x69, 0xFE, 0x69, 0xFE, 0x69, 0xFE, 0x69, 0xFE, 0x69, 0xFE, 0x69, 0xFE, 0x69, 0xFE,
    0x69, 0xFE, 0x69, 0xFE, 0x69, 0xFE, 0x69, 0xFE, 0x69, 0xFE, 0x69, 0xFE, 0x69, 0xFE, 0x69, 0xFE,
    0x69, 0xFE, 0x69, 0xFE, 0x69, 0xFE, 0x69, 0xFE, 0x69, 0xFE, 0x69, 0xFE, 0x69, 0xFE, 0x69, 0xFE,
    0x69, 0xFE, 0x69, 0xFE, 0x69, 0xFE, 0x69, 0xFE, 0x89, 0x43, 0x89, 0x43, 0x89, 0x43, 0x89, 0x43,
    0x89, 0x43, 0x89, 0x43, 0x89, 0x43, 0x89, 0x43, 0x69, 0xFE, 0x69, 0xFE, 0x69, 0xFE, 0x69, 0xFE,
    0x69, 0xFE, 0x69, 0xFE, 0x69, 0xFE, 0x69, 0xFE, 0x69, 0xFE, 0x69, 0xFE, 0x69, 0xFE, 0x69, 0xFE,
    0x69, 0xFE, 0x69, 0xFE, 0x69, 0xFE, 0x69, 0xFE, 0x69, 0xFE, 0x69, 0xFE, 0x69, 0xFE, 0x69, 0xFE,
    0x69, 0xFE, 0x69, 0xFE, 0x69, 0xFE, 0x69, 0xFE, 0x69, 0xFE, 0x69, 0xFE, 0x69, 0xFE, 0x69, 0xFE,
    0x69, 0xFE, 0x69, 0xFE, 0x69, 0xFE, 0x69, 0xFE, 0x69, 0xFE, 0x69, 0xFE, 0x69, 0xFE, 0x69, 0xFE,
    0x69, 0xFE, 0x69, 0xFE, 0x69, 0xFE, 0x69, 0xFE, 0x69, 0xFE, 0x69, 0xFE, 0x69, 0xFE, 0x69, 0xFE,
    0x69, 0xFE, 0x69, 0xFE, 0x69, 0xFE, 0x69, 0xFE, 0x69, 0xFE, 0x69, 0xFE, 0x69, 0xFE, 0x69, 0xFE,
    0x69, 0xFE, 0x69, 0xFE, 0x69, 0xFE, 0x69, 0xFE, 0x69, 0xFE, 0x69, 0xFE, 0x69, 0xFE, 0x69, 0xFE,
    0x69, 0xFE, 0x69, 0xFE, 0x69, 0xFE, 0x69, 0xFE, 0x69, 0xFE, 0x69, 0xFE, 0x69, 0xFE, 0x69, 0xFE,
    0x69, 0xFE, 0x69, 0xFE, 0x69, 0xFE, 0x69, 0xFE, 0x69, 0xFE, 0x69, 0xFE, 0x69, 0xFE, 0x69, 0xFE,
    0x69, 0xFE, 0x69, 0xFE, 0x69, 0xFE, 0x69, 0xFE, 0x69, 0xFE, 0x69, 0xFE, 0x69, 0xFE, 0x69, 0xFE,
    0x69, 0xFE, 0x69, 0xFE, 0x69, 0xFE, 0x69, 0xFE, 0x69, 0xFE, 0x69, 0xFE, 0x69, 0xFE, 0x69, 0xFE,
    0x89, 0x43, 0x89, 0x43, 0x89, 0x43, 0x89, 0x43, 0x89, 0x43, 0x89, 0x43, 0x89, 0x43, 0x69, 0xFE,
    0x69, 0xFE, 0x69, 0xFE, 0x69, 0xFE, 0x69, 0xFE, 0x69, 0xFE, 0x69, 0xFE, 0x69, 0xFE, 0x69, 0xFE,
    0x69, 0xFE, 0x69, 0xFE, 0x69, 0xFE, 0x69, 0xFE, 0x69, 0xFE, 0x69, 0xFE, 0x69, 0xFE, 0x69, 0xFE,
    0x69, 0xFE, 0x69, 0xFE, 0x69, 0xFE, 0x69, 0xFE, 0x69, 0xFE, 0x69, 0xFE, 0x69, 0xFE, 0x69, 0xFE,
    0x69, 0xFE, 0x69, 0xFE, 0x69, 0xFE, 0x69, 0xFE, 0x69, 0xFE, 0x69, 0xFE, 0x69, 0xFE, 0x69, 0xFE,
    0x69, 0xFE, 0x69, 0xFE, 0x69, 0xFE, 0x69, 0xFE, 0x69, 0xFE, 0x69, 0xFE, 0x69, 0xFE, 0x69, 0xFE,
    0x69, 0xFE, 0x69, 0xFE, 0x69, 0xFE, 0x69, 0xFE, 0x69, 0xFE, 0x69, 0xFE, 0x69, 0xFE, 0x69, 0xFE,
    0x69, 0xFE, 0x69, 0xFE, 0x69, 0xFE, 0x69, 0xFE, 0x69, 0xFE, 0x69, 0xFE, 0x69, 0xFE, 0x69, 0xFE,
    0x69, 0xFE, 0x69, 0xFE, 0x69, 0xFE, 0x69, 0xFE, 0x69, 0xFE, 0x69, 0xFE, 0x69, 0xFE, 0x69, 0xFE,
    0x69, 0xFE, 0x69, 0xFE, 0x69, 0xFE, 0x69, 0xFE, 0x69, 0xFE, 0x69, 0xFE, 0x69, 0xFE, 0x69, 0xFE,
    0x69, 0xFE, 0x69, 0xFE, 0x69, 0xFE, 0x69, 0xFE, 0x69, 0xFE, 0x69, 0xFE, 0x69, 0xFE, 0x69, 0xFE,
    0x69, 0xFE, 0x69, 0xFE, 0x69, 0xFE, 0x69, 0xFE, 0x69, 0xFE, 0x69, 0xFE, 0x69, 0xFE, 0x69, 0xFE,
    0x69, 0xFE, 0x69, 0xFE, 0x69, 0xFE, 0x69, 0xFE, 0x69, 0xFE, 0x89, 0x43, 0x89, 0x43, 0x89, 0x43,
    0x89, 0x43, 0x89, 0x43, 0x89, 0x43, 0x69, 0xFE, 0x69, 0xFE, 0x69, 0xFE, 0x69, 0xFE, 0x69, 0xFE,
    0x69, 0xFE, 0x69, 0xFE, 0x69, 0xFE, 0x69, 0xFE, 0x69, 0xFE, 0x69, 0xFE, 0x69, 0xFE, 0x69, 0xFE,
    0x69, 0xFE, 0x69, 0xFE, 0x69, 0xFE, 0x69, 0xFE, 0x69, 0xFE, 0x69, 0xFE, 0x69, 0xFE, 0x69, 0xFE,
    0x69, 0xFE, 0x69, 0xFE, 0x69, 0xFE, 0x69, 0xFE, 0x69, 0xFE, 0x69, 0xFE, 0x69, 0xFE, 0x69, 0xFE,
    0x69, 0xFE, 0x69, 0xFE, 0x69, 0xFE, 0x69, 0xFE, 0x69, 0xFE, 0x69, 0xFE, 0x69, 0xFE, 0x69, 0xFE,
    0x69, 0xFE, 0x69, 0xFE, 0x69, 0xFE, 0x69, 0xFE, 0x69, 0xFE, 0x69, 0xFE, 0x69, 0xFE, 0x69, 0xFE,
    0x69, 0xFE, 0x69, 0xFE, 0x69, 0xFE, 0x69, 0xFE, 0x69, 0xFE, 0x69, 0xFE, 0x69, 0xFE, 0x69, 0xFE,
    0x69, 0xFE, 0x69, 0xFE, 0x69, 0xFE, 0x69, 0xFE, 0x69, 0xFE, 0x69, 0xFE, 0x69, 0xFE, 0x69, 0xFE,
    0x69, 0xFE, 0x69, 0xFE, 0x69, 0xFE, 0x69, 0xFE, 0x69, 0xFE, 0x69, 0xFE, 0x69, 0xFE, 0x69, 0xFE,
    0x69, 0xFE, 0x69, 0xFE, 0x69, 0xFE, 0x69, 0xFE, 0x69, 0xFE, 0x69, 0xFE, 0x69, 0xFE, 0x69, 0xFE,
    0x69, 0xFE, 0x69, 0xFE, 0x69, 0xFE, 0x69, 0xFE, 0x69, 0xFE, 0x69, 0xFE, 0x69, 0xFE, 0x69, 0xFE,
    0x69, 0xFE, 0x69, 0xFE, 0x69, 0xFE, 0x69, 0xFE, 0x69, 0xFE, 0x69, 0xFE, 0x69, 0xFE, 0x69, 0xFE,
    0x69, 0xFE, 0x89, 0x43, 0x89, 0x43, 0x89, 0x43, 0x89, 0x43, 0x89, 0x43, 0x89, 0x43, 0x69, 0xFE,
    0x69, 0xFE, 0x69, 0xFE, 0x69, 0xFE, 0x69, 0xFE, 0x69, 0xFE, 0x69, 0xFE, 0x69, 0xFE, 0x69, 0xFE,
    0x69, 0xFE, 0x69, 0xFE, 0x69, 0xFE, 0x69, 0xFE, 0x69, 0xFE, 0x69, 0xFE, 0x69, 0xFE, 0x69, 0xFE,
    0x69, 0xFE, 0x69, 0xFE, 0x69, 0xFE, 0x69, 0xFE, 0x69, 0xFE, 0x69, 0xFE, 0x69, 0xFE, 0x69, 0xFE,
    0x69, 0xFE, 0x69, 0xFE, 0x69, 0xFE, 0x69, 0xFE, 0x69, 0xFE, 0x69, 0xFE, 0x69, 0xFE, 0x69, 0xFE,
    0x69, 0xFE, 0x69, 0xFE, 0x69, 0xFE, 0x69, 0xFE, 0x69, 0xFE, 0x69, 0xFE, 0x69, 0xFE, 0x69, 0xFE,
    0x69, 0xFE, 0x69, 0xFE, 0x69, 0xFE, 0x69, 0xFE, 0x69, 0xFE, 0x69, 0xFE, 0x69, 0xFE, 0x69, 0xFE,
    0x69, 0xFE, 0x69, 0xFE, 0x69, 0xFE, 0x69, 0xFE, 0x69, 0xFE, 0x69, 0xFE, 0x69, 0xFE, 0x69, 0xFE,
    0x69, 0xFE, 0x69, 0xFE, 0x69, 0xFE, 0x69, 0xFE, 0x69, 0xFE, 0x69, 0xFE, 0x69, 0xFE, 0x69, 0xFE,
    0x69, 0xFE, 0x69, 0xFE, 0x69, 0xFE, 0x69, 0xFE, 0x69, 0xFE, 0x69, 0xFE, 0x69, 0xFE, 0x69, 0xFE,
    0x69, 0xFE, 0x69, 0xFE, 0x69, 0xFE, 0x69, 0xFE, 0x69, 0xFE, 0x69, 0xFE, 0x69, 0xFE, 0x69, 0xFE,
    0x69, 0xFE, 0x69, 0xFE, 0x69, 0xFE, 0x69, 0xFE, 0x69, 0xFE, 0x69, 0xFE, 0x69, 0xFE, 0x69, 0xFE,
    0x69, 0xFE, 0x69, 0xFE, 0x69, 0xFE, 0x69, 0xFE, 0x69, 0xFE, 0x89, 0x43, 0x89, 0x43, 0x89, 0x43,
    0x89, 0x43, 0x89, 0x43, 0x89, 0x43, 0x69, 0xFE, 0x69, 0xFE, 0x69, 0xFE, 0x69, 0xFE, 0x69, 0xFE,
    0x69, 0xFE, 0x69, 0xFE, 0x69, 0xFE, 0x69, 0xFE, 0x69, 0xFE, 0x69, 0xFE, 0x69, 0xFE, 0x69, 0xFE,
    0x69, 0xFE, 0x69, 0xFE, 0x69, 0xFE, 0x69, 0xFE, 0x69, 0xFE, 0x69, 0xFE, 0x69, 0xFE, 0x69, 0xFE,
    0x69, 0xFE, 0x69, 0xFE, 0x69, 0xFE, 0x69, 0xFE, 0x69, 0xFE, 0x69, 0xFE, 0x69, 0xFE, 0x69, 0xFE,
    0x69, 0xFE, 0x69, 0xFE, 0x69, 0xFE, 0x69, 0xFE, 0x69, 0xFE, 0x69, 0xFE, 0x69, 0xFE, 0x69, 0xFE,
    0x69, 0xFE, 0x69, 0xFE, 0x69, 0xFE, 0x69, 0xFE, 0x69, 0xFE, 0x69, 0xFE, 0x69, 0xFE, 0x69, 0xFE,
    0x69, 0xFE, 0x69, 0xFE, 0x69, 0xFE, 0x69, 0xFE, 0x69, 0xFE, 0x69, 0xFE, 0x69, 0xFE, 0x69, 0xFE,
    0x69, 0xFE, 0x69, 0xFE, 0x69, 0xFE, 0x69, 0xFE, 0x69, 0xFE, 0x69, 0xFE, 0x69, 0xFE, 0x69, 0xFE,
    0x69, 0xFE, 0x69, 0xFE, 0x69, 0xFE, 0x69, 0xFE, 0x69, 0xFE, 0x69, 0xFE, 0x69, 0xFE, 0x69, 0xFE,
    0x69, 0xFE, 0x69, 0xFE, 0x69, 0xFE, 0x69, 0xFE, 0x69, 0xFE, 0x69, 0xFE, 0x69, 0xFE, 0x69, 0xFE,
    0x69, 0xFE, 0x69, 0xFE, 0x69, 0xFE, 0x69, 0xFE, 0x69, 0xFE, 0x69, 0xFE, 0x69, 0xFE, 0x69, 0xFE,
    0x69, 0xFE, 0x69, 0xFE, 0x69, 0xFE, 0x69, 0xFE, 0x69, 0xFE, 0x69, 0xFE, 0x69, 0xFE, 0x69, 0xFE,
    0x69, 0xFE, 0x89, 0x43, 0x89, 0x43, 0x89, 0x43, 0x89, 0x43, 0x69, 0xFE, 0x69, 0xFE, 0x69, 0xFE,
    0x69, 0xFE, 0x69, 0xFE, 0x69, 0xFE, 0x69, 0xFE, 0x69, 0xFE, 0x69, 0xFE, 0x69, 0xFE, 0x69, 0xFE,
    0x69, 0xFE, 0x69, 0xFE, 0x69, 0xFE, 0x69, 0xFE, 0x69, 0xFE, 0x44, 0xB4, 0x20, 0x62, 0x20, 0x62,
    0x20, 0x62, 0x20, 0x62, 0x20, 0x62, 0x20, 0x62, 0xE1, 0x82, 0x22, 0x8B, 0x44, 0xB4, 0x44, 0xB4,
    0x06, 0xCD, 0x29, 0xF6, 0x29, 0xF6, 0x69, 0xFE, 0x69, 0xFE, 0x69, 0xFE, 0x69, 0xFE, 0x69, 0xFE,
    0x69, 0xFE, 0x69, 0xFE, 0x69, 0xFE, 0x69, 0xFE, 0x69, 0xFE, 0x69, 0xFE, 0x69, 0xFE, 0x69, 0xFE,
    0x69, 0xFE, 0x69, 0xFE, 0x69, 0xFE, 0x69, 0xFE, 0x69, 0xFE, 0x69, 0xFE, 0x69, 0xFE, 0x69, 0xFE,
    0x69, 0xFE, 0x69, 0xFE, 0x69, 0xFE, 0x69, 0xFE, 0x69, 0xFE, 0x69, 0xFE, 0x69, 0xFE, 0x69, 0xFE,
    0x69, 0xFE, 0x69, 0xFE, 0x69, 0xFE, 0x69, 0xFE, 0x69, 0xFE, 0x69, 0xFE, 0x69, 0xFE, 0x69, 0xFE,
    0x69, 0xFE, 0x29, 0xF6, 0x29, 0xF6, 0x47, 0xDD, 0x44, 0xB4, 0x44, 0xB4, 0x22, 0x8B, 0xE1, 0x82,
    0x20, 0x62, 0x20, 0x62, 0x20, 0x62, 0x20, 0x62, 0x20, 0x62, 0x20, 0x62, 0x44, 0xB4, 0x69, 0xFE,
    0x69, 0xFE, 0x69, 0xFE, 0x69, 0xFE, 0x69, 0xFE, 0x69, 0xFE, 0x69, 0xFE, 0x69, 0xFE, 0x69, 0xFE,
    0x69, 0xFE, 0x69, 0xFE, 0x69, 0xFE, 0x69, 0xFE, 0x69, 0xFE, 0x69, 0xFE, 0x69, 0xFE, 0x89, 0x43,
    0x89, 0x43, 0x69, 0xFE, 0x69, 0xFE, 0x69, 0xFE, 0x69, 0xFE, 0x69, 0xFE, 0x69, 0xFE, 0x69, 0xFE,
    0x69, 0xFE, 0x69, 0xFE, 0x69, 0xFE, 0x69, 0xFE, 0x69, 0xFE, 0x69, 0xFE, 0x69, 0xFE, 0x69, 0xFE,
    0x69, 0xFE, 0x44, 0xB4, 0x20, 0x62, 0x20, 0x62, 0x20, 0x62, 0x20, 0x62, 0x20, 0x62, 0x20, 0x62,
    0xE1, 0x82, 0x22, 0x8B, 0x44, 0xB4, 0x44, 0xB4, 0x06, 0xCD, 0x29, 0xF6, 0x29, 0xF6, 0x69, 0xFE,
    0x69, 0xFE, 0x69, 0xFE, 0x69, 0xFE, 0x69, 0xFE, 0x69, 0xFE, 0x69, 0xFE, 0x69, 0xFE, 0x69, 0xFE,
    0x69, 0xFE, 0x69, 0xFE, 0x69, 0xFE, 0x69, 0xFE, 0x69, 0xFE, 0x69, 0xFE, 0x69, 0xFE, 0x69, 0xFE,
    0x69, 0xFE, 0x69, 0xFE, 0x69, 0xFE, 0x69, 0xFE, 0x69, 0xFE, 0x69, 0xFE, 0x69, 0xFE, 0x69, 0xFE,
    0x69, 0xFE, 0x69, 0xFE, 0x69, 0xFE, 0x69, 0xFE, 0x69, 0xFE, 0x69, 0xFE, 0x69, 0xFE, 0x69, 0xFE,
    0x69, 0xFE, 0x69, 0xFE, 0x69, 0xFE, 0x69, 0xFE, 0x69, 0xFE, 0x29, 0xF6, 0x29, 0xF6, 0x47, 0xDD,
    0x44, 0xB4, 0x44, 0xB4, 0x22, 0x8B, 0xE1, 0x82, 0x20, 0x62, 0x20, 0x62, 0x20, 0x62, 0x20, 0x62,
    0x20, 0x62, 0x20, 0x62, 0x44, 0xB4, 0x69, 0xFE, 0x69, 0xFE, 0x69, 0xFE, 0x69, 0xFE, 0x69, 0xFE,
    0x69, 0xFE, 0x69, 0xFE, 0x69, 0xFE, 0x69, 0xFE, 0x69, 0xFE, 0x69, 0xFE, 0x69, 0xFE, 0x69, 0xFE,
    0x69, 0xFE, 0x69, 0xFE, 0x69, 0xFE, 0x89, 0x43, 0x89, 0x43, 0x69, 0xFE, 0x69, 0xFE, 0x69, 0xFE,
    0x69, 0xFE, 0x69, 0xFE, 0x69, 0xFE, 0x69, 0xFE, 0x69, 0xFE, 0x69, 0xFE, 0x69, 0xFE, 0x69, 0xFE,
    0x69, 0xFE, 0x69, 0xFE, 0x69, 0xFE, 0x69, 0xFE, 0x69, 0xFE, 0x20, 0x62, 0x20, 0x62, 0x20, 0x62,
    0x20, 0x62, 0x20, 0x62, 0x20, 0x62, 0x20, 0x62, 0x20, 0x62, 0x20, 0x62, 0x20, 0x62, 0x20, 0x62,
    0x20, 0x62, 0x20, 0x62, 0x20, 0x62, 0x63, 0x93, 0xC6, 0xC4, 0x29, 0xF6, 0x29, 0xF6, 0x69, 0xFE,
    0x69, 0xFE, 0x69, 0xFE, 0x69, 0xFE, 0x69, 0xFE, 0x69, 0xFE, 0x69, 0xFE, 0x69, 0xFE, 0x69, 0xFE,
    0x69, 0xFE, 0x69, 0xFE, 0x69, 0xFE, 0x69, 0xFE, 0x69, 0xFE, 0x69, 0xFE, 0x69, 0xFE, 0x69, 0xFE,
    0x69, 0xFE, 0x69, 0xFE, 0x69, 0xFE, 0x69, 0xFE, 0x69, 0xFE, 0x69, 0xFE, 0x69, 0xFE, 0x69, 0xFE,
    0x69, 0xFE, 0x69, 0xFE, 0x69, 0xFE, 0x69, 0xFE, 0x69, 0xFE, 0x29, 0xF6, 0x29, 0xF6, 0xC6, 0xC4,
    0x63, 0x93, 0x20, 0x62, 0x20, 0x62, 0x20, 0x62, 0x20, 0x62, 0x20, 0x62, 0x20, 0x62, 0x20, 0x62,
    0x20, 0x62, 0x20, 0x62, 0x20, 0x62, 0x20, 0x62, 0x20, 0x62, 0x20, 0x62, 0x20, 0x62, 0x69, 0xFE,
    0x69, 0xFE, 0x69, 0xFE, 0x69, 0xFE, 0x69, 0xFE, 0x69, 0xFE, 0x69, 0xFE, 0x69, 0xFE, 0x69, 0xFE,
    0x69, 0xFE, 0x69, 0xFE, 0x69, 0xFE, 0x69, 0xFE, 0x69, 0xFE, 0x69, 0xFE, 0x69, 0xFE, 0x89, 0x43,
    0x89, 0x43, 0x69, 0xFE, 0x69, 0xFE, 0x69, 0xFE, 0x69, 0xFE, 0x69, 0xFE, 0x69, 0xFE, 0x69, 0xFE,
    0x69, 0xFE, 0x69, 0xFE, 0x69, 0xFE, 0x69, 0xFE, 0x69, 0xFE, 0x69, 0xFE, 0x69, 0xFE, 0x69, 0xFE,
    0x69, 0xFE, 0x20, 0x62, 0x20, 0x62, 0x20, 0x62, 0x20, 0x62, 0x20, 0x62, 0x20, 0x62, 0x20, 0x62,
    0x20, 0x62, 0x20, 0x62, 0x20, 0x62, 0x20, 0x62, 0x20, 0x62, 0x20, 0x62, 0x20, 0x62, 0x20, 0x62,
    0x20, 0x62, 0x20, 0x62, 0x20, 0x62, 0xC3, 0x9B, 0xC8, 0xED, 0xC8, 0xED, 0x69, 0xFE, 0x69, 0xFE,
    0x69, 0xFE, 0x69, 0xFE, 0x69, 0xFE, 0x69, 0xFE, 0x69, 0xFE, 0x69, 0xFE, 0x69, 0xFE, 0x69, 0xFE,
    0x69, 0xFE, 0x69, 0xFE, 0x69, 0xFE, 0x69, 0xFE, 0x69, 0xFE, 0x69, 0xFE, 0x69, 0xFE, 0x69, 0xFE,
    0x69, 0xFE, 0x69, 0xFE, 0x69, 0xFE, 0x69, 0xFE, 0x69, 0xFE, 0x69, 0xFE, 0x69, 0xFE, 0xC8, 0xED,
    0xC3, 0x9B, 0x20, 0x62, 0x20, 0x62, 0x20, 0x62, 0x20, 0x62, 0x20, 0x62, 0x20, 0x62, 0x20, 0x62,
    0x20, 0x62, 0x20, 0x62, 0x20, 0x62, 0x20, 0x62, 0x20, 0x62, 0x20, 0x62, 0x20, 0x62, 0x20, 0x62,
    0x20, 0x62, 0x20, 0x62, 0x20, 0x62, 0x69, 0xFE, 0x69, 0xFE, 0x69, 0xFE, 0x69, 0xFE, 0x69, 0xFE,
    0x69, 0xFE, 0x69, 0xFE, 0x69, 0xFE, 0x69, 0xFE, 0x69, 0xFE, 0x69, 0xFE, 0x69, 0xFE, 0x69, 0xFE,
    0x69, 0xFE, 0x69, 0xFE, 0x69, 0xFE, 0x89, 0x43, 0x89, 0x43, 0x69, 0xFE, 0x69, 0xFE, 0x69, 0xFE,
    0x69, 0xFE, 0x69, 0xFE, 0x69, 0xFE, 0x69, 0xFE, 0x69, 0xFE, 0x69, 0xFE, 0x69, 0xFE, 0x69, 0xFE,
    0x69, 0xFE, 0x69, 0xFE, 0x69, 0xFE, 0x69, 0xFE, 0x69, 0xFE, 0x20, 0x62, 0x20, 0x62, 0x20, 0x62,
    0x20, 0x62, 0x20, 0x62, 0x20, 0x62, 0x20, 0x62, 0x20, 0x62, 0x20, 0x62, 0x20, 0x62, 0x20, 0x62,
    0x20, 0x62, 0x20, 0x62, 0x20, 0x62, 0x20, 0x62, 0x20, 0x62, 0x20, 0x62, 0x20, 0x62, 0xC3, 0x9B,
    0xC8, 0xED, 0xC8, 0xED, 0x69, 0xFE, 0x69, 0xFE, 0x69, 0xFE, 0x69, 0xFE, 0x69, 0xFE, 0x69, 0xFE,
    0x69, 0xFE, 0x69, 0xFE, 0x69, 0xFE, 0x69, 0xFE, 0x69, 0xFE, 0x69, 0xFE, 0x69, 0xFE, 0x69, 0xFE,
    0x69, 0xFE, 0x69, 0xFE, 0x69, 0xFE, 0x69, 0xFE, 0x69, 0xFE, 0x69, 0xFE, 0x69, 0xFE, 0x69, 0xFE,
    0x69, 0xFE, 0x69, 0xFE, 0x69, 0xFE, 0xC8, 0xED, 0xC3, 0x9B, 0x20, 0x62, 0x20, 0x62, 0x20, 0x62,
    0x20, 0x62, 0x20, 0x62, 0x20, 0x62, 0x20, 0x62, 0x20, 0x62, 0x20, 0x62, 0x20, 0x62, 0x20, 0x62,
    0x20, 0x62, 0x20, 0x62, 0x20, 0x62, 0x20, 0x62, 0x20, 0x62, 0x20, 0x62, 0x20, 0x62, 0x69, 0xFE,
    0x69, 0xFE, 0x69, 0xFE, 0x69, 0xFE, 0x69, 0xFE, 0x69, 0xFE, 0x69, 0xFE, 0x69, 0xFE, 0x69, 0xFE,
    0x69, 0xFE, 0x69, 0xFE, 0x69, 0xFE, 0x69, 0xFE, 0x69, 0xFE, 0x69, 0xFE, 0x69, 0xFE, 0x89, 0x43,
    0x69, 0xFE, 0x69, 0xFE, 0x69, 0xFE, 0x69, 0xFE, 0x69, 0xFE, 0x69, 0xFE, 0x69, 0xFE, 0x69, 0xFE,
    0x69, 0xFE, 0x69, 0xFE, 0x69, 0xFE, 0x69, 0xFE, 0x69, 0xFE, 0x69, 0xFE, 0x69, 0xFE, 0x69, 0xFE,
    0x69, 0xFE, 0x44, 0xB4, 0x20, 0x62, 0x20, 0x62, 0x20, 0x62, 0x20, 0x62, 0x20, 0x62, 0x20, 0x62,
    0x20, 0x62, 0x20, 0x62, 0x20, 0x62, 0x20, 0x62, 0x20, 0x62, 0x20, 0x62, 0x20, 0x62, 0x20, 0x62,
    0x20, 0x62, 0x20, 0x62, 0x20, 0x62, 0x20, 0x62, 0x20, 0x62, 0x20, 0x62, 0x04, 0xAC, 0x29, 0xF6,
    0x69, 0xFE, 0x69, 0xFE, 0x69, 0xFE, 0x69, 0xFE, 0x69, 0xFE, 0x69, 0xFE, 0x69, 0xFE, 0x69, 0xFE,
    0x69, 0xFE, 0x69, 0xFE, 0x69, 0xFE, 0x69, 0xFE, 0x69, 0xFE, 0x69, 0xFE, 0x69, 0xFE, 0x69, 0xFE,
    0x69, 0xFE, 0x69, 0xFE, 0x69, 0xFE, 0x69, 0xFE, 0x29, 0xF6, 0xC3, 0x9B, 0xC3, 0x9B, 0x20, 0x62,
    0x20, 0x62, 0x20, 0x62, 0x20, 0x62, 0x20, 0x62, 0x20, 0x62, 0x20, 0x62, 0x20, 0x62, 0x20, 0x62,
    0x20, 0x62, 0x20, 0x62, 0x20, 0x62, 0x20, 0x62, 0x20, 0x62, 0x20, 0x62, 0x20, 0x62, 0x20, 0x62,
    0x20, 0x62, 0x20, 0x62, 0x44, 0xB4, 0x69, 0xFE, 0x69, 0xFE, 0x69, 0xFE, 0x69, 0xFE, 0x69, 0xFE,
    0x69, 0xFE, 0x69, 0xFE, 0x69, 0xFE, 0x69, 0xFE, 0x69, 0xFE, 0x69, 0xFE, 0x69, 0xFE, 0x69, 0xFE,
    0x69, 0xFE, 0x69, 0xFE, 0x69, 0xFE, 0x69, 0xFE, 0x69, 0xFE, 0x69, 0xFE, 0x69, 0xFE, 0x69, 0xFE,
    0x69, 0xFE, 0x69, 0xFE, 0x69, 0xFE, 0x69, 0xFE, 0x69, 0xFE, 0x69, 0xFE, 0x69, 0xFE, 0x69, 0xFE,
    0x69, 0xFE, 0x69, 0xFE, 0x69, 0xFE, 0x69, 0xFE, 0x69, 0xFE, 0x69, 0xFE, 0x29, 0xF6, 0x47, 0xDD,
    0x47, 0xDD, 0x47, 0xDD, 0x06, 0xCD, 0x06, 0xCD, 0x44, 0xB4, 0x63, 0x93, 0x60, 0x72, 0x60, 0x72,
    0x20, 0x62, 0x20, 0x62, 0x20, 0x62, 0x20, 0x62, 0x20, 0x62, 0x20, 0x62, 0x20, 0x62, 0x20, 0x62,
    0x20, 0x62, 0x20, 0x62, 0x20, 0x62, 0x60, 0x72, 0x06, 0xCD, 0x06, 0xCD, 0x69, 0xFE, 0x69, 0xFE,
    0x69, 0xFE, 0x69, 0xFE, 0x69, 0xFE, 0x69, 0xFE, 0x69, 0xFE, 0x69, 0xFE, 0x69, 0xFE, 0x69, 0xFE,
    0x69, 0xFE, 0x69, 0xFE, 0x69, 0xFE, 0x69, 0xFE, 0x69, 0xFE, 0x69, 0xFE, 0x06, 0xCD, 0x06, 0xCD,
    0x60, 0x72, 0x20, 0x62, 0x20, 0x62, 0x20, 0x62, 0x20, 0x62, 0x20, 0x62, 0x20, 0x62, 0x20, 0x62,
    0x20, 0x62, 0x20, 0x62, 0x20, 0x62, 0x20, 0x62, 0xA1, 0x7A, 0xA1, 0x7A, 0x63, 0x93, 0x44, 0xB4,
    0x06, 0xCD, 0x06, 0xCD, 0x47, 0xDD, 0x47, 0xDD, 0x47, 0xDD, 0x29, 0xF6, 0x69, 0xFE, 0x69, 0xFE,
    0x69, 0xFE, 0x69, 0xFE, 0x69, 0xFE, 0x69, 0xFE, 0x69, 0xFE, 0x69, 0xFE, 0x69, 0xFE, 0x69, 0xFE,
    0x69, 0xFE, 0x69, 0xFE, 0x69, 0xFE, 0x69, 0xFE, 0x69, 0xFE, 0x69, 0xFE, 0x69, 0xFE, 0x69, 0xFE,
    0x69, 0xFE, 0x69, 0xFE, 0x69, 0xFE, 0x69, 0xFE, 0x69, 0xFE, 0x69, 0xFE, 0x69, 0xFE, 0x69, 0xFE,
    0x69, 0xFE, 0x69, 0xFE, 0x69, 0xFE, 0x69, 0xFE, 0x69, 0xFE, 0x69, 0xFE, 0x69, 0xFE, 0x69, 0xFE,
    0x69, 0xFE, 0x69, 0xFE, 0x69, 0xFE, 0x69, 0xFE, 0x69, 0xFE, 0x69, 0xFE, 0x69, 0xFE, 0x69, 0xFE,
    0x69, 0xFE, 0x69, 0xFE, 0x69, 0xFE, 0x69, 0xFE, 0x87, 0xE5, 0x85, 0xBC, 0x85, 0xBC, 0xA1, 0x7A,
    0x20, 0x62, 0x20, 0x62, 0x20, 0x62, 0x20, 0x62, 0x20, 0x62, 0x20, 0x62, 0x20, 0x62, 0x20, 0x62,
    0x20, 0x62, 0x20, 0x62, 0x44, 0xB4, 0x69, 0xFE, 0x69, 0xFE, 0x69, 0xFE, 0x69, 0xFE, 0x69, 0xFE,
    0x69, 0xFE, 0x69, 0xFE, 0x69, 0xFE, 0x69, 0xFE, 0x69, 0xFE, 0x69, 0xFE, 0x69, 0xFE, 0x69, 0xFE,
    0x69, 0xFE, 0x44, 0xB4, 0x20, 0x62, 0x20, 0x62, 0x20, 0x62, 0x20, 0x62, 0x20, 0x62, 0x20, 0x62,
    0x20, 0x62, 0x20, 0x62, 0x20, 0x62, 0x20, 0x62, 0xA1, 0x7A, 0x85, 0xBC, 0x85, 0xBC, 0x87, 0xE5,
    0x69, 0xFE, 0x69, 0xFE, 0x69, 0xFE, 0x69, 0xFE, 0x69, 0xFE, 0x69, 0xFE, 0x69, 0xFE, 0x69, 0xFE,
    0x69, 0xFE, 0x69, 0xFE, 0x69, 0xFE, 0x69, 0xFE, 0x69, 0xFE, 0x69, 0xFE, 0x69, 0xFE, 0x69, 0xFE,
    0x69, 0xFE, 0x69, 0xFE, 0x69, 0xFE, 0x69, 0xFE, 0x69, 0xFE, 0x69, 0xFE, 0x69, 0xFE, 0x69, 0xFE,
    0x69, 0xFE, 0x69, 0xFE, 0x69, 0xFE, 0x69, 0xFE, 0x69, 0xFE, 0x69, 0xFE, 0x69, 0xFE, 0x69, 0xFE,
    0x69, 0xFE, 0x69, 0xFE, 0x69, 0xFE, 0x69, 0xFE, 0x69, 0xFE, 0x69, 0xFE, 0x69, 0xFE, 0x69, 0xFE,
    0x69, 0xFE, 0x69, 0xFE, 0x69, 0xFE, 0x69, 0xFE, 0x69, 0xFE, 0x69, 0xFE, 0x69, 0xFE, 0x69, 0xFE,
    0x69, 0xFE, 0x69, 0xFE, 0x69, 0xFE, 0x69, 0xFE, 0x69, 0xFE, 0x69, 0xFE, 0x69, 0xFE, 0x69, 0xFE,
    0x87, 0xE5, 0x85, 0xBC, 0x85, 0xBC, 0xA1, 0x7A, 0x20, 0x62, 0x20, 0x62, 0x20, 0x62, 0x20, 0x62,
    0x20, 0x62, 0x20, 0x62, 0x20, 0x62, 0x20, 0x62, 0x20, 0x62, 0x20, 0x62, 0x44, 0xB4, 0x69, 0xFE,
    0x69, 0xFE, 0x69, 0xFE, 0x69, 0xFE, 0x69, 0xFE, 0x69, 0xFE, 0x69, 0xFE, 0x69, 0xFE, 0x69, 0xFE,
    0x69, 0xFE, 0x69, 0xFE, 0x69, 0xFE, 0x69, 0xFE, 0x69, 0xFE, 0x44, 0xB4, 0x20, 0x62, 0x20, 0x62,
    0x20, 0x62, 0x20, 0x62, 0x20, 0x62, 0x20, 0x62, 0x20, 0x62, 0x20, 0x62, 0x20, 0x62, 0x20, 0x62,
    0xA1, 0x7A, 0x85, 0xBC, 0x85, 0xBC, 0x87, 0xE5, 0x69, 0xFE, 0x69, 0xFE, 0x69, 0xFE, 0x69, 0xFE,
    0x69, 0xFE, 0x69, 0xFE, 0x69, 0xFE, 0x69, 0xFE, 0x69, 0xFE, 0x69, 0xFE, 0x69, 0xFE, 0x69, 0xFE,
    0x69, 0xFE, 0x69, 0xFE, 0x69, 0xFE, 0x69, 0xFE, 0x69, 0xFE, 0x69, 0xFE, 0x69, 0xFE, 0x69, 0xFE,
    0x69, 0xFE, 0x69, 0xFE, 0x69, 0xFE, 0x69, 0xFE, 0x69, 0xFE, 0x69, 0xFE, 0x69, 0xFE, 0x69, 0xFE,
    0x69, 0xFE, 0x69, 0xFE, 0x69, 0xFE, 0x69, 0xFE, 0x69, 0xFE, 0x69, 0xFE, 0x69, 0xFE, 0x69, 0xFE,
    0x69, 0xFE, 0x69, 0xFE, 0x69, 0xFE, 0x69, 0xFE, 0x69, 0xFE, 0x69, 0xFE, 0x69, 0xFE, 0x69, 0xFE,
    0x69, 0xFE, 0x69, 0xFE, 0x69, 0xFE, 0x69, 0xFE, 0x69, 0xFE, 0x69, 0xFE, 0x69, 0xFE, 0x69, 0xFE,
    0x69, 0xFE, 0x69, 0xFE, 0x69, 0xFE, 0x69, 0xFE, 0x69, 0xFE, 0x69, 0xFE, 0x69, 0xFE, 0x87, 0xE5,
    0x63, 0x93, 0x20, 0x62, 0x20, 0x62, 0x20, 0x62, 0x20, 0x62, 0x20, 0x62, 0x20, 0x62, 0x20, 0x62,
    0x20, 0x62, 0x20, 0x62, 0x20, 0x62, 0x04, 0xAC, 0x69, 0xFE, 0x69, 0xFE, 0x69, 0xFE, 0x69, 0xFE,
    0x69, 0xFE, 0x69, 0xFE, 0x69, 0xFE, 0x69, 0xFE, 0x69, 0xFE, 0x69, 0xFE, 0x69, 0xFE, 0x69, 0xFE,
    0x04, 0xAC, 0x20, 0x62, 0x20, 0x62, 0x20, 0x62, 0x20, 0x62, 0x20, 0x62, 0x20, 0x62, 0x20, 0x62,
    0x20, 0x62, 0x20, 0x62, 0x20, 0x62, 0x63, 0x93, 0x87, 0xE5, 0x69, 0xFE, 0x69, 0xFE, 0x69, 0xFE,
    0x69, 0xFE, 0x69, 0xFE, 0x69, 0xFE, 0x69, 0xFE, 0x69, 0xFE, 0x69, 0xFE, 0x69, 0xFE, 0x69, 0xFE,
    0x69, 0xFE, 0x69, 0xFE, 0x69, 0xFE, 0x69, 0xFE, 0x69, 0xFE, 0x69, 0xFE, 0x69, 0xFE, 0x69, 0xFE,
    0x69, 0xFE, 0x69, 0xFE, 0x69, 0xFE, 0x69, 0xFE, 0x69, 0xFE, 0x69, 0xFE, 0x69, 0xFE, 0x69, 0xFE,
    0x69, 0xFE, 0x69, 0xFE, 0x69, 0xFE, 0x69, 0xFE, 0x69, 0xFE, 0x69, 0xFE, 0x69, 0xFE, 0x69, 0xFE,
    0x69, 0xFE, 0x69, 0xFE, 0x69, 0xFE, 0x69, 0xFE, 0x69, 0xFE, 0x69, 0xFE, 0x69, 0xFE, 0x69, 0xFE,
    0x69, 0xFE, 0x69, 0xFE, 0x69, 0xFE, 0x69, 0xFE, 0x69, 0xFE, 0x69, 0xFE, 0x69, 0xFE, 0x69, 0xFE,
    0x69, 0xFE, 0x69, 0xFE, 0x69, 0xFE, 0x69, 0xFE, 0x69, 0xFE, 0x69, 0xFE, 0x47, 0xDD, 0x47, 0xDD,
    0xC3, 0x9B, 0xA1, 0x7A, 0xA1, 0x7A, 0x20, 0x62, 0x20, 0x62, 0x20, 0x62, 0x20, 0x62, 0x20, 0x62,
    0x20, 0x62, 0x20, 0x62, 0x20, 0x62, 0x20, 0x62, 0x20, 0x62, 0x20, 0x62, 0x20, 0x62, 0x20, 0x62,
    0x29, 0xF6, 0x29, 0xF6, 0x69, 0xFE, 0x69, 0xFE, 0x69, 0xFE, 0x69, 0xFE, 0x69, 0xFE, 0x69, 0xFE,
    0x69, 0xFE, 0x69, 0xFE, 0x29, 0xF6, 0x29, 0xF6, 0x20, 0x62, 0x20, 0x62, 0x20, 0x62, 0x20, 0x62,
    0x20, 0x62, 0x20, 0x62, 0x20, 0x62, 0x20, 0x62, 0x20, 0x62, 0x20, 0x62, 0x20, 0x62, 0x20, 0x62,
    0x20, 0x62, 0xA1, 0x7A, 0xA1, 0x7A, 0xC3, 0x9B, 0x47, 0xDD, 0x47, 0xDD, 0x69, 0xFE, 0x69, 0xFE,
    0x69, 0xFE, 0x69, 0xFE, 0x69, 0xFE, 0x69, 0xFE, 0x69, 0xFE, 0x69, 0xFE, 0x69, 0xFE, 0x69, 0xFE,
    0x69, 0xFE, 0x69, 0xFE, 0x69, 0xFE, 0x69, 0xFE, 0x69, 0xFE, 0x69, 0xFE, 0x69, 0xFE, 0x69, 0xFE,
    0x69, 0xFE, 0x69, 0xFE, 0x69, 0xFE, 0x69, 0xFE, 0x69, 0xFE, 0x69, 0xFE, 0x69, 0xFE, 0x69, 0xFE,
    0x69, 0xFE, 0x69, 0xFE, 0x69, 0xFE, 0x69, 0xFE, 0x69, 0xFE, 0x69, 0xFE, 0x69, 0xFE, 0x69, 0xFE,
    0x69, 0xFE, 0x69, 0xFE, 0x69, 0xFE, 0x69, 0xFE, 0x69, 0xFE, 0x69, 0xFE, 0x69, 0xFE, 0x69, 0xFE,
    0x69, 0xFE, 0x69, 0xFE, 0x69, 0xFE, 0x69, 0xFE, 0x69, 0xFE, 0x69, 0xFE, 0x29, 0xF6, 0x29, 0xF6,
    0x44, 0xB4, 0xA1, 0x7A, 0x20, 0x62, 0x20, 0x62, 0x20, 0x62, 0x20, 0x62, 0x20, 0x62, 0x20, 0x62,
    0x20, 0x62, 0x20, 0x62, 0x20, 0x62, 0x20, 0x62, 0x20, 0x62, 0x20, 0x62, 0x20, 0x62, 0x20, 0x62,
    0x20, 0x62, 0x20, 0x62, 0x20, 0x62, 0x20, 0x62, 0x29, 0xF6, 0x29, 0xF6, 0x69, 0xFE, 0x69, 0xFE,
    0x69, 0xFE, 0x69, 0xFE, 0x69, 0xFE, 0x69, 0xFE, 0x69, 0xFE, 0x69, 0xFE, 0x29, 0xF6, 0x29, 0xF6,
    0x20, 0x62, 0x20, 0x62, 0x20, 0x62, 0x20, 0x62, 0x20, 0x62, 0x20, 0x62, 0x20, 0x62, 0x20, 0x62,
    0x20, 0x62, 0x20, 0x62, 0x20, 0x62, 0x20, 0x62, 0x20, 0x62, 0x20, 0x62, 0x20, 0x62, 0x20, 0x62,
    0x20, 0x62, 0x20, 0x62, 0xA1, 0x7A, 0x44, 0xB4, 0x29, 0xF6, 0x29, 0xF6, 0x69, 0xFE, 0x69, 0xFE,
    0x69, 0xFE, 0x69, 0xFE, 0x69, 0xFE, 0x69, 0xFE, 0x69, 0xFE, 0x69, 0xFE, 0x69, 0xFE, 0x69, 0xFE,
    0x69, 0xFE, 0x69, 0xFE, 0x69, 0xFE, 0x69, 0xFE, 0x69, 0xFE, 0x69, 0xFE, 0x69, 0xFE, 0x69, 0xFE,
    0x69, 0xFE, 0x69, 0xFE, 0x69, 0xFE, 0x69, 0xFE, 0x69, 0xFE, 0x69, 0xFE, 0x69, 0xFE, 0x69, 0xFE,
    0x69, 0xFE, 0x69, 0xFE, 0x69, 0xFE, 0x69, 0xFE, 0x69, 0xFE, 0x69, 0xFE, 0x69, 0xFE, 0x69, 0xFE,
    0x69, 0xFE, 0x69, 0xFE, 0x69, 0xFE, 0x69, 0xFE, 0x69, 0xFE, 0x69, 0xFE, 0x69, 0xFE, 0x69, 0xFE,
    0x69, 0xFE, 0x69, 0xFE, 0x29, 0xF6, 0x29, 0xF6, 0x44, 0xB4, 0xA1, 0x7A, 0x20, 0x62, 0x20, 0x62,
    0x20, 0x62, 0x20, 0x62, 0x20, 0x62, 0x20, 0x62, 0x20, 0x62, 0x20, 0x62, 0x20, 0x62, 0x20, 0x62,
    0x20, 0x62, 0x20, 0x62, 0x20, 0x62, 0x20, 0x62, 0x20, 0x62, 0x20, 0x62, 0x20, 0x62, 0x20, 0x62,
    0x29, 0xF6, 0x29, 0xF6, 0x69, 0xFE, 0x69, 0xFE, 0x69, 0xFE, 0x69, 0xFE, 0x69, 0xFE, 0x69, 0xFE,
    0x69, 0xFE, 0x69, 0xFE, 0x29, 0xF6, 0x29, 0xF6, 0x20, 0x62, 0x20, 0x62, 0x20, 0x62, 0x20, 0x62,
    0x20, 0x62, 0x20, 0x62, 0x20, 0x62, 0x20, 0x62, 0x20, 0x62, 0x20, 0x62, 0x20, 0x62, 0x20, 0x62,
    0x20, 0x62, 0x20, 0x62, 0x20, 0x62, 0x20, 0x62, 0x20, 0x62, 0x20, 0x62, 0xA1, 0x7A, 0x44, 0xB4,
    0x29, 0xF6, 0x29, 0xF6, 0x69, 0xFE, 0x69, 0xFE, 0x69, 0xFE, 0x69, 0xFE, 0x69, 0xFE, 0x69, 0xFE,
    0x69, 0xFE, 0x69, 0xFE, 0x69, 0xFE, 0x69, 0xFE, 0x69, 0xFE, 0x69, 0xFE, 0x69, 0xFE, 0x69, 0xFE,
    0x69, 0xFE, 0x69, 0xFE, 0x69, 0xFE, 0x69, 0xFE, 0x69, 0xFE, 0x69, 0xFE, 0x69, 0xFE, 0x69, 0xFE,
    0x69, 0xFE, 0x69, 0xFE, 0x69, 0xFE, 0x69, 0xFE, 0x69, 0xFE, 0x69, 0xFE, 0x69, 0xFE, 0x69, 0xFE,
    0x69, 0xFE, 0x69, 0xFE, 0x69, 0xFE, 0x69, 0xFE, 0x69, 0xFE, 0x69, 0xFE, 0x69, 0xFE, 0x69, 0xFE,
    0x69, 0xFE, 0x69, 0xFE, 0x69, 0xFE, 0xC8, 0xED, 0xC8, 0xED, 0xC3, 0x9B, 0x60, 0x72, 0x60, 0x72,
    0x20, 0x62, 0x20, 0x62, 0x20, 0x62, 0x20, 0x62, 0x20, 0x62, 0x20, 0x62, 0x20, 0x62, 0x20, 0x62,
    0x20, 0x62, 0x20, 0x62, 0x20, 0x62, 0x20, 0x62, 0x20, 0x62, 0x20, 0x62, 0x20, 0x62, 0x20, 0x62,
    0x20, 0x62, 0x20, 0x62, 0x20, 0x62, 0x44, 0xB4, 0x69, 0xFE, 0x69, 0xFE, 0x69, 0xFE, 0x69, 0xFE,
    0x69, 0xFE, 0x69, 0xFE, 0x69, 0xFE, 0x69, 0xFE, 0x69, 0xFE, 0x69, 0xFE, 0x69, 0xFE, 0x69, 0xFE,
    0x44, 0xB4, 0x20, 0x62, 0x20, 0x62, 0x20, 0x62, 0x20, 0x62, 0x20, 0x62, 0x20, 0x62, 0x20, 0x62,
    0x20, 0x62, 0x20, 0x62, 0x20, 0x62, 0x20, 0x62, 0x20, 0x62, 0x20, 0x62, 0x20, 0x62, 0x20, 0x62,
    0x20, 0x62, 0x20, 0x62, 0x20, 0x62, 0x20, 0x62, 0x60, 0x72, 0x60, 0x72, 0xC3, 0x9B, 0xC8, 0xED,
    0xC8, 0xED, 0x69, 0xFE, 0x69, 0xFE, 0x69, 0xFE, 0x69, 0xFE, 0x69, 0xFE, 0x69, 0xFE, 0x69, 0xFE,
    0x69, 0xFE, 0x69, 0xFE, 0x69, 0xFE, 0x69, 0xFE, 0x69, 0xFE, 0x69, 0xFE, 0x69, 0xFE, 0x69, 0xFE,
    0x69, 0xFE, 0x69, 0xFE, 0x69, 0xFE, 0x69, 0xFE, 0x69, 0xFE, 0x69, 0xFE, 0x69, 0xFE, 0x69, 0xFE,
    0x69, 0xFE, 0x69, 0xFE, 0x69, 0xFE, 0x69, 0xFE, 0x69, 0xFE, 0x69, 0xFE, 0x69, 0xFE, 0x69, 0xFE,
    0x69, 0xFE, 0x69, 0xFE, 0x69, 0xFE, 0x69, 0xFE, 0x69, 0xFE, 0x29, 0xF6, 0x44, 0xB4, 0x60, 0x72,
    0x60, 0x72, 0x20, 0x62, 0x20, 0x62, 0x20, 0x62, 0x20, 0x62, 0x20, 0x62, 0x20, 0x62, 0x20, 0x62,
    0x20, 0x62, 0x20, 0x62, 0x20, 0x62, 0x20, 0x62, 0x20, 0x62, 0x22, 0x8B, 0x22, 0x8B, 0x04, 0xAC,
    0x85, 0xBC, 0x85, 0xBC, 0x47, 0xDD, 0x47, 0xDD, 0x47, 0xDD, 0x47, 0xDD, 0x69, 0xFE, 0x69, 0xFE,
    0x69, 0xFE, 0x69, 0xFE, 0x69, 0xFE, 0x69, 0xFE, 0x69, 0xFE, 0x69, 0xFE, 0x69, 0xFE, 0x69, 0xFE,
    0x69, 0xFE, 0x69, 0xFE, 0x69, 0xFE, 0x69, 0xFE, 0x69, 0xFE, 0x69, 0xFE, 0x47, 0xDD, 0x47, 0xDD,
    0x47, 0xDD, 0x47, 0xDD, 0x47, 0xDD, 0x85, 0xBC, 0x04, 0xAC, 0x22, 0x8B, 0x22, 0x8B, 0x20, 0x62,
    0x20, 0x62, 0x20, 0x62, 0x20, 0x62, 0x20, 0x62, 0x20, 0x62, 0x20, 0x62, 0x20, 0x62, 0x20, 0x62,
    0x20, 0x62, 0x20, 0x62, 0x20, 0x62, 0x60, 0x72, 0x60, 0x72, 0x44, 0xB4, 0x29, 0xF6, 0x69, 0xFE,
    0x69, 0xFE, 0x69, 0xFE, 0x69, 0xFE, 0x69, 0xFE, 0x69, 0xFE, 0x69, 0xFE, 0x69, 0xFE, 0x69, 0xFE,
    0x69, 0xFE, 0x69, 0xFE, 0x69, 0xFE, 0x69, 0xFE, 0x69, 0xFE, 0x69, 0xFE, 0x69, 0xFE, 0x69, 0xFE,
    0x69, 0xFE, 0x69, 0xFE, 0x69, 0xFE, 0x69, 0xFE, 0x69, 0xFE, 0x69, 0xFE, 0x69, 0xFE, 0x69, 0xFE,
    0x69, 0xFE, 0x69, 0xFE, 0x69, 0xFE, 0x69, 0xFE, 0x69, 0xFE, 0x69, 0xFE, 0x69, 0xFE, 0x69, 0xFE,
    0x69, 0xFE, 0x29, 0xF6, 0x44, 0xB4, 0x60, 0x72, 0x60, 0x72, 0x20, 0x62, 0x20, 0x62, 0x20, 0x62,
    0x20, 0x62, 0x20, 0x62, 0x20, 0x62, 0x20, 0x62, 0x20, 0x62, 0x20, 0x62, 0x20, 0x62, 0x20, 0x62,
    0x20, 0x62, 0x22, 0x8B, 0x22, 0x8B, 0x04, 0xAC, 0x85, 0xBC, 0x85, 0xBC, 0x47, 0xDD, 0x47, 0xDD,
    0x47, 0xDD, 0x47, 0xDD, 0x69, 0xFE, 0x69, 0xFE, 0x69, 0xFE, 0x69, 0xFE, 0x69, 0xFE, 0x69, 0xFE,
    0x69, 0xFE, 0x69, 0xFE, 0x69, 0xFE, 0x69, 0xFE, 0x69, 0xFE, 0x69, 0xFE, 0x69, 0xFE, 0x69, 0xFE,
    0x69, 0xFE, 0x69, 0xFE, 0x47, 0xDD, 0x47, 0xDD, 0x47, 0xDD, 0x47, 0xDD, 0x47, 0xDD, 0x85, 0xBC,
    0x04, 0xAC, 0x22, 0x8B, 0x22, 0x8B, 0x20, 0x62, 0x20, 0x62, 0x20, 0x62, 0x20, 0x62, 0x20, 0x62,
    0x20, 0x62, 0x20, 0x62, 0x20, 0x62, 0x20, 0x62, 0x20, 0x62, 0x20, 0x62, 0x20, 0x62, 0x60, 0x72,
    0x60, 0x72, 0x44, 0xB4, 0x29, 0xF6, 0x69, 0xFE, 0x69, 0xFE, 0x69, 0xFE, 0x69, 0xFE, 0x69, 0xFE,
    0x69, 0xFE, 0x69, 0xFE, 0x69, 0xFE, 0x69, 0xFE, 0x69, 0xFE, 0x69, 0xFE, 0x69, 0xFE, 0x69, 0xFE,
    0x69, 0xFE, 0x69, 0xFE, 0x69, 0xFE, 0x69, 0xFE, 0x69, 0xFE, 0x69, 0xFE, 0x69, 0xFE, 0x69, 0xFE,
    0x69, 0xFE, 0x69, 0xFE, 0x69, 0xFE, 0x69, 0xFE, 0x69, 0xFE, 0x69, 0xFE, 0x69, 0xFE, 0x69, 0xFE,
    0x69, 0xFE, 0x69, 0xFE, 0x69, 0xFE, 0x06, 0xCD, 0x06, 0xCD, 0xA1, 0x7A, 0x20, 0x62, 0x20, 0x62,
    0x20, 0x62, 0x20, 0x62, 0x20, 0x62, 0x20, 0x62, 0x20, 0x62, 0x20, 0x62, 0x20, 0x62, 0x20, 0x62,
    0x60, 0x72, 0xC3, 0x9B, 0xC3, 0x9B, 0x06, 0xCD, 0x69, 0xFE, 0x69, 0xFE, 0x69, 0xFE, 0x69, 0xFE,
    0x69, 0xFE, 0x69, 0xFE, 0x69, 0xFE, 0x69, 0xFE, 0x69, 0xFE, 0x69, 0xFE, 0x69, 0xFE, 0x69, 0xFE,
    0x69, 0xFE, 0x69, 0xFE, 0x69, 0xFE, 0x69, 0xFE, 0x69, 0xFE, 0x69, 0xFE, 0x69, 0xFE, 0x69, 0xFE,
    0x69, 0xFE, 0x69, 0xFE, 0x69, 0xFE, 0x69, 0xFE, 0x69, 0xFE, 0x69, 0xFE, 0x69, 0xFE, 0x69, 0xFE,
    0x69, 0xFE, 0x69, 0xFE, 0x69, 0xFE, 0x69, 0xFE, 0x69, 0xFE, 0x69, 0xFE, 0x69, 0xFE, 0x29, 0xF6,
    0x06, 0xCD, 0xC3, 0x9B, 0xC3, 0x9B, 0x60, 0x72, 0x20, 0x62, 0x20, 0x62, 0x20, 0x62, 0x20, 0x62,
    0x20, 0x62, 0x20, 0x62, 0x20, 0x62, 0x20, 0x62, 0x20, 0x62, 0x20, 0x62, 0xA1, 0x7A, 0x06, 0xCD,
    0x06, 0xCD, 0x69, 0xFE, 0x69, 0xFE, 0x69, 0xFE, 0x69, 0xFE, 0x69, 0xFE, 0x69, 0xFE, 0x69, 0xFE,
    0x69, 0xFE, 0x69, 0xFE, 0x69, 0xFE, 0x69, 0xFE, 0x69, 0xFE, 0x69, 0xFE, 0x69, 0xFE, 0x69, 0xFE,
    0x69, 0xFE, 0x69, 0xFE, 0x69, 0xFE, 0x69, 0xFE, 0x69, 0xFE, 0x69, 0xFE, 0x69, 0xFE, 0x69, 0xFE,
    0x69, 0xFE, 0x69, 0xFE, 0x69, 0xFE, 0x69, 0xFE, 0x69, 0xFE, 0x69, 0xFE, 0x44, 0xB4, 0x20, 0x62,
    0x20, 0x62, 0x20, 0x62, 0x20, 0x62, 0x20, 0x62, 0x20, 0x62, 0x20, 0x62, 0x20, 0x62, 0x20, 0x62,
    0x20, 0x62, 0xE1, 0x82, 0xC6, 0xC4, 0xC6, 0xC4, 0x29, 0xF6, 0x69, 0xFE, 0x69, 0xFE, 0x69, 0xFE,
    0x69, 0xFE, 0x69, 0xFE, 0x69, 0xFE, 0x69, 0xFE, 0x69, 0xFE, 0x69, 0xFE, 0x69, 0xFE, 0x69, 0xFE,
    0x69, 0xFE, 0x69, 0xFE, 0x69, 0xFE, 0x69, 0xFE, 0x69, 0xFE, 0x69, 0xFE, 0x69, 0xFE, 0x69, 0xFE,
    0x69, 0xFE, 0x69, 0xFE, 0x69, 0xFE, 0x69, 0xFE, 0x69, 0xFE, 0x69, 0xFE, 0x69, 0xFE, 0x69, 0xFE,
    0x69, 0xFE, 0x69, 0xFE, 0x69, 0xFE, 0x69, 0xFE, 0x69, 0xFE, 0x69, 0xFE, 0x69, 0xFE, 0x69, 0xFE,
    0x69, 0xFE, 0x69, 0xFE, 0x69, 0xFE, 0x69, 0xFE, 0x69, 0xFE, 0x69, 0xFE, 0x69, 0xFE, 0x29, 0xF6,
    0xC6, 0xC4, 0xC6, 0xC4, 0xE1, 0x82, 0x20, 0x62, 0x20, 0x62, 0x20, 0x62, 0x20, 0x62, 0x20, 0x62,
    0x20, 0x62, 0x20, 0x62, 0x20, 0x62, 0x20, 0x62, 0x20, 0x62, 0x44, 0xB4, 0x69, 0xFE, 0x69, 0xFE,
    0x69, 0xFE, 0x69, 0xFE, 0x69, 0xFE, 0x69, 0xFE, 0x69, 0xFE, 0x69, 0xFE, 0x69, 0xFE, 0x69, 0xFE,
    0x69, 0xFE, 0x69, 0xFE, 0x69, 0xFE, 0x69, 0xFE, 0x69, 0xFE, 0x69, 0xFE, 0x69, 0xFE, 0x69, 0xFE,
    0x69, 0xFE, 0x69, 0xFE, 0x69, 0xFE, 0x69, 0xFE, 0x69, 0xFE, 0x69, 0xFE, 0x69, 0xFE, 0x69, 0xFE,
    0x69, 0xFE, 0x69, 0xFE, 0x20, 0x62, 0x20, 0x62, 0x20, 0x62, 0x20, 0x62, 0x20, 0x62, 0x20, 0x62,
    0x20, 0x62, 0x20, 0x62, 0x22, 0x8B, 0x22, 0x8B, 0x47, 0xDD, 0x69, 0xFE, 0x69, 0xFE, 0x69, 0xFE,
    0x69, 0xFE, 0x69, 0xFE, 0x69, 0xFE, 0x69, 0xFE, 0x69, 0xFE, 0x69, 0xFE, 0x69, 0xFE, 0x69, 0xFE,
    0x69, 0xFE, 0x69, 0xFE, 0x69, 0xFE, 0x69, 0xFE, 0x69, 0xFE, 0x69, 0xFE, 0x69, 0xFE, 0x69, 0xFE,
    0x69, 0xFE, 0x69, 0xFE, 0x69, 0xFE, 0x69, 0xFE, 0x69, 0xFE, 0x69, 0xFE, 0x69, 0xFE, 0x69, 0xFE,
    0x69, 0xFE, 0x69, 0xFE, 0x69, 0xFE, 0x69, 0xFE, 0x69, 0xFE, 0x69, 0xFE, 0x69, 0xFE, 0x69, 0xFE,
    0x69, 0xFE, 0x69, 0xFE, 0x69, 0xFE, 0x69, 0xFE, 0x69, 0xFE, 0x69, 0xFE, 0x69, 0xFE, 0x69, 0xFE,
    0x69, 0xFE, 0x69, 0xFE, 0x69, 0xFE, 0x69, 0xFE, 0x69, 0xFE, 0x69, 0xFE, 0x69, 0xFE, 0x47, 0xDD,
    0x22, 0x8B, 0x22, 0x8B, 0x20, 0x62, 0x20, 0x62, 0x20, 0x62, 0x20, 0x62, 0x20, 0x62, 0x20, 0x62,
    0x20, 0x62, 0x20, 0x62, 0x69, 0xFE, 0x69, 0xFE, 0x69, 0xFE, 0x69, 0xFE, 0x69, 0xFE, 0x69, 0xFE,
    0x69, 0xFE, 0x69, 0xFE, 0x69, 0xFE, 0x69, 0xFE, 0x69, 0xFE, 0x69, 0xFE, 0x69, 0xFE, 0x69, 0xFE,
    0x69, 0xFE, 0x69, 0xFE, 0x69, 0xFE, 0x69, 0xFE, 0x69, 0xFE, 0x69, 0xFE, 0x69, 0xFE, 0x69, 0xFE,
    0x69, 0xFE, 0x69, 0xFE, 0x69, 0xFE, 0x69, 0xFE, 0x69, 0xFE, 0x69, 0xFE, 0x20, 0x62, 0x20, 0x62,
    0x20, 0x62, 0x20, 0x62, 0x20, 0x62, 0x20, 0x62, 0x20, 0x62, 0x20, 0x62, 0x22, 0x8B, 0x22, 0x8B,
    0x47, 0xDD, 0x69, 0xFE, 0x69, 0xFE, 0x69, 0xFE, 0x69, 0xFE, 0x69, 0xFE, 0x69, 0xFE, 0x69, 0xFE,
    0x69, 0xFE, 0x69, 0xFE, 0x69, 0xFE, 0x69, 0xFE, 0x69, 0xFE, 0x69, 0xFE, 0x69, 0xFE, 0x69, 0xFE,
    0x69, 0xFE, 0x69, 0xFE, 0x69, 0xFE, 0x69, 0xFE, 0x69, 0xFE, 0x69, 0xFE, 0x69, 0xFE, 0x69, 0xFE,
    0x69, 0xFE, 0x69, 0xFE, 0x69, 0xFE, 0x69, 0xFE, 0x69, 0xFE, 0x69, 0xFE, 0x69, 0xFE, 0x69, 0xFE,
    0x69, 0xFE, 0x69, 0xFE, 0x69, 0xFE, 0x69, 0xFE, 0x69, 0xFE, 0x69, 0xFE, 0x69, 0xFE, 0x69, 0xFE,
    0x69, 0xFE, 0x69, 0xFE, 0x69, 0xFE, 0x69, 0xFE, 0x69, 0xFE, 0x69, 0xFE, 0x69, 0xFE, 0x69, 0xFE,
    0x69, 0xFE, 0x69, 0xFE, 0x69, 0xFE, 0x47, 0xDD, 0x22, 0x8B, 0x22, 0x8B, 0x20, 0x62, 0x20, 0x62,
    0x20, 0x62, 0x20, 0x62, 0x20, 0x62, 0x20, 0x62, 0x20, 0x62, 0x20, 0x62, 0x69, 0xFE, 0x69, 0xFE,
    0x69, 0xFE, 0x69, 0xFE, 0x69, 0xFE, 0x69, 0xFE, 0x69, 0xFE, 0x69, 0xFE, 0x69, 0xFE, 0x69, 0xFE,
    0x69, 0xFE, 0x69, 0xFE, 0x69, 0xFE, 0x69, 0xFE, 0x69, 0xFE, 0x69, 0xFE, 0x69, 0xFE, 0x69, 0xFE,
    0x69, 0xFE, 0x69, 0xFE, 0x69, 0xFE, 0x69, 0xFE, 0x69, 0xFE, 0x69, 0xFE, 0x69, 0xFE, 0x69, 0xFE,
    0x29, 0xF6, 0x29, 0xF6, 0x20, 0x62, 0x20, 0x62, 0x20, 0x62, 0x20, 0x62, 0x20, 0x62, 0xA1, 0x7A,
    0xA1, 0x7A, 0xC6, 0xC4, 0x69, 0xFE, 0x69, 0xFE, 0x69, 0xFE, 0x69, 0xFE, 0x69, 0xFE, 0x69, 0xFE,
    0x69, 0xFE, 0x69, 0xFE, 0x69, 0xFE, 0x69, 0xFE, 0x69, 0xFE, 0x69, 0xFE, 0x69, 0xFE, 0x69, 0xFE,
    0x69, 0xFE, 0x69, 0xFE, 0x69, 0xFE, 0x69, 0xFE, 0x69, 0xFE, 0x69, 0xFE, 0x69, 0xFE, 0x69, 0xFE,
    0x69, 0xFE, 0x69, 0xFE, 0x69, 0xFE, 0x69, 0xFE, 0x69, 0xFE, 0x69, 0xFE, 0x69, 0xFE, 0x69, 0xFE,
    0x69, 0xFE, 0x69, 0xFE, 0x69, 0xFE, 0x69, 0xFE, 0x69, 0xFE, 0x69, 0xFE, 0x69, 0xFE, 0x69, 0xFE,
    0x69, 0xFE, 0x69, 0xFE, 0x69, 0xFE, 0x69, 0xFE, 0x69, 0xFE, 0x69, 0xFE, 0x69, 0xFE, 0x69, 0xFE,
    0x69, 0xFE, 0x69, 0xFE, 0x69, 0xFE, 0x69, 0xFE, 0x69, 0xFE, 0x69, 0xFE, 0x69, 0xFE, 0x69, 0xFE,
    0x69, 0xFE, 0x69, 0xFE, 0xC6, 0xC4, 0xA1, 0x7A, 0xA1, 0x7A, 0x20, 0x62, 0x20, 0x62, 0x20, 0x62,
    0x20, 0x62, 0x20, 0x62, 0x29, 0xF6, 0x29, 0xF6, 0x69, 0xFE, 0x69, 0xFE, 0x69, 0xFE, 0x69, 0xFE,
    0x69, 0xFE, 0x69, 0xFE, 0x69, 0xFE, 0x69, 0xFE, 0x69, 0xFE, 0x69, 0xFE, 0x69, 0xFE, 0x69, 0xFE,
    0x69, 0xFE, 0x69, 0xFE, 0x69, 0xFE, 0x69, 0xFE, 0x69, 0xFE, 0x69, 0xFE, 0x69, 0xFE, 0x69, 0xFE,
    0x69, 0xFE, 0x69, 0xFE, 0x69, 0xFE, 0x69, 0xFE, 0x69, 0xFE, 0x69, 0xFE, 0x44, 0xB4, 0x20, 0x62,
    0x20, 0x62, 0x20, 0x62, 0x04, 0xAC, 0x29, 0xF6, 0x29, 0xF6, 0x69, 0xFE, 0x69, 0xFE, 0x69, 0xFE,
    0x69, 0xFE, 0x69, 0xFE, 0x69, 0xFE, 0x69, 0xFE, 0x69, 0xFE, 0x69, 0xFE, 0x69, 0xFE, 0x69, 0xFE,
    0x69, 0xFE, 0x69, 0xFE, 0x69, 0xFE, 0x69, 0xFE, 0x69, 0xFE, 0x69, 0xFE, 0x69, 0xFE, 0x69, 0xFE,
    0x69, 0xFE, 0x69, 0xFE, 0x69, 0xFE, 0x69, 0xFE, 0x69, 0xFE, 0x69, 0xFE, 0x69, 0xFE, 0x69, 0xFE,
    0x69, 0xFE, 0x69, 0xFE, 0x69, 0xFE, 0x69, 0xFE, 0x69, 0xFE, 0x69, 0xFE, 0x69, 0xFE, 0x69, 0xFE,
    0x69, 0xFE, 0x69, 0xFE, 0x69, 0xFE, 0x69, 0xFE, 0x69, 0xFE, 0x69, 0xFE, 0x69, 0xFE, 0x69, 0xFE,
    0x69, 0xFE, 0x69, 0xFE, 0x69, 0xFE, 0x69, 0xFE, 0x69, 0xFE, 0x69, 0xFE, 0x69, 0xFE, 0x69, 0xFE,
    0x69, 0xFE, 0x69, 0xFE, 0x69, 0xFE, 0x69, 0xFE, 0x69, 0xFE, 0x69, 0xFE, 0x69, 0xFE, 0x29, 0xF6,
    0x29, 0xF6, 0x04, 0xAC, 0x20, 0x62, 0x20, 0x62, 0x20, 0x62, 0x44, 0xB4, 0x69, 0xFE, 0x69, 0xFE,
    0x69, 0xFE, 0x69, 0xFE, 0x69, 0xFE, 0x69, 0xFE, 0x69, 0xFE, 0x69, 0xFE, 0x69, 0xFE, 0x69, 0xFE,
    0x69, 0xFE, 0x69, 0xFE, 0x69, 0xFE, 0x69, 0xFE, 0x69, 0xFE, 0x69, 0xFE, 0x69, 0xFE, 0x69, 0xFE,
    0x69, 0xFE, 0x69, 0xFE, 0x69, 0xFE, 0x69, 0xFE, 0x69, 0xFE, 0x69, 0xFE, 0x69, 0xFE, 0x69, 0xFE,
    0x69, 0xFE, 0x69, 0xFE, 0x44, 0xB4, 0x20, 0x62, 0x20, 0x62, 0x20, 0x62, 0x04, 0xAC, 0x29, 0xF6,
    0x29, 0xF6, 0x69, 0xFE, 0x69, 0xFE, 0x69, 0xFE, 0x69, 0xFE, 0x69, 0xFE, 0x69, 0xFE, 0x69, 0xFE,
    0x69, 0xFE, 0x69, 0xFE, 0x69, 0xFE, 0x69, 0xFE, 0x69, 0xFE, 0x69, 0xFE, 0x69, 0xFE, 0x69, 0xFE,
    0x69, 0xFE, 0x69, 0xFE, 0x69, 0xFE, 0x69, 0xFE, 0x69, 0xFE, 0x69, 0xFE, 0x69, 0xFE, 0x69, 0xFE,
    0x69, 0xFE, 0x69, 0xFE, 0x69, 0xFE, 0x69, 0xFE, 0x69, 0xFE, 0x69, 0xFE, 0x69, 0xFE, 0x69, 0xFE,
    0x69, 0xFE, 0x69, 0xFE, 0x69, 0xFE, 0x69, 0xFE, 0x69, 0xFE, 0x69, 0xFE, 0x69, 0xFE, 0x69, 0xFE,
    0x69, 0xFE, 0x69, 0xFE, 0x69, 0xFE, 0x69, 0xFE, 0x69, 0xFE, 0x69, 0xFE, 0x69, 0xFE, 0x69, 0xFE,
    0x69, 0xFE, 0x69, 0xFE, 0x69, 0xFE, 0x69, 0xFE, 0x69, 0xFE, 0x69, 0xFE, 0x69, 0xFE, 0x69, 0xFE,
    0x69, 0xFE, 0x69, 0xFE, 0x69, 0xFE, 0x29, 0xF6, 0x29, 0xF6, 0x04, 0xAC, 0x20, 0x62, 0x20, 0x62,
    0x20, 0x62, 0x44, 0xB4, 0x69, 0xFE, 0x69, 0xFE, 0x69, 0xFE, 0x69, 0xFE, 0x69, 0xFE, 0x69, 0xFE,
    0x69, 0xFE, 0x69, 0xFE, 0x69, 0xFE, 0x69, 0xFE, 0x69, 0xFE, 0x69, 0xFE, 0x69, 0xFE, 0x69, 0xFE,
    0x69, 0xFE, 0x69, 0xFE, 0x69, 0xFE, 0x69, 0xFE, 0x69, 0xFE, 0x69, 0xFE, 0x69, 0xFE, 0x69, 0xFE,
    0x69, 0xFE, 0x69, 0xFE, 0x69, 0xFE, 0x69, 0xFE, 0x69, 0xFE, 0x69, 0xFE, 0x69, 0xFE, 0x69, 0xFE,
    0x69, 0xFE, 0x69, 0xFE, 0x69, 0xFE, 0x69, 0xFE, 0x69, 0xFE, 0x69, 0xFE, 0x69, 0xFE, 0x69, 0xFE,
    0x69, 0xFE, 0x69, 0xFE, 0x69, 0xFE, 0x69, 0xFE, 0x69, 0xFE, 0x69, 0xFE, 0x69, 0xFE, 0x69, 0xFE,
    0x69, 0xFE, 0x69, 0xFE, 0x69, 0xFE, 0x69, 0xFE, 0x69, 0xFE, 0x69, 0xFE, 0x69, 0xFE, 0x69, 0xFE,
    0x69, 0xFE, 0x69, 0xFE, 0x69, 0xFE, 0x69, 0xFE, 0x69, 0xFE, 0x69, 0xFE, 0x69, 0xFE, 0x69, 0xFE,
    0x69, 0xFE, 0x69, 0xFE, 0x69, 0xFE, 0x69, 0xFE, 0x69, 0xFE, 0x69, 0xFE, 0x69, 0xFE, 0x69, 0xFE,
    0x69, 0xFE, 0x69, 0xFE, 0x69, 0xFE, 0x69, 0xFE, 0x69, 0xFE, 0x69, 0xFE, 0x69, 0xFE, 0x69, 0xFE,
    0x69, 0xFE, 0x69, 0xFE, 0x69, 0xFE, 0x69, 0xFE, 0x69, 0xFE, 0x69, 0xFE, 0x69, 0xFE, 0x69, 0xFE,
    0x69, 0xFE, 0x69, 0xFE, 0x69, 0xFE, 0x69, 0xFE, 0x69, 0xFE, 0x69, 0xFE, 0x69, 0xFE, 0x69, 0xFE,
    0x69, 0xFE, 0x69, 0xFE, 0x69, 0xFE, 0x69, 0xFE, 0x69, 0xFE, 0x69, 0xFE, 0x69, 0xFE, 0x69, 0xFE,
    0x69, 0xFE, 0x69, 0xFE, 0x69, 0xFE, 0x69, 0xFE, 0x69, 0xFE, 0x69, 0xFE, 0x69, 0xFE, 0x69, 0xFE,
    0x69, 0xFE, 0x69, 0xFE, 0x69, 0xFE, 0x69, 0xFE, 0x69, 0xFE, 0x69, 0xFE, 0x69, 0xFE, 0x69, 0xFE,
    0x69, 0xFE, 0x69, 0xFE, 0x69, 0xFE, 0x69, 0xFE, 0x69, 0xFE, 0x69, 0xFE, 0x69, 0xFE, 0x69, 0xFE,
    0x69, 0xFE, 0x69, 0xFE, 0x69, 0xFE, 0x69, 0xFE, 0x69, 0xFE, 0x69, 0xFE, 0x69, 0xFE, 0x69, 0xFE,
    0x69, 0xFE, 0x69, 0xFE, 0x87, 0xE5, 0x87, 0xE5, 0x47, 0xDD, 0x69, 0xFE, 0x69, 0xFE, 0x69, 0xFE,
    0x69, 0xFE, 0x69, 0xFE, 0x69, 0xFE, 0x69, 0xFE, 0x69, 0xFE, 0x69, 0xFE, 0x69, 0xFE, 0x69, 0xFE,
    0x69, 0xFE, 0x69, 0xFE, 0x69, 0xFE, 0x69, 0xFE, 0x69, 0xFE, 0x69, 0xFE, 0x69, 0xFE, 0x69, 0xFE,
    0x69, 0xFE, 0x69, 0xFE, 0x69, 0xFE, 0x69, 0xFE, 0x69, 0xFE, 0x69, 0xFE, 0x69, 0xFE, 0x69, 0xFE,
    0x69, 0xFE, 0x69, 0xFE, 0x69, 0xFE, 0x69, 0xFE, 0x69, 0xFE, 0x69, 0xFE, 0x69, 0xFE, 0x69, 0xFE,
    0x69, 0xFE, 0x69, 0xFE, 0x69, 0xFE, 0x69, 0xFE, 0x69, 0xFE, 0x69, 0xFE, 0x69, 0xFE, 0x69, 0xFE,
    0x69, 0xFE, 0x69, 0xFE, 0x69, 0xFE, 0x69, 0xFE, 0x69, 0xFE, 0x69, 0xFE, 0x29, 0xF6, 0x47, 0xDD,
    0xC8, 0xED, 0xC8, 0xED, 0x69, 0xFE, 0x69, 0xFE, 0x69, 0xFE, 0x69, 0xFE, 0x69, 0xFE, 0x69, 0xFE,
    0x69, 0xFE, 0x69, 0xFE, 0x69, 0xFE, 0x69, 0xFE, 0x69, 0xFE, 0x69, 0xFE, 0x69, 0xFE, 0x69, 0xFE,
    0x69, 0xFE, 0x69, 0xFE, 0x69, 0xFE, 0x69, 0xFE, 0x69, 0xFE, 0x69, 0xFE, 0x69, 0xFE, 0x69, 0xFE,
    0x69, 0xFE, 0x69, 0xFE, 0x69, 0xFE, 0x69, 0xFE, 0x69, 0xFE, 0x69, 0xFE, 0x69, 0xFE, 0x69, 0xFE,
    0x69, 0xFE, 0x69, 0xFE, 0x69, 0xFE, 0x69, 0xFE, 0x69, 0xFE, 0x69, 0xFE, 0x69, 0xFE, 0x69, 0xFE,
    0x69, 0xFE, 0x69, 0xFE, 0x69, 0xFE, 0x29, 0xF6, 0x29, 0xF6, 0xE1, 0x82, 0x20, 0x62, 0x20, 0x62,
    0x20, 0x62, 0x20, 0x62, 0xA1, 0x7A, 0xA1, 0x7A, 0x63, 0x93, 0x44, 0xB4, 0x44, 0xB4, 0x06, 0xCD,
    0xC8, 0xED, 0x69, 0xFE, 0x69, 0xFE, 0x69, 0xFE, 0x69, 0xFE, 0x69, 0xFE, 0x69, 0xFE, 0x69, 0xFE,
    0x69, 0xFE, 0x69, 0xFE, 0x69, 0xFE, 0x69, 0xFE, 0x69, 0xFE, 0x69, 0xFE, 0x69, 0xFE, 0x69, 0xFE,
    0x69, 0xFE, 0x69, 0xFE, 0x69, 0xFE, 0x69, 0xFE, 0x69, 0xFE, 0x69, 0xFE, 0x69, 0xFE, 0x69, 0xFE,
    0x69, 0xFE, 0x69, 0xFE, 0x69, 0xFE, 0x69, 0xFE, 0x69, 0xFE, 0x69, 0xFE, 0x69, 0xFE, 0x69, 0xFE,
    0x69, 0xFE, 0x69, 0xFE, 0x69, 0xFE, 0xC8, 0xED, 0x06, 0xCD, 0x44, 0xB4, 0x44, 0xB4, 0x63, 0x93,
    0xA1, 0x7A, 0xA1, 0x7A, 0x20, 0x62, 0x20, 0x62, 0x20, 0x62, 0x20, 0x62, 0x22, 0x8B, 0x29, 0xF6,
    0x29, 0xF6, 0x69, 0xFE, 0x69, 0xFE, 0x69, 0xFE, 0x69, 0xFE, 0x69, 0xFE, 0x69, 0xFE, 0x69, 0xFE,
    0x69, 0xFE, 0x69, 0xFE, 0x69, 0xFE, 0x69, 0xFE, 0x69, 0xFE, 0x69, 0xFE, 0x69, 0xFE, 0x69, 0xFE,
    0x69, 0xFE, 0x69, 0xFE, 0x69, 0xFE, 0x69, 0xFE, 0x69, 0xFE, 0x69, 0xFE, 0x69, 0xFE, 0x69, 0xFE,
    0x69, 0xFE, 0x69, 0xFE, 0x69, 0xFE, 0x69, 0xFE, 0x69, 0xFE, 0x69, 0xFE, 0x69, 0xFE, 0x69, 0xFE,
    0x69, 0xFE, 0x69, 0xFE, 0x69, 0xFE, 0x69, 0xFE, 0x69, 0xFE, 0x69, 0xFE, 0x69, 0xFE, 0x29, 0xF6,
    0x29, 0xF6, 0xE1, 0x82, 0x20, 0x62, 0x20, 0x62, 0x20, 0x62, 0x20, 0x62, 0xA1, 0x7A, 0xA1, 0x7A,
    0x63, 0x93, 0x44, 0xB4, 0x44, 0xB4, 0x06, 0xCD, 0xC8, 0xED, 0x69, 0xFE, 0x69, 0xFE, 0x69, 0xFE,
    0x69, 0xFE, 0x69, 0xFE, 0x69, 0xFE, 0x69, 0xFE, 0x69, 0xFE, 0x69, 0xFE, 0x69, 0xFE, 0x69, 0xFE,
    0x69, 0xFE, 0x69, 0xFE, 0x69, 0xFE, 0x69, 0xFE, 0x69, 0xFE, 0x69, 0xFE, 0x69, 0xFE, 0x69, 0xFE,
    0x69, 0xFE, 0x69, 0xFE, 0x69, 0xFE, 0x69, 0xFE, 0x69, 0xFE, 0x69, 0xFE, 0x69, 0xFE, 0x69, 0xFE,
    0x69, 0xFE, 0x69, 0xFE, 0x69, 0xFE, 0x69, 0xFE, 0x69, 0xFE, 0x69, 0xFE, 0x69, 0xFE, 0xC8, 0xED,
    0x06, 0xCD, 0x44, 0xB4, 0x44, 0xB4, 0x63, 0x93, 0xA1, 0x7A, 0xA1, 0x7A, 0x20, 0x62, 0x20, 0x62,
    0x20, 0x62, 0x20, 0x62, 0x22, 0x8B, 0x29, 0xF6, 0x29, 0xF6, 0x69, 0xFE, 0x69, 0xFE, 0x69, 0xFE,
    0x69, 0xFE, 0x69, 0xFE, 0x69, 0xFE, 0x69, 0xFE, 0x69, 0xFE, 0x69, 0xFE, 0x69, 0xFE, 0x69, 0xFE,
    0x69, 0xFE, 0x69, 0xFE, 0x69, 0xFE, 0x69, 0xFE, 0x69, 0xFE, 0x69, 0xFE, 0x69, 0xFE, 0x69, 0xFE,
    0x69, 0xFE, 0x69, 0xFE, 0x69, 0xFE, 0x69, 0xFE, 0x69, 0xFE, 0x69, 0xFE, 0x69, 0xFE, 0x69, 0xFE,
    0x69, 0xFE, 0x69, 0xFE, 0x69, 0xFE, 0x69, 0xFE, 0x69, 0xFE, 0x69, 0xFE, 0x69, 0xFE, 0x69, 0xFE,
    0x69, 0xFE, 0x69, 0xFE, 0x69, 0xFE, 0xC3, 0x9B, 0xC3, 0x9B, 0x20, 0x62, 0x20, 0x62, 0x20, 0x62,
    0x20, 0x62, 0x20, 0x62, 0x20, 0x62, 0x20, 0x62, 0x20, 0x62, 0x20, 0x62, 0x20, 0x62, 0x20, 0x62,
    0x20, 0x62, 0x20, 0x62, 0x20, 0x62, 0xE1, 0x82, 0x22, 0x8B, 0x22, 0x8B, 0x04, 0xAC, 0x44, 0xB4,
    0x85, 0xBC, 0x85, 0xBC, 0x47, 0xDD, 0x47, 0xDD, 0x47, 0xDD, 0x47, 0xDD, 0x47, 0xDD, 0x47, 0xDD,
    0x47, 0xDD, 0x47, 0xDD, 0xC8, 0xED, 0x47, 0xDD, 0x47, 0xDD, 0x47, 0xDD, 0x47, 0xDD, 0x47, 0xDD,
    0x47, 0xDD, 0x47, 0xDD, 0x85, 0xBC, 0x85, 0xBC, 0x44, 0xB4, 0x04, 0xAC, 0x04, 0xAC, 0x22, 0x8B,
    0xE1, 0x82, 0x20, 0x62, 0x20, 0x62, 0x20, 0x62, 0x20, 0x62, 0x20, 0x62, 0x20, 0x62, 0x20, 0x62,
    0x20, 0x62, 0x20, 0x62, 0x20, 0x62, 0x20, 0x62, 0x20, 0x62, 0x20, 0x62, 0x20, 0x62, 0xC3, 0x9B,
    0xC3, 0x9B, 0x69, 0xFE, 0x69, 0xFE, 0x69, 0xFE, 0x69, 0xFE, 0x69, 0xFE, 0x69, 0xFE, 0x69, 0xFE,
    0x69, 0xFE, 0x69, 0xFE, 0x69, 0xFE, 0x69, 0xFE, 0x69, 0xFE, 0x69, 0xFE, 0x69, 0xFE, 0x69, 0xFE,
    0x69, 0xFE, 0x69, 0xFE, 0x69, 0xFE, 0x69, 0xFE, 0x69, 0xFE, 0x69, 0xFE, 0x69, 0xFE, 0x69, 0xFE,
    0x69, 0xFE, 0x69, 0xFE, 0x69, 0xFE, 0x69, 0xFE, 0x69, 0xFE, 0x69, 0xFE, 0x69, 0xFE, 0x69, 0xFE,
    0x69, 0xFE, 0x69, 0xFE, 0x69, 0xFE, 0x69, 0xFE, 0x69, 0xFE, 0x69, 0xFE, 0x69, 0xFE, 0x20, 0x62,
    0x20, 0x62, 0x20, 0x62, 0x20, 0x62, 0x20, 0x62, 0x20, 0x62, 0x20, 0x62, 0x20, 0x62, 0x20, 0x62,
    0x20, 0x62, 0x20, 0x62, 0x20, 0x62, 0x20, 0x62, 0x20, 0x62, 0x20, 0x62, 0x20, 0x62, 0x20, 0x62,
    0x20, 0x62, 0x20, 0x62, 0x20, 0x62, 0x20, 0x62, 0x20, 0x62, 0x20, 0x62, 0x20, 0x62, 0x20, 0x62,
    0x20, 0x62, 0x20, 0x62, 0x20, 0x62, 0x20, 0x62, 0x20, 0x62, 0x20, 0x62, 0x20, 0x62, 0x20, 0x62,
    0x20, 0x62, 0x20, 0x62, 0x20, 0x62, 0x20, 0x62, 0x20, 0x62, 0x20, 0x62, 0x20, 0x62, 0x20, 0x62,
    0x20, 0x62, 0x20, 0x62, 0x20, 0x62, 0x20, 0x62, 0x20, 0x62, 0x20, 0x62, 0x20, 0x62, 0x20, 0x62,
    0x20, 0x62, 0x20, 0x62, 0x20, 0x62, 0x20, 0x62, 0x20, 0x62, 0x20, 0x62, 0x20, 0x62, 0x20, 0x62,
    0x20, 0x62, 0x20, 0x62, 0x20, 0x62, 0x20, 0x62, 0x20, 0x62, 0x69, 0xFE, 0x69, 0xFE, 0x69, 0xFE,
    0x69, 0xFE, 0x69, 0xFE, 0x69, 0xFE, 0x69, 0xFE, 0x69, 0xFE, 0x69, 0xFE, 0x69, 0xFE, 0x69, 0xFE,
    0x69, 0xFE, 0x69, 0xFE, 0x69, 0xFE, 0x69, 0xFE, 0x69, 0xFE, 0x69, 0xFE, 0x69, 0xFE, 0x69, 0xFE,
    0x69, 0xFE, 0x69, 0xFE, 0x69, 0xFE, 0x69, 0xFE, 0x69, 0xFE, 0x69, 0xFE, 0x69, 0xFE, 0x69, 0xFE,
    0x69, 0xFE, 0x69, 0xFE, 0x69, 0xFE, 0x69, 0xFE, 0x69, 0xFE, 0x69, 0xFE, 0x69, 0xFE, 0x69, 0xFE,
    0x69, 0xFE, 0x69, 0xFE, 0x69, 0xFE, 0x20, 0x62, 0x20, 0x62, 0x20, 0x62, 0x20, 0x62, 0x20, 0x62,
    0x20, 0x62, 0x20, 0x62, 0x20, 0x62, 0x20, 0x62, 0x20, 0x62, 0x20, 0x62, 0x20, 0x62, 0x20, 0x62,
    0x20, 0x62, 0x20, 0x62, 0x20, 0x62, 0x20, 0x62, 0x20, 0x62, 0x20, 0x62, 0x20, 0x62, 0x20, 0x62,
    0x20, 0x62, 0x20, 0x62, 0x20, 0x62, 0x20, 0x62, 0x20, 0x62, 0x20, 0x62, 0x20, 0x62, 0x20, 0x62,
    0x20, 0x62, 0x20, 0x62, 0x20, 0x62, 0x20, 0x62, 0x20, 0x62, 0x20, 0x62, 0x20, 0x62, 0x20, 0x62,
    0x20, 0x62, 0x20, 0x62, 0x20, 0x62, 0x20, 0x62, 0x20, 0x62, 0x20, 0x62, 0x20, 0x62, 0x20, 0x62,
    0x20, 0x62, 0x20, 0x62, 0x20, 0x62, 0x20, 0x62, 0x20, 0x62, 0x20, 0x62, 0x20, 0x62, 0x20, 0x62,
    0x20, 0x62, 0x20, 0x62, 0x20, 0x62, 0x20, 0x62, 0x20, 0x62, 0x20, 0x62, 0x20, 0x62, 0x20, 0x62,
    0x20, 0x62, 0x69, 0xFE, 0x69, 0xFE, 0x69, 0xFE, 0x69, 0xFE, 0x69, 0xFE, 0x69, 0xFE, 0x69, 0xFE,
    0x69, 0xFE, 0x69, 0xFE, 0x69, 0xFE, 0x69, 0xFE, 0x69, 0xFE, 0x69, 0xFE, 0x69, 0xFE, 0x69, 0xFE,
    0x69, 0xFE, 0x69, 0xFE, 0x69, 0xFE, 0x69, 0xFE, 0x89, 0x43, 0x69, 0xFE, 0x69, 0xFE, 0x69, 0xFE,
    0x69, 0xFE, 0x69, 0xFE, 0x69, 0xFE, 0x69, 0xFE, 0x69, 0xFE, 0x69, 0xFE, 0x69, 0xFE, 0x69, 0xFE,
    0x69, 0xFE, 0x69, 0xFE, 0x69, 0xFE, 0x69, 0xFE, 0x69, 0xFE, 0x69, 0xFE, 0x29, 0xF6, 0x20, 0x62,
    0x20, 0x62, 0x20, 0x62, 0x20, 0x62, 0x20, 0x62, 0x20, 0x62, 0x20, 0x62, 0x20, 0x62, 0x20, 0x62,
    0x20, 0x62, 0x20, 0x62, 0x20, 0x62, 0x20, 0x62, 0x20, 0x62, 0x20, 0x62, 0x20, 0x62, 0x20, 0x62,
    0x20, 0x62, 0x20, 0x62, 0x20, 0x62, 0x20, 0x62, 0x20, 0x62, 0x20, 0x62, 0x20, 0x62, 0x20, 0x62,
    0x20, 0x62, 0x20, 0x62, 0x20, 0x62, 0x20, 0x62, 0x20, 0x62, 0x20, 0x62, 0x20, 0x62, 0x20, 0x62,
    0x20, 0x62, 0x20, 0x62, 0x20, 0x62, 0x20, 0x62, 0x20, 0x62, 0x20, 0x62, 0x20, 0x62, 0x20, 0x62,
    0x20, 0x62, 0x20, 0x62, 0x20, 0x62, 0x20, 0x62, 0x20, 0x62, 0x20, 0x62, 0x20, 0x62, 0x20, 0x62,
    0x20, 0x62, 0x20, 0x62, 0x20, 0x62, 0x20, 0x62, 0x20, 0x62, 0x20, 0x62, 0x20, 0x62, 0x20, 0x62,
    0x20, 0x62, 0x20, 0x62, 0x20, 0x62, 0x20, 0x62, 0x20, 0x62, 0x69, 0xFE, 0x69, 0xFE, 0x69, 0xFE,
    0x69, 0xFE, 0x69, 0xFE, 0x69, 0xFE, 0x69, 0xFE, 0x69, 0xFE, 0x69, 0xFE, 0x69, 0xFE, 0x69, 0xFE,
    0x69, 0xFE, 0x69, 0xFE, 0x69, 0xFE, 0x69, 0xFE, 0x69, 0xFE, 0x69, 0xFE, 0x69, 0xFE, 0x89, 0x43,
    0x89, 0x43, 0x69, 0xFE, 0x69, 0xFE, 0x69, 0xFE, 0x69, 0xFE, 0x69, 0xFE, 0x69, 0xFE, 0x69, 0xFE,
    0x69, 0xFE, 0x69, 0xFE, 0x69, 0xFE, 0x69, 0xFE, 0x69, 0xFE, 0x69, 0xFE, 0x69, 0xFE, 0x69, 0xFE,
    0x69, 0xFE, 0x69, 0xFE, 0x29, 0xF6, 0x20, 0x62, 0x20, 0x62, 0x20, 0x62, 0x20, 0x62, 0x20, 0x62,
    0x20, 0x62, 0x5B, 0xEF, 0x97, 0xDE, 0x97, 0xDE, 0x10, 0xB5, 0xEA, 0x93, 0xEA, 0x93, 0x46, 0x83,
    0x20, 0x62, 0x20, 0x62, 0x20, 0x62, 0x20, 0x62, 0x20, 0x62, 0x20, 0x62, 0x20, 0x62, 0x20, 0x62,
    0x20, 0x62, 0x20, 0x62, 0x20, 0x62, 0x20, 0x62, 0x20, 0x62, 0x20, 0x62, 0x20, 0x62, 0x20, 0x62,
    0x20, 0x62, 0x20, 0x62, 0x20, 0x62, 0x20, 0x62, 0x20, 0x62, 0x20, 0x62, 0x20, 0x62, 0x20, 0x62,
    0x20, 0x62, 0x20, 0x62, 0x20, 0x62, 0x20, 0x62, 0x20, 0x62, 0x20, 0x62, 0x20, 0x62, 0x20, 0x62,
    0x20, 0x62, 0x20, 0x62, 0x20, 0x62, 0x20, 0x62, 0xE4, 0x7A, 0xEA, 0x93, 0xEA, 0x93, 0x10, 0xB5,
    0x97, 0xDE, 0x97, 0xDE, 0x5B, 0xEF, 0x20, 0x62, 0x20, 0x62, 0x20, 0x62, 0x20, 0x62, 0x20, 0x62,
    0x20, 0x62, 0x69, 0xFE, 0x69, 0xFE, 0x69, 0xFE, 0x69, 0xFE, 0x69, 0xFE, 0x69, 0xFE, 0x69, 0xFE,
    0x69, 0xFE, 0x69, 0xFE, 0x69, 0xFE, 0x69, 0xFE, 0x69, 0xFE, 0x69, 0xFE, 0x69, 0xFE, 0x69, 0xFE,
    0x69, 0xFE, 0x69, 0xFE, 0x69, 0xFE, 0x89, 0x43, 0x89, 0x43, 0x69, 0xFE, 0x69, 0xFE, 0x69, 0xFE,
    0x69, 0xFE, 0x69, 0xFE, 0x69, 0xFE, 0x69, 0xFE, 0x69, 0xFE, 0x69, 0xFE, 0x69, 0xFE, 0x69, 0xFE,
    0x69, 0xFE, 0x69, 0xFE, 0x69, 0xFE, 0x69, 0xFE, 0x69, 0xFE, 0x69, 0xFE, 0x69, 0xFE, 0x20, 0x62,
    0x20, 0x62, 0x20, 0x62, 0x20, 0x62, 0x20, 0x62, 0x20, 0x62, 0x46, 0x83, 0x9D, 0xF7, 0x9D, 0xF7,
    0xFF, 0xFF, 0xFF, 0xFF, 0xFF, 0xFF, 0xFF, 0xFF, 0xFF, 0xFF, 0xF9, 0xE6, 0xF9, 0xE6, 0x97, 0xDE,
    0x71, 0xBD, 0x71, 0xBD, 0x10, 0xB5, 0x10, 0xB5, 0xA8, 0x8B, 0xA8, 0x8B, 0xA8, 0x8B, 0xA8, 0x8B,
    0xA8, 0x8B, 0xA8, 0x8B, 0xA8, 0x8B, 0xA8, 0x8B, 0xA8, 0x8B, 0x46, 0x83, 0xA8, 0x8B, 0xA8, 0x8B,
    0xA8, 0x8B, 0xA8, 0x8B, 0xA8, 0x8B, 0xA8, 0x8B, 0xA8, 0x8B, 0xA8, 0x8B, 0xA8, 0x8B, 0xA8, 0x8B,
    0x10, 0xB5, 0x10, 0xB5, 0x10, 0xB5, 0x71, 0xBD, 0x97, 0xDE, 0xF9, 0xE6, 0xF9, 0xE6, 0xFF, 0xFF,
    0xFF, 0xFF, 0xFF, 0xFF, 0xFF, 0xFF, 0xFF, 0xFF, 0x9D, 0xF7, 0x9D, 0xF7, 0x46, 0x83, 0x20, 0x62,
    0x20, 0x62, 0x20, 0x62, 0x20, 0x62, 0x20, 0x62, 0x20, 0x62, 0x69, 0xFE, 0x69, 0xFE, 0x69, 0xFE,
    0x69, 0xFE, 0x69, 0xFE, 0x69, 0xFE, 0x69, 0xFE, 0x69, 0xFE, 0x69, 0xFE, 0x69, 0xFE, 0x69, 0xFE,
    0x69, 0xFE, 0x69, 0xFE, 0x69, 0xFE, 0x69, 0xFE, 0x69, 0xFE, 0x69, 0xFE, 0x69, 0xFE, 0x89, 0x43,
    0x89, 0x43, 0x69, 0xFE, 0x69, 0xFE, 0x69, 0xFE, 0x69, 0xFE, 0x69, 0xFE, 0x69, 0xFE, 0x69, 0xFE,
    0x69, 0xFE, 0x69, 0xFE, 0x69, 0xFE, 0x69, 0xFE, 0x69, 0xFE, 0x69, 0xFE, 0x69, 0xFE, 0x69, 0xFE,
    0x69, 0xFE, 0x69, 0xFE, 0x69, 0xFE, 0x20, 0x62, 0x20, 0x62, 0x20, 0x62, 0x20, 0x62, 0x20, 0x62,
    0x20, 0x62, 0x46, 0x83, 0x9D, 0xF7, 0x9D, 0xF7, 0xFF, 0xFF, 0xFF, 0xFF, 0xFF, 0xFF, 0xFF, 0xFF,
    0xFF, 0xFF, 0xF9, 0xE6, 0xF9, 0xE6, 0x97, 0xDE, 0x71, 0xBD, 0x71, 0xBD, 0x10, 0xB5, 0x10, 0xB5,
    0xA8, 0x8B, 0xA8, 0x8B, 0xA8, 0x8B, 0xA8, 0x8B, 0xA8, 0x8B, 0xA8, 0x8B, 0xA8, 0x8B, 0xA8, 0x8B,
    0xA8, 0x8B, 0x46, 0x83, 0xA8, 0x8B, 0xA8, 0x8B, 0xA8, 0x8B, 0xA8, 0x8B, 0xA8, 0x8B, 0xA8, 0x8B,
    0xA8, 0x8B, 0xA8, 0x8B, 0xA8, 0x8B, 0xA8, 0x8B, 0x10, 0xB5, 0x10, 0xB5, 0x10, 0xB5, 0x71, 0xBD,
    0x97, 0xDE, 0xF9, 0xE6, 0xF9, 0xE6, 0xFF, 0xFF, 0xFF, 0xFF, 0xFF, 0xFF, 0xFF, 0xFF, 0xFF, 0xFF,
    0x9D, 0xF7, 0x9D, 0xF7, 0x46, 0x83, 0x20, 0x62, 0x20, 0x62, 0x20, 0x62, 0x20, 0x62, 0x20, 0x62,
    0x20, 0x62, 0x69, 0xFE, 0x69, 0xFE, 0x69, 0xFE, 0x69, 0xFE, 0x69, 0xFE, 0x69, 0xFE, 0x69, 0xFE,
    0x69, 0xFE, 0x69, 0xFE, 0x69, 0xFE, 0x69, 0xFE, 0x69, 0xFE, 0x69, 0xFE, 0x69, 0xFE, 0x69, 0xFE,
    0x69, 0xFE, 0x69, 0xFE, 0x69, 0xFE, 0x89, 0x43, 0x89, 0x43, 0x89, 0x43, 0x89, 0x43, 0x69, 0xFE,
    0x69, 0xFE, 0x69, 0xFE, 0x69, 0xFE, 0x69, 0xFE, 0x69, 0xFE, 0x69, 0xFE, 0x69, 0xFE, 0x69, 0xFE,
    0x69, 0xFE, 0x69, 0xFE, 0x69, 0xFE, 0x69, 0xFE, 0x69, 0xFE, 0x69, 0xFE, 0x69, 0xFE, 0xA1, 0x7A,
    0xA1, 0x7A, 0x20, 0x62, 0x20, 0x62, 0x20, 0x62, 0x20, 0x62, 0x20, 0x62, 0x4C, 0x9C, 0x4C, 0x9C,
    0xFF, 0xFF, 0xFF, 0xFF, 0xFF, 0xFF, 0xFF, 0xFF, 0xFF, 0xFF, 0xFF, 0xFF, 0xFF, 0xFF, 0xFF, 0xFF,
    0xFF, 0xFF, 0xFF, 0xFF, 0xFF, 0xFF, 0xFF, 0xFF, 0xFF, 0xFF, 0xFF, 0xFF, 0xFF, 0xFF, 0xFF, 0xFF,
    0xFF, 0xFF, 0xFF, 0xFF, 0xFF, 0xFF, 0xFF, 0xFF, 0xFF, 0xFF, 0xFF, 0xFF, 0xFF, 0xFF, 0xFF, 0xFF,
    0xFF, 0xFF, 0xFF, 0xFF, 0xFF, 0xFF, 0xFF, 0xFF, 0xFF, 0xFF, 0xFF, 0xFF, 0xFF, 0xFF, 0xFF, 0xFF,
    0xFF, 0xFF, 0xFF, 0xFF, 0xFF, 0xFF, 0xFF, 0xFF, 0xFF, 0xFF, 0xFF, 0xFF, 0xFF, 0xFF, 0xFF, 0xFF,
    0xFF, 0xFF, 0xFF, 0xFF, 0xFF, 0xFF, 0xFF, 0xFF, 0x4C, 0x9C, 0x4C, 0x9C, 0x20, 0x62, 0x20, 0x62,
    0x20, 0x62, 0x20, 0x62, 0x20, 0x62, 0xA1, 0x7A, 0xA1, 0x7A, 0x69, 0xFE, 0x69, 0xFE, 0x69, 0xFE,
    0x69, 0xFE, 0x69, 0xFE, 0x69, 0xFE, 0x69, 0xFE, 0x69, 0xFE, 0x69, 0xFE, 0x69, 0xFE, 0x69, 0xFE,
    0x69, 0xFE, 0x69, 0xFE, 0x69, 0xFE, 0x69, 0xFE, 0x69, 0xFE, 0x89, 0x43, 0x89, 0x43, 0x89, 0x43,
    0x89, 0x43, 0x89, 0x43, 0x89, 0x43, 0x69, 0xFE, 0x69, 0xFE, 0x69, 0xFE, 0x69, 0xFE, 0x69, 0xFE,
    0x69, 0xFE, 0x69, 0xFE, 0x69, 0xFE, 0x69, 0xFE, 0x69, 0xFE, 0x69, 0xFE, 0x69, 0xFE, 0x69, 0xFE,
    0x69, 0xFE, 0x69, 0xFE, 0x69, 0xFE, 0xC3, 0x9B, 0xC3, 0x9B, 0x20, 0x62, 0x20, 0x62, 0x20, 0x62,
    0x20, 0x62, 0x20, 0x62, 0x20, 0x62, 0x20, 0x62, 0x46, 0x83, 0x9D, 0xF7, 0x9D, 0xF7, 0xFF, 0xFF,
    0xFF, 0xFF, 0xFF, 0xFF, 0xFF, 0xFF, 0xFF, 0xFF, 0xFF, 0xFF, 0xFF, 0xFF, 0xFF, 0xFF, 0xFF, 0xFF,
    0xFF, 0xFF, 0xFF, 0xFF, 0xFF, 0xFF, 0xFF, 0xFF, 0xFF, 0xFF, 0xFF, 0xFF, 0xFF, 0xFF, 0xFF, 0xFF,
    0xFF, 0xFF, 0xFF, 0xFF, 0xFF, 0xFF, 0xFF, 0xFF, 0xFF, 0xFF, 0xFF, 0xFF, 0xFF, 0xFF, 0xFF, 0xFF,
    0xFF, 0xFF, 0xFF, 0xFF, 0xFF, 0xFF, 0xFF, 0xFF, 0xFF, 0xFF, 0xFF, 0xFF, 0xFF, 0xFF, 0xFF, 0xFF,
    0xFF, 0xFF, 0xFF, 0xFF, 0xFF, 0xFF, 0xFF, 0xFF, 0xFF, 0xFF, 0x9D, 0xF7, 0x9D, 0xF7, 0x46, 0x83,
    0x20, 0x62, 0x20, 0x62, 0x20, 0x62, 0x20, 0x62, 0x20, 0x62, 0x20, 0x62, 0x20, 0x62, 0xC3, 0x9B,
    0xC3, 0x9B, 0x69, 0xFE, 0x69, 0xFE, 0x69, 0xFE, 0x69, 0xFE, 0x69, 0xFE, 0x69, 0xFE, 0x69, 0xFE,
    0x69, 0xFE, 0x69, 0xFE, 0x69, 0xFE, 0x69, 0xFE, 0x69, 0xFE, 0x69, 0xFE, 0x69, 0xFE, 0x69, 0xFE,
    0x69, 0xFE, 0x89, 0x43, 0x89, 0x43, 0x89, 0x43, 0x89, 0x43, 0x89, 0x43, 0x89, 0x43, 0x69, 0xFE,
    0x69, 0xFE, 0x69, 0xFE, 0x69, 0xFE, 0x69, 0xFE, 0x69, 0xFE, 0x69, 0xFE, 0x69, 0xFE, 0x69, 0xFE,
    0x69, 0xFE, 0x69, 0xFE, 0x69, 0xFE, 0x69, 0xFE, 0x69, 0xFE, 0x69, 0xFE, 0x69, 0xFE, 0x06, 0xCD,
    0x06, 0xCD, 0x20, 0x62, 0x20, 0x62, 0x20, 0x62, 0x20, 0x62, 0x20, 0x62, 0x20, 0x62, 0x20, 0x62,
    0x20, 0x62, 0x82, 0x72, 0x82, 0x72, 0x97, 0xDE, 0xFF, 0xFF, 0xFF, 0xFF, 0xFF, 0xFF, 0xFF, 0xFF,
    0xFF, 0xFF, 0xFF, 0xFF, 0xFF, 0xFF, 0xFF, 0xFF, 0xFF, 0xFF, 0xFF, 0xFF, 0xFF, 0xFF, 0xFF, 0xFF,
    0xFF, 0xFF, 0xFF, 0xFF, 0xFF, 0xFF, 0xFF, 0xFF, 0xFF, 0xFF, 0xFF, 0xFF, 0xFF, 0xFF, 0xFF, 0xFF,
    0xFF, 0xFF, 0xFF, 0xFF, 0xFF, 0xFF, 0xFF, 0xFF, 0xFF, 0xFF, 0xFF, 0xFF, 0xFF, 0xFF, 0xFF, 0xFF,
    0xFF, 0xFF, 0xFF, 0xFF, 0xFF, 0xFF, 0xFF, 0xFF, 0xFF, 0xFF, 0xFF, 0xFF, 0xFF, 0xFF, 0xFF, 0xFF,
    0x97, 0xDE, 0x82, 0x72, 0x82, 0x72, 0x20, 0x62, 0x20, 0x62, 0x20, 0x62, 0x20, 0x62, 0x20, 0x62,
    0x20, 0x62, 0x20, 0x62, 0x20, 0x62, 0x06, 0xCD, 0x06, 0xCD, 0x69, 0xFE, 0x69, 0xFE, 0x69, 0xFE,
    0x69, 0xFE, 0x69, 0xFE, 0x69, 0xFE, 0x69, 0xFE, 0x69, 0xFE, 0x69, 0xFE, 0x69, 0xFE, 0x69, 0xFE,
    0x69, 0xFE, 0x69, 0xFE, 0x69, 0xFE, 0x69, 0xFE, 0x69, 0xFE, 0x89, 0x43, 0x89, 0x43, 0x89, 0x43,
    0x89, 0x43, 0x89, 0x43, 0x89, 0x43, 0x69, 0xFE, 0x69, 0xFE, 0x69, 0xFE, 0x69, 0xFE, 0x69, 0xFE,
    0x69, 0xFE, 0x69, 0xFE, 0x69, 0xFE, 0x69, 0xFE, 0x69, 0xFE, 0x69, 0xFE, 0x69, 0xFE, 0x69, 0xFE,
    0x69, 0xFE, 0x69, 0xFE, 0x69, 0xFE, 0x06, 0xCD, 0x06, 0xCD, 0x20, 0x62, 0x20, 0x62, 0x20, 0x62,
    0x20, 0x62, 0x20, 0x62, 0x20, 0x62, 0x20, 0x62, 0x20, 0x62, 0x82, 0x72, 0x82, 0x72, 0x97, 0xDE,
    0xFF, 0xFF, 0xFF, 0xFF, 0xFF, 0xFF, 0xFF, 0xFF, 0xFF, 0xFF, 0xFF, 0xFF, 0xFF, 0xFF, 0xFF, 0xFF,
    0xFF, 0xFF, 0xFF, 0xFF, 0xFF, 0xFF, 0xFF, 0xFF, 0xFF, 0xFF, 0xFF, 0xFF, 0xFF, 0xFF, 0xFF, 0xFF,
    0xFF, 0xFF, 0xFF, 0xFF, 0xFF, 0xFF, 0xFF, 0xFF, 0xFF, 0xFF, 0xFF, 0xFF, 0xFF, 0xFF, 0xFF, 0xFF,
    0xFF, 0xFF, 0xFF, 0xFF, 0xFF, 0xFF, 0xFF, 0xFF, 0xFF, 0xFF, 0xFF, 0xFF, 0xFF, 0xFF, 0xFF, 0xFF,
    0xFF, 0xFF, 0xFF, 0xFF, 0xFF, 0xFF, 0xFF, 0xFF, 0x97, 0xDE, 0x82, 0x72, 0x82, 0x72, 0x20, 0x62,
    0x20, 0x62, 0x20, 0x62, 0x20, 0x62, 0x20, 0x62, 0x20, 0x62, 0x20, 0x62, 0x20, 0x62, 0x06, 0xCD,
    0x06, 0xCD, 0x69, 0xFE, 0x69, 0xFE, 0x69, 0xFE, 0x69, 0xFE, 0x69, 0xFE, 0x69, 0xFE, 0x69, 0xFE,
    0x69, 0xFE, 0x69, 0xFE, 0x69, 0xFE, 0x69, 0xFE, 0x69, 0xFE, 0x69, 0xFE, 0x69, 0xFE, 0x69, 0xFE,
    0x69, 0xFE, 0x89, 0x43, 0x89, 0x43, 0x89, 0x43, 0x89, 0x43, 0x89, 0x43, 0x89, 0x43, 0x89, 0x43,
    0x69, 0xFE, 0x69, 0xFE, 0x69, 0xFE, 0x69, 0xFE, 0x69, 0xFE, 0x69, 0xFE, 0x69, 0xFE, 0x69, 0xFE,
    0x69, 0xFE, 0x69, 0xFE, 0x69, 0xFE, 0x69, 0xFE, 0x69, 0xFE, 0x69, 0xFE, 0x69, 0xFE, 0x69, 0xFE,
    0x69, 0xFE, 0xA1, 0x7A, 0x20, 0x62, 0x20, 0x62, 0x20, 0x62, 0x20, 0x62, 0x20, 0x62, 0x20, 0x62,
    0x20, 0x62, 0x20, 0x62, 0x20, 0x62, 0x20, 0x62, 0xEA, 0x93, 0x5B, 0xEF, 0x5B, 0xEF, 0xFF, 0xFF,
    0xFF, 0xFF, 0xFF, 0xFF, 0xFF, 0xFF, 0xFF, 0xFF, 0xFF, 0xFF, 0xFF, 0xFF, 0xFF, 0xFF, 0xFF, 0xFF,
    0xFF, 0xFF, 0xFF, 0xFF, 0xFF, 0xFF, 0xFF, 0xFF, 0xFF, 0xFF, 0xFF, 0xFF, 0xFF, 0xFF, 0xFF, 0xFF,
    0xFF, 0xFF, 0xFF, 0xFF, 0xFF, 0xFF, 0xFF, 0xFF, 0xFF, 0xFF, 0xFF, 0xFF, 0xFF, 0xFF, 0xFF, 0xFF,
    0xFF, 0xFF, 0xFF, 0xFF, 0xFF, 0xFF, 0xFF, 0xFF, 0xFF, 0xFF, 0x5B, 0xEF, 0x5B, 0xEF, 0xEA, 0x93,
    0x20, 0x62, 0x20, 0x62, 0x20, 0x62, 0x20, 0x62, 0x20, 0x62, 0x20, 0x62, 0x20, 0x62, 0x20, 0x62,
    0x20, 0x62, 0x20, 0x62, 0xA1, 0x7A, 0x69, 0xFE, 0x69, 0xFE, 0x69, 0xFE, 0x69, 0xFE, 0x69, 0xFE,
    0x69, 0xFE, 0x69, 0xFE, 0x69, 0xFE, 0x69, 0xFE, 0x69, 0xFE, 0x69, 0xFE, 0x69, 0xFE, 0x69, 0xFE,
    0x69, 0xFE, 0x69, 0xFE, 0x69, 0xFE, 0x69, 0xFE, 0x89, 0x43, 0x89, 0x43, 0x89, 0x43, 0x89, 0x43,
    0x89, 0x43, 0x89, 0x43, 0x89, 0x43, 0x89, 0x43, 0x69, 0xFE, 0x69, 0xFE, 0x69, 0xFE, 0x69, 0xFE,
    0x69, 0xFE, 0x69, 0xFE, 0x69, 0xFE, 0x69, 0xFE, 0x69, 0xFE, 0x69, 0xFE, 0x69, 0xFE, 0x69, 0xFE,
    0x69, 0xFE, 0x69, 0xFE, 0x69, 0xFE, 0x69, 0xFE, 0x69, 0xFE, 0xC6, 0xC4, 0x20, 0x62, 0x20, 0x62,
    0x20, 0x62, 0x20, 0x62, 0x20, 0x62, 0x20, 0x62, 0x20, 0x62, 0x20, 0x62, 0x20, 0x62, 0x20, 0x62,
    0x20, 0x62, 0x20, 0x62, 0x20, 0x62, 0xA8, 0x8B, 0xD3, 0xC5, 0xD3, 0xC5, 0x9D, 0xF7, 0xFF, 0xFF,
    0xFF, 0xFF, 0xFF, 0xFF, 0xFF, 0xFF, 0xFF, 0xFF, 0xFF, 0xFF, 0xFF, 0xFF, 0xFF, 0xFF, 0xFF, 0xFF,
    0xFF, 0xFF, 0xFF, 0xFF, 0xFF, 0xFF, 0xFF, 0xFF, 0xFF, 0xFF, 0xFF, 0xFF, 0xFF, 0xFF, 0xFF, 0xFF,
    0xFF, 0xFF, 0xFF, 0xFF, 0xFF, 0xFF, 0xFF, 0xFF, 0xFF, 0xFF, 0x9D, 0xF7, 0x9D, 0xF7, 0xD3, 0xC5,
    0xA8, 0x8B, 0x20, 0x62, 0x20, 0x62, 0x20, 0x62, 0x20, 0x62, 0x20, 0x62, 0x20, 0x62, 0x20, 0x62,
    0x20, 0x62, 0x20, 0x62, 0x20, 0x62, 0x20, 0x62, 0x20, 0x62, 0x20, 0x62, 0xC6, 0xC4, 0x69, 0xFE,
    0x69, 0xFE, 0x69, 0xFE, 0x69, 0xFE, 0x69, 0xFE, 0x69, 0xFE, 0x69, 0xFE, 0x69, 0xFE, 0x69, 0xFE,
    0x69, 0xFE, 0x69, 0xFE, 0x69, 0xFE, 0x69, 0xFE, 0x69, 0xFE, 0x69, 0xFE, 0x69, 0xFE, 0x69, 0xFE,
    0x89, 0x43, 0x89, 0x43, 0x89, 0x43, 0x89, 0x43, 0x89, 0x43, 0x89, 0x43, 0x89, 0x43, 0x89, 0x43,
    0x69, 0xFE, 0x69, 0xFE, 0x69, 0xFE, 0x69, 0xFE, 0x69, 0xFE, 0x69, 0xFE, 0x69, 0xFE, 0x69, 0xFE,
    0x69, 0xFE, 0x69, 0xFE, 0x69, 0xFE, 0x69, 0xFE, 0x69, 0xFE, 0x69, 0xFE, 0x69, 0xFE, 0x69, 0xFE,
    0x69, 0xFE, 0xC6, 0xC4, 0x20, 0x62, 0x20, 0x62, 0x20, 0x62, 0x20, 0x62, 0x20, 0x62, 0x20, 0x62,
    0x20, 0x62, 0x20, 0x62, 0x20, 0x62, 0x20, 0x62, 0x20, 0x62, 0x20, 0x62, 0x20, 0x62, 0xA8, 0x8B,
    0xD3, 0xC5, 0xD3, 0xC5, 0x9D, 0xF7, 0xFF, 0xFF, 0xFF, 0xFF, 0xFF, 0xFF, 0xFF, 0xFF, 0xFF, 0xFF,
    0xFF, 0xFF, 0xFF, 0xFF, 0xFF, 0xFF, 0xFF, 0xFF, 0xFF, 0xFF, 0xFF, 0xFF, 0xFF, 0xFF, 0xFF, 0xFF,
    0xFF, 0xFF, 0xFF, 0xFF, 0xFF, 0xFF, 0xFF, 0xFF, 0xFF, 0xFF, 0xFF, 0xFF, 0xFF, 0xFF, 0xFF, 0xFF,
    0xFF, 0xFF, 0x9D, 0xF7, 0x9D, 0xF7, 0xD3, 0xC5, 0xA8, 0x8B, 0x20, 0x62, 0x20, 0x62, 0x20, 0x62,
    0x20, 0x62, 0x20, 0x62, 0x20, 0x62, 0x20, 0x62, 0x20, 0x62, 0x20, 0x62, 0x20, 0x62, 0x20, 0x62,
    0x20, 0x62, 0x20, 0x62, 0xC6, 0xC4, 0x69, 0xFE, 0x69, 0xFE, 0x69, 0xFE, 0x69, 0xFE, 0x69, 0xFE,
    0x69, 0xFE, 0x69, 0xFE, 0x69, 0xFE, 0x69, 0xFE, 0x69, 0xFE, 0x69, 0xFE, 0x69, 0xFE, 0x69, 0xFE,
    0x69, 0xFE, 0x69, 0xFE, 0x69, 0xFE, 0x69, 0xFE, 0x89, 0x43, 0x89, 0x43, 0x89, 0x43, 0x89, 0x43,
    0x89, 0x43, 0x89, 0x43, 0x89, 0x43, 0x89, 0x43, 0x89, 0x43, 0x89, 0x43, 0x69, 0xFE, 0x69, 0xFE,
    0x69, 0xFE, 0x69, 0xFE, 0x69, 0xFE, 0x69, 0xFE, 0x69, 0xFE, 0x69, 0xFE, 0x69, 0xFE, 0x69, 0xFE,
    0x69, 0xFE, 0x69, 0xFE, 0x69, 0xFE, 0x69, 0xFE, 0x69, 0xFE, 0x69, 0xFE, 0xE1, 0x82, 0xE1, 0x82,
    0x20, 0x62, 0x20, 0x62, 0x20, 0x62, 0x20, 0x62, 0x20, 0x62, 0x20, 0x62, 0x20, 0x62, 0x20, 0x62,
    0x20, 0x62, 0x20, 0x62, 0x20, 0x62, 0x20, 0x62, 0x20, 0x62, 0x20, 0x62, 0x20, 0x62, 0xA8, 0x8B,
    0x10, 0xB5, 0x10, 0xB5, 0x35, 0xCE, 0xF9, 0xE6, 0xFF, 0xFF, 0xFF, 0xFF, 0xFF, 0xFF, 0xFF, 0xFF,
    0xFF, 0xFF, 0xFF, 0xFF, 0xFF, 0xFF, 0xFF, 0xFF, 0xFF, 0xFF, 0xFF, 0xFF, 0xFF, 0xFF, 0xFF, 0xFF,
    0xF9, 0xE6, 0x35, 0xCE, 0x10, 0xB5, 0x10, 0xB5, 0xA8, 0x8B, 0x20, 0x62, 0x20, 0x62, 0x20, 0x62,
    0x20, 0x62, 0x20, 0x62, 0x20, 0x62, 0x20, 0x62, 0x20, 0x62, 0x20, 0x62, 0x20, 0x62, 0x20, 0x62,
    0x20, 0x62, 0x20, 0x62, 0x20, 0x62, 0x20, 0x62, 0xE1, 0x82, 0xE1, 0x82, 0x69, 0xFE, 0x69, 0xFE,
    0x69, 0xFE, 0x69, 0xFE, 0x69, 0xFE, 0x69, 0xFE, 0x69, 0xFE, 0x69, 0xFE, 0x69, 0xFE, 0x69, 0xFE,
    0x69, 0xFE, 0x69, 0xFE, 0x69, 0xFE, 0x69, 0xFE, 0x69, 0xFE, 0x69, 0xFE, 0x89, 0x43, 0x89, 0x43,
    0x89, 0x43, 0x89, 0x43, 0x89, 0x43, 0x89, 0x43, 0x89, 0x43, 0x89, 0x43, 0x89, 0x43, 0x89, 0x43,
    0x89, 0x43, 0x89, 0x43, 0x69, 0xFE, 0x69, 0xFE, 0x69, 0xFE, 0x69, 0xFE, 0x69, 0xFE, 0x69, 0xFE,
    0x69, 0xFE, 0x69, 0xFE, 0x69, 0xFE, 0x69, 0xFE, 0x69, 0xFE, 0x69, 0xFE, 0x69, 0xFE, 0x69, 0xFE,
    0x69, 0xFE, 0x69, 0xFE, 0x87, 0xE5, 0x87, 0xE5, 0x20, 0x62, 0x20, 0x62, 0x20, 0x62, 0x20, 0x62,
    0x20, 0x62, 0x20, 0x62, 0x20, 0x62, 0x20, 0x62, 0x20, 0x62, 0x20, 0x62, 0x20, 0x62, 0x20, 0x62,
    0x20, 0x62, 0x20, 0x62, 0x20, 0x62, 0x20, 0x62, 0x20, 0x62, 0x20, 0x62, 0x20, 0x62, 0x20, 0x62,
    0x20, 0x62, 0x20, 0x62, 0x20, 0x62, 0x20, 0x62, 0x20, 0x62, 0x20, 0x62, 0x20, 0x62, 0x20, 0x62,
    0x20, 0x62, 0x20, 0x62, 0x20, 0x62, 0x20, 0x62, 0x20, 0x62, 0x20, 0x62, 0x20, 0x62, 0x20, 0x62,
    0x20, 0x62, 0x20, 0x62, 0x20, 0x62, 0x20, 0x62, 0x20, 0x62, 0x20, 0x62, 0x20, 0x62, 0x20, 0x62,
    0x20, 0x62, 0x20, 0x62, 0x20, 0x62, 0x20, 0x62, 0x20, 0x62, 0x20, 0x62, 0x20, 0x62, 0x20, 0x62,
    0x87, 0xE5, 0x87, 0xE5, 0x69, 0xFE, 0x69, 0xFE, 0x69, 0xFE, 0x69, 0xFE, 0x69, 0xFE, 0x69, 0xFE,
    0x69, 0xFE, 0x69, 0xFE, 0x69, 0xFE, 0x69, 0xFE, 0x69, 0xFE, 0x69, 0xFE, 0x69, 0xFE, 0x69, 0xFE,
    0x69, 0xFE, 0x69, 0xFE, 0x89, 0x43, 0x89, 0x43, 0x89, 0x43, 0x89, 0x43, 0x89, 0x43, 0x89, 0x43,
    0x89, 0x43, 0x89, 0x43, 0x89, 0x43, 0x89, 0x43, 0x89, 0x43, 0x89, 0x43, 0x89, 0x43, 0x69, 0xFE,
    0x69, 0xFE, 0x69, 0xFE, 0x69, 0xFE, 0x69, 0xFE, 0x69, 0xFE, 0x69, 0xFE, 0x69, 0xFE, 0x69, 0xFE,
    0x69, 0xFE, 0x69, 0xFE, 0x69, 0xFE, 0x69, 0xFE, 0x69, 0xFE, 0x69, 0xFE, 0x69, 0xFE, 0x69, 0xFE,
    0xC6, 0xC4, 0x20, 0x62, 0x20, 0x62, 0x20, 0x62, 0x20, 0x62, 0x20, 0x62, 0x20, 0x62, 0x20, 0x62,
    0x20, 0x62, 0x20, 0x62, 0x20, 0x62, 0x20, 0x62, 0x20, 0x62, 0x20, 0x62, 0x20, 0x62, 0x20, 0x62,
    0x20, 0x62, 0x20, 0x62, 0x20, 0x62, 0x20, 0x62, 0x20, 0x62, 0x20, 0x62, 0x20, 0x62, 0x20, 0x62,
    0x20, 0x62, 0x20, 0x62, 0x20, 0x62, 0x20, 0x62, 0x20, 0x62, 0x20, 0x62, 0x20, 0x62, 0x20, 0x62,
    0x20, 0x62, 0x20, 0x62, 0x20, 0x62, 0x20, 0x62, 0x20, 0x62, 0x20, 0x62, 0x20, 0x62, 0x20, 0x62,
    0x20, 0x62, 0x20, 0x62, 0x20, 0x62, 0x20, 0x62, 0x20, 0x62, 0x20, 0x62, 0x20, 0x62, 0x20, 0x62,
    0x20, 0x62, 0x20, 0x62, 0x20, 0x62, 0xC6, 0xC4, 0x69, 0xFE, 0x69, 0xFE, 0x69, 0xFE, 0x69, 0xFE,
    0x69, 0xFE, 0x69, 0xFE, 0x69, 0xFE, 0x69, 0xFE, 0x69, 0xFE, 0x69, 0xFE, 0x69, 0xFE, 0x69, 0xFE,
    0x69, 0xFE, 0x69, 0xFE, 0x69, 0xFE, 0x69, 0xFE, 0x69, 0xFE, 0x89, 0x43, 0x89, 0x43, 0x89, 0x43,
    0x89, 0x43, 0x89, 0x43, 0x89, 0x43, 0x89, 0x43, 0x89, 0x43, 0x89, 0x43, 0x89, 0x43, 0x89, 0x43,
    0x89, 0x43, 0x89, 0x43, 0x89, 0x43, 0x69, 0xFE, 0x69, 0xFE, 0x69, 0xFE, 0x69, 0xFE, 0x69, 0xFE,
    0x69, 0xFE, 0x69, 0xFE, 0x69, 0xFE, 0x69, 0xFE, 0x69, 0xFE, 0x69, 0xFE, 0x69, 0xFE, 0x69, 0xFE,
    0x69, 0xFE, 0x69, 0xFE, 0x69, 0xFE, 0x69, 0xFE, 0xC6, 0xC4, 0x20, 0x62, 0x20, 0x62, 0x20, 0x62,
    0x20, 0x62, 0x20, 0x62, 0x20, 0x62, 0x20, 0x62, 0x20, 0x62, 0x20, 0x62, 0x20, 0x62, 0x20, 0x62,
    0x20, 0x62, 0x20, 0x62, 0x20, 0x62, 0x20, 0x62, 0x20, 0x62, 0x20, 0x62, 0x20, 0x62, 0x20, 0x62,
    0x20, 0x62, 0x20, 0x62, 0x20, 0x62, 0x20, 0x62, 0x20, 0x62, 0x20, 0x62, 0x20, 0x62, 0x20, 0x62,
    0x20, 0x62, 0x20, 0x62, 0x20, 0x62, 0x20, 0x62, 0x20, 0x62, 0x20, 0x62, 0x20, 0x62, 0x20, 0x62,
    0x20, 0x62, 0x20, 0x62, 0x20, 0x62, 0x20, 0x62, 0x20, 0x62, 0x20, 0x62, 0x20, 0x62, 0x20, 0x62,
    0x20, 0x62, 0x20, 0x62, 0x20, 0x62, 0x20, 0x62, 0x20, 0x62, 0x20, 0x62, 0x20, 0x62, 0xC6, 0xC4,
    0x69, 0xFE, 0x69, 0xFE, 0x69, 0xFE, 0x69, 0xFE, 0x69, 0xFE, 0x69, 0xFE, 0x69, 0xFE, 0x69, 0xFE,
    0x69, 0xFE, 0x69, 0xFE, 0x69, 0xFE, 0x69, 0xFE, 0x69, 0xFE, 0x69, 0xFE, 0x69, 0xFE, 0x69, 0xFE,
    0x69, 0xFE, 0x89, 0x43, 0x89, 0x43, 0x89, 0x43, 0x89, 0x43, 0x89, 0x43, 0x89, 0x43, 0x89, 0x43,
    0x89, 0x43, 0x89, 0x43, 0x89, 0x43, 0x89, 0x43, 0x89, 0x43, 0x89, 0x43, 0x89, 0x43, 0x89, 0x43,
    0x69, 0xFE, 0x69, 0xFE, 0x69, 0xFE, 0x69, 0xFE, 0x69, 0xFE, 0x69, 0xFE, 0x69, 0xFE, 0x69, 0xFE,
    0x69, 0xFE, 0x69, 0xFE, 0x69, 0xFE, 0x69, 0xFE, 0x69, 0xFE, 0x69, 0xFE, 0x69, 0xFE, 0x69, 0xFE,
    0x69, 0xFE, 0xC3, 0x9B, 0x20, 0x62, 0x20, 0x62, 0x20, 0x62, 0x20, 0x62, 0x20, 0x62, 0x20, 0x62,
    0x20, 0x62, 0x20, 0x62, 0x20, 0x62, 0x20, 0x62, 0x20, 0x62, 0x20, 0x62, 0x20, 0x62, 0x20, 0x62,
    0x20, 0x62, 0x20, 0x62, 0x20, 0x62, 0x20, 0x62, 0x20, 0x62, 0x20, 0x62, 0x20, 0x62, 0x20, 0x62,
    0x20, 0x62, 0x20, 0x62, 0x20, 0x62, 0x20, 0x62, 0x20, 0x62, 0x20, 0x62, 0x20, 0x62, 0x20, 0x62,
    0x20, 0x62, 0x20, 0x62, 0x20, 0x62, 0x20, 0x62, 0x20, 0x62, 0x20, 0x62, 0x20, 0x62, 0x20, 0x62,
    0x20, 0x62, 0x20, 0x62, 0x20, 0x62, 0x20, 0x62, 0x20, 0x62, 0x20, 0x62, 0x20, 0x62, 0x20, 0x62,
    0x20, 0x62, 0x20, 0x62, 0xC3, 0x9B, 0x69, 0xFE, 0x69, 0xFE, 0x69, 0xFE, 0x69, 0xFE, 0x69, 0xFE,
    0x69, 0xFE, 0x69, 0xFE, 0x69, 0xFE, 0x69, 0xFE, 0x69, 0xFE, 0x69, 0xFE, 0x69, 0xFE, 0x69, 0xFE,
    0x69, 0xFE, 0x69, 0xFE, 0x69, 0xFE, 0x69, 0xFE, 0x89, 0x43, 0x89, 0x43, 0x89, 0x43, 0x89, 0x43,
    0x89, 0x43, 0x89, 0x43, 0x89, 0x43, 0x89, 0x43, 0x89, 0x43, 0x89, 0x43, 0x89, 0x43, 0x89, 0x43,
    0x89, 0x43, 0x89, 0x43, 0x89, 0x43, 0x89, 0x43, 0x69, 0xFE, 0x69, 0xFE, 0x69, 0xFE, 0x69, 0xFE,
    0x69, 0xFE, 0x69, 0xFE, 0x69, 0xFE, 0x69, 0xFE, 0x69, 0xFE, 0x69, 0xFE, 0x69, 0xFE, 0x69, 0xFE,
    0x69, 0xFE, 0x69, 0xFE, 0x69, 0xFE, 0x69, 0xFE, 0x69, 0xFE, 0x69, 0xFE, 0xC3, 0x9B, 0xC3, 0x9B,
    0x20, 0x62, 0x20, 0x62, 0x20, 0x62, 0x20, 0x62, 0x20, 0x62, 0x20, 0x62, 0x20, 0x62, 0x20, 0x62,
    0x20, 0x62, 0x20, 0x62, 0x20, 0x62, 0x20, 0x62, 0x20, 0x62, 0x20, 0x62, 0x20, 0x62, 0x20, 0x62,
    0x20, 0x62, 0x20, 0x62, 0x20, 0x62, 0x20, 0x62, 0x20, 0x62, 0x20, 0x62, 0x20, 0x62, 0x20, 0x62,
    0x20, 0x62, 0x20, 0x62, 0x20, 0x62, 0x20, 0x62, 0x20, 0x62, 0x20, 0x62, 0x20, 0x62, 0x20, 0x62,
    0x20, 0x62, 0x20, 0x62, 0x20, 0x62, 0x20, 0x62, 0x20, 0x62, 0x20, 0x62, 0x20, 0x62, 0x20, 0x62,
    0x20, 0x62, 0x20, 0x62, 0x20, 0x62, 0x20, 0x62, 0xC3, 0x9B, 0xC3, 0x9B, 0x69, 0xFE, 0x69, 0xFE,
    0x69, 0xFE, 0x69, 0xFE, 0x69, 0xFE, 0x69, 0xFE, 0x69, 0xFE, 0x69, 0xFE, 0x69, 0xFE, 0x69, 0xFE,
    0x69, 0xFE, 0x69, 0xFE, 0x69, 0xFE, 0x69, 0xFE, 0x69, 0xFE, 0x69, 0xFE, 0x69, 0xFE, 0x69, 0xFE,
    0x89, 0x43, 0x89, 0x43, 0x89, 0x43, 0x89, 0x43, 0x89, 0x43, 0x89, 0x43, 0x89, 0x43, 0x89, 0x43,
    0x89, 0x43, 0x89, 0x43, 0x89, 0x43, 0x89, 0x43, 0x89, 0x43, 0x89, 0x43, 0x89, 0x43, 0x89, 0x43,
    0x69, 0xFE, 0x69, 0xFE, 0x69, 0xFE, 0x69, 0xFE, 0x69, 0xFE, 0x69, 0xFE, 0x69, 0xFE, 0x69, 0xFE,
    0x69, 0xFE, 0x69, 0xFE, 0x69, 0xFE, 0x69, 0xFE, 0x69, 0xFE, 0x69, 0xFE, 0x69, 0xFE, 0x69, 0xFE,
    0x69, 0xFE, 0x69, 0xFE, 0xC3, 0x9B, 0xC3, 0x9B, 0x20, 0x62, 0x20, 0x62, 0x20, 0x62, 0x20, 0x62,
    0x20, 0x62, 0x20, 0x62, 0x20, 0x62, 0x20, 0x62, 0x20, 0x62, 0x20, 0x62, 0x20, 0x62, 0x20, 0x62,
    0x20, 0x62, 0x20, 0x62, 0x20, 0x62, 0x20, 0x62, 0x20, 0x62, 0x20, 0x62, 0x20, 0x62, 0x20, 0x62,
    0x20, 0x62, 0x20, 0x62, 0x20, 0x62, 0x20, 0x62, 0x20, 0x62, 0x20, 0x62, 0x20, 0x62, 0x20, 0x62,
    0x20, 0x62, 0x20, 0x62, 0x20, 0x62, 0x20, 0x62, 0x20, 0x62, 0x20, 0x62, 0x20, 0x62, 0x20, 0x62,
    0x20, 0x62, 0x20, 0x62, 0x20, 0x62, 0x20, 0x62, 0x20, 0x62, 0x20, 0x62, 0x20, 0x62, 0x20, 0x62,
    0xC3, 0x9B, 0xC3, 0x9B, 0x69, 0xFE, 0x69, 0xFE, 0x69, 0xFE, 0x69, 0xFE, 0x69, 0xFE, 0x69, 0xFE,
    0x69, 0xFE, 0x69, 0xFE, 0x69, 0xFE, 0x69, 0xFE, 0x69, 0xFE, 0x69, 0xFE, 0x69, 0xFE, 0x69, 0xFE,
    0x69, 0xFE, 0x69, 0xFE, 0x69, 0xFE, 0x69, 0xFE, 0x89, 0x43, 0x89, 0x43, 0x89, 0x43, 0x89, 0x43,
    0x89, 0x43, 0x89, 0x43, 0x89, 0x43, 0x89, 0x43, 0x89, 0x43, 0x89, 0x43, 0x89, 0x43, 0x89, 0x43,
    0x89, 0x43, 0x89, 0x43, 0x89, 0x43, 0x89, 0x43, 0x89, 0x43, 0x89, 0x43, 0x69, 0xFE, 0x69, 0xFE,
    0x69, 0xFE, 0x69, 0xFE, 0x69, 0xFE, 0x69, 0xFE, 0x69, 0xFE, 0x69, 0xFE, 0x69, 0xFE, 0x69, 0xFE,
    0x69, 0xFE, 0x69, 0xFE, 0x69, 0xFE, 0x69, 0xFE, 0x69, 0xFE, 0x69, 0xFE, 0x69, 0xFE, 0x69, 0xFE,
    0x44, 0xB4, 0x20, 0x62, 0x20, 0x62, 0x20, 0x62, 0x20, 0x62, 0x20, 0x62, 0x20, 0x62, 0x20, 0x62,
    0x20, 0x62, 0x20, 0x62, 0x20, 0x62, 0x20, 0x62, 0x20, 0x62, 0x20, 0x62, 0x20, 0x62, 0x20, 0x62,
    0x20, 0x62, 0x20, 0x62, 0x20, 0x62, 0x20, 0x62, 0x20, 0x62, 0x20, 0x62, 0x20, 0x62, 0x20, 0x62,
    0x20, 0x62, 0x20, 0x62, 0x20, 0x62, 0x20, 0x62, 0x20, 0x62, 0x20, 0x62, 0x20, 0x62, 0x20, 0x62,
    0x20, 0x62, 0x20, 0x62, 0x20, 0x62, 0x20, 0x62, 0x20, 0x62, 0x20, 0x62, 0x20, 0x62, 0x20, 0x62,
    0x20, 0x62, 0x20, 0x62, 0x20, 0x62, 0x44, 0xB4, 0x69, 0xFE, 0x69, 0xFE, 0x69, 0xFE, 0x69, 0xFE,
    0x69, 0xFE, 0x69, 0xFE, 0x69, 0xFE, 0x69, 0xFE, 0x69, 0xFE, 0x69, 0xFE, 0x69, 0xFE, 0x69, 0xFE,
    0x69, 0xFE, 0x69, 0xFE, 0x69, 0xFE, 0x69, 0xFE, 0x69, 0xFE, 0x69, 0xFE, 0x89, 0x43, 0x89, 0x43,
    0x89, 0x43, 0x89, 0x43, 0x89, 0x43, 0x89, 0x43, 0x89, 0x43, 0x89, 0x43, 0x89, 0x43, 0x89, 0x43,
    0x89, 0x43, 0x89, 0x43, 0x89, 0x43, 0x89, 0x43, 0x89, 0x43, 0x89, 0x43, 0x89, 0x43, 0x89, 0x43,
    0x89, 0x43, 0x89, 0x43, 0x89, 0x43, 0x69, 0xFE, 0x69, 0xFE, 0x69, 0xFE, 0x69, 0xFE, 0x69, 0xFE,
    0x69, 0xFE, 0x69, 0xFE, 0x69, 0xFE, 0x69, 0xFE, 0x69, 0xFE, 0x69, 0xFE, 0x69, 0xFE, 0x69, 0xFE,
    0x69, 0xFE, 0x69, 0xFE, 0x69, 0xFE, 0x69, 0xFE, 0x69, 0xFE, 0x06, 0xCD, 0x06, 0xCD, 0x60, 0x72,
    0x20, 0x62, 0x20, 0x62, 0x20, 0x62, 0x20, 0x62, 0x20, 0x62, 0x20, 0x62, 0x20, 0x62, 0x20, 0x62,
    0x20, 0x62, 0x20, 0x62, 0x20, 0x62, 0x20, 0x62, 0x20, 0x62, 0x20, 0x62, 0x20, 0x62, 0x20, 0x62,
    0x20, 0x62, 0x20, 0x62, 0x20, 0x62, 0x20, 0x62, 0x20, 0x62, 0x20, 0x62, 0x20, 0x62, 0x20, 0x62,
    0x20, 0x62, 0x20, 0x62, 0x20, 0x62, 0x20, 0x62, 0x20, 0x62, 0x20, 0x62, 0x20, 0x62, 0x20, 0x62,
    0x20, 0x62, 0x20, 0x62, 0x20, 0x62, 0x20, 0x62, 0x60, 0x72, 0x06, 0xCD, 0x06, 0xCD, 0x69, 0xFE,
    0x69, 0xFE, 0x69, 0xFE, 0x69, 0xFE, 0x69, 0xFE, 0x69, 0xFE, 0x69, 0xFE, 0x69, 0xFE, 0x69, 0xFE,
    0x69, 0xFE, 0x69, 0xFE, 0x69, 0xFE, 0x69, 0xFE, 0x69, 0xFE, 0x69, 0xFE, 0x69, 0xFE, 0x69, 0xFE,
    0x69, 0xFE, 0x89, 0x43, 0x89, 0x43, 0x89, 0x43, 0x89, 0x43, 0x89, 0x43, 0x89, 0x43, 0x89, 0x43,
    0x89, 0x43, 0x89, 0x43, 0x89, 0x43, 0x89, 0x43, 0x89, 0x43, 0x89, 0x43, 0x89, 0x43, 0x89, 0x43,
    0x89, 0x43, 0x89, 0x43, 0x89, 0x43, 0x89, 0x43, 0x89, 0x43, 0x89, 0x43, 0x89, 0x43, 0x89, 0x43,
    0x69, 0xFE, 0x69, 0xFE, 0x69, 0xFE, 0x69, 0xFE, 0x69, 0xFE, 0x69, 0xFE, 0x69, 0xFE, 0x69, 0xFE,
    0x69, 0xFE, 0x69, 0xFE, 0x69, 0xFE, 0x69, 0xFE, 0x69, 0xFE, 0x69, 0xFE, 0x69, 0xFE, 0x69, 0xFE,
    0x69, 0xFE, 0x69, 0xFE, 0x69, 0xFE, 0x29, 0xF6, 0x63, 0x93, 0x20, 0x62, 0x20, 0x62, 0x20, 0x62,
    0x20, 0x62, 0x20, 0x62, 0x20, 0x62, 0x20, 0x62, 0x20, 0x62, 0x20, 0x62, 0x20, 0x62, 0x20, 0x62,
    0x20, 0x62, 0x20, 0x62, 0x20, 0x62, 0x20, 0x62, 0x20, 0x62, 0x20, 0x62, 0x20, 0x62, 0x20, 0x62,
    0x20, 0x62, 0x20, 0x62, 0x20, 0x62, 0x20, 0x62, 0x20, 0x62, 0x20, 0x62, 0x20, 0x62, 0x20, 0x62,
    0x20, 0x62, 0x20, 0x62, 0x20, 0x62, 0x20, 0x62, 0x20, 0x62, 0x20, 0x62, 0x20, 0x62, 0x63, 0x93,
    0x29, 0xF6, 0x69, 0xFE, 0x69, 0xFE, 0x69, 0xFE, 0x69, 0xFE, 0x69, 0xFE, 0x69, 0xFE, 0x69, 0xFE,
    0x69, 0xFE, 0x69, 0xFE, 0x69, 0xFE, 0x69, 0xFE, 0x69, 0xFE, 0x69, 0xFE, 0x69, 0xFE, 0x69, 0xFE,
    0x69, 0xFE, 0x69, 0xFE, 0x69, 0xFE, 0x69, 0xFE, 0x89, 0x43, 0x89, 0x43, 0x89, 0x43, 0x89, 0x43,
    0x89, 0x43, 0x89, 0x43, 0x89, 0x43, 0x89, 0x43, 0x89, 0x43, 0x89, 0x43, 0x89, 0x43, 0x89, 0x43,
    0x89, 0x43, 0x89, 0x43, 0x89, 0x43, 0x89, 0x43, 0x89, 0x43, 0x89, 0x43, 0x89, 0x43, 0x89, 0x43,
    0x89, 0x43, 0x89, 0x43, 0x89, 0x43, 0x89, 0x43, 0x69, 0xFE, 0x69, 0xFE, 0x69, 0xFE, 0x69, 0xFE,
    0x69, 0xFE, 0x69, 0xFE, 0x69, 0xFE, 0x69, 0xFE, 0x69, 0xFE, 0x69, 0xFE, 0x69, 0xFE, 0x69, 0xFE,
    0x69, 0xFE, 0x69, 0xFE, 0x69, 0xFE, 0x69, 0xFE, 0x69, 0xFE, 0x69, 0xFE, 0x69, 0xFE, 0x29, 0xF6,
    0x63, 0x93, 0x20, 0x62, 0x20, 0x62, 0x20, 0x62, 0x20, 0x62, 0x20, 0x62, 0x20, 0x62, 0x20, 0x62,
    0x20, 0x62, 0x20, 0x62, 0x20, 0x62, 0x20, 0x62, 0x20, 0x62, 0x20, 0x62, 0x20, 0x62, 0x20, 0x62,
    0x20, 0x62, 0x20, 0x62, 0x20, 0x62, 0x20, 0x62, 0x20, 0x62, 0x20, 0x62, 0x20, 0x62, 0x20, 0x62,
    0x20, 0x62, 0x20, 0x62, 0x20, 0x62, 0x20, 0x62, 0x20, 0x62, 0x20, 0x62, 0x20, 0x62, 0x20, 0x62,
    0x20, 0x62, 0x20, 0x62, 0x20, 0x62, 0x63, 0x93, 0x29, 0xF6, 0x69, 0xFE, 0x69, 0xFE, 0x69, 0xFE,
    0x69, 0xFE, 0x69, 0xFE, 0x69, 0xFE, 0x69, 0xFE, 0x69, 0xFE, 0x69, 0xFE, 0x69, 0xFE, 0x69, 0xFE,
    0x69, 0xFE, 0x69, 0xFE, 0x69, 0xFE, 0x69, 0xFE, 0x69, 0xFE, 0x69, 0xFE, 0x69, 0xFE, 0x69, 0xFE,
    0x89, 0x43, 0x89, 0x43, 0x89, 0x43, 0x89, 0x43, 0x89, 0x43, 0x89, 0x43, 0x89, 0x43, 0x89, 0x43,
    0x89, 0x43, 0x89, 0x43, 0x89, 0x43, 0x89, 0x43, 0x89, 0x43, 0x89, 0x43, 0x89, 0x43, 0x89, 0x43,
    0x89, 0x43, 0x89, 0x43, 0x89, 0x43, 0x89, 0x43, 0x89, 0x43, 0x89, 0x43, 0x89, 0x43, 0x89, 0x43,
    0x89, 0x43, 0x89, 0x43, 0x69, 0xFE, 0x69, 0xFE, 0x69, 0xFE, 0x69, 0xFE, 0x69, 0xFE, 0x69, 0xFE,
    0x69, 0xFE, 0x69, 0xFE, 0x69, 0xFE, 0x69, 0xFE, 0x69, 0xFE, 0x69, 0xFE, 0x69, 0xFE, 0x69, 0xFE,
    0x69, 0xFE, 0x69, 0xFE, 0x69, 0xFE, 0x69, 0xFE, 0x69, 0xFE, 0x47, 0xDD, 0x47, 0xDD, 0x22, 0x8B,
    0x20, 0x62, 0x20, 0x62, 0x20, 0x62, 0x20, 0x62, 0x20, 0x62, 0x20, 0x62, 0x20, 0x62, 0x20, 0x62,
    0x20, 0x62, 0x20, 0x62, 0x20, 0x62, 0x20, 0x62, 0x20, 0x62, 0x20, 0x62, 0x20, 0x62, 0x20, 0x62,
    0x20, 0x62, 0x20, 0x62, 0x20, 0x62, 0x20, 0x62, 0x20, 0x62, 0x20, 0x62, 0x20, 0x62, 0x20, 0x62,
    0x20, 0x62, 0x20, 0x62, 0x20, 0x62, 0x20, 0x62, 0x22, 0x8B, 0x47, 0xDD, 0x47, 0xDD, 0x69, 0xFE,
    0x69, 0xFE, 0x69, 0xFE, 0x69, 0xFE, 0x69, 0xFE, 0x69, 0xFE, 0x69, 0xFE, 0x69, 0xFE, 0x69, 0xFE,
    0x69, 0xFE, 0x69, 0xFE, 0x69, 0xFE, 0x69, 0xFE, 0x69, 0xFE, 0x69, 0xFE, 0x69, 0xFE, 0x69, 0xFE,
    0x69, 0xFE, 0x69, 0xFE, 0x89, 0x43, 0x89, 0x43, 0x89, 0x43, 0x89, 0x43, 0x89, 0x43, 0x89, 0x43,
    0x89, 0x43, 0x89, 0x43, 0x89, 0x43, 0x89, 0x43, 0x89, 0x43, 0x89, 0x43, 0x89, 0x43, 0x89, 0x43,
    0x89, 0x43, 0x89, 0x43, 0x89, 0x43, 0x89, 0x43, 0x89, 0x43, 0x89, 0x43, 0x89, 0x43, 0x89, 0x43,
    0x89, 0x43, 0x89, 0x43, 0x89, 0x43, 0x89, 0x43, 0x89, 0x43, 0x89, 0x43, 0x89, 0x43, 0x69, 0xFE,
    0x69, 0xFE, 0x69, 0xFE, 0x69, 0xFE, 0x69, 0xFE, 0x69, 0xFE, 0x69, 0xFE, 0x69, 0xFE, 0x69, 0xFE,
    0x69, 0xFE, 0x69, 0xFE, 0x69, 0xFE, 0x69, 0xFE, 0x69, 0xFE, 0x69, 0xFE, 0x69, 0xFE, 0x69, 0xFE,
    0x69, 0xFE, 0x69, 0xFE, 0x69, 0xFE, 0x69, 0xFE, 0x87, 0xE5, 0x87, 0xE5, 0xC3, 0x9B, 0x60, 0x72,
    0x20, 0x62, 0x20, 0x62, 0x20, 0x62, 0x20, 0x62, 0x20, 0x62, 0x20, 0x62, 0x20, 0x62, 0x20, 0x62,
    0x20, 0x62, 0x20, 0x62, 0x20, 0x62, 0x20, 0x62, 0x20, 0x62, 0x20, 0x62, 0x20, 0x62, 0x20, 0x62,
    0x20, 0x62, 0x20, 0x62, 0x20, 0x62, 0x20, 0x62, 0x60, 0x72, 0xC3, 0x9B, 0xC3, 0x9B, 0x87, 0xE5,
    0x69, 0xFE, 0x69, 0xFE, 0x69, 0xFE, 0x69, 0xFE, 0x69, 0xFE, 0x69, 0xFE, 0x69, 0xFE, 0x69, 0xFE,
    0x69, 0xFE, 0x69, 0xFE, 0x69, 0xFE, 0x69, 0xFE, 0x69, 0xFE, 0x69, 0xFE, 0x69, 0xFE, 0x69, 0xFE,
    0x69, 0xFE, 0x69, 0xFE, 0x69, 0xFE, 0x69, 0xFE, 0x69, 0xFE, 0x89, 0x43, 0x89, 0x43, 0x89, 0x43,
    0x89, 0x43, 0x89, 0x43, 0x89, 0x43, 0x89, 0x43, 0x89, 0x43, 0x89, 0x43, 0x89, 0x43, 0x89, 0x43,
    0x89, 0x43, 0x89, 0x43, 0x89, 0x43, 0x89, 0x43, 0x89, 0x43, 0x89, 0x43, 0x89, 0x43, 0x89, 0x43,
    0x89, 0x43, 0x89, 0x43, 0x89, 0x43, 0x89, 0x43, 0x89, 0x43, 0x89, 0x43, 0x89, 0x43, 0x89, 0x43,
    0x89, 0x43, 0x89, 0x43, 0x89, 0x43, 0x69, 0xFE, 0x69, 0xFE, 0x69, 0xFE, 0x69, 0xFE, 0x69, 0xFE,
    0x69, 0xFE, 0x69, 0xFE, 0x69, 0xFE, 0x69, 0xFE, 0x69, 0xFE, 0x69, 0xFE, 0x69, 0xFE, 0x69, 0xFE,
    0x69, 0xFE, 0x69, 0xFE, 0x69, 0xFE, 0x69, 0xFE, 0x69, 0xFE, 0x69, 0xFE, 0x69, 0xFE, 0x69, 0xFE,
    0x87, 0xE5, 0x87, 0xE5, 0xC3, 0x9B, 0x60, 0x72, 0x20, 0x62, 0x20, 0x62, 0x20, 0x62, 0x20, 0x62,
    0x20, 0x62, 0x20, 0x62, 0x20, 0x62, 0x20, 0x62, 0x20, 0x62, 0x20, 0x62, 0x20, 0x62, 0x20, 0x62,
    0x20, 0x62, 0x20, 0x62, 0x20, 0x62, 0x20, 0x62, 0x20, 0x62, 0x20, 0x62, 0x20, 0x62, 0x20, 0x62,
    0x60, 0x72, 0xC3, 0x9B, 0xC3, 0x9B, 0x87, 0xE5, 0x69, 0xFE, 0x69, 0xFE, 0x69, 0xFE, 0x69, 0xFE,
    0x69, 0xFE, 0x69, 0xFE, 0x69, 0xFE, 0x69, 0xFE, 0x69, 0xFE, 0x69, 0xFE, 0x69, 0xFE, 0x69, 0xFE,
    0x69, 0xFE, 0x69, 0xFE, 0x69, 0xFE, 0x69, 0xFE, 0x69, 0xFE, 0x69, 0xFE, 0x69, 0xFE, 0x69, 0xFE,
    0x69, 0xFE, 0x89, 0x43, 0x89, 0x43, 0x89, 0x43, 0x89, 0x43, 0x89, 0x43, 0x89, 0x43, 0x89, 0x43,
    0x89, 0x43, 0x89, 0x43, 0x89, 0x43, 0x89, 0x43, 0x89, 0x43, 0x89, 0x43, 0x89, 0x43, 0x89, 0x43,
    0x89, 0x43, 0x89, 0x43, 0x89, 0x43, 0x89, 0x43, 0x89, 0x43, 0x89, 0x43, 0x89, 0x43, 0x89, 0x43,
    0x89, 0x43, 0x89, 0x43, 0x89, 0x43, 0x89, 0x43, 0x89, 0x43, 0x89, 0x43, 0x89, 0x43, 0x89, 0x43,
    0x89, 0x43, 0x69, 0xFE, 0x69, 0xFE, 0x69, 0xFE, 0x69, 0xFE, 0x69, 0xFE, 0x69, 0xFE, 0x69, 0xFE,
    0x69, 0xFE, 0x69, 0xFE, 0x69, 0xFE, 0x69, 0xFE, 0x69, 0xFE, 0x69, 0xFE, 0x69, 0xFE, 0x69, 0xFE,
    0x69, 0xFE, 0x69, 0xFE, 0x69, 0xFE, 0x69, 0xFE, 0x69, 0xFE, 0x69, 0xFE, 0x69, 0xFE, 0x69, 0xFE,
    0x47, 0xDD, 0x47, 0xDD, 0x44, 0xB4, 0x22, 0x8B, 0xA1, 0x7A, 0xA1, 0x7A, 0x20, 0x62, 0x20, 0x62,
    0x20, 0x62, 0x20, 0x62, 0x20, 0x62, 0x20, 0x62, 0x20, 0x62, 0x20, 0x62, 0xA1, 0x7A, 0xA1, 0x7A,
    0x22, 0x8B, 0x44, 0xB4, 0x47, 0xDD, 0x47, 0xDD, 0x69, 0xFE, 0x69, 0xFE, 0x69, 0xFE, 0x69, 0xFE,
    0x69, 0xFE, 0x69, 0xFE, 0x69, 0xFE, 0x69, 0xFE, 0x69, 0xFE, 0x69, 0xFE, 0x69, 0xFE, 0x69, 0xFE,
    0x69, 0xFE, 0x69, 0xFE, 0x69, 0xFE, 0x69, 0xFE, 0x69, 0xFE, 0x69, 0xFE, 0x69, 0xFE, 0x69, 0xFE,
    0x69, 0xFE, 0x69, 0xFE, 0x69, 0xFE, 0x89, 0x43, 0x89, 0x43, 0x89, 0x43, 0x89, 0x43, 0x89, 0x43,
    0x89, 0x43, 0x89, 0x43, 0x89, 0x43, 0x89, 0x43, 0x89, 0x43, 0x89, 0x43, 0x89, 0x43, 0x89, 0x43,
    0x89, 0x43, 0x89, 0x43, 0x89, 0x43, 0x89, 0x43, 0x89, 0x43, 0x89, 0x43, 0x89, 0x43, 0x89, 0x43,
    0x89, 0x43, 0x89, 0x43, 0x89, 0x43, 0x89, 0x43, 0x89, 0x43, 0x89, 0x43, 0x89, 0x43, 0x89, 0x43,
    0x89, 0x43, 0x89, 0x43, 0x89, 0x43, 0x89, 0x43, 0x89, 0x43, 0x89, 0x43, 0x69, 0xFE, 0x69, 0xFE,
    0x69, 0xFE, 0x69, 0xFE, 0x69, 0xFE, 0x69, 0xFE, 0x69, 0xFE, 0x69, 0xFE, 0x69, 0xFE, 0x69, 0xFE,
    0x69, 0xFE, 0x69, 0xFE, 0x69, 0xFE, 0x69, 0xFE, 0x69, 0xFE, 0x69, 0xFE, 0x69, 0xFE, 0x69, 0xFE,
    0x69, 0xFE, 0x69, 0xFE, 0x69, 0xFE, 0x69, 0xFE, 0x69, 0xFE, 0x69, 0xFE, 0x69, 0xFE, 0x69, 0xFE,
    0x69, 0xFE, 0x69, 0xFE, 0x69, 0xFE, 0x69, 0xFE, 0x69, 0xFE, 0x69, 0xFE, 0x69, 0xFE, 0x69, 0xFE,
    0x69, 0xFE, 0x69, 0xFE, 0x69, 0xFE, 0x69, 0xFE, 0x69, 0xFE, 0x69, 0xFE, 0x69, 0xFE, 0x69, 0xFE,
    0x69, 0xFE, 0x69, 0xFE, 0x69, 0xFE, 0x69, 0xFE, 0x69, 0xFE, 0x69, 0xFE, 0x69, 0xFE, 0x69, 0xFE,
    0x69, 0xFE, 0x69, 0xFE, 0x69, 0xFE, 0x69, 0xFE, 0x69, 0xFE, 0x69, 0xFE, 0x69, 0xFE, 0x69, 0xFE,
    0x69, 0xFE, 0x69, 0xFE, 0x69, 0xFE, 0x69, 0xFE, 0x69, 0xFE, 0x69, 0xFE, 0x89, 0x43, 0x89, 0x43,
    0x89, 0x43, 0x89, 0x43, 0x89, 0x43, 0x89, 0x43, 0x89, 0x43, 0x89, 0x43, 0x89, 0x43, 0x89, 0x43,
    0x89, 0x43, 0x89, 0x43, 0x89, 0x43, 0x89, 0x43, 0x89, 0x43, 0x89, 0x43, 0x89, 0x43, 0x89, 0x43,
    0x89, 0x43, 0x89, 0x43, 0x89, 0x43, 0x89, 0x43, 0x89, 0x43, 0x89, 0x43, 0x89, 0x43, 0x89, 0x43,
    0x89, 0x43, 0x89, 0x43, 0x89, 0x43, 0x89, 0x43, 0x89, 0x43, 0x89, 0x43, 0x89, 0x43, 0x89, 0x43,
    0x89, 0x43, 0x89, 0x43, 0x89, 0x43, 0x69, 0xFE, 0x69, 0xFE, 0x69, 0xFE, 0x69, 0xFE, 0x69, 0xFE,
    0x69, 0xFE, 0x69, 0xFE, 0x69, 0xFE, 0x69, 0xFE, 0x69, 0xFE, 0x69, 0xFE, 0x69, 0xFE, 0x69, 0xFE,
    0x69, 0xFE, 0x69, 0xFE, 0x69, 0xFE, 0x69, 0xFE, 0x69, 0xFE, 0x69, 0xFE, 0x69, 0xFE, 0x69, 0xFE,
    0x69, 0xFE, 0x69, 0xFE, 0x69, 0xFE, 0x69, 0xFE, 0x69, 0xFE, 0x69, 0xFE, 0x69, 0xFE, 0x69, 0xFE,
    0x69, 0xFE, 0x69, 0xFE, 0x69, 0xFE, 0x69, 0xFE, 0x69, 0xFE, 0x69, 0xFE, 0x69, 0xFE, 0x69, 0xFE,
    0x69, 0xFE, 0x69, 0xFE, 0x69, 0xFE, 0x69, 0xFE, 0x69, 0xFE, 0x69, 0xFE, 0x69, 0xFE, 0x69, 0xFE,
    0x69, 0xFE, 0x69, 0xFE, 0x69, 0xFE, 0x69, 0xFE, 0x69, 0xFE, 0x69, 0xFE, 0x69, 0xFE, 0x69, 0xFE,
    0x69, 0xFE, 0x69, 0xFE, 0x69, 0xFE, 0x69, 0xFE, 0x69, 0xFE, 0x69, 0xFE, 0x69, 0xFE, 0x69, 0xFE,
    0x69, 0xFE, 0x89, 0x43, 0x89, 0x43, 0x89, 0x43, 0x89, 0x43, 0x89, 0x43, 0x89, 0x43, 0x89, 0x43,
    0x89, 0x43, 0x89, 0x43, 0x89, 0x43, 0x89, 0x43, 0x89, 0x43, 0x89, 0x43, 0x89, 0x43, 0x89, 0x43,
    0x89, 0x43, 0x89, 0x43, 0x89, 0x43, 0x89, 0x43, 0x89, 0x43, 0x89, 0x43, 0x89, 0x43, 0x89, 0x43,
    0x89, 0x43, 0x89, 0x43, 0x89, 0x43, 0x89, 0x43, 0x89, 0x43, 0x89, 0x43, 0x89, 0x43, 0x89, 0x43,
    0x89, 0x43, 0x89, 0x43, 0x89, 0x43, 0x89, 0x43, 0x89, 0x43, 0x89, 0x43, 0x89, 0x43, 0x69, 0xFE,
    0x69, 0xFE, 0x69, 0xFE, 0x69, 0xFE, 0x69, 0xFE, 0x69, 0xFE, 0x69, 0xFE, 0x69, 0xFE, 0x69, 0xFE,
    0x69, 0xFE, 0x69, 0xFE, 0x69, 0xFE, 0x69, 0xFE, 0x69, 0xFE, 0x69, 0xFE, 0x69, 0xFE, 0x69, 0xFE,
    0x69, 0xFE, 0x69, 0xFE, 0x69, 0xFE, 0x69, 0xFE, 0x69, 0xFE, 0x69, 0xFE, 0x69, 0xFE, 0x69, 0xFE,
    0x69, 0xFE, 0x69, 0xFE, 0x69, 0xFE, 0x69, 0xFE, 0x69, 0xFE, 0x69, 0xFE, 0x69, 0xFE, 0x69, 0xFE,
    0x69, 0xFE, 0x69, 0xFE, 0x69, 0xFE, 0x69, 0xFE, 0x69, 0xFE, 0x69, 0xFE, 0x69, 0xFE, 0x69, 0xFE,
    0x69, 0xFE, 0x69, 0xFE, 0x69, 0xFE, 0x69, 0xFE, 0x69, 0xFE, 0x69, 0xFE, 0x69, 0xFE, 0x69, 0xFE,
    0x69, 0xFE, 0x69, 0xFE, 0x69, 0xFE, 0x69, 0xFE, 0x69, 0xFE, 0x69, 0xFE, 0x69, 0xFE, 0x69, 0xFE,
    0x69, 0xFE, 0x69, 0xFE, 0x69, 0xFE, 0x69, 0xFE, 0x69, 0xFE, 0x89, 0x43, 0x89, 0x43, 0x89, 0x43,
    0x89, 0x43, 0x89, 0x43, 0x89, 0x43, 0x89, 0x43, 0x89, 0x43, 0x89, 0x43, 0x89, 0x43, 0x89, 0x43,
    0x89, 0x43, 0x89, 0x43, 0x89, 0x43, 0x89, 0x43, 0x89, 0x43, 0x89, 0x43, 0x89, 0x43, 0x89, 0x43,
    0x89, 0x43, 0x89, 0x43, 0x89, 0x43, 0x89, 0x43, 0x89, 0x43, 0x89, 0x43, 0x89, 0x43, 0x89, 0x43,
    0x89, 0x43, 0x89, 0x43, 0x89, 0x43, 0x89, 0x43, 0x89, 0x43, 0x89, 0x43, 0x89, 0x43, 0x89, 0x43,
    0x89, 0x43, 0x89, 0x43, 0x89, 0x43, 0x89, 0x43, 0x89, 0x43, 0x89, 0x43, 0x69, 0xFE, 0x69, 0xFE,
    0x69, 0xFE, 0x69, 0xFE, 0x69, 0xFE, 0x69, 0xFE, 0x69, 0xFE, 0x69, 0xFE, 0x69, 0xFE, 0x69, 0xFE,
    0x69, 0xFE, 0x69, 0xFE, 0x69, 0xFE, 0x69, 0xFE, 0x69, 0xFE, 0x69, 0xFE, 0x69, 0xFE, 0x69, 0xFE,
    0x69, 0xFE, 0x69, 0xFE, 0x69, 0xFE, 0x69, 0xFE, 0x69, 0xFE, 0x69, 0xFE, 0x69, 0xFE, 0x69, 0xFE,
    0x69, 0xFE, 0x69, 0xFE, 0x69, 0xFE, 0x69, 0xFE, 0x69, 0xFE, 0x69, 0xFE, 0x69, 0xFE, 0x69, 0xFE,
    0x69, 0xFE, 0x69, 0xFE, 0x69, 0xFE, 0x69, 0xFE, 0x69, 0xFE, 0x69, 0xFE, 0x69, 0xFE, 0x69, 0xFE,
    0x69, 0xFE, 0x69, 0xFE, 0x69, 0xFE, 0x69, 0xFE, 0x69, 0xFE, 0x69, 0xFE, 0x69, 0xFE, 0x69, 0xFE,
    0x69, 0xFE, 0x69, 0xFE, 0x69, 0xFE, 0x69, 0xFE, 0x69, 0xFE, 0x69, 0xFE, 0x89, 0x43, 0x89, 0x43,
    0x89, 0x43, 0x89, 0x43, 0x89, 0x43, 0x89, 0x43, 0x89, 0x43, 0x89, 0x43, 0x89, 0x43, 0x89, 0x43,
    0x89, 0x43, 0x89, 0x43, 0x89, 0x43, 0x89, 0x43, 0x89, 0x43, 0x89, 0x43, 0x89, 0x43, 0x89, 0x43,
    0x89, 0x43, 0x89, 0x43, 0x89, 0x43, 0x89, 0x43, 0x89, 0x43, 0x89, 0x43, 0x89, 0x43, 0x89, 0x43,
    0x89, 0x43, 0x89, 0x43, 0x89, 0x43, 0x89, 0x43, 0x89, 0x43, 0x89, 0x43, 0x89, 0x43, 0x89, 0x43,
    0x89, 0x43, 0x89, 0x43, 0x89, 0x43, 0x89, 0x43, 0x89, 0x43, 0x89, 0x43, 0x89, 0x43, 0x89, 0x43,
    0x89, 0x43, 0x89, 0x43, 0x89, 0x43, 0x89, 0x43, 0x69, 0xFE, 0x69, 0xFE, 0x69, 0xFE, 0x69, 0xFE,
    0x69, 0xFE, 0x69, 0xFE, 0x69, 0xFE, 0x69, 0xFE, 0x69, 0xFE, 0x69, 0xFE, 0x69, 0xFE, 0x69, 0xFE,
    0x69, 0xFE, 0x69, 0xFE, 0x69, 0xFE, 0x69, 0xFE, 0x69, 0xFE, 0x69, 0xFE, 0x69, 0xFE, 0x69, 0xFE,
    0x69, 0xFE, 0x69, 0xFE, 0x69, 0xFE, 0x69, 0xFE, 0x69, 0xFE, 0x69, 0xFE, 0x69, 0xFE, 0x69, 0xFE,
    0x69, 0xFE, 0x69, 0xFE, 0x69, 0xFE, 0x69, 0xFE, 0x69, 0xFE, 0x69, 0xFE, 0x69, 0xFE, 0x69, 0xFE,
    0x69, 0xFE, 0x69, 0xFE, 0x69, 0xFE, 0x69, 0xFE, 0x69, 0xFE, 0x69, 0xFE, 0x69, 0xFE, 0x69, 0xFE,
    0x69, 0xFE, 0x69, 0xFE, 0x69, 0xFE, 0x69, 0xFE, 0x69, 0xFE, 0x69, 0xFE, 0x69, 0xFE, 0x69, 0xFE,
    0x89, 0x43, 0x89, 0x43, 0x89, 0x43, 0x89, 0x43, 0x89, 0x43, 0x89, 0x43, 0x89, 0x43, 0x89, 0x43,
    0x89, 0x43, 0x89, 0x43, 0x89, 0x43, 0x89, 0x43, 0x89, 0x43, 0x89, 0x43, 0x89, 0x43, 0x89, 0x43,
    0x89, 0x43, 0x89, 0x43, 0x89, 0x43, 0x89, 0x43, 0x89, 0x43, 0x89, 0x43, 0x89, 0x43, 0x89, 0x43,
    0x89, 0x43, 0x89, 0x43, 0x89, 0x43, 0x89, 0x43, 0x89, 0x43, 0x89, 0x43, 0x89, 0x43, 0x89, 0x43,
    0x89, 0x43, 0x89, 0x43, 0x89, 0x43, 0x89, 0x43, 0x89, 0x43, 0x89, 0x43, 0x89, 0x43, 0x89, 0x43,
    0x89, 0x43, 0x89, 0x43, 0x89, 0x43, 0x89, 0x43, 0x89, 0x43, 0x89, 0x43, 0x89, 0x43, 0x89, 0x43,
    0x89, 0x43, 0x89, 0x43, 0x69, 0xFE, 0x69, 0xFE, 0x69, 0xFE, 0x69, 0xFE, 0x69, 0xFE, 0x69, 0xFE,
    0x69, 0xFE, 0x69, 0xFE, 0x69, 0xFE, 0x69, 0xFE, 0x69, 0xFE, 0x69, 0xFE, 0x69, 0xFE, 0x69, 0xFE,
    0x69, 0xFE, 0x69, 0xFE, 0x69, 0xFE, 0x69, 0xFE, 0x69, 0xFE, 0x69, 0xFE, 0x69, 0xFE, 0x69, 0xFE,
    0x69, 0xFE, 0x69, 0xFE, 0x69, 0xFE, 0x69, 0xFE, 0x69, 0xFE, 0x69, 0xFE, 0x69, 0xFE, 0x69, 0xFE,
    0x69, 0xFE, 0x69, 0xFE, 0x69, 0xFE, 0x69, 0xFE, 0x69, 0xFE, 0x69, 0xFE, 0x69, 0xFE, 0x69, 0xFE,
    0x69, 0xFE, 0x69, 0xFE, 0x69, 0xFE, 0x69, 0xFE, 0x69, 0xFE, 0x69, 0xFE, 0x69, 0xFE, 0x69, 0xFE,
    0x69, 0xFE, 0x69, 0xFE, 0x89, 0x43, 0x89, 0x43, 0x89, 0x43, 0x89, 0x43, 0x89, 0x43, 0x89, 0x43,
    0x89, 0x43, 0x89, 0x43, 0x89, 0x43, 0x89, 0x43, 0x89, 0x43, 0x89, 0x43, 0x89, 0x43, 0x89, 0x43,
    0x89, 0x43, 0x89, 0x43, 0x89, 0x43, 0x89, 0x43, 0x89, 0x43, 0x89, 0x43, 0x89, 0x43, 0x89, 0x43,
    0x89, 0x43, 0x89, 0x43, 0x89, 0x43, 0x89, 0x43, 0x89, 0x43, 0x89, 0x43, 0x89, 0x43, 0x89, 0x43,
    0x89, 0x43, 0x89, 0x43, 0x89, 0x43, 0x89, 0x43, 0x89, 0x43, 0x89, 0x43, 0x89, 0x43, 0x89, 0x43,
    0x89, 0x43, 0x89, 0x43, 0x89, 0x43, 0x89, 0x43, 0x89, 0x43, 0x89, 0x43, 0x89, 0x43, 0x89, 0x43,
    0x89, 0x43, 0x89, 0x43, 0x89, 0x43, 0x89, 0x43, 0x89, 0x43, 0x89, 0x43, 0x69, 0xFE, 0x69, 0xFE,
    0x69, 0xFE, 0x69, 0xFE, 0x69, 0xFE, 0x69, 0xFE, 0x69, 0xFE, 0x69, 0xFE, 0x69, 0xFE, 0x69, 0xFE,
    0x69, 0xFE, 0x69, 0xFE, 0x69, 0xFE, 0x69, 0xFE, 0x69, 0xFE, 0x69, 0xFE, 0x69, 0xFE, 0x69, 0xFE,
    0x69, 0xFE, 0x69, 0xFE, 0x69, 0xFE, 0x69, 0xFE, 0x69, 0xFE, 0x69, 0xFE, 0x69, 0xFE, 0x69, 0xFE,
    0x69, 0xFE, 0x69, 0xFE, 0x69, 0xFE, 0x69, 0xFE, 0x69, 0xFE, 0x69, 0xFE, 0x69, 0xFE, 0x69, 0xFE,
    0x69, 0xFE, 0x69, 0xFE, 0x69, 0xFE, 0x69, 0xFE, 0x69, 0xFE, 0x69, 0xFE, 0x69, 0xFE, 0x69, 0xFE,
    0x69, 0xFE, 0x69, 0xFE, 0x69, 0xFE, 0x69, 0xFE, 0x69, 0xFE, 0x69, 0xFE, 0x89, 0x43, 0x89, 0x43,
    0x89, 0x43, 0x89, 0x43, 0x89, 0x43, 0x89, 0x43, 0x89, 0x43, 0x89, 0x43, 0x89, 0x43, 0x89, 0x43,
    0x89, 0x43, 0x89, 0x43, 0x89, 0x43, 0x89, 0x43, 0x89, 0x43, 0x89, 0x43, 0x89, 0x43, 0x89, 0x43,
    0x89, 0x43, 0x89, 0x43, 0x89, 0x43, 0x89, 0x43, 0x89, 0x43, 0x89, 0x43, 0x89, 0x43, 0x89, 0x43,
    0x89, 0x43, 0x89, 0x43, 0x89, 0x43, 0x89, 0x43, 0x89, 0x43, 0x89, 0x43, 0x89, 0x43, 0x89, 0x43,
    0x89, 0x43, 0x89, 0x43, 0x89, 0x43, 0x89, 0x43, 0x89, 0x43, 0x89, 0x43, 0x89, 0x43, 0x89, 0x43,
    0x89, 0x43, 0x89, 0x43, 0x89, 0x43, 0x89, 0x43, 0x89, 0x43, 0x89, 0x43, 0x89, 0x43, 0x89, 0x43,
    0x89, 0x43, 0x89, 0x43, 0x89, 0x43, 0x89, 0x43, 0x89, 0x43, 0x69, 0xFE, 0x69, 0xFE, 0x69, 0xFE,
    0x69, 0xFE, 0x69, 0xFE, 0x69, 0xFE, 0x69, 0xFE, 0x69, 0xFE, 0x69, 0xFE, 0x69, 0xFE, 0x69, 0xFE,
    0x69, 0xFE, 0x69, 0xFE, 0x69, 0xFE, 0x69, 0xFE, 0x69, 0xFE, 0x69, 0xFE, 0x69, 0xFE, 0x69, 0xFE,
    0x69, 0xFE, 0x69, 0xFE, 0x69, 0xFE, 0x69, 0xFE, 0x69, 0xFE, 0x69, 0xFE, 0x69, 0xFE, 0x69, 0xFE,
    0x69, 0xFE, 0x69, 0xFE, 0x69, 0xFE, 0x69, 0xFE, 0x69, 0xFE, 0x69, 0xFE, 0x69, 0xFE, 0x69, 0xFE,
    0x69, 0xFE, 0x69, 0xFE, 0x69, 0xFE, 0x69, 0xFE, 0x69, 0xFE, 0x69, 0xFE, 0x69, 0xFE, 0x89, 0x43,
    0x89, 0x43, 0x89, 0x43, 0x89, 0x43, 0x89, 0x43, 0x89, 0x43, 0x89, 0x43, 0x89, 0x43, 0x89, 0x43,
    0x89, 0x43, 0x89, 0x43, 0x89, 0x43, 0x89, 0x43, 0x89, 0x43, 0x89, 0x43, 0x89, 0x43, 0x89, 0x43,
    0x89, 0x43, 0x89, 0x43, 0x89, 0x43, 0x89, 0x43, 0x89, 0x43, 0x89, 0x43, 0x89, 0x43, 0x89, 0x43,
    0x89, 0x43, 0x89, 0x43, 0x89, 0x43, 0x89, 0x43, 0x89, 0x43, 0x89, 0x43, 0x89, 0x43, 0x89, 0x43,
    0x89, 0x43, 0x89, 0x43, 0x89, 0x43, 0x89, 0x43, 0x89, 0x43, 0x89, 0x43, 0x89, 0x43, 0x89, 0x43,
    0x89, 0x43, 0x89, 0x43, 0x89, 0x43, 0x89, 0x43, 0x89, 0x43, 0x89, 0x43, 0x89, 0x43, 0x89, 0x43,
    0x89, 0x43, 0x89, 0x43, 0x89, 0x43, 0x89, 0x43, 0x89, 0x43, 0x89, 0x43, 0x89, 0x43, 0x89, 0x43,
    0x89, 0x43, 0x89, 0x43, 0x89, 0x43, 0x89, 0x43, 0x89, 0x43, 0x69, 0xFE, 0x69, 0xFE, 0x69, 0xFE,
    0x69, 0xFE, 0x69, 0xFE, 0x69, 0xFE, 0x69, 0xFE, 0x69, 0xFE, 0x69, 0xFE, 0x69, 0xFE, 0x69, 0xFE,
    0x69, 0xFE, 0x69, 0xFE, 0x69, 0xFE, 0x69, 0xFE, 0x69, 0xFE, 0x69, 0xFE, 0x69, 0xFE, 0x69, 0xFE,
    0x69, 0xFE, 0x69, 0xFE, 0x69, 0xFE, 0x69, 0xFE, 0x69, 0xFE, 0x69, 0xFE, 0x69, 0xFE, 0x69, 0xFE,
    0x69, 0xFE, 0x69, 0xFE, 0x69, 0xFE, 0x69, 0xFE, 0x69, 0xFE, 0x69, 0xFE, 0x69, 0xFE, 0x89, 0x43,
    0x89, 0x43, 0x89, 0x43, 0x89, 0x43, 0x89, 0x43, 0x89, 0x43, 0x89, 0x43, 0x89, 0x43, 0x89, 0x43,
    0x89, 0x43, 0x89, 0x43, 0x89, 0x43, 0x89, 0x43, 0x89, 0x43, 0x89, 0x43, 0x89, 0x43, 0x89, 0x43,
    0x89, 0x43, 0x89, 0x43, 0x89, 0x43, 0x89, 0x43, 0x89, 0x43, 0x89, 0x43, 0x89, 0x43, 0x89, 0x43,
    0x89, 0x43, 0x89, 0x43, 0x89, 0x43, 0x89, 0x43, 0x89, 0x43, 0x89, 0x43, 0x89, 0x43, 0x89, 0x43,
    0x89, 0x43, 0x89, 0x43, 0x89, 0x43, 0x89, 0x43, 0x89, 0x43, 0x89, 0x43, 0x89, 0x43, 0x89, 0x43,
    0x89, 0x43, 0x89, 0x43, 0x89, 0x43, 0x89, 0x43, 0x89, 0x43, 0x89, 0x43, 0x89, 0x43, 0x89, 0x43,
    0x89, 0x43, 0x89, 0x43, 0x89, 0x43, 0x89, 0x43, 0x89, 0x43, 0x89, 0x43, 0x89, 0x43, 0x89, 0x43,
    0x89, 0x43, 0x89, 0x43, 0x89, 0x43, 0x89, 0x43, 0x89, 0x43, 0x89, 0x43, 0x89, 0x43, 0x89, 0x43,
    0x89, 0x43, 0x69, 0xFE, 0x69, 0xFE, 0x69, 0xFE, 0x69, 0xFE, 0x69, 0xFE, 0x69, 0xFE, 0x69, 0xFE,
    0x69, 0xFE, 0x69, 0xFE, 0x69, 0xFE, 0x69, 0xFE, 0x69, 0xFE, 0x69, 0xFE, 0x69, 0xFE, 0x69, 0xFE,
    0x69, 0xFE, 0x69, 0xFE, 0x69, 0xFE, 0x69, 0xFE, 0x69, 0xFE, 0x69, 0xFE, 0x69, 0xFE, 0x69, 0xFE,
    0x69, 0xFE, 0x69, 0xFE, 0x69, 0xFE, 0x69, 0xFE, 0x69, 0xFE, 0x69, 0xFE, 0x69, 0xFE, 0x69, 0xFE,
    0x69, 0xFE, 0x69, 0xFE, 0x69, 0xFE, 0x89, 0x43, 0x89, 0x43, 0x89, 0x43, 0x89, 0x43, 0x89, 0x43,
    0x89, 0x43, 0x89, 0x43, 0x89, 0x43, 0x89, 0x43, 0x89, 0x43, 0x89, 0x43, 0x89, 0x43, 0x89, 0x43,
    0x89, 0x43, 0x89, 0x43, 0x89, 0x43, 0x89, 0x43, 0x89, 0x43, 0x89, 0x43, 0x89, 0x43, 0x89, 0x43,
    0x89, 0x43, 0x89, 0x43, 0x89, 0x43, 0x89, 0x43, 0x89, 0x43, 0x89, 0x43, 0x89, 0x43, 0x89, 0x43,
    0x89, 0x43, 0x89, 0x43, 0x89, 0x43, 0x89, 0x43, 0x89, 0x43, 0x89, 0x43, 0x89, 0x43, 0x89, 0x43,
    0x89, 0x43, 0x89, 0x43, 0x89, 0x43, 0x89, 0x43, 0x89, 0x43, 0x89, 0x43, 0x89, 0x43, 0x89, 0x43,
    0x89, 0x43, 0x89, 0x43, 0x89, 0x43, 0x89, 0x43, 0x89, 0x43, 0x89, 0x43, 0x89, 0x43, 0x89, 0x43,
    0x89, 0x43, 0x89, 0x43, 0x89, 0x43, 0x89, 0x43, 0x89, 0x43, 0x89, 0x43, 0x89, 0x43, 0x89, 0x43,
    0x89, 0x43, 0x89, 0x43, 0x89, 0x43, 0x89, 0x43, 0x89, 0x43, 0x89, 0x43, 0x89, 0x43, 0x89, 0x43,
    0x89, 0x43, 0x89, 0x43, 0x69, 0xFE, 0x69, 0xFE, 0x69, 0xFE, 0x69, 0xFE, 0x69, 0xFE, 0x69, 0xFE,
    0x69, 0xFE, 0x69, 0xFE, 0x69, 0xFE, 0x69, 0xFE, 0x69, 0xFE, 0x69, 0xFE, 0x69, 0xFE, 0x69, 0xFE,
    0x69, 0xFE, 0x69, 0xFE, 0x69, 0xFE, 0x69, 0xFE, 0x69, 0xFE, 0x69, 0xFE, 0x69, 0xFE, 0x69, 0xFE,
    0x69, 0xFE, 0x69, 0xFE, 0x69, 0xFE, 0x89, 0x43, 0x89, 0x43, 0x89, 0x43, 0x89, 0x43, 0x89, 0x43,
    0x89, 0x43, 0x89, 0x43, 0x89, 0x43, 0x89, 0x43, 0x89, 0x43, 0x89, 0x43, 0x89, 0x43, 0x89, 0x43,
    0x89, 0x43, 0x89, 0x43, 0x89, 0x43, 0x89, 0x43, 0x89, 0x43, 0x89, 0x43, 0x89, 0x43, 0x89, 0x43,
    0x89, 0x43, 0x89, 0x43, 0x89, 0x43, 0x89, 0x43, 0x89, 0x43, 0x89, 0x43, 0x89, 0x43, 0x89, 0x43,
    0x89, 0x43, 0x89, 0x43, 0x89, 0x43, 0x89, 0x43, 0x89, 0x43, 0x89, 0x43, 0x89, 0x43, 0x89, 0x43,
};

const brick_image_asset_t brick_grinning_face = {
    100, 100, BRICK_IMAGE_FORMAT_RGB565_LE, 2, 20000, brick_grinning_face_data
};
