#include "sweat_smile_240_rgb565.h"
#include <pgmspace.h>

static const uint8_t PROGMEM brick_sweat_smile_240_data[] = {
    0x89, 0x43, 0x89, 0x43, 0x89, 0x43, 0x89, 0x43, 0x89, 0x43, 0x89, 0x43, 0x89, 0x43, 0x89, 0x43, 0x89, 0x43, 0x89,
    0x43, 0x89, 0x43, 0x89, 0x43, 0x89, 0x43, 0x89, 0x43, 0x89, 0x43, 0x89, 0x43, 0x89, 0x43, 0x89, 0x43, 0x89, 0x43,
    0x89, 0x43, 0x89, 0x43, 0x89, 0x43, 0x89, 0x43, 0x89, 0x43, 0x89, 0x43, 0x89, 0x43, 0x89, 0x43, 0x89, 0x43, 0x89,
    0x43, 0x89, 0x43, 0x89, 0x43, 0x89, 0x43, 0x89, 0x43, 0x89, 0x43, 0x89, 0x43, 0x89, 0x43, 0x89, 0x43, 0x89, 0x43,
    0x89, 0x43, 0x89, 0x43, 0x89, 0x43, 0x89, 0x43, 0x89, 0x43, 0x89, 0x43, 0x89, 0x43, 0x89, 0x43, 0x89, 0x43, 0x89,
    0x43, 0x89, 0x43, 0x89, 0x43, 0x89, 0x43, 0x89, 0x43, 0x89, 0x43, 0x89, 0x43, 0x89, 0x43, 0x89, 0x43, 0x89, 0x43,
    0x89, 0x43, 0x89, 0x43, 0x89, 0x43, 0x89, 0x43, 0x89, 0x43, 0x89, 0x43, 0x89, 0x43, 0x89, 0x43, 0x89, 0x43, 0x89,
    0x43, 0x89, 0x43, 0x89, 0x43, 0x89, 0x43, 0x89, 0x43, 0x89, 0x43, 0x89, 0x43, 0x89, 0x43, 0x89, 0x43, 0x89, 0x43,
    0x89, 0x43, 0x89, 0x43, 0x89, 0x43, 0x89, 0x43, 0x89, 0x43, 0x89, 0x43, 0x89, 0x43, 0x89, 0x43, 0x89, 0x43, 0x89,
    0x43, 0x89, 0x43, 0x89, 0x43, 0x89, 0x43, 0x89, 0x43, 0x69, 0xFE, 0x69, 0xFE, 0x69, 0xFE, 0x69, 0xFE, 0x69, 0xFE,
    0x69, 0xFE, 0x69, 0xFE, 0x69, 0xFE, 0x69, 0xFE, 0x69, 0xFE, 0x69, 0xFE, 0x69, 0xFE, 0x69, 0xFE, 0x69, 0xFE, 0x69,
    0xFE, 0x69, 0xFE, 0x69, 0xFE, 0x69, 0xFE, 0x69, 0xFE, 0x69, 0xFE, 0x69, 0xFE, 0x69, 0xFE, 0x69, 0xFE, 0x69, 0xFE,
    0x69, 0xFE, 0x69, 0xFE, 0x69, 0xFE, 0x69, 0xFE, 0x69, 0xFE, 0x69, 0xFE, 0x69, 0xFE, 0x69, 0xFE, 0x69, 0xFE, 0x69,
    0xFE, 0x69, 0xFE, 0x69, 0xFE, 0x69, 0xFE, 0x69, 0xFE, 0x69, 0xFE, 0x69, 0xFE, 0x69, 0xFE, 0x69, 0xFE, 0x69, 0xFE,
    0x69, 0xFE, 0x69, 0xFE, 0x69, 0xFE, 0x69, 0xFE, 0x69, 0xFE, 0x69, 0xFE, 0x69, 0xFE, 0x69, 0xFE, 0x69, 0xFE, 0x69,
    0xFE, 0x69, 0xFE, 0x69, 0xFE, 0x69, 0xFE, 0x69, 0xFE, 0x69, 0xFE, 0x69, 0xFE, 0x69, 0xFE, 0x89, 0x43, 0x89, 0x43,
    0x89, 0x43, 0x89, 0x43, 0x89, 0x43, 0x89, 0x43, 0x89, 0x43, 0x89, 0x43, 0x89, 0x43, 0x89, 0x43, 0x89, 0x43, 0x89,
    0x43, 0x89, 0x43, 0x89, 0x43, 0x89, 0x43, 0x89, 0x43, 0x89, 0x43, 0x89, 0x43, 0x89, 0x43, 0x89, 0x43, 0x89, 0x43,
    0x89, 0x43, 0x89, 0x43, 0x89, 0x43, 0x89, 0x43, 0x89, 0x43, 0x89, 0x43, 0x89, 0x43, 0x89, 0x43, 0x89, 0x43, 0x89,
    0x43, 0x89, 0x43, 0x89, 0x43, 0x89, 0x43, 0x89, 0x43, 0x89, 0x43, 0x89, 0x43, 0x89, 0x43, 0x89, 0x43, 0x89, 0x43,
    0x89, 0x43, 0x89, 0x43, 0x89, 0x43, 0x89, 0x43, 0x89, 0x43, 0x89, 0x43, 0x89, 0x43, 0x89, 0x43, 0x89, 0x43, 0x89,
    0x43, 0x89, 0x43, 0x89, 0x43, 0x89, 0x43, 0x89, 0x43, 0x89, 0x43, 0x89, 0x43, 0x89, 0x43, 0x89, 0x43, 0x89, 0x43,
    0x89, 0x43, 0x89, 0x43, 0x89, 0x43, 0x89, 0x43, 0x89, 0x43, 0x89, 0x43, 0x89, 0x43, 0x89, 0x43, 0x89, 0x43, 0x89,
    0x43, 0x89, 0x43, 0x89, 0x43, 0x89, 0x43, 0x89, 0x43, 0x89, 0x43, 0x89, 0x43, 0x89, 0x43, 0x89, 0x43, 0x89, 0x43,
    0x89, 0x43, 0x89, 0x43, 0x89, 0x43, 0x89, 0x43, 0x89, 0x43, 0x89, 0x43, 0x89, 0x43, 0x89, 0x43, 0x89, 0x43, 0x89,
    0x43, 0x89, 0x43, 0x89, 0x43, 0x89, 0x43, 0x89, 0x43, 0x89, 0x43, 0x89, 0x43, 0x89, 0x43, 0x89, 0x43, 0x89, 0x43,
    0x89, 0x43, 0x89, 0x43, 0x89, 0x43, 0x89, 0x43, 0x89, 0x43, 0x89, 0x43, 0x89, 0x43, 0x89, 0x43, 0x89, 0x43, 0x89,
    0x43, 0x89, 0x43, 0x89, 0x43, 0x89, 0x43, 0x89, 0x43, 0x89, 0x43, 0x89, 0x43, 0x89, 0x43, 0x89, 0x43, 0x89, 0x43,
    0x89, 0x43, 0x89, 0x43, 0x89, 0x43, 0x89, 0x43, 0x89, 0x43, 0x89, 0x43, 0x89, 0x43, 0x89, 0x43, 0x89, 0x43, 0x89,
    0x43, 0x89, 0x43, 0x89, 0x43, 0x89, 0x43, 0x89, 0x43, 0x89, 0x43, 0x89, 0x43, 0x89, 0x43, 0x89, 0x43, 0x89, 0x43,
    0x89, 0x43, 0x89, 0x43, 0x89, 0x43, 0x89, 0x43, 0x89, 0x43, 0x89, 0x43, 0x89, 0x43, 0x89, 0x43, 0x89, 0x43, 0x89,
    0x43, 0x89, 0x43, 0x89, 0x43, 0x89, 0x43, 0x89, 0x43, 0x89, 0x43, 0x89, 0x43, 0x89, 0x43, 0x89, 0x43, 0x89, 0x43,
    0x89, 0x43, 0x89, 0x43, 0x89, 0x43, 0x89, 0x43, 0x89, 0x43, 0x89, 0x43, 0x89, 0x43, 0x89, 0x43, 0x89, 0x43, 0x89,
    0x43, 0x89, 0x43, 0x89, 0x43, 0x89, 0x43, 0x89, 0x43, 0x89, 0x43, 0x89, 0x43, 0x89, 0x43, 0x89, 0x43, 0x89, 0x43,
    0x89, 0x43, 0x89, 0x43, 0x89, 0x43, 0x89, 0x43, 0x89, 0x43, 0x89, 0x43, 0x89, 0x43, 0x69, 0xFE, 0x69, 0xFE, 0x69,
    0xFE, 0x69, 0xFE, 0x69, 0xFE, 0x69, 0xFE, 0x69, 0xFE, 0x69, 0xFE, 0x69, 0xFE, 0x69, 0xFE, 0x69, 0xFE, 0x69, 0xFE,
    0x69, 0xFE, 0x69, 0xFE, 0x69, 0xFE, 0x69, 0xFE, 0x69, 0xFE, 0x69, 0xFE, 0x69, 0xFE, 0x69, 0xFE, 0x69, 0xFE, 0x69,
    0xFE, 0x69, 0xFE, 0x69, 0xFE, 0x69, 0xFE, 0x69, 0xFE, 0x69, 0xFE, 0x69, 0xFE, 0x69, 0xFE, 0x69, 0xFE, 0x69, 0xFE,
    0x69, 0xFE, 0x69, 0xFE, 0x69, 0xFE, 0x69, 0xFE, 0x69, 0xFE, 0x69, 0xFE, 0x69, 0xFE, 0x69, 0xFE, 0x69, 0xFE, 0x69,
    0xFE, 0x69, 0xFE, 0x69, 0xFE, 0x69, 0xFE, 0x69, 0xFE, 0x69, 0xFE, 0x69, 0xFE, 0x69, 0xFE, 0x69, 0xFE, 0x69, 0xFE,
    0x69, 0xFE, 0x69, 0xFE, 0x69, 0xFE, 0x69, 0xFE, 0x69, 0xFE, 0x69, 0xFE, 0x69, 0xFE, 0x69, 0xFE, 0x69, 0xFE, 0x69,
    0xFE, 0x89, 0x43, 0x89, 0x43, 0x89, 0x43, 0x89, 0x43, 0x89, 0x43, 0x89, 0x43, 0x89, 0x43, 0x89, 0x43, 0x89, 0x43,
    0x89, 0x43, 0x89, 0x43, 0x89, 0x43, 0x89, 0x43, 0x89, 0x43, 0x89, 0x43, 0x89, 0x43, 0x89, 0x43, 0x89, 0x43, 0x89,
    0x43, 0x89, 0x43, 0x89, 0x43, 0x89, 0x43, 0x89, 0x43, 0x89, 0x43, 0x89, 0x43, 0x89, 0x43, 0x89, 0x43, 0x89, 0x43,
    0x89, 0x43, 0x89, 0x43, 0x89, 0x43, 0x89, 0x43, 0x89, 0x43, 0x89, 0x43, 0x89, 0x43, 0x89, 0x43, 0x89, 0x43, 0x89,
    0x43, 0x89, 0x43, 0x89, 0x43, 0x89, 0x43, 0x89, 0x43, 0x89, 0x43, 0x89, 0x43, 0x89, 0x43, 0x89, 0x43, 0x89, 0x43,
    0x89, 0x43, 0x89, 0x43, 0x89, 0x43, 0x89, 0x43, 0x89, 0x43, 0x89, 0x43, 0x89, 0x43, 0x89, 0x43, 0x89, 0x43, 0x89,
    0x43, 0x89, 0x43, 0x89, 0x43, 0x89, 0x43, 0x89, 0x43, 0x89, 0x43, 0x89, 0x43, 0x89, 0x43, 0x89, 0x43, 0x89, 0x43,
    0x89, 0x43, 0x89, 0x43, 0x89, 0x43, 0x89, 0x43, 0x89, 0x43, 0x89, 0x43, 0x89, 0x43, 0x89, 0x43, 0x89, 0x43, 0x89,
    0x43, 0x89, 0x43, 0x89, 0x43, 0x89, 0x43, 0x89, 0x43, 0x89, 0x43, 0x89, 0x43, 0x89, 0x43, 0x89, 0x43, 0x89, 0x43,
    0x89, 0x43, 0x89, 0x43, 0x89, 0x43, 0x89, 0x43, 0x89, 0x43, 0x89, 0x43, 0x89, 0x43, 0x89, 0x43, 0x89, 0x43, 0x89,
    0x43, 0x89, 0x43, 0x89, 0x43, 0x89, 0x43, 0x89, 0x43, 0x89, 0x43, 0x89, 0x43, 0x89, 0x43, 0x89, 0x43, 0x89, 0x43,
    0x89, 0x43, 0x89, 0x43, 0x89, 0x43, 0x89, 0x43, 0x89, 0x43, 0x89, 0x43, 0x89, 0x43, 0x89, 0x43, 0x89, 0x43, 0x89,
    0x43, 0x89, 0x43, 0x89, 0x43, 0x89, 0x43, 0x89, 0x43, 0x89, 0x43, 0x89, 0x43, 0x89, 0x43, 0x89, 0x43, 0x89, 0x43,
    0x89, 0x43, 0x89, 0x43, 0x89, 0x43, 0x89, 0x43, 0x89, 0x43, 0x89, 0x43, 0x89, 0x43, 0x89, 0x43, 0x89, 0x43, 0x89,
    0x43, 0x89, 0x43, 0x89, 0x43, 0x89, 0x43, 0x89, 0x43, 0x89, 0x43, 0x89, 0x43, 0x89, 0x43, 0x89, 0x43, 0x89, 0x43,
    0x89, 0x43, 0x89, 0x43, 0x89, 0x43, 0x89, 0x43, 0x89, 0x43, 0x89, 0x43, 0x89, 0x43, 0x89, 0x43, 0x89, 0x43, 0x89,
    0x43, 0x89, 0x43, 0x89, 0x43, 0x89, 0x43, 0x89, 0x43, 0x89, 0x43, 0x89, 0x43, 0x89, 0x43, 0x89, 0x43, 0x89, 0x43,
    0x89, 0x43, 0x89, 0x43, 0x89, 0x43, 0x89, 0x43, 0x89, 0x43, 0x89, 0x43, 0x89, 0x43, 0x89, 0x43, 0x89, 0x43, 0x89,
    0x43, 0x89, 0x43, 0x89, 0x43, 0x89, 0x43, 0x89, 0x43, 0x89, 0x43, 0x89, 0x43, 0x89, 0x43, 0x89, 0x43, 0x89, 0x43,
    0x69, 0xFE, 0x69, 0xFE, 0x69, 0xFE, 0x69, 0xFE, 0x69, 0xFE, 0x69, 0xFE, 0x69, 0xFE, 0x69, 0xFE, 0x69, 0xFE, 0x69,
    0xFE, 0x69, 0xFE, 0x69, 0xFE, 0x69, 0xFE, 0x69, 0xFE, 0x69, 0xFE, 0x69, 0xFE, 0x69, 0xFE, 0x69, 0xFE, 0x69, 0xFE,
    0x69, 0xFE, 0x69, 0xFE, 0x69, 0xFE, 0x69, 0xFE, 0x69, 0xFE, 0x69, 0xFE, 0x69, 0xFE, 0x69, 0xFE, 0x69, 0xFE, 0x69,
    0xFE, 0x69, 0xFE, 0x69, 0xFE, 0x69, 0xFE, 0x69, 0xFE, 0x69, 0xFE, 0x69, 0xFE, 0x69, 0xFE, 0x69, 0xFE, 0x69, 0xFE,
    0x69, 0xFE, 0x69, 0xFE, 0x69, 0xFE, 0x69, 0xFE, 0x69, 0xFE, 0x69, 0xFE, 0x69, 0xFE, 0x69, 0xFE, 0x69, 0xFE, 0x69,
    0xFE, 0x69, 0xFE, 0x69, 0xFE, 0x69, 0xFE, 0x69, 0xFE, 0x69, 0xFE, 0x69, 0xFE, 0x69, 0xFE, 0x69, 0xFE, 0x69, 0xFE,
    0x69, 0xFE, 0x69, 0xFE, 0x69, 0xFE, 0x89, 0x43, 0x89, 0x43, 0x89, 0x43, 0x89, 0x43, 0x89, 0x43, 0x89, 0x43, 0x89,
    0x43, 0x89, 0x43, 0x89, 0x43, 0x89, 0x43, 0x89, 0x43, 0x89, 0x43, 0x89, 0x43, 0x89, 0x43, 0x89, 0x43, 0x89, 0x43,
    0x89, 0x43, 0x89, 0x43, 0x89, 0x43, 0x89, 0x43, 0x89, 0x43, 0x89, 0x43, 0x89, 0x43, 0x89, 0x43, 0x89, 0x43, 0x89,
    0x43, 0x89, 0x43, 0x89, 0x43, 0x89, 0x43, 0x89, 0x43, 0x89, 0x43, 0x89, 0x43, 0x89, 0x43, 0x89, 0x43, 0x89, 0x43,
    0x89, 0x43, 0x89, 0x43, 0x89, 0x43, 0x89, 0x43, 0x89, 0x43, 0x89, 0x43, 0x89, 0x43, 0x89, 0x43, 0x89, 0x43, 0x89,
    0x43, 0x89, 0x43, 0x89, 0x43, 0x89, 0x43, 0x89, 0x43, 0x89, 0x43, 0x89, 0x43, 0x89, 0x43, 0x89, 0x43, 0x89, 0x43,
    0x89, 0x43, 0x89, 0x43, 0x89, 0x43, 0x89, 0x43, 0x89, 0x43, 0x89, 0x43, 0x89, 0x43, 0x89, 0x43, 0x89, 0x43, 0x89,
    0x43, 0x89, 0x43, 0x89, 0x43, 0x89, 0x43, 0x89, 0x43, 0x89, 0x43, 0x89, 0x43, 0x89, 0x43, 0x89, 0x43, 0x89, 0x43,
    0x89, 0x43, 0x89, 0x43, 0x89, 0x43, 0x89, 0x43, 0x89, 0x43, 0x89, 0x43, 0x89, 0x43, 0x89, 0x43, 0x89, 0x43, 0x89,
    0x43, 0x89, 0x43, 0x89, 0x43, 0x89, 0x43, 0x89, 0x43, 0x89, 0x43, 0x89, 0x43, 0x89, 0x43, 0x89, 0x43, 0x89, 0x43,
    0x89, 0x43, 0x89, 0x43, 0x89, 0x43, 0x89, 0x43, 0x89, 0x43, 0x89, 0x43, 0x89, 0x43, 0x89, 0x43, 0x89, 0x43, 0x89,
    0x43, 0x89, 0x43, 0x89, 0x43, 0x89, 0x43, 0x89, 0x43, 0x89, 0x43, 0x89, 0x43, 0x89, 0x43, 0x89, 0x43, 0x89, 0x43,
    0x89, 0x43, 0x89, 0x43, 0x89, 0x43, 0x89, 0x43, 0x89, 0x43, 0x89, 0x43, 0x89, 0x43, 0x89, 0x43, 0x89, 0x43, 0x89,
    0x43, 0x89, 0x43, 0x89, 0x43, 0x89, 0x43, 0x89, 0x43, 0x89, 0x43, 0x89, 0x43, 0x89, 0x43, 0x89, 0x43, 0x89, 0x43,
    0x89, 0x43, 0x89, 0x43, 0x89, 0x43, 0x89, 0x43, 0x89, 0x43, 0x89, 0x43, 0x89, 0x43, 0x89, 0x43, 0x89, 0x43, 0x89,
    0x43, 0x89, 0x43, 0x89, 0x43, 0x89, 0x43, 0x89, 0x43, 0x89, 0x43, 0x89, 0x43, 0x89, 0x43, 0x89, 0x43, 0x89, 0x43,
    0x89, 0x43, 0x89, 0x43, 0x89, 0x43, 0x89, 0x43, 0x89, 0x43, 0x89, 0x43, 0x89, 0x43, 0x89, 0x43, 0x89, 0x43, 0x89,
    0x43, 0x89, 0x43, 0x89, 0x43, 0x89, 0x43, 0x89, 0x43, 0x89, 0x43, 0x89, 0x43, 0x89, 0x43, 0x89, 0x43, 0x89, 0x43,
    0x89, 0x43, 0x89, 0x43, 0x69, 0xFE, 0x69, 0xFE, 0x69, 0xFE, 0x69, 0xFE, 0x69, 0xFE, 0x69, 0xFE, 0x69, 0xFE, 0x69,
    0xFE, 0x69, 0xFE, 0x69, 0xFE, 0x69, 0xFE, 0x69, 0xFE, 0x69, 0xFE, 0x69, 0xFE, 0x69, 0xFE, 0x69, 0xFE, 0x69, 0xFE,
    0x69, 0xFE, 0x69, 0xFE, 0x69, 0xFE, 0x69, 0xFE, 0x69, 0xFE, 0x69, 0xFE, 0x69, 0xFE, 0x69, 0xFE, 0x69, 0xFE, 0x69,
    0xFE, 0x69, 0xFE, 0x69, 0xFE, 0x69, 0xFE, 0x69, 0xFE, 0x69, 0xFE, 0x69, 0xFE, 0x69, 0xFE, 0x69, 0xFE, 0x69, 0xFE,
    0x69, 0xFE, 0x69, 0xFE, 0x69, 0xFE, 0x69, 0xFE, 0x69, 0xFE, 0x69, 0xFE, 0x69, 0xFE, 0x69, 0xFE, 0x69, 0xFE, 0x69,
    0xFE, 0x69, 0xFE, 0x69, 0xFE, 0x69, 0xFE, 0x69, 0xFE, 0x69, 0xFE, 0x69, 0xFE, 0x69, 0xFE, 0x69, 0xFE, 0x69, 0xFE,
    0x69, 0xFE, 0x69, 0xFE, 0x69, 0xFE, 0x69, 0xFE, 0x69, 0xFE, 0x69, 0xFE, 0x69, 0xFE, 0x69, 0xFE, 0x69, 0xFE, 0x69,
    0xFE, 0x69, 0xFE, 0x69, 0xFE, 0x69, 0xFE, 0x69, 0xFE, 0x69, 0xFE, 0x69, 0xFE, 0x69, 0xFE, 0x69, 0xFE, 0x69, 0xFE,
    0x69, 0xFE, 0x69, 0xFE, 0x69, 0xFE, 0x69, 0xFE, 0x69, 0xFE, 0x69, 0xFE, 0x89, 0x43, 0x89, 0x43, 0x89, 0x43, 0x89,
    0x43, 0x89, 0x43, 0x89, 0x43, 0x89, 0x43, 0x89, 0x43, 0x89, 0x43, 0x89, 0x43, 0x89, 0x43, 0x89, 0x43, 0x89, 0x43,
    0x89, 0x43, 0x89, 0x43, 0x89, 0x43, 0x89, 0x43, 0x89, 0x43, 0x89, 0x43, 0x89, 0x43, 0x89, 0x43, 0x89, 0x43, 0x89,
    0x43, 0x89, 0x43, 0x89, 0x43, 0x89, 0x43, 0x89, 0x43, 0x89, 0x43, 0x89, 0x43, 0x89, 0x43, 0x89, 0x43, 0x89, 0x43,
    0x89, 0x43, 0x89, 0x43, 0x89, 0x43, 0x89, 0x43, 0x89, 0x43, 0x89, 0x43, 0x89, 0x43, 0x89, 0x43, 0x89, 0x43, 0x89,
    0x43, 0x89, 0x43, 0x89, 0x43, 0x89, 0x43, 0x89, 0x43, 0x89, 0x43, 0x89, 0x43, 0x89, 0x43, 0x89, 0x43, 0x89, 0x43,
    0x89, 0x43, 0x89, 0x43, 0x89, 0x43, 0x89, 0x43, 0x89, 0x43, 0x89, 0x43, 0x89, 0x43, 0x89, 0x43, 0x89, 0x43, 0x89,
    0x43, 0x89, 0x43, 0x89, 0x43, 0x89, 0x43, 0x89, 0x43, 0x89, 0x43, 0x89, 0x43, 0x89, 0x43, 0x89, 0x43, 0x89, 0x43,
    0x89, 0x43, 0x89, 0x43, 0x89, 0x43, 0x89, 0x43, 0x89, 0x43, 0x89, 0x43, 0x89, 0x43, 0x89, 0x43, 0x89, 0x43, 0x89,
    0x43, 0x89, 0x43, 0x89, 0x43, 0x89, 0x43, 0x89, 0x43, 0x89, 0x43, 0x89, 0x43, 0x89, 0x43, 0x89, 0x43, 0x89, 0x43,
    0x89, 0x43, 0x89, 0x43, 0x89, 0x43, 0x89, 0x43, 0x89, 0x43, 0x89, 0x43, 0x89, 0x43, 0x89, 0x43, 0x89, 0x43, 0x89,
    0x43, 0x89, 0x43, 0x89, 0x43, 0x89, 0x43, 0x89, 0x43, 0x89, 0x43, 0x89, 0x43, 0x89, 0x43, 0x89, 0x43, 0x89, 0x43,
    0x89, 0x43, 0x89, 0x43, 0x89, 0x43, 0x89, 0x43, 0x89, 0x43, 0x89, 0x43, 0x89, 0x43, 0x89, 0x43, 0x89, 0x43, 0x89,
    0x43, 0x89, 0x43, 0x89, 0x43, 0x89, 0x43, 0x89, 0x43, 0x89, 0x43, 0x89, 0x43, 0x89, 0x43, 0x89, 0x43, 0x89, 0x43,
    0x89, 0x43, 0x89, 0x43, 0x89, 0x43, 0x89, 0x43, 0x89, 0x43, 0x89, 0x43, 0x89, 0x43, 0x89, 0x43, 0x89, 0x43, 0x89,
    0x43, 0x89, 0x43, 0x89, 0x43, 0x89, 0x43, 0x89, 0x43, 0x89, 0x43, 0x89, 0x43, 0x89, 0x43, 0x89, 0x43, 0x89, 0x43,
    0x89, 0x43, 0x89, 0x43, 0x89, 0x43, 0x89, 0x43, 0x89, 0x43, 0x89, 0x43, 0x89, 0x43, 0x89, 0x43, 0x89, 0x43, 0x89,
    0x43, 0x89, 0x43, 0x89, 0x43, 0x89, 0x43, 0x89, 0x43, 0x69, 0xFE, 0x69, 0xFE, 0x69, 0xFE, 0x69, 0xFE, 0x69, 0xFE,
    0x69, 0xFE, 0x69, 0xFE, 0x69, 0xFE, 0x69, 0xFE, 0x69, 0xFE, 0x69, 0xFE, 0x69, 0xFE, 0x69, 0xFE, 0x69, 0xFE, 0x69,
    0xFE, 0x69, 0xFE, 0x69, 0xFE, 0x69, 0xFE, 0x69, 0xFE, 0x69, 0xFE, 0x69, 0xFE, 0x69, 0xFE, 0x69, 0xFE, 0x69, 0xFE,
    0x69, 0xFE, 0x69, 0xFE, 0x69, 0xFE, 0x69, 0xFE, 0x69, 0xFE, 0x69, 0xFE, 0x69, 0xFE, 0x69, 0xFE, 0x69, 0xFE, 0x69,
    0xFE, 0x69, 0xFE, 0x69, 0xFE, 0x69, 0xFE, 0x69, 0xFE, 0x69, 0xFE, 0x69, 0xFE, 0x69, 0xFE, 0x69, 0xFE, 0x69, 0xFE,
    0x69, 0xFE, 0x69, 0xFE, 0x69, 0xFE, 0x69, 0xFE, 0x69, 0xFE, 0x69, 0xFE, 0x69, 0xFE, 0x69, 0xFE, 0x69, 0xFE, 0x69,
    0xFE, 0x69, 0xFE, 0x69, 0xFE, 0x69, 0xFE, 0x69, 0xFE, 0x69, 0xFE, 0x69, 0xFE, 0x69, 0xFE, 0x69, 0xFE, 0x69, 0xFE,
    0x69, 0xFE, 0x69, 0xFE, 0x69, 0xFE, 0x69, 0xFE, 0x69, 0xFE, 0x69, 0xFE, 0x69, 0xFE, 0x69, 0xFE, 0x69, 0xFE, 0x69,
    0xFE, 0x69, 0xFE, 0x69, 0xFE, 0x69, 0xFE, 0x69, 0xFE, 0x69, 0xFE, 0x69, 0xFE, 0x69, 0xFE, 0x69, 0xFE, 0x89, 0x43,
    0x89, 0x43, 0x89, 0x43, 0x89, 0x43, 0x89, 0x43, 0x89, 0x43, 0x89, 0x43, 0x89, 0x43, 0x89, 0x43, 0x89, 0x43, 0x89,
    0x43, 0x89, 0x43, 0x89, 0x43, 0x89, 0x43, 0x89, 0x43, 0x89, 0x43, 0x89, 0x43, 0x89, 0x43, 0x89, 0x43, 0x89, 0x43,
    0x89, 0x43, 0x89, 0x43, 0x89, 0x43, 0x89, 0x43, 0x89, 0x43, 0x89, 0x43, 0x89, 0x43, 0x89, 0x43, 0x89, 0x43, 0x89,
    0x43, 0x89, 0x43, 0x89, 0x43, 0x89, 0x43, 0x89, 0x43, 0x89, 0x43, 0x89, 0x43, 0x89, 0x43, 0x89, 0x43, 0x89, 0x43,
    0x89, 0x43, 0x89, 0x43, 0x89, 0x43, 0x89, 0x43, 0x89, 0x43, 0x89, 0x43, 0x89, 0x43, 0x89, 0x43, 0x89, 0x43, 0x89,
    0x43, 0x89, 0x43, 0x89, 0x43, 0x89, 0x43, 0x89, 0x43, 0x89, 0x43, 0x89, 0x43, 0x89, 0x43, 0x89, 0x43, 0x89, 0x43,
    0x89, 0x43, 0x89, 0x43, 0x89, 0x43, 0x89, 0x43, 0x89, 0x43, 0x89, 0x43, 0x89, 0x43, 0x89, 0x43, 0x89, 0x43, 0x89,
    0x43, 0x89, 0x43, 0x89, 0x43, 0x89, 0x43, 0x89, 0x43, 0x89, 0x43, 0x89, 0x43, 0x89, 0x43, 0x89, 0x43, 0x89, 0x43,
    0x89, 0x43, 0x89, 0x43, 0x89, 0x43, 0x89, 0x43, 0x89, 0x43, 0x89, 0x43, 0x89, 0x43, 0x89, 0x43, 0x89, 0x43, 0x89,
    0x43, 0x89, 0x43, 0x89, 0x43, 0x89, 0x43, 0x89, 0x43, 0x89, 0x43, 0x89, 0x43, 0x89, 0x43, 0x89, 0x43, 0x89, 0x43,
    0x89, 0x43, 0x89, 0x43, 0x89, 0x43, 0x89, 0x43, 0x89, 0x43, 0x89, 0x43, 0x89, 0x43, 0x89, 0x43, 0x89, 0x43, 0x89,
    0x43, 0x89, 0x43, 0x89, 0x43, 0x89, 0x43, 0x89, 0x43, 0x89, 0x43, 0x89, 0x43, 0x89, 0x43, 0x89, 0x43, 0x89, 0x43,
    0x89, 0x43, 0x89, 0x43, 0x89, 0x43, 0x89, 0x43, 0x89, 0x43, 0x89, 0x43, 0x89, 0x43, 0x89, 0x43, 0x89, 0x43, 0x89,
    0x43, 0x89, 0x43, 0x89, 0x43, 0x89, 0x43, 0x89, 0x43, 0x89, 0x43, 0x89, 0x43, 0x89, 0x43, 0x89, 0x43, 0x89, 0x43,
    0x89, 0x43, 0x89, 0x43, 0x89, 0x43, 0x89, 0x43, 0x89, 0x43, 0x89, 0x43, 0x89, 0x43, 0x89, 0x43, 0x89, 0x43, 0x89,
    0x43, 0x89, 0x43, 0x89, 0x43, 0x89, 0x43, 0x89, 0x43, 0x89, 0x43, 0x89, 0x43, 0x89, 0x43, 0x89, 0x43, 0x89, 0x43,
    0x89, 0x43, 0x89, 0x43, 0x89, 0x43, 0x89, 0x43, 0x89, 0x43, 0x89, 0x43, 0x89, 0x43, 0x69, 0xFE, 0x69, 0xFE, 0x69,
    0xFE, 0x69, 0xFE, 0x69, 0xFE, 0x69, 0xFE, 0x69, 0xFE, 0x69, 0xFE, 0x69, 0xFE, 0x69, 0xFE, 0x69, 0xFE, 0x69, 0xFE,
    0x69, 0xFE, 0x69, 0xFE, 0x69, 0xFE, 0x69, 0xFE, 0x69, 0xFE, 0x69, 0xFE, 0x69, 0xFE, 0x69, 0xFE, 0x69, 0xFE, 0x69,
    0xFE, 0x69, 0xFE, 0x69, 0xFE, 0x69, 0xFE, 0x69, 0xFE, 0x69, 0xFE, 0x69, 0xFE, 0x69, 0xFE, 0x69, 0xFE, 0x69, 0xFE,
    0x69, 0xFE, 0x69, 0xFE, 0x69, 0xFE, 0x69, 0xFE, 0x69, 0xFE, 0x69, 0xFE, 0x69, 0xFE, 0x69, 0xFE, 0x69, 0xFE, 0x69,
    0xFE, 0x69, 0xFE, 0x69, 0xFE, 0x69, 0xFE, 0x69, 0xFE, 0x69, 0xFE, 0x69, 0xFE, 0x69, 0xFE, 0x69, 0xFE, 0x69, 0xFE,
    0x69, 0xFE, 0x69, 0xFE, 0x69, 0xFE, 0x69, 0xFE, 0x69, 0xFE, 0x69, 0xFE, 0x69, 0xFE, 0x69, 0xFE, 0x69, 0xFE, 0x69,
    0xFE, 0x69, 0xFE, 0x69, 0xFE, 0x69, 0xFE, 0x69, 0xFE, 0x69, 0xFE, 0x69, 0xFE, 0x69, 0xFE, 0x69, 0xFE, 0x69, 0xFE,
    0x69, 0xFE, 0x69, 0xFE, 0x69, 0xFE, 0x69, 0xFE, 0x69, 0xFE, 0x69, 0xFE, 0x69, 0xFE, 0x69, 0xFE, 0x69, 0xFE, 0x69,
    0xFE, 0x69, 0xFE, 0x89, 0x43, 0x89, 0x43, 0x89, 0x43, 0x89, 0x43, 0x89, 0x43, 0x89, 0x43, 0x89, 0x43, 0x89, 0x43,
    0x89, 0x43, 0x89, 0x43, 0x89, 0x43, 0x89, 0x43, 0x89, 0x43, 0x89, 0x43, 0x89, 0x43, 0x89, 0x43, 0x89, 0x43, 0x89,
    0x43, 0x89, 0x43, 0x89, 0x43, 0x89, 0x43, 0x89, 0x43, 0x89, 0x43, 0x89, 0x43, 0x89, 0x43, 0x89, 0x43, 0x89, 0x43,
    0x89, 0x43, 0x89, 0x43, 0x89, 0x43, 0x89, 0x43, 0x89, 0x43, 0x89, 0x43, 0x89, 0x43, 0x89, 0x43, 0x89, 0x43, 0x89,
    0x43, 0x89, 0x43, 0x89, 0x43, 0x89, 0x43, 0x89, 0x43, 0x89, 0x43, 0x89, 0x43, 0x89, 0x43, 0x89, 0x43, 0x89, 0x43,
    0x89, 0x43, 0x89, 0x43, 0x89, 0x43, 0x89, 0x43, 0x89, 0x43, 0x89, 0x43, 0x89, 0x43, 0x89, 0x43, 0x89, 0x43, 0x89,
    0x43, 0x89, 0x43, 0x89, 0x43, 0x89, 0x43, 0x89, 0x43, 0x89, 0x43, 0x89, 0x43, 0x89, 0x43, 0x89, 0x43, 0x89, 0x43,
    0x89, 0x43, 0x89, 0x43, 0x89, 0x43, 0x89, 0x43, 0x89, 0x43, 0x89, 0x43, 0x89, 0x43, 0x89, 0x43, 0x89, 0x43, 0x89,
    0x43, 0x89, 0x43, 0x89, 0x43, 0x89, 0x43, 0x89, 0x43, 0x89, 0x43, 0x89, 0x43, 0x89, 0x43, 0x89, 0x43, 0x89, 0x43,
    0x89, 0x43, 0x89, 0x43, 0x89, 0x43, 0x89, 0x43, 0x89, 0x43, 0x89, 0x43, 0x89, 0x43, 0x89, 0x43, 0x89, 0x43, 0x89,
    0x43, 0x89, 0x43, 0x89, 0x43, 0x89, 0x43, 0x89, 0x43, 0x89, 0x43, 0x89, 0x43, 0x89, 0x43, 0x89, 0x43, 0x89, 0x43,
    0x89, 0x43, 0x89, 0x43, 0x89, 0x43, 0x89, 0x43, 0x89, 0x43, 0x89, 0x43, 0x89, 0x43, 0x89, 0x43, 0x89, 0x43, 0x89,
    0x43, 0x89, 0x43, 0x89, 0x43, 0x89, 0x43, 0x89, 0x43, 0x89, 0x43, 0x89, 0x43, 0x89, 0x43, 0x89, 0x43, 0x89, 0x43,
    0x89, 0x43, 0x89, 0x43, 0x89, 0x43, 0x89, 0x43, 0x89, 0x43, 0x89, 0x43, 0x89, 0x43, 0x89, 0x43, 0x89, 0x43, 0x89,
    0x43, 0x89, 0x43, 0x89, 0x43, 0x89, 0x43, 0x89, 0x43, 0x89, 0x43, 0x89, 0x43, 0x89, 0x43, 0x89, 0x43, 0x89, 0x43,
    0x89, 0x43, 0x89, 0x43, 0x89, 0x43, 0x89, 0x43, 0x89, 0x43, 0x89, 0x43, 0x89, 0x43, 0x89, 0x43, 0x89, 0x43, 0x89,
    0x43, 0x89, 0x43, 0x89, 0x43, 0x89, 0x43, 0x89, 0x43, 0x89, 0x43, 0x89, 0x43, 0x89, 0x43, 0x89, 0x43, 0x89, 0x43,
    0x69, 0xFE, 0x69, 0xFE, 0x69, 0xFE, 0x69, 0xFE, 0x69, 0xFE, 0x69, 0xFE, 0x69, 0xFE, 0x69, 0xFE, 0x69, 0xFE, 0x69,
    0xFE, 0x69, 0xFE, 0x69, 0xFE, 0x69, 0xFE, 0x69, 0xFE, 0x69, 0xFE, 0x69, 0xFE, 0x69, 0xFE, 0x69, 0xFE, 0x69, 0xFE,
    0x69, 0xFE, 0x69, 0xFE, 0x69, 0xFE, 0x69, 0xFE, 0x69, 0xFE, 0x69, 0xFE, 0x69, 0xFE, 0x69, 0xFE, 0x69, 0xFE, 0x69,
    0xFE, 0x69, 0xFE, 0x69, 0xFE, 0x69, 0xFE, 0x69, 0xFE, 0x69, 0xFE, 0x69, 0xFE, 0x69, 0xFE, 0x69, 0xFE, 0x69, 0xFE,
    0x69, 0xFE, 0x69, 0xFE, 0x69, 0xFE, 0x69, 0xFE, 0x69, 0xFE, 0x69, 0xFE, 0x69, 0xFE, 0x69, 0xFE, 0x69, 0xFE, 0x69,
    0xFE, 0x69, 0xFE, 0x69, 0xFE, 0x69, 0xFE, 0x69, 0xFE, 0x69, 0xFE, 0x69, 0xFE, 0x69, 0xFE, 0x69, 0xFE, 0x69, 0xFE,
    0x69, 0xFE, 0x69, 0xFE, 0x69, 0xFE, 0x69, 0xFE, 0x69, 0xFE, 0x69, 0xFE, 0x69, 0xFE, 0x69, 0xFE, 0x69, 0xFE, 0x69,
    0xFE, 0x69, 0xFE, 0x69, 0xFE, 0x69, 0xFE, 0x69, 0xFE, 0x69, 0xFE, 0x69, 0xFE, 0x69, 0xFE, 0x69, 0xFE, 0x69, 0xFE,
    0x69, 0xFE, 0x69, 0xFE, 0x69, 0xFE, 0x69, 0xFE, 0x89, 0x43, 0x89, 0x43, 0x89, 0x43, 0x89, 0x43, 0x89, 0x43, 0x89,
    0x43, 0x89, 0x43, 0x89, 0x43, 0x89, 0x43, 0x89, 0x43, 0x89, 0x43, 0x89, 0x43, 0x89, 0x43, 0x89, 0x43, 0x89, 0x43,
    0x89, 0x43, 0x89, 0x43, 0x89, 0x43, 0x89, 0x43, 0x89, 0x43, 0x89, 0x43, 0x89, 0x43, 0x89, 0x43, 0x89, 0x43, 0x89,
    0x43, 0x89, 0x43, 0x89, 0x43, 0x89, 0x43, 0x89, 0x43, 0x89, 0x43, 0x89, 0x43, 0x89, 0x43, 0x89, 0x43, 0x89, 0x43,
    0x89, 0x43, 0x89, 0x43, 0x89, 0x43, 0x89, 0x43, 0x89, 0x43, 0x89, 0x43, 0x89, 0x43, 0x89, 0x43, 0x89, 0x43, 0x89,
    0x43, 0x89, 0x43, 0x89, 0x43, 0x89, 0x43, 0x89, 0x43, 0x89, 0x43, 0x89, 0x43, 0x89, 0x43, 0x89, 0x43, 0x89, 0x43,
    0x89, 0x43, 0x89, 0x43, 0x89, 0x43, 0x89, 0x43, 0x89, 0x43, 0x89, 0x43, 0x89, 0x43, 0x89, 0x43, 0x89, 0x43, 0x89,
    0x43, 0x89, 0x43, 0x89, 0x43, 0x89, 0x43, 0x89, 0x43, 0x89, 0x43, 0x89, 0x43, 0x89, 0x43, 0x89, 0x43, 0x89, 0x43,
    0x89, 0x43, 0x89, 0x43, 0x89, 0x43, 0x89, 0x43, 0x89, 0x43, 0x89, 0x43, 0x89, 0x43, 0x89, 0x43, 0x89, 0x43, 0x89,
    0x43, 0x89, 0x43, 0x89, 0x43, 0x89, 0x43, 0x89, 0x43, 0x89, 0x43, 0x89, 0x43, 0x89, 0x43, 0x89, 0x43, 0x89, 0x43,
    0x89, 0x43, 0x89, 0x43, 0x89, 0x43, 0x89, 0x43, 0x89, 0x43, 0x89, 0x43, 0x89, 0x43, 0x89, 0x43, 0x89, 0x43, 0x89,
    0x43, 0x89, 0x43, 0x89, 0x43, 0x89, 0x43, 0x89, 0x43, 0x89, 0x43, 0x89, 0x43, 0x89, 0x43, 0x89, 0x43, 0x89, 0x43,
    0x89, 0x43, 0x89, 0x43, 0x89, 0x43, 0x89, 0x43, 0x89, 0x43, 0x89, 0x43, 0x89, 0x43, 0x89, 0x43, 0x89, 0x43, 0x89,
    0x43, 0x89, 0x43, 0x89, 0x43, 0x89, 0x43, 0x89, 0x43, 0x89, 0x43, 0x89, 0x43, 0x89, 0x43, 0x89, 0x43, 0x89, 0x43,
    0x89, 0x43, 0x89, 0x43, 0x89, 0x43, 0x89, 0x43, 0x89, 0x43, 0x89, 0x43, 0x89, 0x43, 0x89, 0x43, 0x89, 0x43, 0x89,
    0x43, 0x89, 0x43, 0x89, 0x43, 0x89, 0x43, 0x89, 0x43, 0x89, 0x43, 0x89, 0x43, 0x89, 0x43, 0x89, 0x43, 0x89, 0x43,
    0x89, 0x43, 0x89, 0x43, 0x69, 0xFE, 0x69, 0xFE, 0x69, 0xFE, 0x69, 0xFE, 0x69, 0xFE, 0x69, 0xFE, 0x69, 0xFE, 0x69,
    0xFE, 0x69, 0xFE, 0x69, 0xFE, 0x69, 0xFE, 0x69, 0xFE, 0x69, 0xFE, 0x69, 0xFE, 0x69, 0xFE, 0x69, 0xFE, 0x69, 0xFE,
    0x69, 0xFE, 0x69, 0xFE, 0x69, 0xFE, 0x69, 0xFE, 0x69, 0xFE, 0x69, 0xFE, 0x69, 0xFE, 0x69, 0xFE, 0x69, 0xFE, 0x69,
    0xFE, 0x69, 0xFE, 0x69, 0xFE, 0x69, 0xFE, 0x69, 0xFE, 0x69, 0xFE, 0x69, 0xFE, 0x69, 0xFE, 0x69, 0xFE, 0x69, 0xFE,
    0x69, 0xFE, 0x69, 0xFE, 0x69, 0xFE, 0x69, 0xFE, 0x69, 0xFE, 0x69, 0xFE, 0x69, 0xFE, 0x69, 0xFE, 0x69, 0xFE, 0x69,
    0xFE, 0x69, 0xFE, 0x69, 0xFE, 0x69, 0xFE, 0x69, 0xFE, 0x69, 0xFE, 0x69, 0xFE, 0x69, 0xFE, 0x69, 0xFE, 0x69, 0xFE,
    0x69, 0xFE, 0x69, 0xFE, 0x69, 0xFE, 0x69, 0xFE, 0x69, 0xFE, 0x69, 0xFE, 0x69, 0xFE, 0x69, 0xFE, 0x69, 0xFE, 0x69,
    0xFE, 0x69, 0xFE, 0x69, 0xFE, 0x69, 0xFE, 0x69, 0xFE, 0x69, 0xFE, 0x69, 0xFE, 0x69, 0xFE, 0x69, 0xFE, 0x69, 0xFE,
    0x69, 0xFE, 0x69, 0xFE, 0x69, 0xFE, 0x69, 0xFE, 0x69, 0xFE, 0x69, 0xFE, 0x69, 0xFE, 0x69, 0xFE, 0x69, 0xFE, 0x69,
    0xFE, 0x69, 0xFE, 0x69, 0xFE, 0x69, 0xFE, 0x69, 0xFE, 0x69, 0xFE, 0x69, 0xFE, 0x69, 0xFE, 0x69, 0xFE, 0x69, 0xFE,
    0x69, 0xFE, 0x69, 0xFE, 0x69, 0xFE, 0x69, 0xFE, 0x69, 0xFE, 0x69, 0xFE, 0x69, 0xFE, 0x89, 0x43, 0x89, 0x43, 0x89,
    0x43, 0x89, 0x43, 0x89, 0x43, 0x89, 0x43, 0x89, 0x43, 0x89, 0x43, 0x89, 0x43, 0x89, 0x43, 0x89, 0x43, 0x89, 0x43,
    0x89, 0x43, 0x89, 0x43, 0x89, 0x43, 0x89, 0x43, 0x89, 0x43, 0x89, 0x43, 0x89, 0x43, 0x89, 0x43, 0x89, 0x43, 0x89,
    0x43, 0x89, 0x43, 0x7D, 0x5D, 0x7D, 0x5D, 0x7D, 0x5D, 0x7D, 0x5D, 0x7D, 0x5D, 0x7D, 0x5D, 0x7D, 0x5D, 0x7D, 0x5D,
    0x7D, 0x5D, 0x7D, 0x5D, 0x7D, 0x5D, 0x7D, 0x5D, 0x7D, 0x5D, 0x7D, 0x5D, 0x89, 0x43, 0x89, 0x43, 0x89, 0x43, 0x89,
    0x43, 0x89, 0x43, 0x89, 0x43, 0x89, 0x43, 0x89, 0x43, 0x89, 0x43, 0x89, 0x43, 0x89, 0x43, 0x89, 0x43, 0x89, 0x43,
    0x89, 0x43, 0x89, 0x43, 0x89, 0x43, 0x89, 0x43, 0x89, 0x43, 0x89, 0x43, 0x89, 0x43, 0x89, 0x43, 0x89, 0x43, 0x89,
    0x43, 0x89, 0x43, 0x89, 0x43, 0x89, 0x43, 0x89, 0x43, 0x89, 0x43, 0x89, 0x43, 0x89, 0x43, 0x89, 0x43, 0x89, 0x43,
    0x89, 0x43, 0x89, 0x43, 0x89, 0x43, 0x89, 0x43, 0x89, 0x43, 0x89, 0x43, 0x89, 0x43, 0x89, 0x43, 0x89, 0x43, 0x89,
    0x43, 0x89, 0x43, 0x89, 0x43, 0x89, 0x43, 0x89, 0x43, 0x89, 0x43, 0x89, 0x43, 0x89, 0x43, 0x89, 0x43, 0x89, 0x43,
    0x89, 0x43, 0x89, 0x43, 0x89, 0x43, 0x89, 0x43, 0x89, 0x43, 0x89, 0x43, 0x89, 0x43, 0x89, 0x43, 0x89, 0x43, 0x89,
    0x43, 0x89, 0x43, 0x89, 0x43, 0x89, 0x43, 0x89, 0x43, 0x89, 0x43, 0x89, 0x43, 0x89, 0x43, 0x89, 0x43, 0x89, 0x43,
    0x89, 0x43, 0x89, 0x43, 0x89, 0x43, 0x89, 0x43, 0x89, 0x43, 0x89, 0x43, 0x89, 0x43, 0x89, 0x43, 0x89, 0x43, 0x89,
    0x43, 0x89, 0x43, 0x89, 0x43, 0x89, 0x43, 0x89, 0x43, 0x89, 0x43, 0x89, 0x43, 0x89, 0x43, 0x89, 0x43, 0x89, 0x43,
    0x89, 0x43, 0x89, 0x43, 0x89, 0x43, 0x89, 0x43, 0x89, 0x43, 0x89, 0x43, 0x89, 0x43, 0x89, 0x43, 0x89, 0x43, 0x89,
    0x43, 0x89, 0x43, 0x89, 0x43, 0x89, 0x43, 0x89, 0x43, 0x69, 0xFE, 0x69, 0xFE, 0x69, 0xFE, 0x69, 0xFE, 0x69, 0xFE,
    0x69, 0xFE, 0x69, 0xFE, 0x69, 0xFE, 0x69, 0xFE, 0x69, 0xFE, 0x69, 0xFE, 0x69, 0xFE, 0x69, 0xFE, 0x69, 0xFE, 0x69,
    0xFE, 0x69, 0xFE, 0x69, 0xFE, 0x69, 0xFE, 0x69, 0xFE, 0x69, 0xFE, 0x69, 0xFE, 0x69, 0xFE, 0x69, 0xFE, 0x69, 0xFE,
    0x69, 0xFE, 0x69, 0xFE, 0x69, 0xFE, 0x69, 0xFE, 0x69, 0xFE, 0x69, 0xFE, 0x69, 0xFE, 0x69, 0xFE, 0x69, 0xFE, 0x69,
    0xFE, 0x69, 0xFE, 0x69, 0xFE, 0x69, 0xFE, 0x69, 0xFE, 0x69, 0xFE, 0x69, 0xFE, 0x69, 0xFE, 0x69, 0xFE, 0x69, 0xFE,
    0x69, 0xFE, 0x69, 0xFE, 0x69, 0xFE, 0x69, 0xFE, 0x69, 0xFE, 0x69, 0xFE, 0x69, 0xFE, 0x69, 0xFE, 0x69, 0xFE, 0x69,
    0xFE, 0x69, 0xFE, 0x69, 0xFE, 0x69, 0xFE, 0x69, 0xFE, 0x69, 0xFE, 0x69, 0xFE, 0x69, 0xFE, 0x69, 0xFE, 0x69, 0xFE,
    0x69, 0xFE, 0x69, 0xFE, 0x69, 0xFE, 0x69, 0xFE, 0x69, 0xFE, 0x69, 0xFE, 0x69, 0xFE, 0x69, 0xFE, 0x69, 0xFE, 0x69,
    0xFE, 0x69, 0xFE, 0x69, 0xFE, 0x69, 0xFE, 0x69, 0xFE, 0x69, 0xFE, 0x69, 0xFE, 0x69, 0xFE, 0x69, 0xFE, 0x69, 0xFE,
    0x69, 0xFE, 0x69, 0xFE, 0x69, 0xFE, 0x69, 0xFE, 0x69, 0xFE, 0x69, 0xFE, 0x69, 0xFE, 0x69, 0xFE, 0x69, 0xFE, 0x69,
    0xFE, 0x69, 0xFE, 0x69, 0xFE, 0x69, 0xFE, 0x69, 0xFE, 0x69, 0xFE, 0x69, 0xFE, 0x69, 0xFE, 0x69, 0xFE, 0x69, 0xFE,
    0x89, 0x43, 0x89, 0x43, 0x89, 0x43, 0x89, 0x43, 0x89, 0x43, 0x89, 0x43, 0x89, 0x43, 0x89, 0x43, 0x89, 0x43, 0x89,
    0x43, 0x89, 0x43, 0x89, 0x43, 0x89, 0x43, 0x89, 0x43, 0x89, 0x43, 0x89, 0x43, 0x89, 0x43, 0x89, 0x43, 0x89, 0x43,
    0x89, 0x43, 0x89, 0x43, 0x89, 0x43, 0x89, 0x43, 0x7D, 0x5D, 0x7D, 0x5D, 0x7D, 0x5D, 0x7D, 0x5D, 0x7D, 0x5D, 0x7D,
    0x5D, 0x7D, 0x5D, 0x7D, 0x5D, 0x7D, 0x5D, 0x7D, 0x5D, 0x7D, 0x5D, 0x7D, 0x5D, 0x7D, 0x5D, 0x7D, 0x5D, 0x89, 0x43,
    0x89, 0x43, 0x89, 0x43, 0x89, 0x43, 0x89, 0x43, 0x89, 0x43, 0x89, 0x43, 0x89, 0x43, 0x89, 0x43, 0x89, 0x43, 0x89,
    0x43, 0x89, 0x43, 0x89, 0x43, 0x89, 0x43, 0x89, 0x43, 0x89, 0x43, 0x89, 0x43, 0x89, 0x43, 0x89, 0x43, 0x89, 0x43,
    0x89, 0x43, 0x89, 0x43, 0x89, 0x43, 0x89, 0x43, 0x89, 0x43, 0x89, 0x43, 0x89, 0x43, 0x89, 0x43, 0x89, 0x43, 0x89,
    0x43, 0x89, 0x43, 0x89, 0x43, 0x89, 0x43, 0x89, 0x43, 0x89, 0x43, 0x89, 0x43, 0x89, 0x43, 0x89, 0x43, 0x89, 0x43,
    0x89, 0x43, 0x89, 0x43, 0x89, 0x43, 0x89, 0x43, 0x89, 0x43, 0x89, 0x43, 0x89, 0x43, 0x89, 0x43, 0x89, 0x43, 0x89,
    0x43, 0x89, 0x43, 0x89, 0x43, 0x89, 0x43, 0x89, 0x43, 0x89, 0x43, 0x89, 0x43, 0x89, 0x43, 0x89, 0x43, 0x89, 0x43,
    0x89, 0x43, 0x89, 0x43, 0x89, 0x43, 0x89, 0x43, 0x89, 0x43, 0x89, 0x43, 0x89, 0x43, 0x89, 0x43, 0x89, 0x43, 0x89,
    0x43, 0x89, 0x43, 0x89, 0x43, 0x89, 0x43, 0x89, 0x43, 0x89, 0x43, 0x89, 0x43, 0x89, 0x43, 0x89, 0x43, 0x89, 0x43,
    0x89, 0x43, 0x89, 0x43, 0x89, 0x43, 0x89, 0x43, 0x89, 0x43, 0x89, 0x43, 0x89, 0x43, 0x89, 0x43, 0x89, 0x43, 0x89,
    0x43, 0x89, 0x43, 0x89, 0x43, 0x89, 0x43, 0x89, 0x43, 0x89, 0x43, 0x89, 0x43, 0x89, 0x43, 0x89, 0x43, 0x89, 0x43,
    0x89, 0x43, 0x89, 0x43, 0x89, 0x43, 0x89, 0x43, 0x89, 0x43, 0x89, 0x43, 0x89, 0x43, 0x69, 0xFE, 0x69, 0xFE, 0x69,
    0xFE, 0x69, 0xFE, 0x69, 0xFE, 0x69, 0xFE, 0x69, 0xFE, 0x69, 0xFE, 0x69, 0xFE, 0x69, 0xFE, 0x69, 0xFE, 0x69, 0xFE,
    0x69, 0xFE, 0x69, 0xFE, 0x69, 0xFE, 0x69, 0xFE, 0x69, 0xFE, 0x69, 0xFE, 0x69, 0xFE, 0x69, 0xFE, 0x69, 0xFE, 0x69,
    0xFE, 0x69, 0xFE, 0x69, 0xFE, 0x69, 0xFE, 0x69, 0xFE, 0x69, 0xFE, 0x69, 0xFE, 0x69, 0xFE, 0x69, 0xFE, 0x69, 0xFE,
    0x69, 0xFE, 0x69, 0xFE, 0x69, 0xFE, 0x69, 0xFE, 0x69, 0xFE, 0x69, 0xFE, 0x69, 0xFE, 0x69, 0xFE, 0x69, 0xFE, 0x69,
    0xFE, 0x69, 0xFE, 0x69, 0xFE, 0x69, 0xFE, 0x69, 0xFE, 0x69, 0xFE, 0x69, 0xFE, 0x69, 0xFE, 0x69, 0xFE, 0x69, 0xFE,
    0x69, 0xFE, 0x69, 0xFE, 0x69, 0xFE, 0x69, 0xFE, 0x69, 0xFE, 0x69, 0xFE, 0x69, 0xFE, 0x69, 0xFE, 0x69, 0xFE, 0x69,
    0xFE, 0x69, 0xFE, 0x69, 0xFE, 0x69, 0xFE, 0x69, 0xFE, 0x69, 0xFE, 0x69, 0xFE, 0x69, 0xFE, 0x69, 0xFE, 0x69, 0xFE,
    0x69, 0xFE, 0x69, 0xFE, 0x69, 0xFE, 0x69, 0xFE, 0x69, 0xFE, 0x69, 0xFE, 0x69, 0xFE, 0x69, 0xFE, 0x69, 0xFE, 0x69,
    0xFE, 0x69, 0xFE, 0x69, 0xFE, 0x69, 0xFE, 0x69, 0xFE, 0x69, 0xFE, 0x69, 0xFE, 0x69, 0xFE, 0x69, 0xFE, 0x69, 0xFE,
    0x69, 0xFE, 0x69, 0xFE, 0x69, 0xFE, 0x69, 0xFE, 0x69, 0xFE, 0x69, 0xFE, 0x69, 0xFE, 0x69, 0xFE, 0x69, 0xFE, 0x69,
    0xFE, 0x69, 0xFE, 0x69, 0xFE, 0x89, 0x43, 0x89, 0x43, 0x89, 0x43, 0x89, 0x43, 0x89, 0x43, 0x89, 0x43, 0x89, 0x43,
    0x89, 0x43, 0x89, 0x43, 0x89, 0x43, 0x89, 0x43, 0x89, 0x43, 0x89, 0x43, 0x89, 0x43, 0x89, 0x43, 0x89, 0x43, 0x89,
    0x43, 0x89, 0x43, 0x89, 0x43, 0x89, 0x43, 0x89, 0x43, 0x89, 0x43, 0x89, 0x43, 0x7D, 0x5D, 0x7D, 0x5D, 0x7D, 0x5D,
    0x7D, 0x5D, 0x7D, 0x5D, 0x7D, 0x5D, 0x7D, 0x5D, 0x7D, 0x5D, 0x7D, 0x5D, 0x7D, 0x5D, 0x7D, 0x5D, 0x7D, 0x5D, 0x7D,
    0x5D, 0x7D, 0x5D, 0x89, 0x43, 0x89, 0x43, 0x89, 0x43, 0x89, 0x43, 0x89, 0x43, 0x89, 0x43, 0x89, 0x43, 0x89, 0x43,
    0x89, 0x43, 0x89, 0x43, 0x89, 0x43, 0x89, 0x43, 0x89, 0x43, 0x89, 0x43, 0x89, 0x43, 0x89, 0x43, 0x89, 0x43, 0x89,
    0x43, 0x89, 0x43, 0x89, 0x43, 0x89, 0x43, 0x89, 0x43, 0x89, 0x43, 0x89, 0x43, 0x89, 0x43, 0x89, 0x43, 0x89, 0x43,
    0x89, 0x43, 0x89, 0x43, 0x89, 0x43, 0x89, 0x43, 0x89, 0x43, 0x89, 0x43, 0x89, 0x43, 0x89, 0x43, 0x89, 0x43, 0x89,
    0x43, 0x89, 0x43, 0x89, 0x43, 0x89, 0x43, 0x89, 0x43, 0x89, 0x43, 0x89, 0x43, 0x89, 0x43, 0x89, 0x43, 0x89, 0x43,
    0x89, 0x43, 0x89, 0x43, 0x89, 0x43, 0x89, 0x43, 0x89, 0x43, 0x89, 0x43, 0x89, 0x43, 0x89, 0x43, 0x89, 0x43, 0x89,
    0x43, 0x89, 0x43, 0x89, 0x43, 0x89, 0x43, 0x89, 0x43, 0x89, 0x43, 0x89, 0x43, 0x89, 0x43, 0x89, 0x43, 0x89, 0x43,
    0x89, 0x43, 0x89, 0x43, 0x89, 0x43, 0x89, 0x43, 0x89, 0x43, 0x89, 0x43, 0x89, 0x43, 0x89, 0x43, 0x89, 0x43, 0x89,
    0x43, 0x89, 0x43, 0x89, 0x43, 0x89, 0x43, 0x89, 0x43, 0x89, 0x43, 0x89, 0x43, 0x89, 0x43, 0x89, 0x43, 0x89, 0x43,
    0x89, 0x43, 0x89, 0x43, 0x89, 0x43, 0x89, 0x43, 0x89, 0x43, 0x89, 0x43, 0x89, 0x43, 0x89, 0x43, 0x89, 0x43, 0x89,
    0x43, 0x89, 0x43, 0x89, 0x43, 0x69, 0xFE, 0x69, 0xFE, 0x69, 0xFE, 0x69, 0xFE, 0x69, 0xFE, 0x69, 0xFE, 0x69, 0xFE,
    0x69, 0xFE, 0x69, 0xFE, 0x69, 0xFE, 0x69, 0xFE, 0x69, 0xFE, 0x69, 0xFE, 0x69, 0xFE, 0x69, 0xFE, 0x69, 0xFE, 0x69,
    0xFE, 0x69, 0xFE, 0x69, 0xFE, 0x69, 0xFE, 0x69, 0xFE, 0x69, 0xFE, 0x69, 0xFE, 0x69, 0xFE, 0x69, 0xFE, 0x69, 0xFE,
    0x69, 0xFE, 0x69, 0xFE, 0x69, 0xFE, 0x69, 0xFE, 0x69, 0xFE, 0x69, 0xFE, 0x69, 0xFE, 0x69, 0xFE, 0x69, 0xFE, 0x69,
    0xFE, 0x69, 0xFE, 0x69, 0xFE, 0x69, 0xFE, 0x69, 0xFE, 0x69, 0xFE, 0x69, 0xFE, 0x69, 0xFE, 0x69, 0xFE, 0x69, 0xFE,
    0x69, 0xFE, 0x69, 0xFE, 0x69, 0xFE, 0x69, 0xFE, 0x69, 0xFE, 0x69, 0xFE, 0x69, 0xFE, 0x69, 0xFE, 0x69, 0xFE, 0x69,
    0xFE, 0x69, 0xFE, 0x69, 0xFE, 0x69, 0xFE, 0x69, 0xFE, 0x69, 0xFE, 0x69, 0xFE, 0x69, 0xFE, 0x69, 0xFE, 0x69, 0xFE,
    0x69, 0xFE, 0x69, 0xFE, 0x69, 0xFE, 0x69, 0xFE, 0x69, 0xFE, 0x69, 0xFE, 0x69, 0xFE, 0x69, 0xFE, 0x69, 0xFE, 0x69,
    0xFE, 0x69, 0xFE, 0x69, 0xFE, 0x69, 0xFE, 0x69, 0xFE, 0x69, 0xFE, 0x69, 0xFE, 0x69, 0xFE, 0x69, 0xFE, 0x69, 0xFE,
    0x69, 0xFE, 0x69, 0xFE, 0x69, 0xFE, 0x69, 0xFE, 0x69, 0xFE, 0x69, 0xFE, 0x69, 0xFE, 0x69, 0xFE, 0x69, 0xFE, 0x69,
    0xFE, 0x69, 0xFE, 0x69, 0xFE, 0x69, 0xFE, 0x69, 0xFE, 0x69, 0xFE, 0x69, 0xFE, 0x69, 0xFE, 0x69, 0xFE, 0x69, 0xFE,
    0x69, 0xFE, 0x69, 0xFE, 0x69, 0xFE, 0x69, 0xFE, 0x69, 0xFE, 0x69, 0xFE, 0x69, 0xFE, 0x69, 0xFE, 0x69, 0xFE, 0x69,
    0xFE, 0x69, 0xFE, 0x69, 0xFE, 0x89, 0x43, 0x89, 0x43, 0x89, 0x43, 0x89, 0x43, 0x89, 0x43, 0x89, 0x43, 0x89, 0x43,
    0x89, 0x43, 0x89, 0x43, 0x89, 0x43, 0x89, 0x43, 0x89, 0x43, 0x89, 0x43, 0x7D, 0x5D, 0x7D, 0x5D, 0x7D, 0x5D, 0x7D,
    0x5D, 0x7D, 0x5D, 0x7D, 0x5D, 0x7D, 0x5D, 0x7D, 0x5D, 0x7D, 0x5D, 0x7D, 0x5D, 0x7D, 0x5D, 0x7D, 0x5D, 0x7D, 0x5D,
    0x7D, 0x5D, 0x7D, 0x5D, 0x7D, 0x5D, 0x7D, 0x5D, 0x7D, 0x5D, 0x7D, 0x5D, 0x7D, 0x5D, 0x89, 0x43, 0x89, 0x43, 0x89,
    0x43, 0x89, 0x43, 0x89, 0x43, 0x89, 0x43, 0x89, 0x43, 0x89, 0x43, 0x89, 0x43, 0x89, 0x43, 0x89, 0x43, 0x89, 0x43,
    0x89, 0x43, 0x89, 0x43, 0x89, 0x43, 0x89, 0x43, 0x89, 0x43, 0x89, 0x43, 0x89, 0x43, 0x89, 0x43, 0x89, 0x43, 0x89,
    0x43, 0x89, 0x43, 0x89, 0x43, 0x89, 0x43, 0x89, 0x43, 0x89, 0x43, 0x89, 0x43, 0x89, 0x43, 0x89, 0x43, 0x89, 0x43,
    0x89, 0x43, 0x89, 0x43, 0x89, 0x43, 0x89, 0x43, 0x89, 0x43, 0x89, 0x43, 0x89, 0x43, 0x89, 0x43, 0x89, 0x43, 0x89,
    0x43, 0x89, 0x43, 0x89, 0x43, 0x89, 0x43, 0x89, 0x43, 0x89, 0x43, 0x89, 0x43, 0x89, 0x43, 0x89, 0x43, 0x89, 0x43,
    0x89, 0x43, 0x89, 0x43, 0x89, 0x43, 0x89, 0x43, 0x89, 0x43, 0x89, 0x43, 0x89, 0x43, 0x89, 0x43, 0x89, 0x43, 0x89,
    0x43, 0x89, 0x43, 0x89, 0x43, 0x89, 0x43, 0x89, 0x43, 0x89, 0x43, 0x89, 0x43, 0x89, 0x43, 0x89, 0x43, 0x89, 0x43,
    0x89, 0x43, 0x89, 0x43, 0x89, 0x43, 0x89, 0x43, 0x89, 0x43, 0x89, 0x43, 0x89, 0x43, 0x89, 0x43, 0x89, 0x43, 0x89,
    0x43, 0x89, 0x43, 0x89, 0x43, 0x89, 0x43, 0x89, 0x43, 0x89, 0x43, 0x89, 0x43, 0x89, 0x43, 0x89, 0x43, 0x89, 0x43,
    0x89, 0x43, 0x89, 0x43, 0x89, 0x43, 0x89, 0x43, 0x89, 0x43, 0x69, 0xFE, 0x69, 0xFE, 0x69, 0xFE, 0x69, 0xFE, 0x69,
    0xFE, 0x69, 0xFE, 0x69, 0xFE, 0x69, 0xFE, 0x69, 0xFE, 0x69, 0xFE, 0x69, 0xFE, 0x69, 0xFE, 0x69, 0xFE, 0x69, 0xFE,
    0x69, 0xFE, 0x69, 0xFE, 0x69, 0xFE, 0x69, 0xFE, 0x69, 0xFE, 0x69, 0xFE, 0x69, 0xFE, 0x69, 0xFE, 0x69, 0xFE, 0x69,
    0xFE, 0x69, 0xFE, 0x69, 0xFE, 0x69, 0xFE, 0x69, 0xFE, 0x69, 0xFE, 0x69, 0xFE, 0x69, 0xFE, 0x69, 0xFE, 0x69, 0xFE,
    0x69, 0xFE, 0x69, 0xFE, 0x69, 0xFE, 0x69, 0xFE, 0x69, 0xFE, 0x69, 0xFE, 0x69, 0xFE, 0x69, 0xFE, 0x69, 0xFE, 0x69,
    0xFE, 0x69, 0xFE, 0x69, 0xFE, 0x69, 0xFE, 0x69, 0xFE, 0x69, 0xFE, 0x69, 0xFE, 0x69, 0xFE, 0x69, 0xFE, 0x69, 0xFE,
    0x69, 0xFE, 0x69, 0xFE, 0x69, 0xFE, 0x69, 0xFE, 0x69, 0xFE, 0x69, 0xFE, 0x69, 0xFE, 0x69, 0xFE, 0x69, 0xFE, 0x69,
    0xFE, 0x69, 0xFE, 0x69, 0xFE, 0x69, 0xFE, 0x69, 0xFE, 0x69, 0xFE, 0x69, 0xFE, 0x69, 0xFE, 0x69, 0xFE, 0x69, 0xFE,
    0x69, 0xFE, 0x69, 0xFE, 0x69, 0xFE, 0x69, 0xFE, 0x69, 0xFE, 0x69, 0xFE, 0x69, 0xFE, 0x69, 0xFE, 0x69, 0xFE, 0x69,
    0xFE, 0x69, 0xFE, 0x69, 0xFE, 0x69, 0xFE, 0x69, 0xFE, 0x69, 0xFE, 0x69, 0xFE, 0x69, 0xFE, 0x69, 0xFE, 0x69, 0xFE,
    0x69, 0xFE, 0x69, 0xFE, 0x69, 0xFE, 0x69, 0xFE, 0x69, 0xFE, 0x69, 0xFE, 0x69, 0xFE, 0x69, 0xFE, 0x69, 0xFE, 0x69,
    0xFE, 0x69, 0xFE, 0x69, 0xFE, 0x69, 0xFE, 0x69, 0xFE, 0x69, 0xFE, 0x69, 0xFE, 0x69, 0xFE, 0x69, 0xFE, 0x69, 0xFE,
    0x69, 0xFE, 0x69, 0xFE, 0x69, 0xFE, 0x69, 0xFE, 0x69, 0xFE, 0x89, 0x43, 0x89, 0x43, 0x89, 0x43, 0x89, 0x43, 0x89,
    0x43, 0x89, 0x43, 0x89, 0x43, 0x89, 0x43, 0x89, 0x43, 0x89, 0x43, 0x89, 0x43, 0x89, 0x43, 0x89, 0x43, 0x7D, 0x5D,
    0x7D, 0x5D, 0x7D, 0x5D, 0x7D, 0x5D, 0x7D, 0x5D, 0x7D, 0x5D, 0x7D, 0x5D, 0x7D, 0x5D, 0x7D, 0x5D, 0x7D, 0x5D, 0x7D,
    0x5D, 0x7D, 0x5D, 0x7D, 0x5D, 0x7D, 0x5D, 0x7D, 0x5D, 0x7D, 0x5D, 0x7D, 0x5D, 0x7D, 0x5D, 0x7D, 0x5D, 0x7D, 0x5D,
    0x89, 0x43, 0x89, 0x43, 0x89, 0x43, 0x89, 0x43, 0x89, 0x43, 0x89, 0x43, 0x89, 0x43, 0x89, 0x43, 0x89, 0x43, 0x89,
    0x43, 0x89, 0x43, 0x89, 0x43, 0x89, 0x43, 0x89, 0x43, 0x89, 0x43, 0x89, 0x43, 0x89, 0x43, 0x89, 0x43, 0x89, 0x43,
    0x89, 0x43, 0x89, 0x43, 0x89, 0x43, 0x89, 0x43, 0x89, 0x43, 0x89, 0x43, 0x89, 0x43, 0x89, 0x43, 0x89, 0x43, 0x89,
    0x43, 0x89, 0x43, 0x89, 0x43, 0x89, 0x43, 0x89, 0x43, 0x89, 0x43, 0x89, 0x43, 0x89, 0x43, 0x89, 0x43, 0x89, 0x43,
    0x89, 0x43, 0x89, 0x43, 0x89, 0x43, 0x89, 0x43, 0x89, 0x43, 0x89, 0x43, 0x89, 0x43, 0x89, 0x43, 0x89, 0x43, 0x89,
    0x43, 0x89, 0x43, 0x89, 0x43, 0x89, 0x43, 0x89, 0x43, 0x89, 0x43, 0x89, 0x43, 0x89, 0x43, 0x89, 0x43, 0x89, 0x43,
    0x89, 0x43, 0x89, 0x43, 0x89, 0x43, 0x89, 0x43, 0x89, 0x43, 0x89, 0x43, 0x89, 0x43, 0x89, 0x43, 0x89, 0x43, 0x89,
    0x43, 0x89, 0x43, 0x89, 0x43, 0x89, 0x43, 0x89, 0x43, 0x89, 0x43, 0x89, 0x43, 0x89, 0x43, 0x89, 0x43, 0x89, 0x43,
    0x89, 0x43, 0x89, 0x43, 0x89, 0x43, 0x89, 0x43, 0x89, 0x43, 0x89, 0x43, 0x89, 0x43, 0x89, 0x43, 0x89, 0x43, 0x89,
    0x43, 0x89, 0x43, 0x89, 0x43, 0x89, 0x43, 0x89, 0x43, 0x89, 0x43, 0x89, 0x43, 0x89, 0x43, 0x69, 0xFE, 0x69, 0xFE,
    0x69, 0xFE, 0x69, 0xFE, 0x69, 0xFE, 0x69, 0xFE, 0x69, 0xFE, 0x69, 0xFE, 0x69, 0xFE, 0x69, 0xFE, 0x69, 0xFE, 0x69,
    0xFE, 0x69, 0xFE, 0x69, 0xFE, 0x69, 0xFE, 0x69, 0xFE, 0x69, 0xFE, 0x69, 0xFE, 0x69, 0xFE, 0x69, 0xFE, 0x69, 0xFE,
    0x69, 0xFE, 0x69, 0xFE, 0x69, 0xFE, 0x69, 0xFE, 0x69, 0xFE, 0x69, 0xFE, 0x69, 0xFE, 0x69, 0xFE, 0x69, 0xFE, 0x69,
    0xFE, 0x69, 0xFE, 0x69, 0xFE, 0x69, 0xFE, 0x69, 0xFE, 0x69, 0xFE, 0x69, 0xFE, 0x69, 0xFE, 0x69, 0xFE, 0x69, 0xFE,
    0x69, 0xFE, 0x69, 0xFE, 0x69, 0xFE, 0x69, 0xFE, 0x69, 0xFE, 0x69, 0xFE, 0x69, 0xFE, 0x69, 0xFE, 0x69, 0xFE, 0x69,
    0xFE, 0x69, 0xFE, 0x69, 0xFE, 0x69, 0xFE, 0x69, 0xFE, 0x69, 0xFE, 0x69, 0xFE, 0x69, 0xFE, 0x69, 0xFE, 0x69, 0xFE,
    0x69, 0xFE, 0x69, 0xFE, 0x69, 0xFE, 0x69, 0xFE, 0x69, 0xFE, 0x69, 0xFE, 0x69, 0xFE, 0x69, 0xFE, 0x69, 0xFE, 0x69,
    0xFE, 0x69, 0xFE, 0x69, 0xFE, 0x69, 0xFE, 0x69, 0xFE, 0x69, 0xFE, 0x69, 0xFE, 0x69, 0xFE, 0x69, 0xFE, 0x69, 0xFE,
    0x69, 0xFE, 0x69, 0xFE, 0x69, 0xFE, 0x69, 0xFE, 0x69, 0xFE, 0x69, 0xFE, 0x69, 0xFE, 0x69, 0xFE, 0x69, 0xFE, 0x69,
    0xFE, 0x69, 0xFE, 0x69, 0xFE, 0x69, 0xFE, 0x69, 0xFE, 0x69, 0xFE, 0x69, 0xFE, 0x69, 0xFE, 0x69, 0xFE, 0x69, 0xFE,
    0x69, 0xFE, 0x69, 0xFE, 0x69, 0xFE, 0x69, 0xFE, 0x69, 0xFE, 0x69, 0xFE, 0x69, 0xFE, 0x69, 0xFE, 0x69, 0xFE, 0x69,
    0xFE, 0x69, 0xFE, 0x69, 0xFE, 0x69, 0xFE, 0x69, 0xFE, 0x69, 0xFE, 0x69, 0xFE, 0x69, 0xFE, 0x89, 0x43, 0x89, 0x43,
    0x89, 0x43, 0x89, 0x43, 0x89, 0x43, 0x89, 0x43, 0x89, 0x43, 0x89, 0x43, 0x89, 0x43, 0x89, 0x43, 0x89, 0x43, 0x89,
    0x43, 0x89, 0x43, 0x7D, 0x5D, 0x7D, 0x5D, 0x7D, 0x5D, 0x7D, 0x5D, 0x7D, 0x5D, 0x7D, 0x5D, 0x7D, 0x5D, 0x7D, 0x5D,
    0x7D, 0x5D, 0x7D, 0x5D, 0x7D, 0x5D, 0x7D, 0x5D, 0x7D, 0x5D, 0x7D, 0x5D, 0x7D, 0x5D, 0x7D, 0x5D, 0x7D, 0x5D, 0x7D,
    0x5D, 0x7D, 0x5D, 0x7D, 0x5D, 0x89, 0x43, 0x89, 0x43, 0x89, 0x43, 0x89, 0x43, 0x89, 0x43, 0x89, 0x43, 0x89, 0x43,
    0x89, 0x43, 0x89, 0x43, 0x89, 0x43, 0x89, 0x43, 0x89, 0x43, 0x89, 0x43, 0x89, 0x43, 0x89, 0x43, 0x89, 0x43, 0x89,
    0x43, 0x89, 0x43, 0x89, 0x43, 0x89, 0x43, 0x89, 0x43, 0x89, 0x43, 0x89, 0x43, 0x89, 0x43, 0x89, 0x43, 0x89, 0x43,
    0x89, 0x43, 0x89, 0x43, 0x89, 0x43, 0x89, 0x43, 0x89, 0x43, 0x89, 0x43, 0x89, 0x43, 0x89, 0x43, 0x89, 0x43, 0x89,
    0x43, 0x89, 0x43, 0x89, 0x43, 0x89, 0x43, 0x89, 0x43, 0x89, 0x43, 0x89, 0x43, 0x89, 0x43, 0x89, 0x43, 0x89, 0x43,
    0x89, 0x43, 0x89, 0x43, 0x89, 0x43, 0x89, 0x43, 0x89, 0x43, 0x89, 0x43, 0x89, 0x43, 0x89, 0x43, 0x89, 0x43, 0x89,
    0x43, 0x89, 0x43, 0x89, 0x43, 0x89, 0x43, 0x89, 0x43, 0x89, 0x43, 0x89, 0x43, 0x89, 0x43, 0x89, 0x43, 0x89, 0x43,
    0x89, 0x43, 0x89, 0x43, 0x89, 0x43, 0x89, 0x43, 0x89, 0x43, 0x89, 0x43, 0x89, 0x43, 0x89, 0x43, 0x89, 0x43, 0x89,
    0x43, 0x89, 0x43, 0x89, 0x43, 0x89, 0x43, 0x89, 0x43, 0x89, 0x43, 0x89, 0x43, 0x89, 0x43, 0x89, 0x43, 0x89, 0x43,
    0x89, 0x43, 0x89, 0x43, 0x89, 0x43, 0x89, 0x43, 0x69, 0xFE, 0x69, 0xFE, 0x69, 0xFE, 0x69, 0xFE, 0x69, 0xFE, 0x69,
    0xFE, 0x69, 0xFE, 0x69, 0xFE, 0x69, 0xFE, 0x69, 0xFE, 0x69, 0xFE, 0x69, 0xFE, 0x69, 0xFE, 0x69, 0xFE, 0x69, 0xFE,
    0x69, 0xFE, 0x69, 0xFE, 0x69, 0xFE, 0x69, 0xFE, 0x69, 0xFE, 0x69, 0xFE, 0x69, 0xFE, 0x69, 0xFE, 0x69, 0xFE, 0x69,
    0xFE, 0x69, 0xFE, 0x69, 0xFE, 0x69, 0xFE, 0x69, 0xFE, 0x69, 0xFE, 0x69, 0xFE, 0x69, 0xFE, 0x69, 0xFE, 0x69, 0xFE,
    0x69, 0xFE, 0x69, 0xFE, 0x69, 0xFE, 0x69, 0xFE, 0x69, 0xFE, 0x69, 0xFE, 0x69, 0xFE, 0x69, 0xFE, 0x69, 0xFE, 0x69,
    0xFE, 0x69, 0xFE, 0x69, 0xFE, 0x69, 0xFE, 0x69, 0xFE, 0x69, 0xFE, 0x69, 0xFE, 0x69, 0xFE, 0x69, 0xFE, 0x69, 0xFE,
    0x69, 0xFE, 0x69, 0xFE, 0x69, 0xFE, 0x69, 0xFE, 0x69, 0xFE, 0x69, 0xFE, 0x69, 0xFE, 0x69, 0xFE, 0x69, 0xFE, 0x69,
    0xFE, 0x69, 0xFE, 0x69, 0xFE, 0x69, 0xFE, 0x69, 0xFE, 0x69, 0xFE, 0x69, 0xFE, 0x69, 0xFE, 0x69, 0xFE, 0x69, 0xFE,
    0x69, 0xFE, 0x69, 0xFE, 0x69, 0xFE, 0x69, 0xFE, 0x69, 0xFE, 0x69, 0xFE, 0x69, 0xFE, 0x69, 0xFE, 0x69, 0xFE, 0x69,
    0xFE, 0x69, 0xFE, 0x69, 0xFE, 0x69, 0xFE, 0x69, 0xFE, 0x69, 0xFE, 0x69, 0xFE, 0x69, 0xFE, 0x69, 0xFE, 0x69, 0xFE,
    0x69, 0xFE, 0x69, 0xFE, 0x69, 0xFE, 0x69, 0xFE, 0x69, 0xFE, 0x69, 0xFE, 0x69, 0xFE, 0x69, 0xFE, 0x69, 0xFE, 0x69,
    0xFE, 0x69, 0xFE, 0x69, 0xFE, 0x69, 0xFE, 0x69, 0xFE, 0x69, 0xFE, 0x69, 0xFE, 0x69, 0xFE, 0x69, 0xFE, 0x69, 0xFE,
    0x69, 0xFE, 0x69, 0xFE, 0x69, 0xFE, 0x69, 0xFE, 0x69, 0xFE, 0x69, 0xFE, 0x69, 0xFE, 0x69, 0xFE, 0x69, 0xFE, 0x69,
    0xFE, 0x69, 0xFE, 0x69, 0xFE, 0x69, 0xFE, 0x69, 0xFE, 0x69, 0xFE, 0x69, 0xFE, 0x89, 0x43, 0x89, 0x43, 0x89, 0x43,
    0x89, 0x43, 0x89, 0x43, 0x89, 0x43, 0x89, 0x43, 0x7D, 0x5D, 0x7D, 0x5D, 0x7D, 0x5D, 0x7D, 0x5D, 0x7D, 0x5D, 0x7D,
    0x5D, 0x7D, 0x5D, 0x7D, 0x5D, 0x7D, 0x5D, 0x7D, 0x5D, 0x7D, 0x5D, 0x7D, 0x5D, 0x7D, 0x5D, 0x7D, 0x5D, 0x7D, 0x5D,
    0x7D, 0x5D, 0x7D, 0x5D, 0x7D, 0x5D, 0x7D, 0x5D, 0x7D, 0x5D, 0x89, 0x43, 0x89, 0x43, 0x89, 0x43, 0x89, 0x43, 0x89,
    0x43, 0x89, 0x43, 0x89, 0x43, 0x89, 0x43, 0x89, 0x43, 0x89, 0x43, 0x89, 0x43, 0x89, 0x43, 0x89, 0x43, 0x89, 0x43,
    0x89, 0x43, 0x89, 0x43, 0x89, 0x43, 0x89, 0x43, 0x89, 0x43, 0x89, 0x43, 0x89, 0x43, 0x89, 0x43, 0x89, 0x43, 0x89,
    0x43, 0x89, 0x43, 0x89, 0x43, 0x89, 0x43, 0x89, 0x43, 0x89, 0x43, 0x89, 0x43, 0x89, 0x43, 0x89, 0x43, 0x89, 0x43,
    0x89, 0x43, 0x89, 0x43, 0x89, 0x43, 0x89, 0x43, 0x89, 0x43, 0x89, 0x43, 0x89, 0x43, 0x89, 0x43, 0x89, 0x43, 0x89,
    0x43, 0x89, 0x43, 0x89, 0x43, 0x89, 0x43, 0x89, 0x43, 0x89, 0x43, 0x89, 0x43, 0x89, 0x43, 0x89, 0x43, 0x89, 0x43,
    0x89, 0x43, 0x89, 0x43, 0x89, 0x43, 0x89, 0x43, 0x89, 0x43, 0x89, 0x43, 0x89, 0x43, 0x89, 0x43, 0x89, 0x43, 0x89,
    0x43, 0x89, 0x43, 0x89, 0x43, 0x89, 0x43, 0x89, 0x43, 0x89, 0x43, 0x89, 0x43, 0x89, 0x43, 0x89, 0x43, 0x89, 0x43,
    0x89, 0x43, 0x89, 0x43, 0x89, 0x43, 0x89, 0x43, 0x89, 0x43, 0x89, 0x43, 0x89, 0x43, 0x89, 0x43, 0x89, 0x43, 0x89,
    0x43, 0x89, 0x43, 0x89, 0x43, 0x89, 0x43, 0x89, 0x43, 0x89, 0x43, 0x89, 0x43, 0x69, 0xFE, 0x69, 0xFE, 0x69, 0xFE,
    0x69, 0xFE, 0x69, 0xFE, 0x69, 0xFE, 0x69, 0xFE, 0x69, 0xFE, 0x69, 0xFE, 0x69, 0xFE, 0x69, 0xFE, 0x69, 0xFE, 0x69,
    0xFE, 0x69, 0xFE, 0x69, 0xFE, 0x69, 0xFE, 0x69, 0xFE, 0x69, 0xFE, 0x69, 0xFE, 0x69, 0xFE, 0x69, 0xFE, 0x69, 0xFE,
    0x69, 0xFE, 0x69, 0xFE, 0x69, 0xFE, 0x69, 0xFE, 0x69, 0xFE, 0x69, 0xFE, 0x69, 0xFE, 0x69, 0xFE, 0x69, 0xFE, 0x69,
    0xFE, 0x69, 0xFE, 0x69, 0xFE, 0x69, 0xFE, 0x69, 0xFE, 0x69, 0xFE, 0x69, 0xFE, 0x69, 0xFE, 0x69, 0xFE, 0x69, 0xFE,
    0x69, 0xFE, 0x69, 0xFE, 0x69, 0xFE, 0x69, 0xFE, 0x69, 0xFE, 0x69, 0xFE, 0x69, 0xFE, 0x69, 0xFE, 0x69, 0xFE, 0x69,
    0xFE, 0x69, 0xFE, 0x69, 0xFE, 0x69, 0xFE, 0x69, 0xFE, 0x69, 0xFE, 0x69, 0xFE, 0x69, 0xFE, 0x69, 0xFE, 0x69, 0xFE,
    0x69, 0xFE, 0x69, 0xFE, 0x69, 0xFE, 0x69, 0xFE, 0x69, 0xFE, 0x69, 0xFE, 0x69, 0xFE, 0x69, 0xFE, 0x69, 0xFE, 0x69,
    0xFE, 0x69, 0xFE, 0x69, 0xFE, 0x69, 0xFE, 0x69, 0xFE, 0x69, 0xFE, 0x69, 0xFE, 0x69, 0xFE, 0x69, 0xFE, 0x69, 0xFE,
    0x69, 0xFE, 0x69, 0xFE, 0x69, 0xFE, 0x69, 0xFE, 0x69, 0xFE, 0x69, 0xFE, 0x69, 0xFE, 0x69, 0xFE, 0x69, 0xFE, 0x69,
    0xFE, 0x69, 0xFE, 0x69, 0xFE, 0x69, 0xFE, 0x69, 0xFE, 0x69, 0xFE, 0x69, 0xFE, 0x69, 0xFE, 0x69, 0xFE, 0x69, 0xFE,
    0x69, 0xFE, 0x69, 0xFE, 0x69, 0xFE, 0x69, 0xFE, 0x69, 0xFE, 0x69, 0xFE, 0x69, 0xFE, 0x69, 0xFE, 0x69, 0xFE, 0x69,
    0xFE, 0x69, 0xFE, 0x69, 0xFE, 0x69, 0xFE, 0x69, 0xFE, 0x69, 0xFE, 0x69, 0xFE, 0x69, 0xFE, 0x69, 0xFE, 0x69, 0xFE,
    0x69, 0xFE, 0x69, 0xFE, 0x69, 0xFE, 0x69, 0xFE, 0x69, 0xFE, 0x69, 0xFE, 0x69, 0xFE, 0x69, 0xFE, 0x69, 0xFE, 0x89,
    0x43, 0x89, 0x43, 0x89, 0x43, 0x89, 0x43, 0x89, 0x43, 0x89, 0x43, 0x89, 0x43, 0x7D, 0x5D, 0x7D, 0x5D, 0x7D, 0x5D,
    0x7D, 0x5D, 0x7D, 0x5D, 0x7D, 0x5D, 0x7D, 0x5D, 0x7D, 0x5D, 0x7D, 0x5D, 0x7D, 0x5D, 0x7D, 0x5D, 0x7D, 0x5D, 0x7D,
    0x5D, 0x7D, 0x5D, 0x7D, 0x5D, 0x7D, 0x5D, 0x7D, 0x5D, 0x7D, 0x5D, 0x7D, 0x5D, 0x7D, 0x5D, 0x89, 0x43, 0x89, 0x43,
    0x89, 0x43, 0x89, 0x43, 0x89, 0x43, 0x89, 0x43, 0x89, 0x43, 0x89, 0x43, 0x89, 0x43, 0x89, 0x43, 0x89, 0x43, 0x89,
    0x43, 0x89, 0x43, 0x89, 0x43, 0x89, 0x43, 0x89, 0x43, 0x89, 0x43, 0x89, 0x43, 0x89, 0x43, 0x89, 0x43, 0x89, 0x43,
    0x89, 0x43, 0x89, 0x43, 0x89, 0x43, 0x89, 0x43, 0x89, 0x43, 0x89, 0x43, 0x89, 0x43, 0x89, 0x43, 0x89, 0x43, 0x89,
    0x43, 0x89, 0x43, 0x89, 0x43, 0x89, 0x43, 0x89, 0x43, 0x89, 0x43, 0x89, 0x43, 0x89, 0x43, 0x89, 0x43, 0x89, 0x43,
    0x89, 0x43, 0x89, 0x43, 0x89, 0x43, 0x89, 0x43, 0x89, 0x43, 0x89, 0x43, 0x89, 0x43, 0x89, 0x43, 0x89, 0x43, 0x89,
    0x43, 0x89, 0x43, 0x89, 0x43, 0x89, 0x43, 0x89, 0x43, 0x89, 0x43, 0x89, 0x43, 0x89, 0x43, 0x89, 0x43, 0x89, 0x43,
    0x89, 0x43, 0x89, 0x43, 0x89, 0x43, 0x89, 0x43, 0x89, 0x43, 0x89, 0x43, 0x89, 0x43, 0x89, 0x43, 0x89, 0x43, 0x89,
    0x43, 0x89, 0x43, 0x89, 0x43, 0x89, 0x43, 0x89, 0x43, 0x89, 0x43, 0x89, 0x43, 0x89, 0x43, 0x89, 0x43, 0x89, 0x43,
    0x89, 0x43, 0x89, 0x43, 0x89, 0x43, 0x89, 0x43, 0x89, 0x43, 0x89, 0x43, 0x89, 0x43, 0x89, 0x43, 0x89, 0x43, 0x69,
    0xFE, 0x69, 0xFE, 0x69, 0xFE, 0x69, 0xFE, 0x69, 0xFE, 0x69, 0xFE, 0x69, 0xFE, 0x69, 0xFE, 0x69, 0xFE, 0x69, 0xFE,
    0x69, 0xFE, 0x69, 0xFE, 0x69, 0xFE, 0x69, 0xFE, 0x69, 0xFE, 0x69, 0xFE, 0x69, 0xFE, 0x69, 0xFE, 0x69, 0xFE, 0x69,
    0xFE, 0x69, 0xFE, 0x69, 0xFE, 0x69, 0xFE, 0x69, 0xFE, 0x69, 0xFE, 0x69, 0xFE, 0x69, 0xFE, 0x69, 0xFE, 0x69, 0xFE,
    0x69, 0xFE, 0x69, 0xFE, 0x69, 0xFE, 0x69, 0xFE, 0x69, 0xFE, 0x69, 0xFE, 0x69, 0xFE, 0x69, 0xFE, 0x69, 0xFE, 0x69,
    0xFE, 0x69, 0xFE, 0x69, 0xFE, 0x69, 0xFE, 0x69, 0xFE, 0x69, 0xFE, 0x69, 0xFE, 0x69, 0xFE, 0x69, 0xFE, 0x69, 0xFE,
    0x69, 0xFE, 0x69, 0xFE, 0x69, 0xFE, 0x69, 0xFE, 0x69, 0xFE, 0x69, 0xFE, 0x69, 0xFE, 0x69, 0xFE, 0x69, 0xFE, 0x69,
    0xFE, 0x69, 0xFE, 0x69, 0xFE, 0x69, 0xFE, 0x69, 0xFE, 0x69, 0xFE, 0x69, 0xFE, 0x69, 0xFE, 0x69, 0xFE, 0x69, 0xFE,
    0x69, 0xFE, 0x69, 0xFE, 0x69, 0xFE, 0x69, 0xFE, 0x69, 0xFE, 0x69, 0xFE, 0x69, 0xFE, 0x69, 0xFE, 0x69, 0xFE, 0x69,
    0xFE, 0x69, 0xFE, 0x69, 0xFE, 0x69, 0xFE, 0x69, 0xFE, 0x69, 0xFE, 0x69, 0xFE, 0x69, 0xFE, 0x69, 0xFE, 0x69, 0xFE,
    0x69, 0xFE, 0x69, 0xFE, 0x69, 0xFE, 0x69, 0xFE, 0x69, 0xFE, 0x69, 0xFE, 0x69, 0xFE, 0x69, 0xFE, 0x69, 0xFE, 0x69,
    0xFE, 0x69, 0xFE, 0x69, 0xFE, 0x69, 0xFE, 0x69, 0xFE, 0x69, 0xFE, 0x69, 0xFE, 0x69, 0xFE, 0x69, 0xFE, 0x69, 0xFE,
    0x69, 0xFE, 0x69, 0xFE, 0x69, 0xFE, 0x69, 0xFE, 0x69, 0xFE, 0x69, 0xFE, 0x69, 0xFE, 0x69, 0xFE, 0x69, 0xFE, 0x69,
    0xFE, 0x69, 0xFE, 0x69, 0xFE, 0x69, 0xFE, 0x69, 0xFE, 0x69, 0xFE, 0x69, 0xFE, 0x69, 0xFE, 0x69, 0xFE, 0x69, 0xFE,
    0x69, 0xFE, 0x69, 0xFE, 0x89, 0x43, 0x89, 0x43, 0x89, 0x43, 0x89, 0x43, 0x89, 0x43, 0x89, 0x43, 0x89, 0x43, 0x7D,
    0x5D, 0x7D, 0x5D, 0x7D, 0x5D, 0x7D, 0x5D, 0x7D, 0x5D, 0x7D, 0x5D, 0x7D, 0x5D, 0x7D, 0x5D, 0x7D, 0x5D, 0x7D, 0x5D,
    0x7D, 0x5D, 0x7D, 0x5D, 0x7D, 0x5D, 0x7D, 0x5D, 0x7D, 0x5D, 0x7D, 0x5D, 0x7D, 0x5D, 0x7D, 0x5D, 0x7D, 0x5D, 0x7D,
    0x5D, 0x89, 0x43, 0x89, 0x43, 0x89, 0x43, 0x89, 0x43, 0x89, 0x43, 0x89, 0x43, 0x89, 0x43, 0x89, 0x43, 0x89, 0x43,
    0x89, 0x43, 0x89, 0x43, 0x89, 0x43, 0x89, 0x43, 0x89, 0x43, 0x89, 0x43, 0x89, 0x43, 0x89, 0x43, 0x89, 0x43, 0x89,
    0x43, 0x89, 0x43, 0x89, 0x43, 0x89, 0x43, 0x89, 0x43, 0x89, 0x43, 0x89, 0x43, 0x89, 0x43, 0x89, 0x43, 0x89, 0x43,
    0x89, 0x43, 0x89, 0x43, 0x89, 0x43, 0x89, 0x43, 0x89, 0x43, 0x89, 0x43, 0x89, 0x43, 0x89, 0x43, 0x89, 0x43, 0x89,
    0x43, 0x89, 0x43, 0x89, 0x43, 0x89, 0x43, 0x89, 0x43, 0x89, 0x43, 0x89, 0x43, 0x89, 0x43, 0x89, 0x43, 0x89, 0x43,
    0x89, 0x43, 0x89, 0x43, 0x89, 0x43, 0x89, 0x43, 0x89, 0x43, 0x89, 0x43, 0x89, 0x43, 0x89, 0x43, 0x89, 0x43, 0x89,
    0x43, 0x89, 0x43, 0x89, 0x43, 0x89, 0x43, 0x89, 0x43, 0x89, 0x43, 0x89, 0x43, 0x89, 0x43, 0x89, 0x43, 0x89, 0x43,
    0x89, 0x43, 0x89, 0x43, 0x89, 0x43, 0x89, 0x43, 0x89, 0x43, 0x89, 0x43, 0x89, 0x43, 0x89, 0x43, 0x89, 0x43, 0x89,
    0x43, 0x89, 0x43, 0x89, 0x43, 0x89, 0x43, 0x89, 0x43, 0x89, 0x43, 0x89, 0x43, 0x89, 0x43, 0x89, 0x43, 0x89, 0x43,
    0x89, 0x43, 0x89, 0x43, 0x69, 0xFE, 0x69, 0xFE, 0x69, 0xFE, 0x69, 0xFE, 0x69, 0xFE, 0x69, 0xFE, 0x69, 0xFE, 0x69,
    0xFE, 0x69, 0xFE, 0x69, 0xFE, 0x69, 0xFE, 0x69, 0xFE, 0x69, 0xFE, 0x69, 0xFE, 0x69, 0xFE, 0x69, 0xFE, 0x69, 0xFE,
    0x69, 0xFE, 0x69, 0xFE, 0x69, 0xFE, 0x69, 0xFE, 0x69, 0xFE, 0x69, 0xFE, 0x69, 0xFE, 0x69, 0xFE, 0x69, 0xFE, 0x69,
    0xFE, 0x69, 0xFE, 0x69, 0xFE, 0x69, 0xFE, 0x69, 0xFE, 0x69, 0xFE, 0x69, 0xFE, 0x69, 0xFE, 0x69, 0xFE, 0x69, 0xFE,
    0x69, 0xFE, 0x69, 0xFE, 0x69, 0xFE, 0x69, 0xFE, 0x69, 0xFE, 0x69, 0xFE, 0x69, 0xFE, 0x69, 0xFE, 0x69, 0xFE, 0x69,
    0xFE, 0x69, 0xFE, 0x69, 0xFE, 0x69, 0xFE, 0x69, 0xFE, 0x69, 0xFE, 0x69, 0xFE, 0x69, 0xFE, 0x69, 0xFE, 0x69, 0xFE,
    0x69, 0xFE, 0x69, 0xFE, 0x69, 0xFE, 0x69, 0xFE, 0x69, 0xFE, 0x69, 0xFE, 0x69, 0xFE, 0x69, 0xFE, 0x69, 0xFE, 0x69,
    0xFE, 0x69, 0xFE, 0x69, 0xFE, 0x69, 0xFE, 0x69, 0xFE, 0x69, 0xFE, 0x69, 0xFE, 0x69, 0xFE, 0x69, 0xFE, 0x69, 0xFE,
    0x69, 0xFE, 0x69, 0xFE, 0x69, 0xFE, 0x69, 0xFE, 0x69, 0xFE, 0x69, 0xFE, 0x69, 0xFE, 0x69, 0xFE, 0x69, 0xFE, 0x69,
    0xFE, 0x69, 0xFE, 0x69, 0xFE, 0x69, 0xFE, 0x69, 0xFE, 0x69, 0xFE, 0x69, 0xFE, 0x69, 0xFE, 0x69, 0xFE, 0x69, 0xFE,
    0x69, 0xFE, 0x69, 0xFE, 0x69, 0xFE, 0x69, 0xFE, 0x69, 0xFE, 0x69, 0xFE, 0x69, 0xFE, 0x69, 0xFE, 0x69, 0xFE, 0x69,
    0xFE, 0x69, 0xFE, 0x69, 0xFE, 0x69, 0xFE, 0x69, 0xFE, 0x69, 0xFE, 0x69, 0xFE, 0x69, 0xFE, 0x69, 0xFE, 0x69, 0xFE,
    0x69, 0xFE, 0x69, 0xFE, 0x69, 0xFE, 0x69, 0xFE, 0x69, 0xFE, 0x69, 0xFE, 0x69, 0xFE, 0x69, 0xFE, 0x69, 0xFE, 0x69,
    0xFE, 0x69, 0xFE, 0x69, 0xFE, 0x69, 0xFE, 0x69, 0xFE, 0x89, 0x43, 0x89, 0x43, 0x89, 0x43, 0x89, 0x43, 0x89, 0x43,
    0x89, 0x43, 0x89, 0x43, 0x7D, 0x5D, 0x7D, 0x5D, 0x7D, 0x5D, 0x7D, 0x5D, 0x7D, 0x5D, 0x7D, 0x5D, 0x7D, 0x5D, 0x7D,
    0x5D, 0x7D, 0x5D, 0x7D, 0x5D, 0x7D, 0x5D, 0x7D, 0x5D, 0x7D, 0x5D, 0x7D, 0x5D, 0x7D, 0x5D, 0x7D, 0x5D, 0x7D, 0x5D,
    0x7D, 0x5D, 0x7D, 0x5D, 0x7D, 0x5D, 0x89, 0x43, 0x89, 0x43, 0x89, 0x43, 0x89, 0x43, 0x89, 0x43, 0x89, 0x43, 0x89,
    0x43, 0x89, 0x43, 0x89, 0x43, 0x89, 0x43, 0x89, 0x43, 0x89, 0x43, 0x89, 0x43, 0x89, 0x43, 0x89, 0x43, 0x89, 0x43,
    0x89, 0x43, 0x89, 0x43, 0x89, 0x43, 0x89, 0x43, 0x89, 0x43, 0x89, 0x43, 0x89, 0x43, 0x89, 0x43, 0x89, 0x43, 0x89,
    0x43, 0x89, 0x43, 0x89, 0x43, 0x89, 0x43, 0x89, 0x43, 0x89, 0x43, 0x89, 0x43, 0x89, 0x43, 0x89, 0x43, 0x89, 0x43,
    0x89, 0x43, 0x89, 0x43, 0x89, 0x43, 0x89, 0x43, 0x89, 0x43, 0x89, 0x43, 0x89, 0x43, 0x89, 0x43, 0x89, 0x43, 0x89,
    0x43, 0x89, 0x43, 0x89, 0x43, 0x89, 0x43, 0x89, 0x43, 0x89, 0x43, 0x89, 0x43, 0x89, 0x43, 0x89, 0x43, 0x89, 0x43,
    0x89, 0x43, 0x89, 0x43, 0x89, 0x43, 0x89, 0x43, 0x89, 0x43, 0x89, 0x43, 0x89, 0x43, 0x89, 0x43, 0x89, 0x43, 0x89,
    0x43, 0x89, 0x43, 0x89, 0x43, 0x89, 0x43, 0x89, 0x43, 0x89, 0x43, 0x89, 0x43, 0x89, 0x43, 0x89, 0x43, 0x89, 0x43,
    0x89, 0x43, 0x89, 0x43, 0x89, 0x43, 0x89, 0x43, 0x89, 0x43, 0x89, 0x43, 0x89, 0x43, 0x89, 0x43, 0x89, 0x43, 0x89,
    0x43, 0x69, 0xFE, 0x69, 0xFE, 0x69, 0xFE, 0x69, 0xFE, 0x69, 0xFE, 0x69, 0xFE, 0x69, 0xFE, 0x69, 0xFE, 0x69, 0xFE,
    0x69, 0xFE, 0x69, 0xFE, 0x69, 0xFE, 0x69, 0xFE, 0x69, 0xFE, 0x69, 0xFE, 0x69, 0xFE, 0x69, 0xFE, 0x69, 0xFE, 0x69,
    0xFE, 0x69, 0xFE, 0x69, 0xFE, 0x69, 0xFE, 0x69, 0xFE, 0x69, 0xFE, 0x69, 0xFE, 0x69, 0xFE, 0x69, 0xFE, 0x69, 0xFE,
    0x69, 0xFE, 0x69, 0xFE, 0x69, 0xFE, 0x69, 0xFE, 0x69, 0xFE, 0x69, 0xFE, 0x69, 0xFE, 0x69, 0xFE, 0x69, 0xFE, 0x69,
    0xFE, 0x69, 0xFE, 0x69, 0xFE, 0x69, 0xFE, 0x69, 0xFE, 0x69, 0xFE, 0x69, 0xFE, 0x69, 0xFE, 0x69, 0xFE, 0x69, 0xFE,
    0x69, 0xFE, 0x69, 0xFE, 0x69, 0xFE, 0x69, 0xFE, 0x69, 0xFE, 0x69, 0xFE, 0x69, 0xFE, 0x69, 0xFE, 0x69, 0xFE, 0x69,
    0xFE, 0x69, 0xFE, 0x69, 0xFE, 0x69, 0xFE, 0x69, 0xFE, 0x69, 0xFE, 0x69, 0xFE, 0x69, 0xFE, 0x69, 0xFE, 0x69, 0xFE,
    0x69, 0xFE, 0x69, 0xFE, 0x69, 0xFE, 0x69, 0xFE, 0x69, 0xFE, 0x69, 0xFE, 0x69, 0xFE, 0x69, 0xFE, 0x69, 0xFE, 0x69,
    0xFE, 0x69, 0xFE, 0x69, 0xFE, 0x69, 0xFE, 0x69, 0xFE, 0x69, 0xFE, 0x69, 0xFE, 0x69, 0xFE, 0x69, 0xFE, 0x69, 0xFE,
    0x69, 0xFE, 0x69, 0xFE, 0x69, 0xFE, 0x69, 0xFE, 0x69, 0xFE, 0x69, 0xFE, 0x69, 0xFE, 0x69, 0xFE, 0x69, 0xFE, 0x69,
    0xFE, 0x69, 0xFE, 0x69, 0xFE, 0x69, 0xFE, 0x69, 0xFE, 0x69, 0xFE, 0x69, 0xFE, 0x69, 0xFE, 0x69, 0xFE, 0x69, 0xFE,
    0x69, 0xFE, 0x69, 0xFE, 0x69, 0xFE, 0x69, 0xFE, 0x69, 0xFE, 0x69, 0xFE, 0x69, 0xFE, 0x69, 0xFE, 0x69, 0xFE, 0x69,
    0xFE, 0x69, 0xFE, 0x69, 0xFE, 0x69, 0xFE, 0x69, 0xFE, 0x69, 0xFE, 0x69, 0xFE, 0x69, 0xFE, 0x69, 0xFE, 0x69, 0xFE,
    0x69, 0xFE, 0x69, 0xFE, 0x69, 0xFE, 0x69, 0xFE, 0x69, 0xFE, 0x69, 0xFE, 0x69, 0xFE, 0x69, 0xFE, 0x69, 0xFE, 0x69,
    0xFE, 0x69, 0xFE, 0x7D, 0x5D, 0x7D, 0x5D, 0x7D, 0x5D, 0x7D, 0x5D, 0x7D, 0x5D, 0x7D, 0x5D, 0x7D, 0x5D, 0x7D, 0x5D,
    0x7D, 0x5D, 0x7D, 0x5D, 0x7D, 0x5D, 0x7D, 0x5D, 0x7D, 0x5D, 0x7D, 0x5D, 0x7D, 0x5D, 0x7D, 0x5D, 0x7D, 0x5D, 0x7D,
    0x5D, 0x7D, 0x5D, 0x7D, 0x5D, 0x7D, 0x5D, 0x7D, 0x5D, 0x7D, 0x5D, 0x7D, 0x5D, 0x7D, 0x5D, 0x7D, 0x5D, 0x89, 0x43,
    0x89, 0x43, 0x89, 0x43, 0x89, 0x43, 0x89, 0x43, 0x89, 0x43, 0x89, 0x43, 0x89, 0x43, 0x89, 0x43, 0x89, 0x43, 0x89,
    0x43, 0x89, 0x43, 0x89, 0x43, 0x89, 0x43, 0x89, 0x43, 0x89, 0x43, 0x89, 0x43, 0x89, 0x43, 0x89, 0x43, 0x89, 0x43,
    0x89, 0x43, 0x89, 0x43, 0x89, 0x43, 0x89, 0x43, 0x89, 0x43, 0x89, 0x43, 0x89, 0x43, 0x89, 0x43, 0x89, 0x43, 0x89,
    0x43, 0x89, 0x43, 0x89, 0x43, 0x89, 0x43, 0x89, 0x43, 0x89, 0x43, 0x89, 0x43, 0x89, 0x43, 0x89, 0x43, 0x89, 0x43,
    0x89, 0x43, 0x89, 0x43, 0x89, 0x43, 0x89, 0x43, 0x89, 0x43, 0x89, 0x43, 0x89, 0x43, 0x89, 0x43, 0x89, 0x43, 0x89,
    0x43, 0x89, 0x43, 0x89, 0x43, 0x89, 0x43, 0x89, 0x43, 0x89, 0x43, 0x89, 0x43, 0x89, 0x43, 0x89, 0x43, 0x89, 0x43,
    0x89, 0x43, 0x89, 0x43, 0x89, 0x43, 0x89, 0x43, 0x89, 0x43, 0x89, 0x43, 0x89, 0x43, 0x89, 0x43, 0x89, 0x43, 0x89,
    0x43, 0x89, 0x43, 0x89, 0x43, 0x89, 0x43, 0x89, 0x43, 0x89, 0x43, 0x89, 0x43, 0x89, 0x43, 0x89, 0x43, 0x89, 0x43,
    0x89, 0x43, 0x89, 0x43, 0x89, 0x43, 0x69, 0xFE, 0x69, 0xFE, 0x69, 0xFE, 0x69, 0xFE, 0x69, 0xFE, 0x69, 0xFE, 0x69,
    0xFE, 0x69, 0xFE, 0x69, 0xFE, 0x69, 0xFE, 0x69, 0xFE, 0x69, 0xFE, 0x69, 0xFE, 0x69, 0xFE, 0x69, 0xFE, 0x69, 0xFE,
    0x69, 0xFE, 0x69, 0xFE, 0x69, 0xFE, 0x69, 0xFE, 0x69, 0xFE, 0x69, 0xFE, 0x69, 0xFE, 0x69, 0xFE, 0x69, 0xFE, 0x69,
    0xFE, 0x69, 0xFE, 0x69, 0xFE, 0x69, 0xFE, 0x69, 0xFE, 0x69, 0xFE, 0x69, 0xFE, 0x69, 0xFE, 0x69, 0xFE, 0x69, 0xFE,
    0x69, 0xFE, 0x69, 0xFE, 0x69, 0xFE, 0x69, 0xFE, 0x69, 0xFE, 0x69, 0xFE, 0x69, 0xFE, 0x69, 0xFE, 0x69, 0xFE, 0x69,
    0xFE, 0x69, 0xFE, 0x69, 0xFE, 0x69, 0xFE, 0x69, 0xFE, 0x69, 0xFE, 0x69, 0xFE, 0x69, 0xFE, 0x69, 0xFE, 0x69, 0xFE,
    0x69, 0xFE, 0x69, 0xFE, 0x69, 0xFE, 0x69, 0xFE, 0x69, 0xFE, 0x69, 0xFE, 0x69, 0xFE, 0x69, 0xFE, 0x69, 0xFE, 0x69,
    0xFE, 0x69, 0xFE, 0x69, 0xFE, 0x69, 0xFE, 0x69, 0xFE, 0x69, 0xFE, 0x69, 0xFE, 0x69, 0xFE, 0x69, 0xFE, 0x69, 0xFE,
    0x69, 0xFE, 0x69, 0xFE, 0x69, 0xFE, 0x69, 0xFE, 0x69, 0xFE, 0x69, 0xFE, 0x69, 0xFE, 0x69, 0xFE, 0x69, 0xFE, 0x69,
    0xFE, 0x69, 0xFE, 0x69, 0xFE, 0x69, 0xFE, 0x69, 0xFE, 0x69, 0xFE, 0x69, 0xFE, 0x69, 0xFE, 0x69, 0xFE, 0x69, 0xFE,
    0x69, 0xFE, 0x69, 0xFE, 0x69, 0xFE, 0x69, 0xFE, 0x69, 0xFE, 0x69, 0xFE, 0x69, 0xFE, 0x69, 0xFE, 0x69, 0xFE, 0x69,
    0xFE, 0x69, 0xFE, 0x69, 0xFE, 0x69, 0xFE, 0x69, 0xFE, 0x69, 0xFE, 0x69, 0xFE, 0x69, 0xFE, 0x69, 0xFE, 0x69, 0xFE,
    0x69, 0xFE, 0x69, 0xFE, 0x69, 0xFE, 0x69, 0xFE, 0x69, 0xFE, 0x69, 0xFE, 0x69, 0xFE, 0x69, 0xFE, 0x69, 0xFE, 0x69,
    0xFE, 0x69, 0xFE, 0x69, 0xFE, 0x69, 0xFE, 0x69, 0xFE, 0x69, 0xFE, 0x69, 0xFE, 0x69, 0xFE, 0x69, 0xFE, 0x69, 0xFE,
    0x69, 0xFE, 0x69, 0xFE, 0x69, 0xFE, 0x69, 0xFE, 0x7D, 0x5D, 0x7D, 0x5D, 0x7D, 0x5D, 0x7D, 0x5D, 0x7D, 0x5D, 0x7D,
    0x5D, 0x7D, 0x5D, 0x7D, 0x5D, 0x7D, 0x5D, 0x7D, 0x5D, 0x7D, 0x5D, 0x7D, 0x5D, 0x7D, 0x5D, 0x7D, 0x5D, 0x7D, 0x5D,
    0x7D, 0x5D, 0x7D, 0x5D, 0x7D, 0x5D, 0x7D, 0x5D, 0x7D, 0x5D, 0x7D, 0x5D, 0x7D, 0x5D, 0x7D, 0x5D, 0x7D, 0x5D, 0x7D,
    0x5D, 0x7D, 0x5D, 0x89, 0x43, 0x89, 0x43, 0x89, 0x43, 0x89, 0x43, 0x89, 0x43, 0x89, 0x43, 0x89, 0x43, 0x89, 0x43,
    0x89, 0x43, 0x89, 0x43, 0x89, 0x43, 0x89, 0x43, 0x89, 0x43, 0x89, 0x43, 0x89, 0x43, 0x89, 0x43, 0x89, 0x43, 0x89,
    0x43, 0x89, 0x43, 0x89, 0x43, 0x89, 0x43, 0x89, 0x43, 0x89, 0x43, 0x89, 0x43, 0x89, 0x43, 0x89, 0x43, 0x89, 0x43,
    0x89, 0x43, 0x89, 0x43, 0x89, 0x43, 0x89, 0x43, 0x89, 0x43, 0x89, 0x43, 0x89, 0x43, 0x89, 0x43, 0x89, 0x43, 0x89,
    0x43, 0x89, 0x43, 0x89, 0x43, 0x89, 0x43, 0x89, 0x43, 0x89, 0x43, 0x89, 0x43, 0x89, 0x43, 0x89, 0x43, 0x89, 0x43,
    0x89, 0x43, 0x89, 0x43, 0x89, 0x43, 0x89, 0x43, 0x89, 0x43, 0x89, 0x43, 0x89, 0x43, 0x89, 0x43, 0x89, 0x43, 0x89,
    0x43, 0x89, 0x43, 0x89, 0x43, 0x89, 0x43, 0x89, 0x43, 0x89, 0x43, 0x89, 0x43, 0x89, 0x43, 0x89, 0x43, 0x89, 0x43,
    0x89, 0x43, 0x89, 0x43, 0x89, 0x43, 0x89, 0x43, 0x89, 0x43, 0x89, 0x43, 0x89, 0x43, 0x89, 0x43, 0x89, 0x43, 0x89,
    0x43, 0x89, 0x43, 0x89, 0x43, 0x89, 0x43, 0x89, 0x43, 0x89, 0x43, 0x69, 0xFE, 0x69, 0xFE, 0x69, 0xFE, 0x69, 0xFE,
    0x69, 0xFE, 0x69, 0xFE, 0x69, 0xFE, 0x69, 0xFE, 0x69, 0xFE, 0x69, 0xFE, 0x69, 0xFE, 0x69, 0xFE, 0x69, 0xFE, 0x69,
    0xFE, 0x69, 0xFE, 0x69, 0xFE, 0x69, 0xFE, 0x69, 0xFE, 0x69, 0xFE, 0x69, 0xFE, 0x69, 0xFE, 0x69, 0xFE, 0x69, 0xFE,
    0x69, 0xFE, 0x69, 0xFE, 0x69, 0xFE, 0x69, 0xFE, 0x69, 0xFE, 0x69, 0xFE, 0x69, 0xFE, 0x69, 0xFE, 0x69, 0xFE, 0x69,
    0xFE, 0x69, 0xFE, 0x69, 0xFE, 0x69, 0xFE, 0x69, 0xFE, 0x69, 0xFE, 0x69, 0xFE, 0x69, 0xFE, 0x69, 0xFE, 0x69, 0xFE,
    0x69, 0xFE, 0x69, 0xFE, 0x69, 0xFE, 0x69, 0xFE, 0x69, 0xFE, 0x69, 0xFE, 0x69, 0xFE, 0x69, 0xFE, 0x69, 0xFE, 0x69,
    0xFE, 0x69, 0xFE, 0x69, 0xFE, 0x69, 0xFE, 0x69, 0xFE, 0x69, 0xFE, 0x69, 0xFE, 0x69, 0xFE, 0x69, 0xFE, 0x69, 0xFE,
    0x69, 0xFE, 0x69, 0xFE, 0x69, 0xFE, 0x69, 0xFE, 0x69, 0xFE, 0x69, 0xFE, 0x69, 0xFE, 0x69, 0xFE, 0x69, 0xFE, 0x69,
    0xFE, 0x69, 0xFE, 0x69, 0xFE, 0x69, 0xFE, 0x69, 0xFE, 0x69, 0xFE, 0x69, 0xFE, 0x69, 0xFE, 0x69, 0xFE, 0x69, 0xFE,
    0x69, 0xFE, 0x69, 0xFE, 0x69, 0xFE, 0x69, 0xFE, 0x69, 0xFE, 0x69, 0xFE, 0x69, 0xFE, 0x69, 0xFE, 0x69, 0xFE, 0x69,
    0xFE, 0x69, 0xFE, 0x69, 0xFE, 0x69, 0xFE, 0x69, 0xFE, 0x69, 0xFE, 0x69, 0xFE, 0x69, 0xFE, 0x69, 0xFE, 0x69, 0xFE,
    0x69, 0xFE, 0x69, 0xFE, 0x69, 0xFE, 0x69, 0xFE, 0x69, 0xFE, 0x69, 0xFE, 0x69, 0xFE, 0x69, 0xFE, 0x69, 0xFE, 0x69,
    0xFE, 0x69, 0xFE, 0x69, 0xFE, 0x69, 0xFE, 0x69, 0xFE, 0x69, 0xFE, 0x69, 0xFE, 0x69, 0xFE, 0x69, 0xFE, 0x69, 0xFE,
    0x69, 0xFE, 0x69, 0xFE, 0x69, 0xFE, 0x69, 0xFE, 0x69, 0xFE, 0x69, 0xFE, 0x69, 0xFE, 0x69, 0xFE, 0x69, 0xFE, 0x69,
    0xFE, 0x69, 0xFE, 0x69, 0xFE, 0x69, 0xFE, 0x69, 0xFE, 0x69, 0xFE, 0x69, 0xFE, 0x7D, 0x5D, 0x7D, 0x5D, 0x7D, 0x5D,
    0x7D, 0x5D, 0x7D, 0x5D, 0x7D, 0x5D, 0x7D, 0x5D, 0x7D, 0x5D, 0x7D, 0x5D, 0x7D, 0x5D, 0x7D, 0x5D, 0x7D, 0x5D, 0x7D,
    0x5D, 0x7D, 0x5D, 0x7D, 0x5D, 0x7D, 0x5D, 0x7D, 0x5D, 0x7D, 0x5D, 0x7D, 0x5D, 0x7D, 0x5D, 0x7D, 0x5D, 0x7D, 0x5D,
    0x7D, 0x5D, 0x7D, 0x5D, 0x7D, 0x5D, 0x7D, 0x5D, 0x89, 0x43, 0x89, 0x43, 0x89, 0x43, 0x89, 0x43, 0x89, 0x43, 0x89,
    0x43, 0x89, 0x43, 0x89, 0x43, 0x89, 0x43, 0x89, 0x43, 0x89, 0x43, 0x89, 0x43, 0x89, 0x43, 0x89, 0x43, 0x89, 0x43,
    0x89, 0x43, 0x89, 0x43, 0x89, 0x43, 0x89, 0x43, 0x89, 0x43, 0x89, 0x43, 0x89, 0x43, 0x89, 0x43, 0x89, 0x43, 0x89,
    0x43, 0x89, 0x43, 0x89, 0x43, 0x89, 0x43, 0x89, 0x43, 0x89, 0x43, 0x89, 0x43, 0x89, 0x43, 0x89, 0x43, 0x89, 0x43,
    0x89, 0x43, 0x89, 0x43, 0x89, 0x43, 0x89, 0x43, 0x89, 0x43, 0x89, 0x43, 0x89, 0x43, 0x89, 0x43, 0x89, 0x43, 0x89,
    0x43, 0x89, 0x43, 0x89, 0x43, 0x89, 0x43, 0x89, 0x43, 0x89, 0x43, 0x89, 0x43, 0x89, 0x43, 0x89, 0x43, 0x89, 0x43,
    0x89, 0x43, 0x89, 0x43, 0x89, 0x43, 0x89, 0x43, 0x89, 0x43, 0x89, 0x43, 0x89, 0x43, 0x89, 0x43, 0x89, 0x43, 0x89,
    0x43, 0x89, 0x43, 0x89, 0x43, 0x89, 0x43, 0x89, 0x43, 0x89, 0x43, 0x89, 0x43, 0x89, 0x43, 0x89, 0x43, 0x89, 0x43,
    0x89, 0x43, 0x89, 0x43, 0x69, 0xFE, 0x69, 0xFE, 0x69, 0xFE, 0x69, 0xFE, 0x69, 0xFE, 0x69, 0xFE, 0x69, 0xFE, 0x69,
    0xFE, 0x69, 0xFE, 0x69, 0xFE, 0x69, 0xFE, 0x69, 0xFE, 0x69, 0xFE, 0x69, 0xFE, 0x69, 0xFE, 0x69, 0xFE, 0x69, 0xFE,
    0x69, 0xFE, 0x69, 0xFE, 0x69, 0xFE, 0x69, 0xFE, 0x69, 0xFE, 0x69, 0xFE, 0x69, 0xFE, 0x69, 0xFE, 0x69, 0xFE, 0x69,
    0xFE, 0x69, 0xFE, 0x69, 0xFE, 0x69, 0xFE, 0x69, 0xFE, 0x69, 0xFE, 0x69, 0xFE, 0x69, 0xFE, 0x69, 0xFE, 0x69, 0xFE,
    0x69, 0xFE, 0x69, 0xFE, 0x69, 0xFE, 0x69, 0xFE, 0x69, 0xFE, 0x69, 0xFE, 0x69, 0xFE, 0x69, 0xFE, 0x69, 0xFE, 0x69,
    0xFE, 0x69, 0xFE, 0x69, 0xFE, 0x69, 0xFE, 0x69, 0xFE, 0x69, 0xFE, 0x69, 0xFE, 0x69, 0xFE, 0x69, 0xFE, 0x69, 0xFE,
    0x69, 0xFE, 0x69, 0xFE, 0x69, 0xFE, 0x69, 0xFE, 0x69, 0xFE, 0x69, 0xFE, 0x69, 0xFE, 0x69, 0xFE, 0x69, 0xFE, 0x69,
    0xFE, 0x69, 0xFE, 0x69, 0xFE, 0x69, 0xFE, 0x69, 0xFE, 0x69, 0xFE, 0x69, 0xFE, 0x69, 0xFE, 0x69, 0xFE, 0x69, 0xFE,
    0x69, 0xFE, 0x69, 0xFE, 0x69, 0xFE, 0x69, 0xFE, 0x69, 0xFE, 0x69, 0xFE, 0x69, 0xFE, 0x69, 0xFE, 0x69, 0xFE, 0x69,
    0xFE, 0x69, 0xFE, 0x69, 0xFE, 0x69, 0xFE, 0x69, 0xFE, 0x69, 0xFE, 0x69, 0xFE, 0x69, 0xFE, 0x69, 0xFE, 0x69, 0xFE,
    0x69, 0xFE, 0x69, 0xFE, 0x69, 0xFE, 0x69, 0xFE, 0x69, 0xFE, 0x69, 0xFE, 0x69, 0xFE, 0x69, 0xFE, 0x69, 0xFE, 0x69,
    0xFE, 0x69, 0xFE, 0x69, 0xFE, 0x69, 0xFE, 0x69, 0xFE, 0x69, 0xFE, 0x69, 0xFE, 0x69, 0xFE, 0x69, 0xFE, 0x69, 0xFE,
    0x69, 0xFE, 0x69, 0xFE, 0x69, 0xFE, 0x69, 0xFE, 0x69, 0xFE, 0x69, 0xFE, 0x69, 0xFE, 0x69, 0xFE, 0x69, 0xFE, 0x69,
    0xFE, 0x69, 0xFE, 0x69, 0xFE, 0x69, 0xFE, 0x69, 0xFE, 0x69, 0xFE, 0x69, 0xFE, 0x69, 0xFE, 0x69, 0xFE, 0x69, 0xFE,
    0x69, 0xFE, 0x69, 0xFE, 0x69, 0xFE, 0x69, 0xFE, 0x69, 0xFE, 0x4A, 0xF6, 0x4A, 0xF6, 0x4A, 0xF6, 0x4A, 0xF6, 0x9B,
    0x6D, 0x9B, 0x6D, 0x9B, 0x6D, 0x7D, 0x5D, 0x7D, 0x5D, 0x7D, 0x5D, 0x7D, 0x5D, 0x7D, 0x5D, 0x7D, 0x5D, 0x7D, 0x5D,
    0x7D, 0x5D, 0x7D, 0x5D, 0x7D, 0x5D, 0x7D, 0x5D, 0x7D, 0x5D, 0x7D, 0x5D, 0x7D, 0x5D, 0x7D, 0x5D, 0x7D, 0x5D, 0x7D,
    0x5D, 0x7D, 0x5D, 0x7D, 0x5D, 0x7D, 0x5D, 0x7D, 0x5D, 0x7D, 0x5D, 0x7D, 0x5D, 0x7D, 0x5D, 0x7D, 0x5D, 0x7D, 0x5D,
    0x7D, 0x5D, 0x89, 0x43, 0x89, 0x43, 0x89, 0x43, 0x89, 0x43, 0x89, 0x43, 0x89, 0x43, 0x89, 0x43, 0x89, 0x43, 0x89,
    0x43, 0x89, 0x43, 0x89, 0x43, 0x89, 0x43, 0x89, 0x43, 0x89, 0x43, 0x89, 0x43, 0x89, 0x43, 0x89, 0x43, 0x89, 0x43,
    0x89, 0x43, 0x89, 0x43, 0x89, 0x43, 0x89, 0x43, 0x89, 0x43, 0x89, 0x43, 0x89, 0x43, 0x89, 0x43, 0x89, 0x43, 0x89,
    0x43, 0x89, 0x43, 0x89, 0x43, 0x89, 0x43, 0x89, 0x43, 0x89, 0x43, 0x89, 0x43, 0x89, 0x43, 0x89, 0x43, 0x89, 0x43,
    0x89, 0x43, 0x89, 0x43, 0x89, 0x43, 0x89, 0x43, 0x89, 0x43, 0x89, 0x43, 0x89, 0x43, 0x89, 0x43, 0x89, 0x43, 0x89,
    0x43, 0x89, 0x43, 0x89, 0x43, 0x89, 0x43, 0x89, 0x43, 0x89, 0x43, 0x89, 0x43, 0x89, 0x43, 0x89, 0x43, 0x89, 0x43,
    0x89, 0x43, 0x89, 0x43, 0x89, 0x43, 0x89, 0x43, 0x89, 0x43, 0x89, 0x43, 0x89, 0x43, 0x89, 0x43, 0x89, 0x43, 0x89,
    0x43, 0x89, 0x43, 0x89, 0x43, 0x89, 0x43, 0x89, 0x43, 0x69, 0xFE, 0x69, 0xFE, 0x69, 0xFE, 0x69, 0xFE, 0x69, 0xFE,
    0x69, 0xFE, 0x69, 0xFE, 0x69, 0xFE, 0x69, 0xFE, 0x69, 0xFE, 0x69, 0xFE, 0x69, 0xFE, 0x69, 0xFE, 0x69, 0xFE, 0x69,
    0xFE, 0x69, 0xFE, 0x69, 0xFE, 0x69, 0xFE, 0x69, 0xFE, 0x69, 0xFE, 0x69, 0xFE, 0x69, 0xFE, 0x69, 0xFE, 0x69, 0xFE,
    0x69, 0xFE, 0x69, 0xFE, 0x69, 0xFE, 0x69, 0xFE, 0x69, 0xFE, 0x69, 0xFE, 0x69, 0xFE, 0x69, 0xFE, 0x69, 0xFE, 0x69,
    0xFE, 0x69, 0xFE, 0x69, 0xFE, 0x69, 0xFE, 0x69, 0xFE, 0x69, 0xFE, 0x69, 0xFE, 0x69, 0xFE, 0x69, 0xFE, 0x69, 0xFE,
    0x69, 0xFE, 0x69, 0xFE, 0x69, 0xFE, 0x69, 0xFE, 0x69, 0xFE, 0x69, 0xFE, 0x69, 0xFE, 0x69, 0xFE, 0x69, 0xFE, 0x69,
    0xFE, 0x69, 0xFE, 0x69, 0xFE, 0x69, 0xFE, 0x69, 0xFE, 0x69, 0xFE, 0x69, 0xFE, 0x69, 0xFE, 0x69, 0xFE, 0x69, 0xFE,
    0x69, 0xFE, 0x69, 0xFE, 0x69, 0xFE, 0x69, 0xFE, 0x69, 0xFE, 0x69, 0xFE, 0x69, 0xFE, 0x69, 0xFE, 0x69, 0xFE, 0x69,
    0xFE, 0x69, 0xFE, 0x69, 0xFE, 0x69, 0xFE, 0x69, 0xFE, 0x69, 0xFE, 0x69, 0xFE, 0x69, 0xFE, 0x69, 0xFE, 0x69, 0xFE,
    0x69, 0xFE, 0x69, 0xFE, 0x69, 0xFE, 0x69, 0xFE, 0x69, 0xFE, 0x69, 0xFE, 0x69, 0xFE, 0x69, 0xFE, 0x69, 0xFE, 0x69,
    0xFE, 0x69, 0xFE, 0x69, 0xFE, 0x69, 0xFE, 0x69, 0xFE, 0x69, 0xFE, 0x69, 0xFE, 0x69, 0xFE, 0x69, 0xFE, 0x69, 0xFE,
    0x69, 0xFE, 0x69, 0xFE, 0x69, 0xFE, 0x69, 0xFE, 0x69, 0xFE, 0x69, 0xFE, 0x69, 0xFE, 0x69, 0xFE, 0x69, 0xFE, 0x69,
    0xFE, 0x69, 0xFE, 0x69, 0xFE, 0x69, 0xFE, 0x69, 0xFE, 0x69, 0xFE, 0x69, 0xFE, 0x69, 0xFE, 0x69, 0xFE, 0x69, 0xFE,
    0x69, 0xFE, 0x69, 0xFE, 0x69, 0xFE, 0x69, 0xFE, 0x69, 0xFE, 0x69, 0xFE, 0x69, 0xFE, 0x69, 0xFE, 0x69, 0xFE, 0x69,
    0xFE, 0x69, 0xFE, 0x69, 0xFE, 0x69, 0xFE, 0x69, 0xFE, 0x69, 0xFE, 0x69, 0xFE, 0x69, 0xFE, 0x4A, 0xF6, 0x4A, 0xF6,
    0x4A, 0xF6, 0x4A, 0xF6, 0x9B, 0x6D, 0x9B, 0x6D, 0x9B, 0x6D, 0x7D, 0x5D, 0x7D, 0x5D, 0x7D, 0x5D, 0x7D, 0x5D, 0x7D,
    0x5D, 0x7D, 0x5D, 0x7D, 0x5D, 0x7D, 0x5D, 0x7D, 0x5D, 0x7D, 0x5D, 0x7D, 0x5D, 0x7D, 0x5D, 0x7D, 0x5D, 0x7D, 0x5D,
    0x7D, 0x5D, 0x7D, 0x5D, 0x7D, 0x5D, 0x7D, 0x5D, 0x7D, 0x5D, 0x7D, 0x5D, 0x7D, 0x5D, 0x7D, 0x5D, 0x7D, 0x5D, 0x7D,
    0x5D, 0x7D, 0x5D, 0x7D, 0x5D, 0x7D, 0x5D, 0x89, 0x43, 0x89, 0x43, 0x89, 0x43, 0x89, 0x43, 0x89, 0x43, 0x89, 0x43,
    0x89, 0x43, 0x89, 0x43, 0x89, 0x43, 0x89, 0x43, 0x89, 0x43, 0x89, 0x43, 0x89, 0x43, 0x89, 0x43, 0x89, 0x43, 0x89,
    0x43, 0x89, 0x43, 0x89, 0x43, 0x89, 0x43, 0x89, 0x43, 0x89, 0x43, 0x89, 0x43, 0x89, 0x43, 0x89, 0x43, 0x89, 0x43,
    0x89, 0x43, 0x89, 0x43, 0x89, 0x43, 0x89, 0x43, 0x89, 0x43, 0x89, 0x43, 0x89, 0x43, 0x89, 0x43, 0x89, 0x43, 0x89,
    0x43, 0x89, 0x43, 0x89, 0x43, 0x89, 0x43, 0x89, 0x43, 0x89, 0x43, 0x89, 0x43, 0x89, 0x43, 0x89, 0x43, 0x89, 0x43,
    0x89, 0x43, 0x89, 0x43, 0x89, 0x43, 0x89, 0x43, 0x89, 0x43, 0x89, 0x43, 0x89, 0x43, 0x89, 0x43, 0x89, 0x43, 0x89,
    0x43, 0x89, 0x43, 0x89, 0x43, 0x89, 0x43, 0x89, 0x43, 0x89, 0x43, 0x89, 0x43, 0x89, 0x43, 0x89, 0x43, 0x89, 0x43,
    0x89, 0x43, 0x89, 0x43, 0x89, 0x43, 0x89, 0x43, 0x89, 0x43, 0x89, 0x43, 0x89, 0x43, 0x69, 0xFE, 0x69, 0xFE, 0x69,
    0xFE, 0x69, 0xFE, 0x69, 0xFE, 0x69, 0xFE, 0x69, 0xFE, 0x69, 0xFE, 0x69, 0xFE, 0x69, 0xFE, 0x69, 0xFE, 0x69, 0xFE,
    0x69, 0xFE, 0x69, 0xFE, 0x69, 0xFE, 0x69, 0xFE, 0x69, 0xFE, 0x69, 0xFE, 0x69, 0xFE, 0x69, 0xFE, 0x69, 0xFE, 0x69,
    0xFE, 0x69, 0xFE, 0x69, 0xFE, 0x69, 0xFE, 0x69, 0xFE, 0x69, 0xFE, 0x69, 0xFE, 0x69, 0xFE, 0x69, 0xFE, 0x69, 0xFE,
    0x69, 0xFE, 0x69, 0xFE, 0x69, 0xFE, 0x69, 0xFE, 0x69, 0xFE, 0x69, 0xFE, 0x69, 0xFE, 0x69, 0xFE, 0x69, 0xFE, 0x69,
    0xFE, 0x69, 0xFE, 0x69, 0xFE, 0x69, 0xFE, 0x69, 0xFE, 0x69, 0xFE, 0x69, 0xFE, 0x69, 0xFE, 0x69, 0xFE, 0x69, 0xFE,
    0x69, 0xFE, 0x69, 0xFE, 0x69, 0xFE, 0x69, 0xFE, 0x69, 0xFE, 0x69, 0xFE, 0x69, 0xFE, 0x69, 0xFE, 0x69, 0xFE, 0x69,
    0xFE, 0x69, 0xFE, 0x69, 0xFE, 0x69, 0xFE, 0x69, 0xFE, 0x69, 0xFE, 0x69, 0xFE, 0x69, 0xFE, 0x69, 0xFE, 0x69, 0xFE,
    0x69, 0xFE, 0x69, 0xFE, 0x69, 0xFE, 0x69, 0xFE, 0x69, 0xFE, 0x69, 0xFE, 0x69, 0xFE, 0x69, 0xFE, 0x69, 0xFE, 0x69,
    0xFE, 0x69, 0xFE, 0x69, 0xFE, 0x69, 0xFE, 0x69, 0xFE, 0x69, 0xFE, 0x69, 0xFE, 0x69, 0xFE, 0x69, 0xFE, 0x69, 0xFE,
    0x69, 0xFE, 0x69, 0xFE, 0x69, 0xFE, 0x69, 0xFE, 0x69, 0xFE, 0x69, 0xFE, 0x69, 0xFE, 0x69, 0xFE, 0x69, 0xFE, 0x69,
    0xFE, 0x69, 0xFE, 0x69, 0xFE, 0x69, 0xFE, 0x69, 0xFE, 0x69, 0xFE, 0x69, 0xFE, 0x69, 0xFE, 0x69, 0xFE, 0x69, 0xFE,
    0x69, 0xFE, 0x69, 0xFE, 0x69, 0xFE, 0x69, 0xFE, 0x69, 0xFE, 0x69, 0xFE, 0x69, 0xFE, 0x69, 0xFE, 0x69, 0xFE, 0x69,
    0xFE, 0x69, 0xFE, 0x69, 0xFE, 0x69, 0xFE, 0x69, 0xFE, 0x69, 0xFE, 0x69, 0xFE, 0x69, 0xFE, 0x69, 0xFE, 0x69, 0xFE,
    0x69, 0xFE, 0x69, 0xFE, 0x69, 0xFE, 0x69, 0xFE, 0x69, 0xFE, 0x69, 0xFE, 0x69, 0xFE, 0x69, 0xFE, 0x69, 0xFE, 0x69,
    0xFE, 0x4A, 0xF6, 0x4A, 0xF6, 0x4A, 0xF6, 0x4A, 0xF6, 0x9B, 0x6D, 0x9B, 0x6D, 0x9B, 0x6D, 0x7D, 0x5D, 0x7D, 0x5D,
    0x7D, 0x5D, 0x7D, 0x5D, 0x7D, 0x5D, 0x7D, 0x5D, 0x7D, 0x5D, 0x7D, 0x5D, 0x7D, 0x5D, 0x7D, 0x5D, 0x7D, 0x5D, 0x7D,
    0x5D, 0x7D, 0x5D, 0x7D, 0x5D, 0x7D, 0x5D, 0x7D, 0x5D, 0x7D, 0x5D, 0x7D, 0x5D, 0x7D, 0x5D, 0x7D, 0x5D, 0x7D, 0x5D,
    0x7D, 0x5D, 0x7D, 0x5D, 0x7D, 0x5D, 0x7D, 0x5D, 0x7D, 0x5D, 0x7D, 0x5D, 0x89, 0x43, 0x89, 0x43, 0x89, 0x43, 0x89,
    0x43, 0x89, 0x43, 0x89, 0x43, 0x89, 0x43, 0x89, 0x43, 0x89, 0x43, 0x89, 0x43, 0x89, 0x43, 0x89, 0x43, 0x89, 0x43,
    0x89, 0x43, 0x89, 0x43, 0x89, 0x43, 0x89, 0x43, 0x89, 0x43, 0x89, 0x43, 0x89, 0x43, 0x89, 0x43, 0x89, 0x43, 0x89,
    0x43, 0x89, 0x43, 0x89, 0x43, 0x89, 0x43, 0x89, 0x43, 0x89, 0x43, 0x89, 0x43, 0x89, 0x43, 0x89, 0x43, 0x89, 0x43,
    0x89, 0x43, 0x89, 0x43, 0x89, 0x43, 0x89, 0x43, 0x89, 0x43, 0x89, 0x43, 0x89, 0x43, 0x89, 0x43, 0x89, 0x43, 0x89,
    0x43, 0x89, 0x43, 0x89, 0x43, 0x89, 0x43, 0x89, 0x43, 0x89, 0x43, 0x89, 0x43, 0x89, 0x43, 0x89, 0x43, 0x89, 0x43,
    0x89, 0x43, 0x89, 0x43, 0x89, 0x43, 0x89, 0x43, 0x89, 0x43, 0x89, 0x43, 0x89, 0x43, 0x89, 0x43, 0x89, 0x43, 0x89,
    0x43, 0x89, 0x43, 0x89, 0x43, 0x89, 0x43, 0x89, 0x43, 0x89, 0x43, 0x69, 0xFE, 0x69, 0xFE, 0x69, 0xFE, 0x69, 0xFE,
    0x69, 0xFE, 0x69, 0xFE, 0x69, 0xFE, 0x69, 0xFE, 0x69, 0xFE, 0x69, 0xFE, 0x69, 0xFE, 0x69, 0xFE, 0x69, 0xFE, 0x69,
    0xFE, 0x69, 0xFE, 0x69, 0xFE, 0x69, 0xFE, 0x69, 0xFE, 0x69, 0xFE, 0x69, 0xFE, 0x69, 0xFE, 0x69, 0xFE, 0x69, 0xFE,
    0x69, 0xFE, 0x69, 0xFE, 0x69, 0xFE, 0x69, 0xFE, 0x69, 0xFE, 0x69, 0xFE, 0x69, 0xFE, 0x69, 0xFE, 0x69, 0xFE, 0x69,
    0xFE, 0x69, 0xFE, 0x69, 0xFE, 0x69, 0xFE, 0x69, 0xFE, 0x69, 0xFE, 0x69, 0xFE, 0x69, 0xFE, 0x69, 0xFE, 0x69, 0xFE,
    0x69, 0xFE, 0x69, 0xFE, 0x69, 0xFE, 0x69, 0xFE, 0x69, 0xFE, 0x69, 0xFE, 0x69, 0xFE, 0x69, 0xFE, 0x69, 0xFE, 0x69,
    0xFE, 0x69, 0xFE, 0x69, 0xFE, 0x69, 0xFE, 0x69, 0xFE, 0x69, 0xFE, 0x69, 0xFE, 0x69, 0xFE, 0x69, 0xFE, 0x69, 0xFE,
    0x69, 0xFE, 0x69, 0xFE, 0x69, 0xFE, 0x69, 0xFE, 0x69, 0xFE, 0x69, 0xFE, 0x69, 0xFE, 0x69, 0xFE, 0x69, 0xFE, 0x69,
    0xFE, 0x69, 0xFE, 0x69, 0xFE, 0x69, 0xFE, 0x69, 0xFE, 0x69, 0xFE, 0x69, 0xFE, 0x69, 0xFE, 0x69, 0xFE, 0x69, 0xFE,
    0x69, 0xFE, 0x69, 0xFE, 0x69, 0xFE, 0x69, 0xFE, 0x69, 0xFE, 0x69, 0xFE, 0x69, 0xFE, 0x69, 0xFE, 0x69, 0xFE, 0x69,
    0xFE, 0x69, 0xFE, 0x69, 0xFE, 0x69, 0xFE, 0x69, 0xFE, 0x69, 0xFE, 0x69, 0xFE, 0x69, 0xFE, 0x69, 0xFE, 0x69, 0xFE,
    0x69, 0xFE, 0x69, 0xFE, 0x69, 0xFE, 0x69, 0xFE, 0x69, 0xFE, 0x69, 0xFE, 0x69, 0xFE, 0x69, 0xFE, 0x69, 0xFE, 0x69,
    0xFE, 0x69, 0xFE, 0x69, 0xFE, 0x69, 0xFE, 0x69, 0xFE, 0x69, 0xFE, 0x69, 0xFE, 0x69, 0xFE, 0x69, 0xFE, 0x69, 0xFE,
    0x69, 0xFE, 0x69, 0xFE, 0x69, 0xFE, 0x69, 0xFE, 0x69, 0xFE, 0x69, 0xFE, 0x69, 0xFE, 0x69, 0xFE, 0x69, 0xFE, 0x69,
    0xFE, 0x69, 0xFE, 0x69, 0xFE, 0x69, 0xFE, 0x69, 0xFE, 0x69, 0xFE, 0x69, 0xFE, 0x69, 0xFE, 0x69, 0xFE, 0x69, 0xFE,
    0x69, 0xFE, 0x69, 0xFE, 0x69, 0xFE, 0xD6, 0x9D, 0xD6, 0x9D, 0xD6, 0x9D, 0xD6, 0x9D, 0x7D, 0x5D, 0x7D, 0x5D, 0x7D,
    0x5D, 0x7D, 0x5D, 0x7D, 0x5D, 0x7D, 0x5D, 0x7D, 0x5D, 0x7D, 0x5D, 0x7D, 0x5D, 0x7D, 0x5D, 0x7D, 0x5D, 0x7D, 0x5D,
    0x7D, 0x5D, 0x7D, 0x5D, 0x7D, 0x5D, 0x7D, 0x5D, 0x7D, 0x5D, 0x7D, 0x5D, 0x7D, 0x5D, 0x7D, 0x5D, 0x7D, 0x5D, 0x7D,
    0x5D, 0x7D, 0x5D, 0x7D, 0x5D, 0x7D, 0x5D, 0x7D, 0x5D, 0x7D, 0x5D, 0x7D, 0x5D, 0x7D, 0x5D, 0x7D, 0x5D, 0x89, 0x43,
    0x89, 0x43, 0x89, 0x43, 0x89, 0x43, 0x89, 0x43, 0x89, 0x43, 0x89, 0x43, 0x89, 0x43, 0x89, 0x43, 0x89, 0x43, 0x89,
    0x43, 0x89, 0x43, 0x89, 0x43, 0x89, 0x43, 0x89, 0x43, 0x89, 0x43, 0x89, 0x43, 0x89, 0x43, 0x89, 0x43, 0x89, 0x43,
    0x89, 0x43, 0x89, 0x43, 0x89, 0x43, 0x89, 0x43, 0x89, 0x43, 0x89, 0x43, 0x89, 0x43, 0x89, 0x43, 0x89, 0x43, 0x89,
    0x43, 0x89, 0x43, 0x89, 0x43, 0x89, 0x43, 0x89, 0x43, 0x89, 0x43, 0x89, 0x43, 0x89, 0x43, 0x89, 0x43, 0x89, 0x43,
    0x89, 0x43, 0x89, 0x43, 0x89, 0x43, 0x89, 0x43, 0x89, 0x43, 0x89, 0x43, 0x89, 0x43, 0x89, 0x43, 0x89, 0x43, 0x89,
    0x43, 0x89, 0x43, 0x89, 0x43, 0x89, 0x43, 0x89, 0x43, 0x89, 0x43, 0x89, 0x43, 0x89, 0x43, 0x89, 0x43, 0x89, 0x43,
    0x89, 0x43, 0x89, 0x43, 0x89, 0x43, 0x89, 0x43, 0x89, 0x43, 0x89, 0x43, 0x89, 0x43, 0x89, 0x43, 0x69, 0xFE, 0x69,
    0xFE, 0x69, 0xFE, 0x69, 0xFE, 0x69, 0xFE, 0x69, 0xFE, 0x69, 0xFE, 0x69, 0xFE, 0x69, 0xFE, 0x69, 0xFE, 0x69, 0xFE,
    0x69, 0xFE, 0x69, 0xFE, 0x69, 0xFE, 0x69, 0xFE, 0x69, 0xFE, 0x69, 0xFE, 0x69, 0xFE, 0x69, 0xFE, 0x69, 0xFE, 0x69,
    0xFE, 0x69, 0xFE, 0x69, 0xFE, 0x69, 0xFE, 0x69, 0xFE, 0x69, 0xFE, 0x69, 0xFE, 0x69, 0xFE, 0x69, 0xFE, 0x69, 0xFE,
    0x69, 0xFE, 0x69, 0xFE, 0x69, 0xFE, 0x69, 0xFE, 0x69, 0xFE, 0x69, 0xFE, 0x69, 0xFE, 0x69, 0xFE, 0x69, 0xFE, 0x69,
    0xFE, 0x69, 0xFE, 0x69, 0xFE, 0x69, 0xFE, 0x69, 0xFE, 0x69, 0xFE, 0x69, 0xFE, 0x69, 0xFE, 0x69, 0xFE, 0x69, 0xFE,
    0x69, 0xFE, 0x69, 0xFE, 0x69, 0xFE, 0x69, 0xFE, 0x69, 0xFE, 0x69, 0xFE, 0x69, 0xFE, 0x69, 0xFE, 0x69, 0xFE, 0x69,
    0xFE, 0x69, 0xFE, 0x69, 0xFE, 0x69, 0xFE, 0x69, 0xFE, 0x69, 0xFE, 0x69, 0xFE, 0x69, 0xFE, 0x69, 0xFE, 0x69, 0xFE,
    0x69, 0xFE, 0x69, 0xFE, 0x69, 0xFE, 0x69, 0xFE, 0x69, 0xFE, 0x69, 0xFE, 0x69, 0xFE, 0x69, 0xFE, 0x69, 0xFE, 0x69,
    0xFE, 0x69, 0xFE, 0x69, 0xFE, 0x69, 0xFE, 0x69, 0xFE, 0x69, 0xFE, 0x69, 0xFE, 0x69, 0xFE, 0x69, 0xFE, 0x69, 0xFE,
    0x69, 0xFE, 0x69, 0xFE, 0x69, 0xFE, 0x69, 0xFE, 0x69, 0xFE, 0x69, 0xFE, 0x69, 0xFE, 0x69, 0xFE, 0x69, 0xFE, 0x69,
    0xFE, 0x69, 0xFE, 0x69, 0xFE, 0x69, 0xFE, 0x69, 0xFE, 0x69, 0xFE, 0x69, 0xFE, 0x69, 0xFE, 0x69, 0xFE, 0x69, 0xFE,
    0x69, 0xFE, 0x69, 0xFE, 0x69, 0xFE, 0x69, 0xFE, 0x69, 0xFE, 0x69, 0xFE, 0x69, 0xFE, 0x69, 0xFE, 0x69, 0xFE, 0x69,
    0xFE, 0x69, 0xFE, 0x69, 0xFE, 0x69, 0xFE, 0x69, 0xFE, 0x69, 0xFE, 0x69, 0xFE, 0x69, 0xFE, 0x69, 0xFE, 0x69, 0xFE,
    0x69, 0xFE, 0x69, 0xFE, 0x69, 0xFE, 0x69, 0xFE, 0x69, 0xFE, 0x69, 0xFE, 0x69, 0xFE, 0x69, 0xFE, 0x69, 0xFE, 0x69,
    0xFE, 0x69, 0xFE, 0x69, 0xFE, 0x69, 0xFE, 0x69, 0xFE, 0x69, 0xFE, 0xD6, 0x9D, 0xD6, 0x9D, 0xD6, 0x9D, 0xD6, 0x9D,
    0x7D, 0x5D, 0x7D, 0x5D, 0x7D, 0x5D, 0x7D, 0x5D, 0x7D, 0x5D, 0x7D, 0x5D, 0x7D, 0x5D, 0x7D, 0x5D, 0x7D, 0x5D, 0x7D,
    0x5D, 0x7D, 0x5D, 0x7D, 0x5D, 0x7D, 0x5D, 0x7D, 0x5D, 0x7D, 0x5D, 0x7D, 0x5D, 0x7D, 0x5D, 0x7D, 0x5D, 0x7D, 0x5D,
    0x7D, 0x5D, 0x7D, 0x5D, 0x7D, 0x5D, 0x7D, 0x5D, 0x7D, 0x5D, 0x7D, 0x5D, 0x7D, 0x5D, 0x7D, 0x5D, 0x7D, 0x5D, 0x7D,
    0x5D, 0x7D, 0x5D, 0x89, 0x43, 0x89, 0x43, 0x89, 0x43, 0x89, 0x43, 0x89, 0x43, 0x89, 0x43, 0x89, 0x43, 0x89, 0x43,
    0x89, 0x43, 0x89, 0x43, 0x89, 0x43, 0x89, 0x43, 0x89, 0x43, 0x89, 0x43, 0x89, 0x43, 0x89, 0x43, 0x89, 0x43, 0x89,
    0x43, 0x89, 0x43, 0x89, 0x43, 0x89, 0x43, 0x89, 0x43, 0x89, 0x43, 0x89, 0x43, 0x89, 0x43, 0x89, 0x43, 0x89, 0x43,
    0x89, 0x43, 0x89, 0x43, 0x89, 0x43, 0x89, 0x43, 0x89, 0x43, 0x89, 0x43, 0x89, 0x43, 0x89, 0x43, 0x89, 0x43, 0x89,
    0x43, 0x89, 0x43, 0x89, 0x43, 0x89, 0x43, 0x89, 0x43, 0x89, 0x43, 0x89, 0x43, 0x89, 0x43, 0x89, 0x43, 0x89, 0x43,
    0x89, 0x43, 0x89, 0x43, 0x89, 0x43, 0x89, 0x43, 0x89, 0x43, 0x89, 0x43, 0x89, 0x43, 0x89, 0x43, 0x89, 0x43, 0x89,
    0x43, 0x89, 0x43, 0x89, 0x43, 0x89, 0x43, 0x89, 0x43, 0x89, 0x43, 0x89, 0x43, 0x89, 0x43, 0x89, 0x43, 0x89, 0x43,
    0x89, 0x43, 0x69, 0xFE, 0x69, 0xFE, 0x69, 0xFE, 0x69, 0xFE, 0x69, 0xFE, 0x69, 0xFE, 0x69, 0xFE, 0x69, 0xFE, 0x69,
    0xFE, 0x69, 0xFE, 0x69, 0xFE, 0x69, 0xFE, 0x69, 0xFE, 0x69, 0xFE, 0x69, 0xFE, 0x69, 0xFE, 0x69, 0xFE, 0x69, 0xFE,
    0x69, 0xFE, 0x69, 0xFE, 0x69, 0xFE, 0x69, 0xFE, 0x69, 0xFE, 0x69, 0xFE, 0x69, 0xFE, 0x69, 0xFE, 0x69, 0xFE, 0x69,
    0xFE, 0x69, 0xFE, 0x69, 0xFE, 0x69, 0xFE, 0x69, 0xFE, 0x69, 0xFE, 0x69, 0xFE, 0x69, 0xFE, 0x69, 0xFE, 0x69, 0xFE,
    0x69, 0xFE, 0x69, 0xFE, 0x69, 0xFE, 0x69, 0xFE, 0x69, 0xFE, 0x69, 0xFE, 0x69, 0xFE, 0x69, 0xFE, 0x69, 0xFE, 0x69,
    0xFE, 0x69, 0xFE, 0x69, 0xFE, 0x69, 0xFE, 0x69, 0xFE, 0x69, 0xFE, 0x69, 0xFE, 0x69, 0xFE, 0x69, 0xFE, 0x69, 0xFE,
    0x69, 0xFE, 0x69, 0xFE, 0x69, 0xFE, 0x69, 0xFE, 0x69, 0xFE, 0x69, 0xFE, 0x69, 0xFE, 0x69, 0xFE, 0x69, 0xFE, 0x69,
    0xFE, 0x69, 0xFE, 0x69, 0xFE, 0x69, 0xFE, 0x69, 0xFE, 0x69, 0xFE, 0x69, 0xFE, 0x69, 0xFE, 0x69, 0xFE, 0x69, 0xFE,
    0x69, 0xFE, 0x69, 0xFE, 0x69, 0xFE, 0x69, 0xFE, 0x69, 0xFE, 0x69, 0xFE, 0x69, 0xFE, 0x69, 0xFE, 0x69, 0xFE, 0x69,
    0xFE, 0x69, 0xFE, 0x69, 0xFE, 0x69, 0xFE, 0x69, 0xFE, 0x69, 0xFE, 0x69, 0xFE, 0x69, 0xFE, 0x69, 0xFE, 0x69, 0xFE,
    0x69, 0xFE, 0x69, 0xFE, 0x69, 0xFE, 0x69, 0xFE, 0x69, 0xFE, 0x69, 0xFE, 0x69, 0xFE, 0x69, 0xFE, 0x69, 0xFE, 0x69,
    0xFE, 0x69, 0xFE, 0x69, 0xFE, 0x69, 0xFE, 0x69, 0xFE, 0x69, 0xFE, 0x69, 0xFE, 0x69, 0xFE, 0x69, 0xFE, 0x69, 0xFE,
    0x69, 0xFE, 0x69, 0xFE, 0x69, 0xFE, 0x69, 0xFE, 0x69, 0xFE, 0x69, 0xFE, 0x69, 0xFE, 0x69, 0xFE, 0x69, 0xFE, 0x69,
    0xFE, 0x69, 0xFE, 0x69, 0xFE, 0x69, 0xFE, 0x69, 0xFE, 0x69, 0xFE, 0x69, 0xFE, 0x69, 0xFE, 0x69, 0xFE, 0x69, 0xFE,
    0x69, 0xFE, 0x69, 0xFE, 0x69, 0xFE, 0x69, 0xFE, 0x69, 0xFE, 0x69, 0xFE, 0x69, 0xFE, 0x69, 0xFE, 0xD6, 0x9D, 0xD6,
    0x9D, 0xD6, 0x9D, 0xD6, 0x9D, 0x7D, 0x5D, 0x7D, 0x5D, 0x7D, 0x5D, 0x7D, 0x5D, 0x7D, 0x5D, 0x7D, 0x5D, 0x7D, 0x5D,
    0x7D, 0x5D, 0x7D, 0x5D, 0x7D, 0x5D, 0x7D, 0x5D, 0x7D, 0x5D, 0x7D, 0x5D, 0x7D, 0x5D, 0x7D, 0x5D, 0x7D, 0x5D, 0x7D,
    0x5D, 0x7D, 0x5D, 0x7D, 0x5D, 0x7D, 0x5D, 0x7D, 0x5D, 0x7D, 0x5D, 0x7D, 0x5D, 0x7D, 0x5D, 0x7D, 0x5D, 0x7D, 0x5D,
    0x7D, 0x5D, 0x7D, 0x5D, 0x7D, 0x5D, 0x7D, 0x5D, 0x89, 0x43, 0x89, 0x43, 0x89, 0x43, 0x89, 0x43, 0x89, 0x43, 0x89,
    0x43, 0x89, 0x43, 0x89, 0x43, 0x89, 0x43, 0x89, 0x43, 0x89, 0x43, 0x89, 0x43, 0x89, 0x43, 0x89, 0x43, 0x89, 0x43,
    0x89, 0x43, 0x89, 0x43, 0x89, 0x43, 0x89, 0x43, 0x89, 0x43, 0x89, 0x43, 0x89, 0x43, 0x89, 0x43, 0x89, 0x43, 0x89,
    0x43, 0x89, 0x43, 0x89, 0x43, 0x89, 0x43, 0x89, 0x43, 0x89, 0x43, 0x89, 0x43, 0x89, 0x43, 0x89, 0x43, 0x89, 0x43,
    0x89, 0x43, 0x89, 0x43, 0x89, 0x43, 0x89, 0x43, 0x89, 0x43, 0x89, 0x43, 0x89, 0x43, 0x89, 0x43, 0x89, 0x43, 0x89,
    0x43, 0x89, 0x43, 0x89, 0x43, 0x89, 0x43, 0x89, 0x43, 0x89, 0x43, 0x89, 0x43, 0x89, 0x43, 0x89, 0x43, 0x89, 0x43,
    0x89, 0x43, 0x89, 0x43, 0x89, 0x43, 0x89, 0x43, 0x89, 0x43, 0x89, 0x43, 0x89, 0x43, 0x89, 0x43, 0x89, 0x43, 0x89,
    0x43, 0x89, 0x43, 0x89, 0x43, 0x89, 0x43, 0x69, 0xFE, 0x69, 0xFE, 0x69, 0xFE, 0x69, 0xFE, 0x69, 0xFE, 0x69, 0xFE,
    0x69, 0xFE, 0x69, 0xFE, 0x69, 0xFE, 0x69, 0xFE, 0x69, 0xFE, 0x69, 0xFE, 0x69, 0xFE, 0x69, 0xFE, 0x69, 0xFE, 0x69,
    0xFE, 0x69, 0xFE, 0x69, 0xFE, 0x69, 0xFE, 0x69, 0xFE, 0x69, 0xFE, 0x69, 0xFE, 0x69, 0xFE, 0x69, 0xFE, 0x69, 0xFE,
    0x69, 0xFE, 0x69, 0xFE, 0x69, 0xFE, 0x69, 0xFE, 0x69, 0xFE, 0x69, 0xFE, 0x69, 0xFE, 0x69, 0xFE, 0x69, 0xFE, 0x69,
    0xFE, 0x69, 0xFE, 0x69, 0xFE, 0x69, 0xFE, 0x69, 0xFE, 0x69, 0xFE, 0x69, 0xFE, 0x69, 0xFE, 0x69, 0xFE, 0x69, 0xFE,
    0x69, 0xFE, 0x69, 0xFE, 0x69, 0xFE, 0x69, 0xFE, 0x69, 0xFE, 0x69, 0xFE, 0x69, 0xFE, 0x69, 0xFE, 0x69, 0xFE, 0x69,
    0xFE, 0x69, 0xFE, 0x69, 0xFE, 0x69, 0xFE, 0x69, 0xFE, 0x69, 0xFE, 0x69, 0xFE, 0x69, 0xFE, 0x69, 0xFE, 0x69, 0xFE,
    0x69, 0xFE, 0x69, 0xFE, 0x69, 0xFE, 0x69, 0xFE, 0x69, 0xFE, 0x69, 0xFE, 0x69, 0xFE, 0x69, 0xFE, 0x69, 0xFE, 0x69,
    0xFE, 0x69, 0xFE, 0x69, 0xFE, 0x69, 0xFE, 0x69, 0xFE, 0x69, 0xFE, 0x69, 0xFE, 0x69, 0xFE, 0x69, 0xFE, 0x69, 0xFE,
    0x69, 0xFE, 0x69, 0xFE, 0x69, 0xFE, 0x69, 0xFE, 0x69, 0xFE, 0x69, 0xFE, 0x69, 0xFE, 0x69, 0xFE, 0x69, 0xFE, 0x69,
    0xFE, 0x69, 0xFE, 0x69, 0xFE, 0x69, 0xFE, 0x69, 0xFE, 0x69, 0xFE, 0x69, 0xFE, 0x69, 0xFE, 0x69, 0xFE, 0x69, 0xFE,
    0x69, 0xFE, 0x69, 0xFE, 0x69, 0xFE, 0x69, 0xFE, 0x69, 0xFE, 0x69, 0xFE, 0x69, 0xFE, 0x69, 0xFE, 0x69, 0xFE, 0x69,
    0xFE, 0x69, 0xFE, 0x69, 0xFE, 0x69, 0xFE, 0x69, 0xFE, 0x69, 0xFE, 0x69, 0xFE, 0x69, 0xFE, 0x69, 0xFE, 0x69, 0xFE,
    0x69, 0xFE, 0x69, 0xFE, 0x69, 0xFE, 0x69, 0xFE, 0x69, 0xFE, 0x69, 0xFE, 0x69, 0xFE, 0x69, 0xFE, 0x69, 0xFE, 0x69,
    0xFE, 0x69, 0xFE, 0x69, 0xFE, 0x69, 0xFE, 0x69, 0xFE, 0x69, 0xFE, 0x69, 0xFE, 0x69, 0xFE, 0x69, 0xFE, 0x69, 0xFE,
    0x69, 0xFE, 0xD6, 0x9D, 0xD6, 0x9D, 0xD6, 0x9D, 0xD6, 0x9D, 0x7D, 0x5D, 0x7D, 0x5D, 0x7D, 0x5D, 0x7D, 0x5D, 0x7D,
    0x5D, 0x7D, 0x5D, 0x7D, 0x5D, 0x7D, 0x5D, 0x7D, 0x5D, 0x7D, 0x5D, 0x7D, 0x5D, 0x7D, 0x5D, 0x7D, 0x5D, 0x7D, 0x5D,
    0x7D, 0x5D, 0x7D, 0x5D, 0x7D, 0x5D, 0x7D, 0x5D, 0x7D, 0x5D, 0x7D, 0x5D, 0x7D, 0x5D, 0x7D, 0x5D, 0x7D, 0x5D, 0x7D,
    0x5D, 0x7D, 0x5D, 0x7D, 0x5D, 0x7D, 0x5D, 0x7D, 0x5D, 0x7D, 0x5D, 0x7D, 0x5D, 0x89, 0x43, 0x89, 0x43, 0x89, 0x43,
    0x89, 0x43, 0x89, 0x43, 0x89, 0x43, 0x89, 0x43, 0x89, 0x43, 0x89, 0x43, 0x89, 0x43, 0x89, 0x43, 0x89, 0x43, 0x89,
    0x43, 0x89, 0x43, 0x89, 0x43, 0x89, 0x43, 0x89, 0x43, 0x89, 0x43, 0x89, 0x43, 0x89, 0x43, 0x89, 0x43, 0x89, 0x43,
    0x89, 0x43, 0x89, 0x43, 0x89, 0x43, 0x89, 0x43, 0x89, 0x43, 0x89, 0x43, 0x89, 0x43, 0x89, 0x43, 0x89, 0x43, 0x89,
    0x43, 0x89, 0x43, 0x89, 0x43, 0x89, 0x43, 0x89, 0x43, 0x89, 0x43, 0x89, 0x43, 0x89, 0x43, 0x89, 0x43, 0x89, 0x43,
    0x89, 0x43, 0x89, 0x43, 0x89, 0x43, 0x89, 0x43, 0x89, 0x43, 0x89, 0x43, 0x89, 0x43, 0x89, 0x43, 0x89, 0x43, 0x89,
    0x43, 0x89, 0x43, 0x89, 0x43, 0x89, 0x43, 0x89, 0x43, 0x89, 0x43, 0x89, 0x43, 0x89, 0x43, 0x89, 0x43, 0x89, 0x43,
    0x89, 0x43, 0x89, 0x43, 0x89, 0x43, 0x69, 0xFE, 0x69, 0xFE, 0x69, 0xFE, 0x69, 0xFE, 0x69, 0xFE, 0x69, 0xFE, 0x69,
    0xFE, 0x69, 0xFE, 0x69, 0xFE, 0x69, 0xFE, 0x69, 0xFE, 0x69, 0xFE, 0x69, 0xFE, 0x69, 0xFE, 0x69, 0xFE, 0x69, 0xFE,
    0x69, 0xFE, 0x69, 0xFE, 0x69, 0xFE, 0x69, 0xFE, 0x69, 0xFE, 0x69, 0xFE, 0x69, 0xFE, 0x69, 0xFE, 0x69, 0xFE, 0x69,
    0xFE, 0x69, 0xFE, 0x69, 0xFE, 0x69, 0xFE, 0x69, 0xFE, 0x69, 0xFE, 0x69, 0xFE, 0x69, 0xFE, 0x69, 0xFE, 0x69, 0xFE,
    0x69, 0xFE, 0x69, 0xFE, 0x69, 0xFE, 0x69, 0xFE, 0x69, 0xFE, 0x69, 0xFE, 0x69, 0xFE, 0x69, 0xFE, 0x69, 0xFE, 0x69,
    0xFE, 0x69, 0xFE, 0x69, 0xFE, 0x69, 0xFE, 0x69, 0xFE, 0x69, 0xFE, 0x69, 0xFE, 0x69, 0xFE, 0x69, 0xFE, 0x69, 0xFE,
    0x69, 0xFE, 0x69, 0xFE, 0x69, 0xFE, 0x69, 0xFE, 0x69, 0xFE, 0x69, 0xFE, 0x69, 0xFE, 0x69, 0xFE, 0x69, 0xFE, 0x69,
    0xFE, 0x69, 0xFE, 0x69, 0xFE, 0x69, 0xFE, 0x69, 0xFE, 0x69, 0xFE, 0x69, 0xFE, 0x69, 0xFE, 0x69, 0xFE, 0x69, 0xFE,
    0x69, 0xFE, 0x69, 0xFE, 0x69, 0xFE, 0x69, 0xFE, 0x69, 0xFE, 0x69, 0xFE, 0x69, 0xFE, 0x69, 0xFE, 0x69, 0xFE, 0x69,
    0xFE, 0x69, 0xFE, 0x69, 0xFE, 0x69, 0xFE, 0x69, 0xFE, 0x69, 0xFE, 0x69, 0xFE, 0x69, 0xFE, 0x69, 0xFE, 0x69, 0xFE,
    0x69, 0xFE, 0x69, 0xFE, 0x69, 0xFE, 0x69, 0xFE, 0x69, 0xFE, 0x69, 0xFE, 0x69, 0xFE, 0x69, 0xFE, 0x69, 0xFE, 0x69,
    0xFE, 0x69, 0xFE, 0x69, 0xFE, 0x69, 0xFE, 0x69, 0xFE, 0x69, 0xFE, 0x69, 0xFE, 0x69, 0xFE, 0x69, 0xFE, 0x69, 0xFE,
    0x69, 0xFE, 0x69, 0xFE, 0x69, 0xFE, 0x69, 0xFE, 0x69, 0xFE, 0x69, 0xFE, 0x69, 0xFE, 0x69, 0xFE, 0x69, 0xFE, 0x69,
    0xFE, 0x69, 0xFE, 0x69, 0xFE, 0x69, 0xFE, 0x69, 0xFE, 0x69, 0xFE, 0x69, 0xFE, 0x69, 0xFE, 0x69, 0xFE, 0x69, 0xFE,
    0x69, 0xFE, 0x69, 0xFE, 0x69, 0xFE, 0x69, 0xFE, 0x69, 0xFE, 0x69, 0xFE, 0x69, 0xFE, 0x69, 0xFE, 0x69, 0xFE, 0x69,
    0xFE, 0x2E, 0xDE, 0x2E, 0xDE, 0x2E, 0xDE, 0x7D, 0x5D, 0x7D, 0x5D, 0x7D, 0x5D, 0x7D, 0x5D, 0x7D, 0x5D, 0x7D, 0x5D,
    0x7D, 0x5D, 0x7D, 0x5D, 0x7D, 0x5D, 0x7D, 0x5D, 0x7D, 0x5D, 0x7D, 0x5D, 0x7D, 0x5D, 0x7D, 0x5D, 0x7D, 0x5D, 0x7D,
    0x5D, 0x7D, 0x5D, 0x7D, 0x5D, 0x7D, 0x5D, 0x7D, 0x5D, 0x7D, 0x5D, 0x7D, 0x5D, 0x7D, 0x5D, 0x7D, 0x5D, 0x7D, 0x5D,
    0x7D, 0x5D, 0x7D, 0x5D, 0x7D, 0x5D, 0x7D, 0x5D, 0x7D, 0x5D, 0x7D, 0x5D, 0x7D, 0x5D, 0x7D, 0x5D, 0x7D, 0x5D, 0x7D,
    0x5D, 0x7D, 0x5D, 0x7D, 0x5D, 0x89, 0x43, 0x89, 0x43, 0x89, 0x43, 0x89, 0x43, 0x89, 0x43, 0x89, 0x43, 0x89, 0x43,
    0x89, 0x43, 0x89, 0x43, 0x89, 0x43, 0x89, 0x43, 0x89, 0x43, 0x89, 0x43, 0x89, 0x43, 0x89, 0x43, 0x89, 0x43, 0x89,
    0x43, 0x89, 0x43, 0x89, 0x43, 0x89, 0x43, 0x89, 0x43, 0x89, 0x43, 0x89, 0x43, 0x89, 0x43, 0x89, 0x43, 0x89, 0x43,
    0x89, 0x43, 0x89, 0x43, 0x89, 0x43, 0x89, 0x43, 0x89, 0x43, 0x89, 0x43, 0x89, 0x43, 0x89, 0x43, 0x89, 0x43, 0x89,
    0x43, 0x89, 0x43, 0x89, 0x43, 0x89, 0x43, 0x89, 0x43, 0x89, 0x43, 0x89, 0x43, 0x89, 0x43, 0x89, 0x43, 0x89, 0x43,
    0x89, 0x43, 0x89, 0x43, 0x89, 0x43, 0x89, 0x43, 0x89, 0x43, 0x89, 0x43, 0x89, 0x43, 0x89, 0x43, 0x89, 0x43, 0x89,
    0x43, 0x89, 0x43, 0x89, 0x43, 0x89, 0x43, 0x89, 0x43, 0x89, 0x43, 0x69, 0xFE, 0x69, 0xFE, 0x69, 0xFE, 0x69, 0xFE,
    0x69, 0xFE, 0x69, 0xFE, 0x69, 0xFE, 0x69, 0xFE, 0x69, 0xFE, 0x69, 0xFE, 0x69, 0xFE, 0x69, 0xFE, 0x69, 0xFE, 0x69,
    0xFE, 0x69, 0xFE, 0x69, 0xFE, 0x69, 0xFE, 0x69, 0xFE, 0x69, 0xFE, 0x69, 0xFE, 0x69, 0xFE, 0x69, 0xFE, 0x69, 0xFE,
    0x69, 0xFE, 0x69, 0xFE, 0x69, 0xFE, 0x69, 0xFE, 0x69, 0xFE, 0x69, 0xFE, 0x69, 0xFE, 0x69, 0xFE, 0x69, 0xFE, 0x69,
    0xFE, 0x69, 0xFE, 0x69, 0xFE, 0x69, 0xFE, 0x69, 0xFE, 0x69, 0xFE, 0x69, 0xFE, 0x69, 0xFE, 0x69, 0xFE, 0x69, 0xFE,
    0x69, 0xFE, 0x69, 0xFE, 0x69, 0xFE, 0x69, 0xFE, 0x69, 0xFE, 0x69, 0xFE, 0x69, 0xFE, 0x69, 0xFE, 0x69, 0xFE, 0x69,
    0xFE, 0x69, 0xFE, 0x69, 0xFE, 0x69, 0xFE, 0x69, 0xFE, 0x69, 0xFE, 0x69, 0xFE, 0x69, 0xFE, 0x69, 0xFE, 0x69, 0xFE,
    0x69, 0xFE, 0x69, 0xFE, 0x69, 0xFE, 0x69, 0xFE, 0x69, 0xFE, 0x69, 0xFE, 0x69, 0xFE, 0x69, 0xFE, 0x69, 0xFE, 0x69,
    0xFE, 0x69, 0xFE, 0x69, 0xFE, 0x69, 0xFE, 0x69, 0xFE, 0x69, 0xFE, 0x69, 0xFE, 0x69, 0xFE, 0x69, 0xFE, 0x69, 0xFE,
    0x69, 0xFE, 0x69, 0xFE, 0x69, 0xFE, 0x69, 0xFE, 0x69, 0xFE, 0x69, 0xFE, 0x69, 0xFE, 0x69, 0xFE, 0x69, 0xFE, 0x69,
    0xFE, 0x69, 0xFE, 0x69, 0xFE, 0x69, 0xFE, 0x69, 0xFE, 0x69, 0xFE, 0x69, 0xFE, 0x69, 0xFE, 0x69, 0xFE, 0x69, 0xFE,
    0x69, 0xFE, 0x69, 0xFE, 0x69, 0xFE, 0x69, 0xFE, 0x69, 0xFE, 0x69, 0xFE, 0x69, 0xFE, 0x69, 0xFE, 0x69, 0xFE, 0x69,
    0xFE, 0x69, 0xFE, 0x69, 0xFE, 0x69, 0xFE, 0x69, 0xFE, 0x69, 0xFE, 0x69, 0xFE, 0x69, 0xFE, 0x69, 0xFE, 0x69, 0xFE,
    0x69, 0xFE, 0x69, 0xFE, 0x69, 0xFE, 0x69, 0xFE, 0x69, 0xFE, 0x69, 0xFE, 0x69, 0xFE, 0x69, 0xFE, 0x69, 0xFE, 0x69,
    0xFE, 0x69, 0xFE, 0x69, 0xFE, 0x69, 0xFE, 0x69, 0xFE, 0x69, 0xFE, 0x69, 0xFE, 0x69, 0xFE, 0x69, 0xFE, 0x69, 0xFE,
    0x69, 0xFE, 0x69, 0xFE, 0x69, 0xFE, 0x2E, 0xDE, 0x2E, 0xDE, 0x2E, 0xDE, 0x7D, 0x5D, 0x7D, 0x5D, 0x7D, 0x5D, 0x7D,
    0x5D, 0x7D, 0x5D, 0x7D, 0x5D, 0x7D, 0x5D, 0x7D, 0x5D, 0x7D, 0x5D, 0x7D, 0x5D, 0x7D, 0x5D, 0x7D, 0x5D, 0x7D, 0x5D,
    0x7D, 0x5D, 0x7D, 0x5D, 0x7D, 0x5D, 0x7D, 0x5D, 0x7D, 0x5D, 0x7D, 0x5D, 0x7D, 0x5D, 0x7D, 0x5D, 0x7D, 0x5D, 0x7D,
    0x5D, 0x7D, 0x5D, 0x7D, 0x5D, 0x7D, 0x5D, 0x7D, 0x5D, 0x7D, 0x5D, 0x7D, 0x5D, 0x7D, 0x5D, 0x7D, 0x5D, 0x7D, 0x5D,
    0x7D, 0x5D, 0x7D, 0x5D, 0x7D, 0x5D, 0x7D, 0x5D, 0x7D, 0x5D, 0x89, 0x43, 0x89, 0x43, 0x89, 0x43, 0x89, 0x43, 0x89,
    0x43, 0x89, 0x43, 0x89, 0x43, 0x89, 0x43, 0x89, 0x43, 0x89, 0x43, 0x89, 0x43, 0x89, 0x43, 0x89, 0x43, 0x89, 0x43,
    0x89, 0x43, 0x89, 0x43, 0x89, 0x43, 0x89, 0x43, 0x89, 0x43, 0x89, 0x43, 0x89, 0x43, 0x89, 0x43, 0x89, 0x43, 0x89,
    0x43, 0x89, 0x43, 0x89, 0x43, 0x89, 0x43, 0x89, 0x43, 0x89, 0x43, 0x89, 0x43, 0x89, 0x43, 0x89, 0x43, 0x89, 0x43,
    0x89, 0x43, 0x89, 0x43, 0x89, 0x43, 0x89, 0x43, 0x89, 0x43, 0x89, 0x43, 0x89, 0x43, 0x89, 0x43, 0x89, 0x43, 0x89,
    0x43, 0x89, 0x43, 0x89, 0x43, 0x89, 0x43, 0x89, 0x43, 0x89, 0x43, 0x89, 0x43, 0x89, 0x43, 0x89, 0x43, 0x89, 0x43,
    0x89, 0x43, 0x89, 0x43, 0x89, 0x43, 0x89, 0x43, 0x89, 0x43, 0x89, 0x43, 0x89, 0x43, 0x89, 0x43, 0x69, 0xFE, 0x69,
    0xFE, 0x69, 0xFE, 0x69, 0xFE, 0x69, 0xFE, 0x69, 0xFE, 0x69, 0xFE, 0x69, 0xFE, 0x69, 0xFE, 0x69, 0xFE, 0x69, 0xFE,
    0x69, 0xFE, 0x69, 0xFE, 0x69, 0xFE, 0x69, 0xFE, 0x69, 0xFE, 0x69, 0xFE, 0x69, 0xFE, 0x69, 0xFE, 0x69, 0xFE, 0x69,
    0xFE, 0x69, 0xFE, 0x69, 0xFE, 0x69, 0xFE, 0x69, 0xFE, 0x69, 0xFE, 0x69, 0xFE, 0x69, 0xFE, 0x69, 0xFE, 0x69, 0xFE,
    0x69, 0xFE, 0x69, 0xFE, 0x69, 0xFE, 0x69, 0xFE, 0x69, 0xFE, 0x69, 0xFE, 0x69, 0xFE, 0x69, 0xFE, 0x69, 0xFE, 0x69,
    0xFE, 0x69, 0xFE, 0x69, 0xFE, 0x69, 0xFE, 0x69, 0xFE, 0x69, 0xFE, 0x69, 0xFE, 0x69, 0xFE, 0x69, 0xFE, 0x69, 0xFE,
    0x69, 0xFE, 0x69, 0xFE, 0x69, 0xFE, 0x69, 0xFE, 0x69, 0xFE, 0x69, 0xFE, 0x69, 0xFE, 0x69, 0xFE, 0x69, 0xFE, 0x69,
    0xFE, 0x69, 0xFE, 0x69, 0xFE, 0x69, 0xFE, 0x69, 0xFE, 0x69, 0xFE, 0x69, 0xFE, 0x69, 0xFE, 0x69, 0xFE, 0x69, 0xFE,
    0x69, 0xFE, 0x69, 0xFE, 0x69, 0xFE, 0x69, 0xFE, 0x69, 0xFE, 0x69, 0xFE, 0x69, 0xFE, 0x69, 0xFE, 0x69, 0xFE, 0x69,
    0xFE, 0x69, 0xFE, 0x69, 0xFE, 0x69, 0xFE, 0x69, 0xFE, 0x69, 0xFE, 0x69, 0xFE, 0x69, 0xFE, 0x69, 0xFE, 0x69, 0xFE,
    0x69, 0xFE, 0x69, 0xFE, 0x69, 0xFE, 0x69, 0xFE, 0x69, 0xFE, 0x69, 0xFE, 0x69, 0xFE, 0x69, 0xFE, 0x69, 0xFE, 0x69,
    0xFE, 0x69, 0xFE, 0x69, 0xFE, 0x69, 0xFE, 0x69, 0xFE, 0x69, 0xFE, 0x69, 0xFE, 0x69, 0xFE, 0x69, 0xFE, 0x69, 0xFE,
    0x69, 0xFE, 0x69, 0xFE, 0x69, 0xFE, 0x69, 0xFE, 0x69, 0xFE, 0x69, 0xFE, 0x69, 0xFE, 0x69, 0xFE, 0x69, 0xFE, 0x69,
    0xFE, 0x69, 0xFE, 0x69, 0xFE, 0x69, 0xFE, 0x69, 0xFE, 0x69, 0xFE, 0x69, 0xFE, 0x69, 0xFE, 0x69, 0xFE, 0x69, 0xFE,
    0x69, 0xFE, 0x69, 0xFE, 0x69, 0xFE, 0x69, 0xFE, 0x69, 0xFE, 0x69, 0xFE, 0x69, 0xFE, 0x69, 0xFE, 0x69, 0xFE, 0x69,
    0xFE, 0x69, 0xFE, 0x69, 0xFE, 0x69, 0xFE, 0x69, 0xFE, 0x69, 0xFE, 0x2E, 0xDE, 0x2E, 0xDE, 0x2E, 0xDE, 0x7D, 0x5D,
    0x7D, 0x5D, 0x7D, 0x5D, 0x7D, 0x5D, 0x7D, 0x5D, 0x7D, 0x5D, 0x7D, 0x5D, 0x7D, 0x5D, 0x7D, 0x5D, 0x7D, 0x5D, 0x7D,
    0x5D, 0x7D, 0x5D, 0x7D, 0x5D, 0x7D, 0x5D, 0x7D, 0x5D, 0x7D, 0x5D, 0x7D, 0x5D, 0x7D, 0x5D, 0x7D, 0x5D, 0x7D, 0x5D,
    0x7D, 0x5D, 0x7D, 0x5D, 0x7D, 0x5D, 0x7D, 0x5D, 0x7D, 0x5D, 0x7D, 0x5D, 0x7D, 0x5D, 0x7D, 0x5D, 0x7D, 0x5D, 0x7D,
    0x5D, 0x7D, 0x5D, 0x7D, 0x5D, 0x7D, 0x5D, 0x7D, 0x5D, 0x7D, 0x5D, 0x7D, 0x5D, 0x7D, 0x5D, 0x89, 0x43, 0x89, 0x43,
    0x89, 0x43, 0x89, 0x43, 0x89, 0x43, 0x89, 0x43, 0x89, 0x43, 0x89, 0x43, 0x89, 0x43, 0x89, 0x43, 0x89, 0x43, 0x89,
    0x43, 0x89, 0x43, 0x89, 0x43, 0x89, 0x43, 0x89, 0x43, 0x89, 0x43, 0x89, 0x43, 0x89, 0x43, 0x89, 0x43, 0x89, 0x43,
    0x89, 0x43, 0x89, 0x43, 0x89, 0x43, 0x89, 0x43, 0x89, 0x43, 0x89, 0x43, 0x89, 0x43, 0x89, 0x43, 0x89, 0x43, 0x89,
    0x43, 0x89, 0x43, 0x89, 0x43, 0x89, 0x43, 0x89, 0x43, 0x89, 0x43, 0x89, 0x43, 0x89, 0x43, 0x89, 0x43, 0x89, 0x43,
    0x89, 0x43, 0x89, 0x43, 0x89, 0x43, 0x89, 0x43, 0x89, 0x43, 0x89, 0x43, 0x89, 0x43, 0x89, 0x43, 0x89, 0x43, 0x89,
    0x43, 0x89, 0x43, 0x89, 0x43, 0x89, 0x43, 0x89, 0x43, 0x89, 0x43, 0x89, 0x43, 0x89, 0x43, 0x69, 0xFE, 0x69, 0xFE,
    0x69, 0xFE, 0x69, 0xFE, 0x69, 0xFE, 0x69, 0xFE, 0x69, 0xFE, 0x69, 0xFE, 0x69, 0xFE, 0x69, 0xFE, 0x69, 0xFE, 0x69,
    0xFE, 0x69, 0xFE, 0x69, 0xFE, 0x69, 0xFE, 0x69, 0xFE, 0x69, 0xFE, 0x69, 0xFE, 0x69, 0xFE, 0x69, 0xFE, 0x69, 0xFE,
    0x69, 0xFE, 0x69, 0xFE, 0x69, 0xFE, 0x69, 0xFE, 0x69, 0xFE, 0x69, 0xFE, 0x69, 0xFE, 0x69, 0xFE, 0x69, 0xFE, 0x69,
    0xFE, 0x69, 0xFE, 0x69, 0xFE, 0x69, 0xFE, 0x69, 0xFE, 0x69, 0xFE, 0x69, 0xFE, 0x69, 0xFE, 0x69, 0xFE, 0x69, 0xFE,
    0x69, 0xFE, 0x69, 0xFE, 0x69, 0xFE, 0x69, 0xFE, 0x69, 0xFE, 0x69, 0xFE, 0x69, 0xFE, 0x69, 0xFE, 0x69, 0xFE, 0x69,
    0xFE, 0x69, 0xFE, 0x69, 0xFE, 0x69, 0xFE, 0x69, 0xFE, 0x69, 0xFE, 0x69, 0xFE, 0x69, 0xFE, 0x69, 0xFE, 0x69, 0xFE,
    0x69, 0xFE, 0x69, 0xFE, 0x69, 0xFE, 0x69, 0xFE, 0x69, 0xFE, 0x69, 0xFE, 0x69, 0xFE, 0x69, 0xFE, 0x69, 0xFE, 0x69,
    0xFE, 0x69, 0xFE, 0x69, 0xFE, 0x69, 0xFE, 0x69, 0xFE, 0x69, 0xFE, 0x69, 0xFE, 0x69, 0xFE, 0x69, 0xFE, 0x69, 0xFE,
    0x69, 0xFE, 0x69, 0xFE, 0x69, 0xFE, 0x69, 0xFE, 0x69, 0xFE, 0x69, 0xFE, 0x69, 0xFE, 0x69, 0xFE, 0x69, 0xFE, 0x69,
    0xFE, 0x69, 0xFE, 0x69, 0xFE, 0x69, 0xFE, 0x69, 0xFE, 0x69, 0xFE, 0x69, 0xFE, 0x69, 0xFE, 0x69, 0xFE, 0x69, 0xFE,
    0x69, 0xFE, 0x69, 0xFE, 0x69, 0xFE, 0x69, 0xFE, 0x69, 0xFE, 0x69, 0xFE, 0x69, 0xFE, 0x69, 0xFE, 0x69, 0xFE, 0x69,
    0xFE, 0x69, 0xFE, 0x69, 0xFE, 0x69, 0xFE, 0x69, 0xFE, 0x69, 0xFE, 0x69, 0xFE, 0x69, 0xFE, 0x69, 0xFE, 0x69, 0xFE,
    0x69, 0xFE, 0x69, 0xFE, 0x69, 0xFE, 0x69, 0xFE, 0x69, 0xFE, 0x69, 0xFE, 0x69, 0xFE, 0x69, 0xFE, 0x69, 0xFE, 0x69,
    0xFE, 0x69, 0xFE, 0x69, 0xFE, 0x69, 0xFE, 0x69, 0xFE, 0x69, 0xFE, 0x69, 0xFE, 0x69, 0xFE, 0x69, 0xFE, 0x69, 0xFE,
    0x69, 0xFE, 0x69, 0xFE, 0x69, 0xFE, 0x69, 0xFE, 0x69, 0xFE, 0x69, 0xFE, 0x69, 0xFE, 0x69, 0xFE, 0xB8, 0x85, 0xB8,
    0x85, 0xB8, 0x85, 0x7D, 0x5D, 0x7D, 0x5D, 0x7D, 0x5D, 0x7D, 0x5D, 0x7D, 0x5D, 0x7D, 0x5D, 0x7D, 0x5D, 0x7D, 0x5D,
    0x7D, 0x5D, 0x7D, 0x5D, 0x7D, 0x5D, 0x7D, 0x5D, 0x7D, 0x5D, 0x7D, 0x5D, 0x7D, 0x5D, 0x7D, 0x5D, 0x7D, 0x5D, 0x7D,
    0x5D, 0x7D, 0x5D, 0x7D, 0x5D, 0x7D, 0x5D, 0x7D, 0x5D, 0x7D, 0x5D, 0x7D, 0x5D, 0x7D, 0x5D, 0x7D, 0x5D, 0x7D, 0x5D,
    0x7D, 0x5D, 0x7D, 0x5D, 0x7D, 0x5D, 0x7D, 0x5D, 0x7D, 0x5D, 0x7D, 0x5D, 0x7D, 0x5D, 0x7D, 0x5D, 0x7D, 0x5D, 0x7D,
    0x5D, 0x89, 0x43, 0x89, 0x43, 0x89, 0x43, 0x89, 0x43, 0x89, 0x43, 0x89, 0x43, 0x89, 0x43, 0x89, 0x43, 0x89, 0x43,
    0x89, 0x43, 0x89, 0x43, 0x89, 0x43, 0x89, 0x43, 0x89, 0x43, 0x89, 0x43, 0x89, 0x43, 0x89, 0x43, 0x89, 0x43, 0x89,
    0x43, 0x89, 0x43, 0x89, 0x43, 0x89, 0x43, 0x89, 0x43, 0x89, 0x43, 0x89, 0x43, 0x89, 0x43, 0x89, 0x43, 0x89, 0x43,
    0x89, 0x43, 0x89, 0x43, 0x89, 0x43, 0x89, 0x43, 0x89, 0x43, 0x89, 0x43, 0x89, 0x43, 0x89, 0x43, 0x89, 0x43, 0x89,
    0x43, 0x89, 0x43, 0x89, 0x43, 0x89, 0x43, 0x89, 0x43, 0x89, 0x43, 0x89, 0x43, 0x89, 0x43, 0x89, 0x43, 0x89, 0x43,
    0x89, 0x43, 0x89, 0x43, 0x89, 0x43, 0x89, 0x43, 0x89, 0x43, 0x89, 0x43, 0x89, 0x43, 0x89, 0x43, 0x89, 0x43, 0x89,
    0x43, 0x69, 0xFE, 0x69, 0xFE, 0x69, 0xFE, 0x69, 0xFE, 0x69, 0xFE, 0x69, 0xFE, 0x69, 0xFE, 0x69, 0xFE, 0x69, 0xFE,
    0x69, 0xFE, 0x69, 0xFE, 0x69, 0xFE, 0x69, 0xFE, 0x69, 0xFE, 0x69, 0xFE, 0x69, 0xFE, 0x69, 0xFE, 0x69, 0xFE, 0x69,
    0xFE, 0x69, 0xFE, 0x69, 0xFE, 0x69, 0xFE, 0x69, 0xFE, 0x69, 0xFE, 0x69, 0xFE, 0x69, 0xFE, 0x69, 0xFE, 0x69, 0xFE,
    0x69, 0xFE, 0x69, 0xFE, 0x69, 0xFE, 0x69, 0xFE, 0x69, 0xFE, 0x69, 0xFE, 0x69, 0xFE, 0x69, 0xFE, 0x69, 0xFE, 0x69,
    0xFE, 0x69, 0xFE, 0x69, 0xFE, 0x69, 0xFE, 0x69, 0xFE, 0x69, 0xFE, 0x69, 0xFE, 0x69, 0xFE, 0x69, 0xFE, 0x69, 0xFE,
    0x69, 0xFE, 0x69, 0xFE, 0x69, 0xFE, 0x69, 0xFE, 0x69, 0xFE, 0x69, 0xFE, 0x69, 0xFE, 0x69, 0xFE, 0x69, 0xFE, 0x69,
    0xFE, 0x69, 0xFE, 0x69, 0xFE, 0x69, 0xFE, 0x69, 0xFE, 0x69, 0xFE, 0x69, 0xFE, 0x69, 0xFE, 0x69, 0xFE, 0x69, 0xFE,
    0x69, 0xFE, 0x69, 0xFE, 0x69, 0xFE, 0x69, 0xFE, 0x69, 0xFE, 0x69, 0xFE, 0x69, 0xFE, 0x69, 0xFE, 0x69, 0xFE, 0x69,
    0xFE, 0x69, 0xFE, 0x69, 0xFE, 0x69, 0xFE, 0x69, 0xFE, 0x69, 0xFE, 0x69, 0xFE, 0x69, 0xFE, 0x69, 0xFE, 0x69, 0xFE,
    0x69, 0xFE, 0x69, 0xFE, 0x69, 0xFE, 0x69, 0xFE, 0x69, 0xFE, 0x69, 0xFE, 0x69, 0xFE, 0x69, 0xFE, 0x69, 0xFE, 0x69,
    0xFE, 0x69, 0xFE, 0x69, 0xFE, 0x69, 0xFE, 0x69, 0xFE, 0x69, 0xFE, 0x69, 0xFE, 0x69, 0xFE, 0x69, 0xFE, 0x69, 0xFE,
    0x69, 0xFE, 0x69, 0xFE, 0x69, 0xFE, 0x69, 0xFE, 0x69, 0xFE, 0x69, 0xFE, 0x69, 0xFE, 0x69, 0xFE, 0x69, 0xFE, 0x69,
    0xFE, 0x69, 0xFE, 0x69, 0xFE, 0x69, 0xFE, 0x69, 0xFE, 0x69, 0xFE, 0x69, 0xFE, 0x69, 0xFE, 0x69, 0xFE, 0x69, 0xFE,
    0x69, 0xFE, 0x69, 0xFE, 0x69, 0xFE, 0x69, 0xFE, 0x69, 0xFE, 0x69, 0xFE, 0x69, 0xFE, 0x69, 0xFE, 0x69, 0xFE, 0x69,
    0xFE, 0x69, 0xFE, 0x69, 0xFE, 0x69, 0xFE, 0x69, 0xFE, 0x69, 0xFE, 0x69, 0xFE, 0x69, 0xFE, 0x69, 0xFE, 0x69, 0xFE,
    0x69, 0xFE, 0xB8, 0x85, 0xB8, 0x85, 0xB8, 0x85, 0x7D, 0x5D, 0x7D, 0x5D, 0x7D, 0x5D, 0x7D, 0x5D, 0x7D, 0x5D, 0x7D,
    0x5D, 0x7D, 0x5D, 0x7D, 0x5D, 0x7D, 0x5D, 0x7D, 0x5D, 0x7D, 0x5D, 0x7D, 0x5D, 0x7D, 0x5D, 0x7D, 0x5D, 0x7D, 0x5D,
    0x7D, 0x5D, 0x7D, 0x5D, 0x7D, 0x5D, 0x7D, 0x5D, 0x7D, 0x5D, 0x7D, 0x5D, 0x7D, 0x5D, 0x7D, 0x5D, 0x7D, 0x5D, 0x7D,
    0x5D, 0x7D, 0x5D, 0x7D, 0x5D, 0x7D, 0x5D, 0x7D, 0x5D, 0x7D, 0x5D, 0x7D, 0x5D, 0x7D, 0x5D, 0x7D, 0x5D, 0x7D, 0x5D,
    0x7D, 0x5D, 0x7D, 0x5D, 0x7D, 0x5D, 0x89, 0x43, 0x89, 0x43, 0x89, 0x43, 0x89, 0x43, 0x89, 0x43, 0x89, 0x43, 0x89,
    0x43, 0x89, 0x43, 0x89, 0x43, 0x89, 0x43, 0x89, 0x43, 0x89, 0x43, 0x89, 0x43, 0x89, 0x43, 0x89, 0x43, 0x89, 0x43,
    0x89, 0x43, 0x89, 0x43, 0x89, 0x43, 0x89, 0x43, 0x89, 0x43, 0x89, 0x43, 0x89, 0x43, 0x89, 0x43, 0x89, 0x43, 0x89,
    0x43, 0x89, 0x43, 0x89, 0x43, 0x89, 0x43, 0x89, 0x43, 0x89, 0x43, 0x89, 0x43, 0x89, 0x43, 0x89, 0x43, 0x89, 0x43,
    0x89, 0x43, 0x89, 0x43, 0x89, 0x43, 0x89, 0x43, 0x89, 0x43, 0x89, 0x43, 0x89, 0x43, 0x89, 0x43, 0x89, 0x43, 0x89,
    0x43, 0x89, 0x43, 0x89, 0x43, 0x89, 0x43, 0x89, 0x43, 0x89, 0x43, 0x89, 0x43, 0x89, 0x43, 0x89, 0x43, 0x89, 0x43,
    0x89, 0x43, 0x89, 0x43, 0x89, 0x43, 0x69, 0xFE, 0x69, 0xFE, 0x69, 0xFE, 0x69, 0xFE, 0x69, 0xFE, 0x69, 0xFE, 0x69,
    0xFE, 0x69, 0xFE, 0x69, 0xFE, 0x69, 0xFE, 0x69, 0xFE, 0x69, 0xFE, 0x69, 0xFE, 0x69, 0xFE, 0x69, 0xFE, 0x69, 0xFE,
    0x69, 0xFE, 0x69, 0xFE, 0x69, 0xFE, 0x69, 0xFE, 0x69, 0xFE, 0x69, 0xFE, 0x69, 0xFE, 0x69, 0xFE, 0x69, 0xFE, 0x69,
    0xFE, 0x69, 0xFE, 0x69, 0xFE, 0x69, 0xFE, 0x69, 0xFE, 0x69, 0xFE, 0x69, 0xFE, 0x69, 0xFE, 0x69, 0xFE, 0x69, 0xFE,
    0x69, 0xFE, 0x69, 0xFE, 0x69, 0xFE, 0x69, 0xFE, 0x69, 0xFE, 0x69, 0xFE, 0x69, 0xFE, 0x69, 0xFE, 0x69, 0xFE, 0x69,
    0xFE, 0x69, 0xFE, 0x69, 0xFE, 0x69, 0xFE, 0x69, 0xFE, 0x69, 0xFE, 0x69, 0xFE, 0x69, 0xFE, 0x69, 0xFE, 0x69, 0xFE,
    0x69, 0xFE, 0x69, 0xFE, 0x69, 0xFE, 0x69, 0xFE, 0x69, 0xFE, 0x69, 0xFE, 0x69, 0xFE, 0x69, 0xFE, 0x69, 0xFE, 0x69,
    0xFE, 0x69, 0xFE, 0x69, 0xFE, 0x69, 0xFE, 0x69, 0xFE, 0x69, 0xFE, 0x69, 0xFE, 0x69, 0xFE, 0x69, 0xFE, 0x69, 0xFE,
    0x69, 0xFE, 0x69, 0xFE, 0x69, 0xFE, 0x69, 0xFE, 0x69, 0xFE, 0x69, 0xFE, 0x69, 0xFE, 0x69, 0xFE, 0x69, 0xFE, 0x69,
    0xFE, 0x69, 0xFE, 0x69, 0xFE, 0x69, 0xFE, 0x69, 0xFE, 0x69, 0xFE, 0x69, 0xFE, 0x69, 0xFE, 0x69, 0xFE, 0x69, 0xFE,
    0x69, 0xFE, 0x69, 0xFE, 0x69, 0xFE, 0x69, 0xFE, 0x69, 0xFE, 0x69, 0xFE, 0x69, 0xFE, 0x69, 0xFE, 0x69, 0xFE, 0x69,
    0xFE, 0x69, 0xFE, 0x69, 0xFE, 0x69, 0xFE, 0x69, 0xFE, 0x69, 0xFE, 0x69, 0xFE, 0x69, 0xFE, 0x69, 0xFE, 0x69, 0xFE,
    0x69, 0xFE, 0x69, 0xFE, 0x69, 0xFE, 0x69, 0xFE, 0x69, 0xFE, 0x69, 0xFE, 0x69, 0xFE, 0x69, 0xFE, 0x69, 0xFE, 0x69,
    0xFE, 0x69, 0xFE, 0x69, 0xFE, 0x69, 0xFE, 0x69, 0xFE, 0x69, 0xFE, 0x69, 0xFE, 0x69, 0xFE, 0x69, 0xFE, 0x69, 0xFE,
    0x69, 0xFE, 0x69, 0xFE, 0x69, 0xFE, 0x69, 0xFE, 0x69, 0xFE, 0x69, 0xFE, 0x69, 0xFE, 0x69, 0xFE, 0x69, 0xFE, 0x69,
    0xFE, 0x69, 0xFE, 0x69, 0xFE, 0x69, 0xFE, 0xB8, 0x85, 0xB8, 0x85, 0xB8, 0x85, 0x7D, 0x5D, 0x7D, 0x5D, 0x7D, 0x5D,
    0x7D, 0x5D, 0x7D, 0x5D, 0x7D, 0x5D, 0x7D, 0x5D, 0x7D, 0x5D, 0x7D, 0x5D, 0x7D, 0x5D, 0x7D, 0x5D, 0x7D, 0x5D, 0x7D,
    0x5D, 0x7D, 0x5D, 0x7D, 0x5D, 0x7D, 0x5D, 0x7D, 0x5D, 0x7D, 0x5D, 0x7D, 0x5D, 0x7D, 0x5D, 0x7D, 0x5D, 0x7D, 0x5D,
    0x7D, 0x5D, 0x7D, 0x5D, 0x7D, 0x5D, 0x7D, 0x5D, 0x7D, 0x5D, 0x7D, 0x5D, 0x7D, 0x5D, 0x7D, 0x5D, 0x7D, 0x5D, 0x7D,
    0x5D, 0x7D, 0x5D, 0x7D, 0x5D, 0x7D, 0x5D, 0x7D, 0x5D, 0x7D, 0x5D, 0x89, 0x43, 0x89, 0x43, 0x89, 0x43, 0x89, 0x43,
    0x89, 0x43, 0x89, 0x43, 0x89, 0x43, 0x89, 0x43, 0x89, 0x43, 0x89, 0x43, 0x89, 0x43, 0x89, 0x43, 0x89, 0x43, 0x89,
    0x43, 0x89, 0x43, 0x89, 0x43, 0x89, 0x43, 0x89, 0x43, 0x89, 0x43, 0x89, 0x43, 0x89, 0x43, 0x89, 0x43, 0x89, 0x43,
    0x89, 0x43, 0x89, 0x43, 0x89, 0x43, 0x89, 0x43, 0x89, 0x43, 0x89, 0x43, 0x89, 0x43, 0x89, 0x43, 0x89, 0x43, 0x89,
    0x43, 0x89, 0x43, 0x89, 0x43, 0x89, 0x43, 0x89, 0x43, 0x89, 0x43, 0x89, 0x43, 0x89, 0x43, 0x89, 0x43, 0x89, 0x43,
    0x89, 0x43, 0x89, 0x43, 0x89, 0x43, 0x89, 0x43, 0x89, 0x43, 0x89, 0x43, 0x89, 0x43, 0x89, 0x43, 0x89, 0x43, 0x89,
    0x43, 0x89, 0x43, 0x69, 0xFE, 0x69, 0xFE, 0x69, 0xFE, 0x69, 0xFE, 0x69, 0xFE, 0x69, 0xFE, 0x69, 0xFE, 0x69, 0xFE,
    0x69, 0xFE, 0x69, 0xFE, 0x69, 0xFE, 0x69, 0xFE, 0x69, 0xFE, 0x69, 0xFE, 0x69, 0xFE, 0x69, 0xFE, 0x69, 0xFE, 0x69,
    0xFE, 0x69, 0xFE, 0x69, 0xFE, 0x69, 0xFE, 0x69, 0xFE, 0x69, 0xFE, 0x69, 0xFE, 0x69, 0xFE, 0x69, 0xFE, 0x69, 0xFE,
    0x69, 0xFE, 0x69, 0xFE, 0x69, 0xFE, 0x69, 0xFE, 0x69, 0xFE, 0x69, 0xFE, 0x69, 0xFE, 0x69, 0xFE, 0x69, 0xFE, 0x69,
    0xFE, 0x69, 0xFE, 0x69, 0xFE, 0x69, 0xFE, 0x69, 0xFE, 0x69, 0xFE, 0x69, 0xFE, 0x69, 0xFE, 0x69, 0xFE, 0x69, 0xFE,
    0x69, 0xFE, 0x69, 0xFE, 0x69, 0xFE, 0x69, 0xFE, 0x69, 0xFE, 0x69, 0xFE, 0x69, 0xFE, 0x69, 0xFE, 0x69, 0xFE, 0x69,
    0xFE, 0x69, 0xFE, 0x69, 0xFE, 0x69, 0xFE, 0x69, 0xFE, 0x69, 0xFE, 0x69, 0xFE, 0x69, 0xFE, 0x69, 0xFE, 0x69, 0xFE,
    0x69, 0xFE, 0x69, 0xFE, 0x69, 0xFE, 0x69, 0xFE, 0x69, 0xFE, 0x69, 0xFE, 0x69, 0xFE, 0x69, 0xFE, 0x69, 0xFE, 0x69,
    0xFE, 0x69, 0xFE, 0x69, 0xFE, 0x69, 0xFE, 0x69, 0xFE, 0x69, 0xFE, 0x69, 0xFE, 0x69, 0xFE, 0x69, 0xFE, 0x69, 0xFE,
    0x69, 0xFE, 0x69, 0xFE, 0x69, 0xFE, 0x69, 0xFE, 0x69, 0xFE, 0x69, 0xFE, 0x69, 0xFE, 0x69, 0xFE, 0x69, 0xFE, 0x69,
    0xFE, 0x69, 0xFE, 0x69, 0xFE, 0x69, 0xFE, 0x69, 0xFE, 0x69, 0xFE, 0x69, 0xFE, 0x69, 0xFE, 0x69, 0xFE, 0x69, 0xFE,
    0x69, 0xFE, 0x69, 0xFE, 0x69, 0xFE, 0x69, 0xFE, 0x69, 0xFE, 0x69, 0xFE, 0x69, 0xFE, 0x69, 0xFE, 0x69, 0xFE, 0x69,
    0xFE, 0x69, 0xFE, 0x69, 0xFE, 0x69, 0xFE, 0x69, 0xFE, 0x69, 0xFE, 0x69, 0xFE, 0x69, 0xFE, 0x69, 0xFE, 0x69, 0xFE,
    0x69, 0xFE, 0x69, 0xFE, 0x69, 0xFE, 0x69, 0xFE, 0x69, 0xFE, 0x69, 0xFE, 0x69, 0xFE, 0x69, 0xFE, 0x69, 0xFE, 0x69,
    0xFE, 0x69, 0xFE, 0x69, 0xFE, 0x69, 0xFE, 0x69, 0xFE, 0x69, 0xFE, 0x69, 0xFE, 0x69, 0xFE, 0x69, 0xFE, 0x69, 0xFE,
    0x69, 0xFE, 0x69, 0xFE, 0x69, 0xFE, 0x2E, 0xDE, 0x2E, 0xDE, 0x2E, 0xDE, 0x7D, 0x5D, 0x7D, 0x5D, 0x7D, 0x5D, 0x7D,
    0x5D, 0x7D, 0x5D, 0x7D, 0x5D, 0x7D, 0x5D, 0x7D, 0x5D, 0x7D, 0x5D, 0x7D, 0x5D, 0x7D, 0x5D, 0x7D, 0x5D, 0x7D, 0x5D,
    0x7D, 0x5D, 0x7D, 0x5D, 0x7D, 0x5D, 0x7D, 0x5D, 0x7D, 0x5D, 0x7D, 0x5D, 0x7D, 0x5D, 0x7D, 0x5D, 0x7D, 0x5D, 0x7D,
    0x5D, 0x7D, 0x5D, 0x7D, 0x5D, 0x7D, 0x5D, 0x7D, 0x5D, 0x7D, 0x5D, 0x7D, 0x5D, 0x7D, 0x5D, 0x7D, 0x5D, 0x7D, 0x5D,
    0x7D, 0x5D, 0x7D, 0x5D, 0x7D, 0x5D, 0x7D, 0x5D, 0x7D, 0x5D, 0x7D, 0x5D, 0x7D, 0x5D, 0x7D, 0x5D, 0x7D, 0x5D, 0x7D,
    0x5D, 0x7D, 0x5D, 0x89, 0x43, 0x89, 0x43, 0x89, 0x43, 0x89, 0x43, 0x89, 0x43, 0x89, 0x43, 0x89, 0x43, 0x89, 0x43,
    0x89, 0x43, 0x89, 0x43, 0x89, 0x43, 0x89, 0x43, 0x89, 0x43, 0x89, 0x43, 0x89, 0x43, 0x89, 0x43, 0x89, 0x43, 0x89,
    0x43, 0x89, 0x43, 0x89, 0x43, 0x89, 0x43, 0x89, 0x43, 0x89, 0x43, 0x89, 0x43, 0x89, 0x43, 0x89, 0x43, 0x89, 0x43,
    0x89, 0x43, 0x89, 0x43, 0x89, 0x43, 0x89, 0x43, 0x89, 0x43, 0x89, 0x43, 0x89, 0x43, 0x89, 0x43, 0x89, 0x43, 0x89,
    0x43, 0x89, 0x43, 0x89, 0x43, 0x89, 0x43, 0x89, 0x43, 0x89, 0x43, 0x89, 0x43, 0x89, 0x43, 0x89, 0x43, 0x89, 0x43,
    0x89, 0x43, 0x89, 0x43, 0x89, 0x43, 0x89, 0x43, 0x69, 0xFE, 0x69, 0xFE, 0x69, 0xFE, 0x69, 0xFE, 0x69, 0xFE, 0x69,
    0xFE, 0x69, 0xFE, 0x69, 0xFE, 0x69, 0xFE, 0x69, 0xFE, 0x69, 0xFE, 0x69, 0xFE, 0x69, 0xFE, 0x69, 0xFE, 0x69, 0xFE,
    0x69, 0xFE, 0x69, 0xFE, 0x69, 0xFE, 0x69, 0xFE, 0x69, 0xFE, 0x69, 0xFE, 0x69, 0xFE, 0x69, 0xFE, 0x69, 0xFE, 0x69,
    0xFE, 0x69, 0xFE, 0x69, 0xFE, 0x69, 0xFE, 0x69, 0xFE, 0x69, 0xFE, 0x69, 0xFE, 0x69, 0xFE, 0x69, 0xFE, 0x69, 0xFE,
    0x69, 0xFE, 0x69, 0xFE, 0x69, 0xFE, 0x69, 0xFE, 0x69, 0xFE, 0x69, 0xFE, 0x69, 0xFE, 0x69, 0xFE, 0x69, 0xFE, 0x69,
    0xFE, 0x69, 0xFE, 0x69, 0xFE, 0x69, 0xFE, 0x69, 0xFE, 0x69, 0xFE, 0x69, 0xFE, 0x69, 0xFE, 0x69, 0xFE, 0x69, 0xFE,
    0x69, 0xFE, 0x69, 0xFE, 0x69, 0xFE, 0x69, 0xFE, 0x69, 0xFE, 0x69, 0xFE, 0x69, 0xFE, 0x69, 0xFE, 0x69, 0xFE, 0x69,
    0xFE, 0x69, 0xFE, 0x69, 0xFE, 0x69, 0xFE, 0x69, 0xFE, 0x69, 0xFE, 0x69, 0xFE, 0x69, 0xFE, 0x69, 0xFE, 0x69, 0xFE,
    0x69, 0xFE, 0x69, 0xFE, 0x69, 0xFE, 0x69, 0xFE, 0x69, 0xFE, 0x69, 0xFE, 0x69, 0xFE, 0x69, 0xFE, 0x69, 0xFE, 0x69,
    0xFE, 0x69, 0xFE, 0x69, 0xFE, 0x69, 0xFE, 0x69, 0xFE, 0x69, 0xFE, 0x69, 0xFE, 0x69, 0xFE, 0x69, 0xFE, 0x69, 0xFE,
    0x69, 0xFE, 0x69, 0xFE, 0x69, 0xFE, 0x69, 0xFE, 0x69, 0xFE, 0x69, 0xFE, 0x69, 0xFE, 0x69, 0xFE, 0x69, 0xFE, 0x69,
    0xFE, 0x69, 0xFE, 0x69, 0xFE, 0x69, 0xFE, 0x69, 0xFE, 0x69, 0xFE, 0x69, 0xFE, 0x69, 0xFE, 0x69, 0xFE, 0x69, 0xFE,
    0x69, 0xFE, 0x69, 0xFE, 0x69, 0xFE, 0x69, 0xFE, 0x69, 0xFE, 0x69, 0xFE, 0x69, 0xFE, 0x69, 0xFE, 0x69, 0xFE, 0x69,
    0xFE, 0x69, 0xFE, 0x69, 0xFE, 0x69, 0xFE, 0x69, 0xFE, 0x69, 0xFE, 0x69, 0xFE, 0x69, 0xFE, 0x69, 0xFE, 0x69, 0xFE,
    0x69, 0xFE, 0x69, 0xFE, 0x69, 0xFE, 0x69, 0xFE, 0x69, 0xFE, 0x69, 0xFE, 0x69, 0xFE, 0x69, 0xFE, 0x69, 0xFE, 0x69,
    0xFE, 0x69, 0xFE, 0x69, 0xFE, 0x69, 0xFE, 0x69, 0xFE, 0x69, 0xFE, 0x2E, 0xDE, 0x2E, 0xDE, 0x2E, 0xDE, 0x7D, 0x5D,
    0x7D, 0x5D, 0x7D, 0x5D, 0x7D, 0x5D, 0x7D, 0x5D, 0x7D, 0x5D, 0x7D, 0x5D, 0x7D, 0x5D, 0x7D, 0x5D, 0x7D, 0x5D, 0x7D,
    0x5D, 0x7D, 0x5D, 0x7D, 0x5D, 0x7D, 0x5D, 0x7D, 0x5D, 0x7D, 0x5D, 0x7D, 0x5D, 0x7D, 0x5D, 0x7D, 0x5D, 0x7D, 0x5D,
    0x7D, 0x5D, 0x7D, 0x5D, 0x7D, 0x5D, 0x7D, 0x5D, 0x7D, 0x5D, 0x7D, 0x5D, 0x7D, 0x5D, 0x7D, 0x5D, 0x7D, 0x5D, 0x7D,
    0x5D, 0x7D, 0x5D, 0x7D, 0x5D, 0x7D, 0x5D, 0x7D, 0x5D, 0x7D, 0x5D, 0x7D, 0x5D, 0x7D, 0x5D, 0x7D, 0x5D, 0x7D, 0x5D,
    0x7D, 0x5D, 0x7D, 0x5D, 0x7D, 0x5D, 0x7D, 0x5D, 0x89, 0x43, 0x89, 0x43, 0x89, 0x43, 0x89, 0x43, 0x89, 0x43, 0x89,
    0x43, 0x89, 0x43, 0x89, 0x43, 0x89, 0x43, 0x89, 0x43, 0x89, 0x43, 0x89, 0x43, 0x89, 0x43, 0x89, 0x43, 0x89, 0x43,
    0x89, 0x43, 0x89, 0x43, 0x89, 0x43, 0x89, 0x43, 0x89, 0x43, 0x89, 0x43, 0x89, 0x43, 0x89, 0x43, 0x89, 0x43, 0x89,
    0x43, 0x89, 0x43, 0x89, 0x43, 0x89, 0x43, 0x89, 0x43, 0x89, 0x43, 0x89, 0x43, 0x89, 0x43, 0x89, 0x43, 0x89, 0x43,
    0x89, 0x43, 0x89, 0x43, 0x89, 0x43, 0x89, 0x43, 0x89, 0x43, 0x89, 0x43, 0x89, 0x43, 0x89, 0x43, 0x89, 0x43, 0x89,
    0x43, 0x89, 0x43, 0x89, 0x43, 0x89, 0x43, 0x89, 0x43, 0x89, 0x43, 0x89, 0x43, 0x69, 0xFE, 0x69, 0xFE, 0x69, 0xFE,
    0x69, 0xFE, 0x69, 0xFE, 0x69, 0xFE, 0x69, 0xFE, 0x69, 0xFE, 0x69, 0xFE, 0x69, 0xFE, 0x69, 0xFE, 0x69, 0xFE, 0x69,
    0xFE, 0x69, 0xFE, 0x69, 0xFE, 0x69, 0xFE, 0x69, 0xFE, 0x69, 0xFE, 0x69, 0xFE, 0x69, 0xFE, 0x69, 0xFE, 0x69, 0xFE,
    0x69, 0xFE, 0x69, 0xFE, 0x69, 0xFE, 0x69, 0xFE, 0x69, 0xFE, 0x69, 0xFE, 0x69, 0xFE, 0x69, 0xFE, 0x69, 0xFE, 0x69,
    0xFE, 0x69, 0xFE, 0x69, 0xFE, 0x69, 0xFE, 0x69, 0xFE, 0x69, 0xFE, 0x69, 0xFE, 0x69, 0xFE, 0x69, 0xFE, 0x69, 0xFE,
    0x69, 0xFE, 0x69, 0xFE, 0x69, 0xFE, 0x69, 0xFE, 0x69, 0xFE, 0x69, 0xFE, 0x69, 0xFE, 0x69, 0xFE, 0x69, 0xFE, 0x69,
    0xFE, 0x69, 0xFE, 0x69, 0xFE, 0x69, 0xFE, 0x69, 0xFE, 0x69, 0xFE, 0x69, 0xFE, 0x69, 0xFE, 0x69, 0xFE, 0x69, 0xFE,
    0x69, 0xFE, 0x69, 0xFE, 0x69, 0xFE, 0x69, 0xFE, 0x69, 0xFE, 0x69, 0xFE, 0x69, 0xFE, 0x69, 0xFE, 0x69, 0xFE, 0x69,
    0xFE, 0x69, 0xFE, 0x69, 0xFE, 0x69, 0xFE, 0x69, 0xFE, 0x69, 0xFE, 0x69, 0xFE, 0x69, 0xFE, 0x69, 0xFE, 0x69, 0xFE,
    0x69, 0xFE, 0x69, 0xFE, 0x69, 0xFE, 0x69, 0xFE, 0x69, 0xFE, 0x69, 0xFE, 0x69, 0xFE, 0x69, 0xFE, 0x69, 0xFE, 0x69,
    0xFE, 0x69, 0xFE, 0x69, 0xFE, 0x69, 0xFE, 0x69, 0xFE, 0x69, 0xFE, 0x69, 0xFE, 0x69, 0xFE, 0x69, 0xFE, 0x69, 0xFE,
    0x69, 0xFE, 0x69, 0xFE, 0x69, 0xFE, 0x69, 0xFE, 0x69, 0xFE, 0x69, 0xFE, 0x69, 0xFE, 0x69, 0xFE, 0x69, 0xFE, 0x69,
    0xFE, 0x69, 0xFE, 0x69, 0xFE, 0x69, 0xFE, 0x69, 0xFE, 0x69, 0xFE, 0x69, 0xFE, 0x69, 0xFE, 0x69, 0xFE, 0x69, 0xFE,
    0x69, 0xFE, 0x69, 0xFE, 0x69, 0xFE, 0x69, 0xFE, 0x69, 0xFE, 0x69, 0xFE, 0x69, 0xFE, 0x69, 0xFE, 0x69, 0xFE, 0x69,
    0xFE, 0x69, 0xFE, 0x69, 0xFE, 0x69, 0xFE, 0x69, 0xFE, 0x69, 0xFE, 0x69, 0xFE, 0x69, 0xFE, 0x69, 0xFE, 0x69, 0xFE,
    0x69, 0xFE, 0x69, 0xFE, 0x69, 0xFE, 0x69, 0xFE, 0x69, 0xFE, 0x69, 0xFE, 0x69, 0xFE, 0x69, 0xFE, 0x2E, 0xDE, 0x2E,
    0xDE, 0x2E, 0xDE, 0x7D, 0x5D, 0x7D, 0x5D, 0x7D, 0x5D, 0x7D, 0x5D, 0x7D, 0x5D, 0x7D, 0x5D, 0x7D, 0x5D, 0x7D, 0x5D,
    0x7D, 0x5D, 0x7D, 0x5D, 0x7D, 0x5D, 0x7D, 0x5D, 0x7D, 0x5D, 0x7D, 0x5D, 0x7D, 0x5D, 0x7D, 0x5D, 0x7D, 0x5D, 0x7D,
    0x5D, 0x7D, 0x5D, 0x7D, 0x5D, 0x7D, 0x5D, 0x7D, 0x5D, 0x7D, 0x5D, 0x7D, 0x5D, 0x7D, 0x5D, 0x7D, 0x5D, 0x7D, 0x5D,
    0x7D, 0x5D, 0x7D, 0x5D, 0x7D, 0x5D, 0x7D, 0x5D, 0x7D, 0x5D, 0x7D, 0x5D, 0x7D, 0x5D, 0x7D, 0x5D, 0x7D, 0x5D, 0x7D,
    0x5D, 0x7D, 0x5D, 0x7D, 0x5D, 0x7D, 0x5D, 0x7D, 0x5D, 0x7D, 0x5D, 0x7D, 0x5D, 0x89, 0x43, 0x89, 0x43, 0x89, 0x43,
    0x89, 0x43, 0x89, 0x43, 0x89, 0x43, 0x89, 0x43, 0x89, 0x43, 0x89, 0x43, 0x89, 0x43, 0x89, 0x43, 0x89, 0x43, 0x89,
    0x43, 0x89, 0x43, 0x89, 0x43, 0x89, 0x43, 0x89, 0x43, 0x89, 0x43, 0x89, 0x43, 0x89, 0x43, 0x89, 0x43, 0x89, 0x43,
    0x89, 0x43, 0x89, 0x43, 0x89, 0x43, 0x89, 0x43, 0x89, 0x43, 0x89, 0x43, 0x89, 0x43, 0x89, 0x43, 0x89, 0x43, 0x89,
    0x43, 0x89, 0x43, 0x89, 0x43, 0x89, 0x43, 0x89, 0x43, 0x89, 0x43, 0x89, 0x43, 0x89, 0x43, 0x89, 0x43, 0x89, 0x43,
    0x89, 0x43, 0x89, 0x43, 0x89, 0x43, 0x89, 0x43, 0x89, 0x43, 0x89, 0x43, 0x89, 0x43, 0x89, 0x43, 0x89, 0x43, 0x69,
    0xFE, 0x69, 0xFE, 0x69, 0xFE, 0x69, 0xFE, 0x69, 0xFE, 0x69, 0xFE, 0x69, 0xFE, 0x69, 0xFE, 0x69, 0xFE, 0x69, 0xFE,
    0x69, 0xFE, 0x69, 0xFE, 0x69, 0xFE, 0x69, 0xFE, 0x69, 0xFE, 0x69, 0xFE, 0x69, 0xFE, 0x69, 0xFE, 0x69, 0xFE, 0x69,
    0xFE, 0x69, 0xFE, 0x69, 0xFE, 0x69, 0xFE, 0x69, 0xFE, 0x69, 0xFE, 0x69, 0xFE, 0x69, 0xFE, 0x69, 0xFE, 0x69, 0xFE,
    0x69, 0xFE, 0x69, 0xFE, 0x69, 0xFE, 0x69, 0xFE, 0x69, 0xFE, 0x69, 0xFE, 0x69, 0xFE, 0x69, 0xFE, 0x69, 0xFE, 0x69,
    0xFE, 0x69, 0xFE, 0x69, 0xFE, 0x69, 0xFE, 0x69, 0xFE, 0x69, 0xFE, 0x69, 0xFE, 0x69, 0xFE, 0x69, 0xFE, 0x69, 0xFE,
    0x69, 0xFE, 0x69, 0xFE, 0x69, 0xFE, 0x69, 0xFE, 0x69, 0xFE, 0x69, 0xFE, 0x69, 0xFE, 0x69, 0xFE, 0x69, 0xFE, 0x69,
    0xFE, 0x69, 0xFE, 0x69, 0xFE, 0x69, 0xFE, 0x69, 0xFE, 0x69, 0xFE, 0x69, 0xFE, 0x69, 0xFE, 0x69, 0xFE, 0x69, 0xFE,
    0x69, 0xFE, 0x69, 0xFE, 0x69, 0xFE, 0x69, 0xFE, 0x69, 0xFE, 0x69, 0xFE, 0x69, 0xFE, 0x69, 0xFE, 0x69, 0xFE, 0x69,
    0xFE, 0x69, 0xFE, 0x69, 0xFE, 0x69, 0xFE, 0x69, 0xFE, 0x69, 0xFE, 0x69, 0xFE, 0x69, 0xFE, 0x69, 0xFE, 0x69, 0xFE,
    0x69, 0xFE, 0x69, 0xFE, 0x69, 0xFE, 0x69, 0xFE, 0x69, 0xFE, 0x69, 0xFE, 0x69, 0xFE, 0x69, 0xFE, 0x69, 0xFE, 0x69,
    0xFE, 0x69, 0xFE, 0x69, 0xFE, 0x69, 0xFE, 0x69, 0xFE, 0x69, 0xFE, 0x69, 0xFE, 0x69, 0xFE, 0x69, 0xFE, 0x69, 0xFE,
    0x69, 0xFE, 0x69, 0xFE, 0x69, 0xFE, 0x69, 0xFE, 0x69, 0xFE, 0x69, 0xFE, 0x69, 0xFE, 0x69, 0xFE, 0x69, 0xFE, 0x69,
    0xFE, 0x69, 0xFE, 0x69, 0xFE, 0x69, 0xFE, 0x69, 0xFE, 0x69, 0xFE, 0x69, 0xFE, 0x69, 0xFE, 0x69, 0xFE, 0x69, 0xFE,
    0x69, 0xFE, 0x69, 0xFE, 0x69, 0xFE, 0x69, 0xFE, 0x69, 0xFE, 0x69, 0xFE, 0x69, 0xFE, 0x69, 0xFE, 0x69, 0xFE, 0x69,
    0xFE, 0x69, 0xFE, 0x69, 0xFE, 0x69, 0xFE, 0x69, 0xFE, 0x69, 0xFE, 0x69, 0xFE, 0x69, 0xFE, 0x69, 0xFE, 0x69, 0xFE,
    0x69, 0xFE, 0x2E, 0xDE, 0x2E, 0xDE, 0x2E, 0xDE, 0x7D, 0x5D, 0x7D, 0x5D, 0x7D, 0x5D, 0x7D, 0x5D, 0x7D, 0x5D, 0x7D,
    0x5D, 0x7D, 0x5D, 0x7D, 0x5D, 0x7D, 0x5D, 0x7D, 0x5D, 0x7D, 0x5D, 0x7D, 0x5D, 0x7D, 0x5D, 0x7D, 0x5D, 0x7D, 0x5D,
    0x7D, 0x5D, 0x7D, 0x5D, 0x7D, 0x5D, 0x7D, 0x5D, 0x7D, 0x5D, 0x7D, 0x5D, 0x7D, 0x5D, 0x7D, 0x5D, 0x7D, 0x5D, 0x7D,
    0x5D, 0x7D, 0x5D, 0x7D, 0x5D, 0x7D, 0x5D, 0x7D, 0x5D, 0x7D, 0x5D, 0x7D, 0x5D, 0x7D, 0x5D, 0x7D, 0x5D, 0x7D, 0x5D,
    0x7D, 0x5D, 0x7D, 0x5D, 0x7D, 0x5D, 0x7D, 0x5D, 0x7D, 0x5D, 0x7D, 0x5D, 0x7D, 0x5D, 0x7D, 0x5D, 0x7D, 0x5D, 0x89,
    0x43, 0x89, 0x43, 0x89, 0x43, 0x89, 0x43, 0x89, 0x43, 0x89, 0x43, 0x89, 0x43, 0x89, 0x43, 0x89, 0x43, 0x89, 0x43,
    0x89, 0x43, 0x89, 0x43, 0x89, 0x43, 0x89, 0x43, 0x89, 0x43, 0x89, 0x43, 0x89, 0x43, 0x89, 0x43, 0x89, 0x43, 0x89,
    0x43, 0x89, 0x43, 0x89, 0x43, 0x89, 0x43, 0x89, 0x43, 0x89, 0x43, 0x89, 0x43, 0x89, 0x43, 0x89, 0x43, 0x89, 0x43,
    0x89, 0x43, 0x89, 0x43, 0x89, 0x43, 0x89, 0x43, 0x89, 0x43, 0x89, 0x43, 0x89, 0x43, 0x89, 0x43, 0x89, 0x43, 0x89,
    0x43, 0x89, 0x43, 0x89, 0x43, 0x89, 0x43, 0x89, 0x43, 0x89, 0x43, 0x89, 0x43, 0x89, 0x43, 0x89, 0x43, 0x69, 0xFE,
    0x69, 0xFE, 0x69, 0xFE, 0x69, 0xFE, 0x69, 0xFE, 0x69, 0xFE, 0x69, 0xFE, 0x69, 0xFE, 0x69, 0xFE, 0x69, 0xFE, 0x69,
    0xFE, 0x69, 0xFE, 0x69, 0xFE, 0x69, 0xFE, 0x69, 0xFE, 0x69, 0xFE, 0x69, 0xFE, 0x69, 0xFE, 0x69, 0xFE, 0x69, 0xFE,
    0x69, 0xFE, 0x69, 0xFE, 0x69, 0xFE, 0x69, 0xFE, 0x69, 0xFE, 0x69, 0xFE, 0x69, 0xFE, 0x69, 0xFE, 0x69, 0xFE, 0x69,
    0xFE, 0x69, 0xFE, 0x69, 0xFE, 0x69, 0xFE, 0x69, 0xFE, 0x69, 0xFE, 0x69, 0xFE, 0x69, 0xFE, 0x69, 0xFE, 0x69, 0xFE,
    0x69, 0xFE, 0x69, 0xFE, 0x69, 0xFE, 0x69, 0xFE, 0x69, 0xFE, 0x69, 0xFE, 0x69, 0xFE, 0x69, 0xFE, 0x69, 0xFE, 0x69,
    0xFE, 0x69, 0xFE, 0x69, 0xFE, 0x69, 0xFE, 0x69, 0xFE, 0x69, 0xFE, 0x69, 0xFE, 0x69, 0xFE, 0x69, 0xFE, 0x69, 0xFE,
    0x69, 0xFE, 0x69, 0xFE, 0x69, 0xFE, 0x69, 0xFE, 0x69, 0xFE, 0x69, 0xFE, 0x69, 0xFE, 0x69, 0xFE, 0x69, 0xFE, 0x69,
    0xFE, 0x69, 0xFE, 0x69, 0xFE, 0x69, 0xFE, 0x69, 0xFE, 0x69, 0xFE, 0x69, 0xFE, 0x69, 0xFE, 0x69, 0xFE, 0x69, 0xFE,
    0x69, 0xFE, 0x69, 0xFE, 0x69, 0xFE, 0x69, 0xFE, 0x69, 0xFE, 0x69, 0xFE, 0x69, 0xFE, 0x69, 0xFE, 0x69, 0xFE, 0x69,
    0xFE, 0x69, 0xFE, 0x69, 0xFE, 0x69, 0xFE, 0x69, 0xFE, 0x69, 0xFE, 0x69, 0xFE, 0x69, 0xFE, 0x69, 0xFE, 0x69, 0xFE,
    0x69, 0xFE, 0x69, 0xFE, 0x69, 0xFE, 0x69, 0xFE, 0x69, 0xFE, 0x69, 0xFE, 0x69, 0xFE, 0x69, 0xFE, 0x69, 0xFE, 0x69,
    0xFE, 0x69, 0xFE, 0x69, 0xFE, 0x69, 0xFE, 0x69, 0xFE, 0x69, 0xFE, 0x69, 0xFE, 0x69, 0xFE, 0x69, 0xFE, 0x69, 0xFE,
    0x69, 0xFE, 0x69, 0xFE, 0x69, 0xFE, 0x69, 0xFE, 0x69, 0xFE, 0x69, 0xFE, 0x69, 0xFE, 0x69, 0xFE, 0x69, 0xFE, 0x69,
    0xFE, 0x69, 0xFE, 0x69, 0xFE, 0x69, 0xFE, 0x69, 0xFE, 0x69, 0xFE, 0x69, 0xFE, 0x69, 0xFE, 0x69, 0xFE, 0x69, 0xFE,
    0x69, 0xFE, 0x69, 0xFE, 0x69, 0xFE, 0x69, 0xFE, 0x69, 0xFE, 0x69, 0xFE, 0x69, 0xFE, 0x69, 0xFE, 0x69, 0xFE, 0x69,
    0xFE, 0x69, 0xFE, 0x69, 0xFE, 0x69, 0xFE, 0xB8, 0x85, 0xB8, 0x85, 0xB8, 0x85, 0x7D, 0x5D, 0x7D, 0x5D, 0x7D, 0x5D,
    0x7D, 0x5D, 0x7D, 0x5D, 0x7D, 0x5D, 0x7D, 0x5D, 0x7D, 0x5D, 0x7D, 0x5D, 0x7D, 0x5D, 0x7D, 0x5D, 0x7D, 0x5D, 0x7D,
    0x5D, 0x7D, 0x5D, 0x7D, 0x5D, 0x7D, 0x5D, 0x7D, 0x5D, 0x7D, 0x5D, 0x7D, 0x5D, 0x7D, 0x5D, 0x7D, 0x5D, 0x7D, 0x5D,
    0x7D, 0x5D, 0x7D, 0x5D, 0x7D, 0x5D, 0x7D, 0x5D, 0x7D, 0x5D, 0x7D, 0x5D, 0x7D, 0x5D, 0x7D, 0x5D, 0x7D, 0x5D, 0x7D,
    0x5D, 0x7D, 0x5D, 0x7D, 0x5D, 0x7D, 0x5D, 0x7D, 0x5D, 0x7D, 0x5D, 0x7D, 0x5D, 0x7D, 0x5D, 0x7D, 0x5D, 0x7D, 0x5D,
    0x7D, 0x5D, 0x7D, 0x5D, 0x89, 0x43, 0x89, 0x43, 0x89, 0x43, 0x89, 0x43, 0x89, 0x43, 0x89, 0x43, 0x89, 0x43, 0x89,
    0x43, 0x89, 0x43, 0x89, 0x43, 0x89, 0x43, 0x89, 0x43, 0x89, 0x43, 0x89, 0x43, 0x89, 0x43, 0x89, 0x43, 0x89, 0x43,
    0x89, 0x43, 0x89, 0x43, 0x89, 0x43, 0x89, 0x43, 0x89, 0x43, 0x89, 0x43, 0x89, 0x43, 0x89, 0x43, 0x89, 0x43, 0x89,
    0x43, 0x89, 0x43, 0x89, 0x43, 0x89, 0x43, 0x89, 0x43, 0x89, 0x43, 0x89, 0x43, 0x89, 0x43, 0x89, 0x43, 0x89, 0x43,
    0x89, 0x43, 0x89, 0x43, 0x89, 0x43, 0x89, 0x43, 0x89, 0x43, 0x89, 0x43, 0x89, 0x43, 0x89, 0x43, 0x89, 0x43, 0x89,
    0x43, 0x89, 0x43, 0x69, 0xFE, 0x69, 0xFE, 0x69, 0xFE, 0x69, 0xFE, 0x69, 0xFE, 0x69, 0xFE, 0x69, 0xFE, 0x69, 0xFE,
    0x69, 0xFE, 0x69, 0xFE, 0x69, 0xFE, 0x69, 0xFE, 0x69, 0xFE, 0x69, 0xFE, 0x69, 0xFE, 0x69, 0xFE, 0x69, 0xFE, 0x69,
    0xFE, 0x69, 0xFE, 0x69, 0xFE, 0x69, 0xFE, 0x69, 0xFE, 0x69, 0xFE, 0x69, 0xFE, 0x69, 0xFE, 0x69, 0xFE, 0x69, 0xFE,
    0x69, 0xFE, 0x69, 0xFE, 0x69, 0xFE, 0x69, 0xFE, 0x69, 0xFE, 0x69, 0xFE, 0x69, 0xFE, 0x69, 0xFE, 0x69, 0xFE, 0x69,
    0xFE, 0x69, 0xFE, 0x69, 0xFE, 0x69, 0xFE, 0x69, 0xFE, 0x69, 0xFE, 0x69, 0xFE, 0x69, 0xFE, 0x69, 0xFE, 0x69, 0xFE,
    0x69, 0xFE, 0x69, 0xFE, 0x69, 0xFE, 0x69, 0xFE, 0x69, 0xFE, 0x69, 0xFE, 0x69, 0xFE, 0x69, 0xFE, 0x69, 0xFE, 0x69,
    0xFE, 0x69, 0xFE, 0x69, 0xFE, 0x69, 0xFE, 0x69, 0xFE, 0x69, 0xFE, 0x69, 0xFE, 0x69, 0xFE, 0x69, 0xFE, 0x69, 0xFE,
    0x69, 0xFE, 0x69, 0xFE, 0x69, 0xFE, 0x69, 0xFE, 0x69, 0xFE, 0x69, 0xFE, 0x69, 0xFE, 0x69, 0xFE, 0x69, 0xFE, 0x69,
    0xFE, 0x69, 0xFE, 0x69, 0xFE, 0x69, 0xFE, 0x69, 0xFE, 0x69, 0xFE, 0x69, 0xFE, 0x69, 0xFE, 0x69, 0xFE, 0x69, 0xFE,
    0x69, 0xFE, 0x69, 0xFE, 0x69, 0xFE, 0x69, 0xFE, 0x69, 0xFE, 0x69, 0xFE, 0x69, 0xFE, 0x69, 0xFE, 0x69, 0xFE, 0x69,
    0xFE, 0x69, 0xFE, 0x69, 0xFE, 0x69, 0xFE, 0x69, 0xFE, 0x69, 0xFE, 0x69, 0xFE, 0x69, 0xFE, 0x69, 0xFE, 0x69, 0xFE,
    0x69, 0xFE, 0x69, 0xFE, 0x69, 0xFE, 0x69, 0xFE, 0x69, 0xFE, 0x69, 0xFE, 0x69, 0xFE, 0x69, 0xFE, 0x69, 0xFE, 0x69,
    0xFE, 0x69, 0xFE, 0x69, 0xFE, 0x69, 0xFE, 0x69, 0xFE, 0x69, 0xFE, 0x69, 0xFE, 0x69, 0xFE, 0x69, 0xFE, 0x69, 0xFE,
    0x69, 0xFE, 0x69, 0xFE, 0x69, 0xFE, 0x69, 0xFE, 0x69, 0xFE, 0x69, 0xFE, 0x69, 0xFE, 0x69, 0xFE, 0x69, 0xFE, 0x69,
    0xFE, 0x69, 0xFE, 0x69, 0xFE, 0x69, 0xFE, 0x69, 0xFE, 0x69, 0xFE, 0x69, 0xFE, 0x69, 0xFE, 0x69, 0xFE, 0x69, 0xFE,
    0x69, 0xFE, 0x69, 0xFE, 0x69, 0xFE, 0x69, 0xFE, 0x69, 0xFE, 0x69, 0xFE, 0xB8, 0x85, 0xB8, 0x85, 0xB8, 0x85, 0x7D,
    0x5D, 0x7D, 0x5D, 0x7D, 0x5D, 0x7D, 0x5D, 0x7D, 0x5D, 0x7D, 0x5D, 0x7D, 0x5D, 0x7D, 0x5D, 0x7D, 0x5D, 0x7D, 0x5D,
    0x7D, 0x5D, 0x7D, 0x5D, 0x7D, 0x5D, 0x7D, 0x5D, 0x7D, 0x5D, 0x7D, 0x5D, 0x7D, 0x5D, 0x7D, 0x5D, 0x7D, 0x5D, 0x7D,
    0x5D, 0x7D, 0x5D, 0x7D, 0x5D, 0x7D, 0x5D, 0x7D, 0x5D, 0x7D, 0x5D, 0x7D, 0x5D, 0x7D, 0x5D, 0x7D, 0x5D, 0x7D, 0x5D,
    0x7D, 0x5D, 0x7D, 0x5D, 0x7D, 0x5D, 0x7D, 0x5D, 0x7D, 0x5D, 0x7D, 0x5D, 0x7D, 0x5D, 0x7D, 0x5D, 0x7D, 0x5D, 0x7D,
    0x5D, 0x7D, 0x5D, 0x7D, 0x5D, 0x7D, 0x5D, 0x7D, 0x5D, 0x89, 0x43, 0x89, 0x43, 0x89, 0x43, 0x89, 0x43, 0x89, 0x43,
    0x89, 0x43, 0x89, 0x43, 0x89, 0x43, 0x89, 0x43, 0x89, 0x43, 0x89, 0x43, 0x89, 0x43, 0x89, 0x43, 0x89, 0x43, 0x89,
    0x43, 0x89, 0x43, 0x89, 0x43, 0x89, 0x43, 0x89, 0x43, 0x89, 0x43, 0x89, 0x43, 0x89, 0x43, 0x89, 0x43, 0x89, 0x43,
    0x89, 0x43, 0x89, 0x43, 0x89, 0x43, 0x89, 0x43, 0x89, 0x43, 0x89, 0x43, 0x89, 0x43, 0x89, 0x43, 0x89, 0x43, 0x89,
    0x43, 0x89, 0x43, 0x89, 0x43, 0x89, 0x43, 0x89, 0x43, 0x89, 0x43, 0x89, 0x43, 0x89, 0x43, 0x89, 0x43, 0x89, 0x43,
    0x89, 0x43, 0x89, 0x43, 0x89, 0x43, 0x89, 0x43, 0x69, 0xFE, 0x69, 0xFE, 0x69, 0xFE, 0x69, 0xFE, 0x69, 0xFE, 0x69,
    0xFE, 0x69, 0xFE, 0x69, 0xFE, 0x69, 0xFE, 0x69, 0xFE, 0x69, 0xFE, 0x69, 0xFE, 0x69, 0xFE, 0x69, 0xFE, 0x69, 0xFE,
    0x69, 0xFE, 0x69, 0xFE, 0x69, 0xFE, 0x69, 0xFE, 0x69, 0xFE, 0x69, 0xFE, 0x69, 0xFE, 0x69, 0xFE, 0x69, 0xFE, 0x69,
    0xFE, 0x69, 0xFE, 0x69, 0xFE, 0x69, 0xFE, 0x69, 0xFE, 0x69, 0xFE, 0x69, 0xFE, 0x69, 0xFE, 0x69, 0xFE, 0x69, 0xFE,
    0x69, 0xFE, 0x69, 0xFE, 0x69, 0xFE, 0x69, 0xFE, 0x69, 0xFE, 0x69, 0xFE, 0x69, 0xFE, 0x69, 0xFE, 0x69, 0xFE, 0x69,
    0xFE, 0x69, 0xFE, 0x69, 0xFE, 0x69, 0xFE, 0x69, 0xFE, 0x69, 0xFE, 0x69, 0xFE, 0x69, 0xFE, 0x69, 0xFE, 0x69, 0xFE,
    0x69, 0xFE, 0x69, 0xFE, 0x69, 0xFE, 0x69, 0xFE, 0x69, 0xFE, 0x69, 0xFE, 0x69, 0xFE, 0x69, 0xFE, 0x69, 0xFE, 0x69,
    0xFE, 0x69, 0xFE, 0x69, 0xFE, 0x69, 0xFE, 0x69, 0xFE, 0x69, 0xFE, 0x69, 0xFE, 0x69, 0xFE, 0x69, 0xFE, 0x69, 0xFE,
    0x69, 0xFE, 0x69, 0xFE, 0x69, 0xFE, 0x69, 0xFE, 0x69, 0xFE, 0x69, 0xFE, 0x69, 0xFE, 0x69, 0xFE, 0x69, 0xFE, 0x69,
    0xFE, 0x69, 0xFE, 0x69, 0xFE, 0x69, 0xFE, 0x69, 0xFE, 0x69, 0xFE, 0x69, 0xFE, 0x69, 0xFE, 0x69, 0xFE, 0x69, 0xFE,
    0x69, 0xFE, 0x69, 0xFE, 0x69, 0xFE, 0x69, 0xFE, 0x69, 0xFE, 0x69, 0xFE, 0x69, 0xFE, 0x69, 0xFE, 0x69, 0xFE, 0x69,
    0xFE, 0x69, 0xFE, 0x69, 0xFE, 0x69, 0xFE, 0x69, 0xFE, 0x69, 0xFE, 0x69, 0xFE, 0x69, 0xFE, 0x69, 0xFE, 0x69, 0xFE,
    0x69, 0xFE, 0x69, 0xFE, 0x69, 0xFE, 0x69, 0xFE, 0x69, 0xFE, 0x69, 0xFE, 0x69, 0xFE, 0x69, 0xFE, 0x69, 0xFE, 0x69,
    0xFE, 0x69, 0xFE, 0x69, 0xFE, 0x69, 0xFE, 0x69, 0xFE, 0x69, 0xFE, 0x69, 0xFE, 0x69, 0xFE, 0x69, 0xFE, 0x69, 0xFE,
    0x69, 0xFE, 0x69, 0xFE, 0x69, 0xFE, 0x69, 0xFE, 0x69, 0xFE, 0x69, 0xFE, 0x69, 0xFE, 0x69, 0xFE, 0x69, 0xFE, 0x69,
    0xFE, 0x69, 0xFE, 0x69, 0xFE, 0x69, 0xFE, 0x69, 0xFE, 0x69, 0xFE, 0x69, 0xFE, 0x69, 0xFE, 0x69, 0xFE, 0xB8, 0x85,
    0xB8, 0x85, 0xB8, 0x85, 0x7D, 0x5D, 0x7D, 0x5D, 0x7D, 0x5D, 0x7D, 0x5D, 0x7D, 0x5D, 0x7D, 0x5D, 0x7D, 0x5D, 0x7D,
    0x5D, 0x7D, 0x5D, 0x7D, 0x5D, 0x7D, 0x5D, 0x7D, 0x5D, 0x7D, 0x5D, 0x7D, 0x5D, 0x7D, 0x5D, 0x7D, 0x5D, 0x7D, 0x5D,
    0x7D, 0x5D, 0x7D, 0x5D, 0x7D, 0x5D, 0x7D, 0x5D, 0x7D, 0x5D, 0x7D, 0x5D, 0x7D, 0x5D, 0x7D, 0x5D, 0x7D, 0x5D, 0x7D,
    0x5D, 0x7D, 0x5D, 0x7D, 0x5D, 0x7D, 0x5D, 0x7D, 0x5D, 0x7D, 0x5D, 0x7D, 0x5D, 0x7D, 0x5D, 0x7D, 0x5D, 0x7D, 0x5D,
    0x7D, 0x5D, 0x7D, 0x5D, 0x7D, 0x5D, 0x7D, 0x5D, 0x7D, 0x5D, 0x7D, 0x5D, 0x7D, 0x5D, 0x89, 0x43, 0x89, 0x43, 0x89,
    0x43, 0x89, 0x43, 0x89, 0x43, 0x89, 0x43, 0x89, 0x43, 0x89, 0x43, 0x89, 0x43, 0x89, 0x43, 0x89, 0x43, 0x89, 0x43,
    0x89, 0x43, 0x89, 0x43, 0x89, 0x43, 0x89, 0x43, 0x89, 0x43, 0x89, 0x43, 0x89, 0x43, 0x89, 0x43, 0x89, 0x43, 0x89,
    0x43, 0x89, 0x43, 0x89, 0x43, 0x89, 0x43, 0x89, 0x43, 0x89, 0x43, 0x89, 0x43, 0x89, 0x43, 0x89, 0x43, 0x89, 0x43,
    0x89, 0x43, 0x89, 0x43, 0x89, 0x43, 0x89, 0x43, 0x89, 0x43, 0x89, 0x43, 0x89, 0x43, 0x89, 0x43, 0x89, 0x43, 0x89,
    0x43, 0x89, 0x43, 0x89, 0x43, 0x89, 0x43, 0x69, 0xFE, 0x69, 0xFE, 0x69, 0xFE, 0x69, 0xFE, 0x69, 0xFE, 0x69, 0xFE,
    0x69, 0xFE, 0x69, 0xFE, 0x69, 0xFE, 0x69, 0xFE, 0x69, 0xFE, 0x69, 0xFE, 0x69, 0xFE, 0x69, 0xFE, 0x69, 0xFE, 0x69,
    0xFE, 0x69, 0xFE, 0x69, 0xFE, 0x69, 0xFE, 0x69, 0xFE, 0x69, 0xFE, 0x69, 0xFE, 0x69, 0xFE, 0x69, 0xFE, 0x69, 0xFE,
    0x69, 0xFE, 0x69, 0xFE, 0x69, 0xFE, 0x69, 0xFE, 0x69, 0xFE, 0x69, 0xFE, 0x69, 0xFE, 0x69, 0xFE, 0x69, 0xFE, 0x69,
    0xFE, 0x69, 0xFE, 0x69, 0xFE, 0x69, 0xFE, 0x69, 0xFE, 0x69, 0xFE, 0x69, 0xFE, 0x69, 0xFE, 0x69, 0xFE, 0x69, 0xFE,
    0x69, 0xFE, 0x69, 0xFE, 0x69, 0xFE, 0x69, 0xFE, 0x69, 0xFE, 0x69, 0xFE, 0x69, 0xFE, 0x69, 0xFE, 0x69, 0xFE, 0x69,
    0xFE, 0x69, 0xFE, 0x69, 0xFE, 0x69, 0xFE, 0x69, 0xFE, 0x69, 0xFE, 0x69, 0xFE, 0x69, 0xFE, 0x69, 0xFE, 0x69, 0xFE,
    0x69, 0xFE, 0x69, 0xFE, 0x69, 0xFE, 0x69, 0xFE, 0x69, 0xFE, 0x69, 0xFE, 0x69, 0xFE, 0x69, 0xFE, 0x69, 0xFE, 0x69,
    0xFE, 0x69, 0xFE, 0x69, 0xFE, 0x69, 0xFE, 0x69, 0xFE, 0x69, 0xFE, 0x69, 0xFE, 0x69, 0xFE, 0x69, 0xFE, 0x69, 0xFE,
    0x69, 0xFE, 0x69, 0xFE, 0x69, 0xFE, 0x69, 0xFE, 0x69, 0xFE, 0x69, 0xFE, 0x69, 0xFE, 0x69, 0xFE, 0x69, 0xFE, 0x69,
    0xFE, 0x69, 0xFE, 0x69, 0xFE, 0x69, 0xFE, 0x69, 0xFE, 0x69, 0xFE, 0x69, 0xFE, 0x69, 0xFE, 0x69, 0xFE, 0x69, 0xFE,
    0x69, 0xFE, 0x69, 0xFE, 0x69, 0xFE, 0x69, 0xFE, 0x69, 0xFE, 0x69, 0xFE, 0x69, 0xFE, 0x69, 0xFE, 0x69, 0xFE, 0x69,
    0xFE, 0x69, 0xFE, 0x69, 0xFE, 0x69, 0xFE, 0x69, 0xFE, 0x69, 0xFE, 0x69, 0xFE, 0x69, 0xFE, 0x69, 0xFE, 0x69, 0xFE,
    0x69, 0xFE, 0x69, 0xFE, 0x69, 0xFE, 0x69, 0xFE, 0x69, 0xFE, 0x69, 0xFE, 0x69, 0xFE, 0x69, 0xFE, 0x69, 0xFE, 0x69,
    0xFE, 0x69, 0xFE, 0x69, 0xFE, 0x69, 0xFE, 0x69, 0xFE, 0x69, 0xFE, 0x69, 0xFE, 0x69, 0xFE, 0x69, 0xFE, 0x69, 0xFE,
    0x69, 0xFE, 0x69, 0xFE, 0x69, 0xFE, 0x69, 0xFE, 0x69, 0xFE, 0x69, 0xFE, 0x69, 0xFE, 0x2E, 0xDE, 0x2E, 0xDE, 0x2E,
    0xDE, 0x2E, 0xDE, 0x7D, 0x5D, 0x7D, 0x5D, 0x7D, 0x5D, 0x7D, 0x5D, 0x7D, 0x5D, 0x7D, 0x5D, 0x7D, 0x5D, 0x7D, 0x5D,
    0x7D, 0x5D, 0x7D, 0x5D, 0x7D, 0x5D, 0x7D, 0x5D, 0x7D, 0x5D, 0x7D, 0x5D, 0x7D, 0x5D, 0x7D, 0x5D, 0x7D, 0x5D, 0x7D,
    0x5D, 0x7D, 0x5D, 0x7D, 0x5D, 0x7D, 0x5D, 0x7D, 0x5D, 0x7D, 0x5D, 0x7D, 0x5D, 0x7D, 0x5D, 0x7D, 0x5D, 0x7D, 0x5D,
    0x7D, 0x5D, 0x7D, 0x5D, 0x7D, 0x5D, 0x7D, 0x5D, 0x7D, 0x5D, 0x7D, 0x5D, 0x7D, 0x5D, 0x7D, 0x5D, 0x7D, 0x5D, 0x7D,
    0x5D, 0x7D, 0x5D, 0x7D, 0x5D, 0x7D, 0x5D, 0x7D, 0x5D, 0x7D, 0x5D, 0x7D, 0x5D, 0x7D, 0x5D, 0x7D, 0x5D, 0x7D, 0x5D,
    0x7D, 0x5D, 0x7D, 0x5D, 0x7D, 0x5D, 0x7D, 0x5D, 0x89, 0x43, 0x89, 0x43, 0x89, 0x43, 0x89, 0x43, 0x89, 0x43, 0x89,
    0x43, 0x89, 0x43, 0x89, 0x43, 0x89, 0x43, 0x89, 0x43, 0x89, 0x43, 0x89, 0x43, 0x89, 0x43, 0x89, 0x43, 0x89, 0x43,
    0x89, 0x43, 0x89, 0x43, 0x89, 0x43, 0x89, 0x43, 0x89, 0x43, 0x89, 0x43, 0x89, 0x43, 0x89, 0x43, 0x89, 0x43, 0x89,
    0x43, 0x89, 0x43, 0x89, 0x43, 0x89, 0x43, 0x89, 0x43, 0x89, 0x43, 0x89, 0x43, 0x89, 0x43, 0x89, 0x43, 0x89, 0x43,
    0x89, 0x43, 0x89, 0x43, 0x89, 0x43, 0x89, 0x43, 0x89, 0x43, 0x89, 0x43, 0x69, 0xFE, 0x69, 0xFE, 0x69, 0xFE, 0x69,
    0xFE, 0x69, 0xFE, 0x69, 0xFE, 0x69, 0xFE, 0x69, 0xFE, 0x69, 0xFE, 0x69, 0xFE, 0x69, 0xFE, 0x69, 0xFE, 0x69, 0xFE,
    0x69, 0xFE, 0x69, 0xFE, 0x69, 0xFE, 0x69, 0xFE, 0x69, 0xFE, 0x69, 0xFE, 0x69, 0xFE, 0x69, 0xFE, 0x69, 0xFE, 0x69,
    0xFE, 0x69, 0xFE, 0x69, 0xFE, 0x69, 0xFE, 0x69, 0xFE, 0x69, 0xFE, 0x69, 0xFE, 0x69, 0xFE, 0x69, 0xFE, 0x69, 0xFE,
    0x69, 0xFE, 0x69, 0xFE, 0x69, 0xFE, 0x69, 0xFE, 0x69, 0xFE, 0x69, 0xFE, 0x69, 0xFE, 0x69, 0xFE, 0x69, 0xFE, 0x69,
    0xFE, 0x69, 0xFE, 0x69, 0xFE, 0x69, 0xFE, 0x69, 0xFE, 0x69, 0xFE, 0x69, 0xFE, 0x69, 0xFE, 0x69, 0xFE, 0x69, 0xFE,
    0x69, 0xFE, 0x69, 0xFE, 0x69, 0xFE, 0x69, 0xFE, 0x69, 0xFE, 0x69, 0xFE, 0x69, 0xFE, 0x69, 0xFE, 0x69, 0xFE, 0x69,
    0xFE, 0x69, 0xFE, 0x69, 0xFE, 0x69, 0xFE, 0x69, 0xFE, 0x69, 0xFE, 0x69, 0xFE, 0x69, 0xFE, 0x69, 0xFE, 0x69, 0xFE,
    0x69, 0xFE, 0x69, 0xFE, 0x69, 0xFE, 0x69, 0xFE, 0x69, 0xFE, 0x69, 0xFE, 0x69, 0xFE, 0x69, 0xFE, 0x69, 0xFE, 0x69,
    0xFE, 0x69, 0xFE, 0x69, 0xFE, 0x69, 0xFE, 0x69, 0xFE, 0x69, 0xFE, 0x69, 0xFE, 0x69, 0xFE, 0x69, 0xFE, 0x69, 0xFE,
    0x69, 0xFE, 0x69, 0xFE, 0x69, 0xFE, 0x69, 0xFE, 0x69, 0xFE, 0x69, 0xFE, 0x69, 0xFE, 0x69, 0xFE, 0x69, 0xFE, 0x69,
    0xFE, 0x69, 0xFE, 0x69, 0xFE, 0x69, 0xFE, 0x69, 0xFE, 0x69, 0xFE, 0x69, 0xFE, 0x69, 0xFE, 0x69, 0xFE, 0x69, 0xFE,
    0x69, 0xFE, 0x69, 0xFE, 0x69, 0xFE, 0x69, 0xFE, 0x69, 0xFE, 0x69, 0xFE, 0x69, 0xFE, 0x69, 0xFE, 0x69, 0xFE, 0x69,
    0xFE, 0x69, 0xFE, 0x69, 0xFE, 0x69, 0xFE, 0x69, 0xFE, 0x69, 0xFE, 0x69, 0xFE, 0x69, 0xFE, 0x69, 0xFE, 0x69, 0xFE,
    0x69, 0xFE, 0x69, 0xFE, 0x69, 0xFE, 0x69, 0xFE, 0x69, 0xFE, 0x69, 0xFE, 0x69, 0xFE, 0x69, 0xFE, 0x69, 0xFE, 0x69,
    0xFE, 0x69, 0xFE, 0x69, 0xFE, 0x69, 0xFE, 0x69, 0xFE, 0x69, 0xFE, 0x69, 0xFE, 0x69, 0xFE, 0x69, 0xFE, 0x69, 0xFE,
    0x2E, 0xDE, 0x2E, 0xDE, 0x2E, 0xDE, 0x2E, 0xDE, 0x7D, 0x5D, 0x7D, 0x5D, 0x7D, 0x5D, 0x7D, 0x5D, 0x7D, 0x5D, 0x7D,
    0x5D, 0x7D, 0x5D, 0x7D, 0x5D, 0x7D, 0x5D, 0x7D, 0x5D, 0x7D, 0x5D, 0x7D, 0x5D, 0x7D, 0x5D, 0x7D, 0x5D, 0x7D, 0x5D,
    0x7D, 0x5D, 0x7D, 0x5D, 0x7D, 0x5D, 0x7D, 0x5D, 0x7D, 0x5D, 0x7D, 0x5D, 0x7D, 0x5D, 0x7D, 0x5D, 0x7D, 0x5D, 0x7D,
    0x5D, 0x7D, 0x5D, 0x7D, 0x5D, 0x7D, 0x5D, 0x7D, 0x5D, 0x7D, 0x5D, 0x7D, 0x5D, 0x7D, 0x5D, 0x7D, 0x5D, 0x7D, 0x5D,
    0x7D, 0x5D, 0x7D, 0x5D, 0x7D, 0x5D, 0x7D, 0x5D, 0x7D, 0x5D, 0x7D, 0x5D, 0x7D, 0x5D, 0x7D, 0x5D, 0x7D, 0x5D, 0x7D,
    0x5D, 0x7D, 0x5D, 0x7D, 0x5D, 0x7D, 0x5D, 0x7D, 0x5D, 0x7D, 0x5D, 0x7D, 0x5D, 0x89, 0x43, 0x89, 0x43, 0x89, 0x43,
    0x89, 0x43, 0x89, 0x43, 0x89, 0x43, 0x89, 0x43, 0x89, 0x43, 0x89, 0x43, 0x89, 0x43, 0x89, 0x43, 0x89, 0x43, 0x89,
    0x43, 0x89, 0x43, 0x89, 0x43, 0x89, 0x43, 0x89, 0x43, 0x89, 0x43, 0x89, 0x43, 0x89, 0x43, 0x89, 0x43, 0x89, 0x43,
    0x89, 0x43, 0x89, 0x43, 0x89, 0x43, 0x89, 0x43, 0x89, 0x43, 0x89, 0x43, 0x89, 0x43, 0x89, 0x43, 0x89, 0x43, 0x89,
    0x43, 0x89, 0x43, 0x89, 0x43, 0x89, 0x43, 0x89, 0x43, 0x89, 0x43, 0x89, 0x43, 0x89, 0x43, 0x89, 0x43, 0x69, 0xFE,
    0x69, 0xFE, 0x69, 0xFE, 0x69, 0xFE, 0x69, 0xFE, 0x69, 0xFE, 0x69, 0xFE, 0x69, 0xFE, 0x69, 0xFE, 0x69, 0xFE, 0x69,
    0xFE, 0x69, 0xFE, 0x69, 0xFE, 0x69, 0xFE, 0x69, 0xFE, 0x69, 0xFE, 0x69, 0xFE, 0x69, 0xFE, 0x69, 0xFE, 0x69, 0xFE,
    0x69, 0xFE, 0x69, 0xFE, 0x69, 0xFE, 0x69, 0xFE, 0x69, 0xFE, 0x69, 0xFE, 0x69, 0xFE, 0x69, 0xFE, 0x69, 0xFE, 0x69,
    0xFE, 0x69, 0xFE, 0x69, 0xFE, 0x69, 0xFE, 0x69, 0xFE, 0x69, 0xFE, 0x69, 0xFE, 0x69, 0xFE, 0x69, 0xFE, 0x69, 0xFE,
    0x69, 0xFE, 0x69, 0xFE, 0x69, 0xFE, 0x69, 0xFE, 0x69, 0xFE, 0x69, 0xFE, 0x69, 0xFE, 0x69, 0xFE, 0x69, 0xFE, 0x69,
    0xFE, 0x69, 0xFE, 0x69, 0xFE, 0x69, 0xFE, 0x69, 0xFE, 0x69, 0xFE, 0x69, 0xFE, 0x69, 0xFE, 0x69, 0xFE, 0x69, 0xFE,
    0x69, 0xFE, 0x69, 0xFE, 0x69, 0xFE, 0x69, 0xFE, 0x69, 0xFE, 0x69, 0xFE, 0x69, 0xFE, 0x69, 0xFE, 0x69, 0xFE, 0x69,
    0xFE, 0x69, 0xFE, 0x69, 0xFE, 0x69, 0xFE, 0x69, 0xFE, 0x69, 0xFE, 0x69, 0xFE, 0x69, 0xFE, 0x69, 0xFE, 0x69, 0xFE,
    0x69, 0xFE, 0x69, 0xFE, 0x69, 0xFE, 0x69, 0xFE, 0x69, 0xFE, 0x69, 0xFE, 0x69, 0xFE, 0x69, 0xFE, 0x69, 0xFE, 0x69,
    0xFE, 0x69, 0xFE, 0x69, 0xFE, 0x69, 0xFE, 0x69, 0xFE, 0x69, 0xFE, 0x69, 0xFE, 0x69, 0xFE, 0x69, 0xFE, 0x69, 0xFE,
    0x69, 0xFE, 0x69, 0xFE, 0x69, 0xFE, 0x69, 0xFE, 0x69, 0xFE, 0x69, 0xFE, 0x69, 0xFE, 0x69, 0xFE, 0x69, 0xFE, 0x69,
    0xFE, 0x69, 0xFE, 0x69, 0xFE, 0x69, 0xFE, 0x69, 0xFE, 0x69, 0xFE, 0x69, 0xFE, 0x69, 0xFE, 0x69, 0xFE, 0x69, 0xFE,
    0x69, 0xFE, 0x69, 0xFE, 0x69, 0xFE, 0x69, 0xFE, 0x69, 0xFE, 0x69, 0xFE, 0x69, 0xFE, 0x69, 0xFE, 0x69, 0xFE, 0x69,
    0xFE, 0x69, 0xFE, 0x69, 0xFE, 0x69, 0xFE, 0x69, 0xFE, 0x69, 0xFE, 0x69, 0xFE, 0x69, 0xFE, 0x69, 0xFE, 0x69, 0xFE,
    0x69, 0xFE, 0x69, 0xFE, 0x69, 0xFE, 0x69, 0xFE, 0x69, 0xFE, 0x69, 0xFE, 0x69, 0xFE, 0x69, 0xFE, 0x69, 0xFE, 0x69,
    0xFE, 0x69, 0xFE, 0x69, 0xFE, 0x2E, 0xDE, 0x2E, 0xDE, 0x2E, 0xDE, 0x2E, 0xDE, 0x7D, 0x5D, 0x7D, 0x5D, 0x7D, 0x5D,
    0x7D, 0x5D, 0x7D, 0x5D, 0x7D, 0x5D, 0x7D, 0x5D, 0x7D, 0x5D, 0x7D, 0x5D, 0x7D, 0x5D, 0x7D, 0x5D, 0x7D, 0x5D, 0x7D,
    0x5D, 0x7D, 0x5D, 0x7D, 0x5D, 0x7D, 0x5D, 0x7D, 0x5D, 0x7D, 0x5D, 0x7D, 0x5D, 0x7D, 0x5D, 0x7D, 0x5D, 0x7D, 0x5D,
    0x7D, 0x5D, 0x7D, 0x5D, 0x7D, 0x5D, 0x7D, 0x5D, 0x7D, 0x5D, 0x7D, 0x5D, 0x7D, 0x5D, 0x7D, 0x5D, 0x7D, 0x5D, 0x7D,
    0x5D, 0x7D, 0x5D, 0x7D, 0x5D, 0x7D, 0x5D, 0x7D, 0x5D, 0x7D, 0x5D, 0x7D, 0x5D, 0x7D, 0x5D, 0x7D, 0x5D, 0x7D, 0x5D,
    0x7D, 0x5D, 0x7D, 0x5D, 0x7D, 0x5D, 0x7D, 0x5D, 0x7D, 0x5D, 0x7D, 0x5D, 0x7D, 0x5D, 0x7D, 0x5D, 0x7D, 0x5D, 0x89,
    0x43, 0x89, 0x43, 0x89, 0x43, 0x89, 0x43, 0x89, 0x43, 0x89, 0x43, 0x89, 0x43, 0x89, 0x43, 0x89, 0x43, 0x89, 0x43,
    0x89, 0x43, 0x89, 0x43, 0x89, 0x43, 0x89, 0x43, 0x89, 0x43, 0x89, 0x43, 0x89, 0x43, 0x89, 0x43, 0x89, 0x43, 0x89,
    0x43, 0x89, 0x43, 0x89, 0x43, 0x89, 0x43, 0x89, 0x43, 0x89, 0x43, 0x89, 0x43, 0x89, 0x43, 0x89, 0x43, 0x89, 0x43,
    0x89, 0x43, 0x89, 0x43, 0x89, 0x43, 0x89, 0x43, 0x89, 0x43, 0x89, 0x43, 0x89, 0x43, 0x69, 0xFE, 0x69, 0xFE, 0x69,
    0xFE, 0x69, 0xFE, 0x69, 0xFE, 0x69, 0xFE, 0x69, 0xFE, 0x69, 0xFE, 0x69, 0xFE, 0x69, 0xFE, 0x69, 0xFE, 0x69, 0xFE,
    0x69, 0xFE, 0x69, 0xFE, 0x69, 0xFE, 0x69, 0xFE, 0x69, 0xFE, 0x69, 0xFE, 0x69, 0xFE, 0x69, 0xFE, 0x69, 0xFE, 0x69,
    0xFE, 0x69, 0xFE, 0x69, 0xFE, 0x69, 0xFE, 0x69, 0xFE, 0x69, 0xFE, 0x69, 0xFE, 0x69, 0xFE, 0x69, 0xFE, 0x69, 0xFE,
    0x69, 0xFE, 0x69, 0xFE, 0x69, 0xFE, 0x69, 0xFE, 0x69, 0xFE, 0x69, 0xFE, 0x69, 0xFE, 0x69, 0xFE, 0x69, 0xFE, 0x69,
    0xFE, 0x69, 0xFE, 0x69, 0xFE, 0x69, 0xFE, 0x69, 0xFE, 0x69, 0xFE, 0x69, 0xFE, 0x69, 0xFE, 0x69, 0xFE, 0x69, 0xFE,
    0x69, 0xFE, 0x69, 0xFE, 0x69, 0xFE, 0x69, 0xFE, 0x69, 0xFE, 0x69, 0xFE, 0x69, 0xFE, 0x69, 0xFE, 0x69, 0xFE, 0x69,
    0xFE, 0x69, 0xFE, 0x69, 0xFE, 0x69, 0xFE, 0x69, 0xFE, 0x69, 0xFE, 0x69, 0xFE, 0x69, 0xFE, 0x69, 0xFE, 0x69, 0xFE,
    0x69, 0xFE, 0x69, 0xFE, 0x69, 0xFE, 0x69, 0xFE, 0x69, 0xFE, 0x69, 0xFE, 0x69, 0xFE, 0x69, 0xFE, 0x69, 0xFE, 0x69,
    0xFE, 0x69, 0xFE, 0x69, 0xFE, 0x69, 0xFE, 0x69, 0xFE, 0x69, 0xFE, 0x69, 0xFE, 0x69, 0xFE, 0x69, 0xFE, 0x69, 0xFE,
    0x69, 0xFE, 0x69, 0xFE, 0x69, 0xFE, 0x69, 0xFE, 0x69, 0xFE, 0x69, 0xFE, 0x69, 0xFE, 0x69, 0xFE, 0x69, 0xFE, 0x69,
    0xFE, 0x69, 0xFE, 0x69, 0xFE, 0x69, 0xFE, 0x69, 0xFE, 0x69, 0xFE, 0x69, 0xFE, 0x69, 0xFE, 0x69, 0xFE, 0x69, 0xFE,
    0x69, 0xFE, 0x69, 0xFE, 0x69, 0xFE, 0x69, 0xFE, 0x69, 0xFE, 0x69, 0xFE, 0x69, 0xFE, 0x69, 0xFE, 0x69, 0xFE, 0x69,
    0xFE, 0x69, 0xFE, 0x69, 0xFE, 0x69, 0xFE, 0x69, 0xFE, 0x69, 0xFE, 0x69, 0xFE, 0x69, 0xFE, 0x69, 0xFE, 0x69, 0xFE,
    0x69, 0xFE, 0x69, 0xFE, 0x69, 0xFE, 0x69, 0xFE, 0x69, 0xFE, 0x69, 0xFE, 0x69, 0xFE, 0x69, 0xFE, 0x69, 0xFE, 0x69,
    0xFE, 0x69, 0xFE, 0x69, 0xFE, 0x69, 0xFE, 0x69, 0xFE, 0x69, 0xFE, 0x69, 0xFE, 0x69, 0xFE, 0x69, 0xFE, 0x69, 0xFE,
    0x69, 0xFE, 0x69, 0xFE, 0x69, 0xFE, 0x69, 0xFE, 0x69, 0xFE, 0xD6, 0x9D, 0xD6, 0x9D, 0xD6, 0x9D, 0xD6, 0x9D, 0x7D,
    0x5D, 0x7D, 0x5D, 0x7D, 0x5D, 0x7D, 0x5D, 0x7D, 0x5D, 0x7D, 0x5D, 0x7D, 0x5D, 0x7D, 0x5D, 0x7D, 0x5D, 0x7D, 0x5D,
    0x7D, 0x5D, 0x7D, 0x5D, 0x7D, 0x5D, 0x7D, 0x5D, 0x7D, 0x5D, 0x7D, 0x5D, 0x7D, 0x5D, 0x7D, 0x5D, 0x7D, 0x5D, 0x7D,
    0x5D, 0x7D, 0x5D, 0x7D, 0x5D, 0x7D, 0x5D, 0x7D, 0x5D, 0x7D, 0x5D, 0x7D, 0x5D, 0x7D, 0x5D, 0x7D, 0x5D, 0x7D, 0x5D,
    0x7D, 0x5D, 0x7D, 0x5D, 0x7D, 0x5D, 0x7D, 0x5D, 0x7D, 0x5D, 0x7D, 0x5D, 0x7D, 0x5D, 0x7D, 0x5D, 0x7D, 0x5D, 0x7D,
    0x5D, 0x7D, 0x5D, 0x7D, 0x5D, 0x7D, 0x5D, 0x7D, 0x5D, 0x7D, 0x5D, 0x7D, 0x5D, 0x7D, 0x5D, 0x7D, 0x5D, 0x7D, 0x5D,
    0x7D, 0x5D, 0x7D, 0x5D, 0x89, 0x43, 0x89, 0x43, 0x89, 0x43, 0x89, 0x43, 0x89, 0x43, 0x89, 0x43, 0x89, 0x43, 0x89,
    0x43, 0x89, 0x43, 0x89, 0x43, 0x89, 0x43, 0x89, 0x43, 0x89, 0x43, 0x89, 0x43, 0x89, 0x43, 0x89, 0x43, 0x89, 0x43,
    0x89, 0x43, 0x89, 0x43, 0x89, 0x43, 0x89, 0x43, 0x89, 0x43, 0x89, 0x43, 0x89, 0x43, 0x89, 0x43, 0x89, 0x43, 0x89,
    0x43, 0x89, 0x43, 0x89, 0x43, 0x89, 0x43, 0x89, 0x43, 0x89, 0x43, 0x89, 0x43, 0x89, 0x43, 0x89, 0x43, 0x89, 0x43,
    0x69, 0xFE, 0x69, 0xFE, 0x69, 0xFE, 0x69, 0xFE, 0x69, 0xFE, 0x69, 0xFE, 0x69, 0xFE, 0x69, 0xFE, 0x69, 0xFE, 0x69,
    0xFE, 0x69, 0xFE, 0x69, 0xFE, 0x69, 0xFE, 0x69, 0xFE, 0x69, 0xFE, 0x69, 0xFE, 0x69, 0xFE, 0x69, 0xFE, 0x69, 0xFE,
    0x69, 0xFE, 0x69, 0xFE, 0x69, 0xFE, 0x69, 0xFE, 0x69, 0xFE, 0x69, 0xFE, 0x69, 0xFE, 0x69, 0xFE, 0x69, 0xFE, 0x69,
    0xFE, 0x69, 0xFE, 0x69, 0xFE, 0x69, 0xFE, 0x69, 0xFE, 0x69, 0xFE, 0x69, 0xFE, 0x69, 0xFE, 0x69, 0xFE, 0x69, 0xFE,
    0x69, 0xFE, 0x69, 0xFE, 0x69, 0xFE, 0x69, 0xFE, 0x69, 0xFE, 0x69, 0xFE, 0x69, 0xFE, 0x69, 0xFE, 0x69, 0xFE, 0x69,
    0xFE, 0x69, 0xFE, 0x69, 0xFE, 0x69, 0xFE, 0x69, 0xFE, 0x69, 0xFE, 0x69, 0xFE, 0x69, 0xFE, 0x69, 0xFE, 0x69, 0xFE,
    0x69, 0xFE, 0x69, 0xFE, 0x69, 0xFE, 0x69, 0xFE, 0x69, 0xFE, 0x69, 0xFE, 0x69, 0xFE, 0x69, 0xFE, 0x69, 0xFE, 0x69,
    0xFE, 0x69, 0xFE, 0x69, 0xFE, 0x69, 0xFE, 0x69, 0xFE, 0x69, 0xFE, 0x69, 0xFE, 0x69, 0xFE, 0x69, 0xFE, 0x69, 0xFE,
    0x69, 0xFE, 0x69, 0xFE, 0x69, 0xFE, 0x69, 0xFE, 0x69, 0xFE, 0x69, 0xFE, 0x69, 0xFE, 0x69, 0xFE, 0x69, 0xFE, 0x69,
    0xFE, 0x69, 0xFE, 0x69, 0xFE, 0x69, 0xFE, 0x69, 0xFE, 0x69, 0xFE, 0x69, 0xFE, 0x69, 0xFE, 0x69, 0xFE, 0x69, 0xFE,
    0x69, 0xFE, 0x69, 0xFE, 0x69, 0xFE, 0x69, 0xFE, 0x69, 0xFE, 0x69, 0xFE, 0x69, 0xFE, 0x69, 0xFE, 0x69, 0xFE, 0x69,
    0xFE, 0x69, 0xFE, 0x69, 0xFE, 0x69, 0xFE, 0x69, 0xFE, 0x69, 0xFE, 0x69, 0xFE, 0x69, 0xFE, 0x69, 0xFE, 0x69, 0xFE,
    0x69, 0xFE, 0x69, 0xFE, 0x69, 0xFE, 0x69, 0xFE, 0x69, 0xFE, 0x69, 0xFE, 0x69, 0xFE, 0x69, 0xFE, 0x69, 0xFE, 0x69,
    0xFE, 0x69, 0xFE, 0x69, 0xFE, 0x69, 0xFE, 0x69, 0xFE, 0x69, 0xFE, 0x69, 0xFE, 0x69, 0xFE, 0x69, 0xFE, 0x69, 0xFE,
    0x69, 0xFE, 0x69, 0xFE, 0x69, 0xFE, 0x69, 0xFE, 0x69, 0xFE, 0x69, 0xFE, 0x69, 0xFE, 0x69, 0xFE, 0x69, 0xFE, 0x69,
    0xFE, 0x69, 0xFE, 0x69, 0xFE, 0x69, 0xFE, 0x69, 0xFE, 0x69, 0xFE, 0x69, 0xFE, 0x69, 0xFE, 0xD6, 0x9D, 0xD6, 0x9D,
    0xD6, 0x9D, 0xD6, 0x9D, 0x7D, 0x5D, 0x7D, 0x5D, 0x7D, 0x5D, 0x7D, 0x5D, 0x7D, 0x5D, 0x7D, 0x5D, 0x7D, 0x5D, 0x7D,
    0x5D, 0x7D, 0x5D, 0x7D, 0x5D, 0x7D, 0x5D, 0x7D, 0x5D, 0x7D, 0x5D, 0x7D, 0x5D, 0x7D, 0x5D, 0x7D, 0x5D, 0x7D, 0x5D,
    0x7D, 0x5D, 0x7D, 0x5D, 0x7D, 0x5D, 0x7D, 0x5D, 0x7D, 0x5D, 0x7D, 0x5D, 0x7D, 0x5D, 0x7D, 0x5D, 0x7D, 0x5D, 0x7D,
    0x5D, 0x7D, 0x5D, 0x7D, 0x5D, 0x7D, 0x5D, 0x7D, 0x5D, 0x7D, 0x5D, 0x7D, 0x5D, 0x7D, 0x5D, 0x7D, 0x5D, 0x7D, 0x5D,
    0x7D, 0x5D, 0x7D, 0x5D, 0x7D, 0x5D, 0x7D, 0x5D, 0x7D, 0x5D, 0x7D, 0x5D, 0x7D, 0x5D, 0x7D, 0x5D, 0x7D, 0x5D, 0x7D,
    0x5D, 0x7D, 0x5D, 0x7D, 0x5D, 0x7D, 0x5D, 0x7D, 0x5D, 0x89, 0x43, 0x89, 0x43, 0x89, 0x43, 0x89, 0x43, 0x89, 0x43,
    0x89, 0x43, 0x89, 0x43, 0x89, 0x43, 0x89, 0x43, 0x89, 0x43, 0x89, 0x43, 0x89, 0x43, 0x89, 0x43, 0x89, 0x43, 0x89,
    0x43, 0x89, 0x43, 0x89, 0x43, 0x89, 0x43, 0x89, 0x43, 0x89, 0x43, 0x89, 0x43, 0x89, 0x43, 0x89, 0x43, 0x89, 0x43,
    0x89, 0x43, 0x89, 0x43, 0x89, 0x43, 0x89, 0x43, 0x89, 0x43, 0x89, 0x43, 0x89, 0x43, 0x89, 0x43, 0x89, 0x43, 0x89,
    0x43, 0x89, 0x43, 0x89, 0x43, 0x69, 0xFE, 0x69, 0xFE, 0x69, 0xFE, 0x69, 0xFE, 0x69, 0xFE, 0x69, 0xFE, 0x69, 0xFE,
    0x69, 0xFE, 0x69, 0xFE, 0x69, 0xFE, 0x69, 0xFE, 0x69, 0xFE, 0x69, 0xFE, 0x69, 0xFE, 0x69, 0xFE, 0x69, 0xFE, 0x69,
    0xFE, 0x69, 0xFE, 0x69, 0xFE, 0x69, 0xFE, 0x69, 0xFE, 0x69, 0xFE, 0x69, 0xFE, 0x69, 0xFE, 0x69, 0xFE, 0x69, 0xFE,
    0x69, 0xFE, 0x69, 0xFE, 0x69, 0xFE, 0x69, 0xFE, 0x69, 0xFE, 0x69, 0xFE, 0x69, 0xFE, 0x69, 0xFE, 0x69, 0xFE, 0x69,
    0xFE, 0x69, 0xFE, 0x69, 0xFE, 0x69, 0xFE, 0x69, 0xFE, 0x69, 0xFE, 0x69, 0xFE, 0x69, 0xFE, 0x69, 0xFE, 0x69, 0xFE,
    0x69, 0xFE, 0x69, 0xFE, 0x69, 0xFE, 0x69, 0xFE, 0x69, 0xFE, 0x69, 0xFE, 0x69, 0xFE, 0x69, 0xFE, 0x69, 0xFE, 0x69,
    0xFE, 0x69, 0xFE, 0x69, 0xFE, 0x69, 0xFE, 0x69, 0xFE, 0x69, 0xFE, 0x69, 0xFE, 0x69, 0xFE, 0x69, 0xFE, 0x69, 0xFE,
    0x69, 0xFE, 0x69, 0xFE, 0x69, 0xFE, 0x69, 0xFE, 0x69, 0xFE, 0x69, 0xFE, 0x69, 0xFE, 0x69, 0xFE, 0x69, 0xFE, 0x69,
    0xFE, 0x69, 0xFE, 0x69, 0xFE, 0x69, 0xFE, 0x69, 0xFE, 0x69, 0xFE, 0x69, 0xFE, 0x69, 0xFE, 0x69, 0xFE, 0x69, 0xFE,
    0x69, 0xFE, 0x69, 0xFE, 0x69, 0xFE, 0x69, 0xFE, 0x69, 0xFE, 0x69, 0xFE, 0x69, 0xFE, 0x69, 0xFE, 0x69, 0xFE, 0x69,
    0xFE, 0x69, 0xFE, 0x69, 0xFE, 0x69, 0xFE, 0x69, 0xFE, 0x69, 0xFE, 0x69, 0xFE, 0x69, 0xFE, 0x69, 0xFE, 0x69, 0xFE,
    0x69, 0xFE, 0x69, 0xFE, 0x69, 0xFE, 0x69, 0xFE, 0x69, 0xFE, 0x69, 0xFE, 0x69, 0xFE, 0x69, 0xFE, 0x69, 0xFE, 0x69,
    0xFE, 0x69, 0xFE, 0x69, 0xFE, 0x69, 0xFE, 0x69, 0xFE, 0x69, 0xFE, 0x69, 0xFE, 0x69, 0xFE, 0x69, 0xFE, 0x69, 0xFE,
    0x69, 0xFE, 0x69, 0xFE, 0x69, 0xFE, 0x69, 0xFE, 0x69, 0xFE, 0x69, 0xFE, 0x69, 0xFE, 0x69, 0xFE, 0x69, 0xFE, 0x69,
    0xFE, 0x69, 0xFE, 0x69, 0xFE, 0x69, 0xFE, 0x69, 0xFE, 0x69, 0xFE, 0x69, 0xFE, 0x69, 0xFE, 0x69, 0xFE, 0x69, 0xFE,
    0x69, 0xFE, 0x69, 0xFE, 0x69, 0xFE, 0x69, 0xFE, 0x69, 0xFE, 0x69, 0xFE, 0x69, 0xFE, 0x69, 0xFE, 0x69, 0xFE, 0x69,
    0xFE, 0xD6, 0x9D, 0xD6, 0x9D, 0xD6, 0x9D, 0xD6, 0x9D, 0x7D, 0x5D, 0x7D, 0x5D, 0x7D, 0x5D, 0x7D, 0x5D, 0x7D, 0x5D,
    0x7D, 0x5D, 0x7D, 0x5D, 0x7D, 0x5D, 0x7D, 0x5D, 0x7D, 0x5D, 0x7D, 0x5D, 0x7D, 0x5D, 0x7D, 0x5D, 0x7D, 0x5D, 0x7D,
    0x5D, 0x7D, 0x5D, 0x7D, 0x5D, 0x7D, 0x5D, 0x7D, 0x5D, 0x7D, 0x5D, 0x7D, 0x5D, 0x7D, 0x5D, 0x7D, 0x5D, 0x7D, 0x5D,
    0x7D, 0x5D, 0x7D, 0x5D, 0x7D, 0x5D, 0x7D, 0x5D, 0x7D, 0x5D, 0x7D, 0x5D, 0x7D, 0x5D, 0x7D, 0x5D, 0x7D, 0x5D, 0x7D,
    0x5D, 0x7D, 0x5D, 0x7D, 0x5D, 0x7D, 0x5D, 0x7D, 0x5D, 0x7D, 0x5D, 0x7D, 0x5D, 0x7D, 0x5D, 0x7D, 0x5D, 0x7D, 0x5D,
    0x7D, 0x5D, 0x7D, 0x5D, 0x7D, 0x5D, 0x7D, 0x5D, 0x7D, 0x5D, 0x7D, 0x5D, 0x7D, 0x5D, 0x89, 0x43, 0x89, 0x43, 0x89,
    0x43, 0x89, 0x43, 0x89, 0x43, 0x89, 0x43, 0x89, 0x43, 0x89, 0x43, 0x89, 0x43, 0x89, 0x43, 0x89, 0x43, 0x89, 0x43,
    0x89, 0x43, 0x89, 0x43, 0x89, 0x43, 0x89, 0x43, 0x89, 0x43, 0x89, 0x43, 0x89, 0x43, 0x89, 0x43, 0x89, 0x43, 0x89,
    0x43, 0x89, 0x43, 0x89, 0x43, 0x89, 0x43, 0x89, 0x43, 0x89, 0x43, 0x89, 0x43, 0x89, 0x43, 0x89, 0x43, 0x89, 0x43,
    0x89, 0x43, 0x89, 0x43, 0x89, 0x43, 0x89, 0x43, 0x89, 0x43, 0x69, 0xFE, 0x69, 0xFE, 0x69, 0xFE, 0x69, 0xFE, 0x69,
    0xFE, 0x69, 0xFE, 0x69, 0xFE, 0x69, 0xFE, 0x69, 0xFE, 0x69, 0xFE, 0x69, 0xFE, 0x69, 0xFE, 0x69, 0xFE, 0x69, 0xFE,
    0x69, 0xFE, 0x69, 0xFE, 0x69, 0xFE, 0x69, 0xFE, 0x69, 0xFE, 0x69, 0xFE, 0x69, 0xFE, 0x69, 0xFE, 0x69, 0xFE, 0x69,
    0xFE, 0x69, 0xFE, 0x69, 0xFE, 0x69, 0xFE, 0x69, 0xFE, 0x69, 0xFE, 0x69, 0xFE, 0x69, 0xFE, 0x69, 0xFE, 0x69, 0xFE,
    0x69, 0xFE, 0x69, 0xFE, 0x69, 0xFE, 0x69, 0xFE, 0x69, 0xFE, 0x69, 0xFE, 0x69, 0xFE, 0x69, 0xFE, 0x69, 0xFE, 0x69,
    0xFE, 0x69, 0xFE, 0x69, 0xFE, 0x69, 0xFE, 0x69, 0xFE, 0x69, 0xFE, 0x69, 0xFE, 0x69, 0xFE, 0x69, 0xFE, 0x69, 0xFE,
    0x69, 0xFE, 0x69, 0xFE, 0x69, 0xFE, 0x69, 0xFE, 0x69, 0xFE, 0x69, 0xFE, 0x69, 0xFE, 0x69, 0xFE, 0x69, 0xFE, 0x69,
    0xFE, 0x69, 0xFE, 0x69, 0xFE, 0x69, 0xFE, 0x69, 0xFE, 0x69, 0xFE, 0x69, 0xFE, 0x69, 0xFE, 0x69, 0xFE, 0x69, 0xFE,
    0x69, 0xFE, 0x69, 0xFE, 0x69, 0xFE, 0x69, 0xFE, 0x69, 0xFE, 0x69, 0xFE, 0x69, 0xFE, 0x69, 0xFE, 0x69, 0xFE, 0x69,
    0xFE, 0x69, 0xFE, 0x69, 0xFE, 0x69, 0xFE, 0x69, 0xFE, 0x69, 0xFE, 0x69, 0xFE, 0x69, 0xFE, 0x69, 0xFE, 0x69, 0xFE,
    0x69, 0xFE, 0x69, 0xFE, 0x69, 0xFE, 0x69, 0xFE, 0x69, 0xFE, 0x69, 0xFE, 0x69, 0xFE, 0x69, 0xFE, 0x69, 0xFE, 0x69,
    0xFE, 0x69, 0xFE, 0x69, 0xFE, 0x69, 0xFE, 0x69, 0xFE, 0x69, 0xFE, 0x69, 0xFE, 0x69, 0xFE, 0x69, 0xFE, 0x69, 0xFE,
    0x69, 0xFE, 0x69, 0xFE, 0x69, 0xFE, 0x69, 0xFE, 0x69, 0xFE, 0x69, 0xFE, 0x69, 0xFE, 0x69, 0xFE, 0x69, 0xFE, 0x69,
    0xFE, 0x69, 0xFE, 0x69, 0xFE, 0x69, 0xFE, 0x69, 0xFE, 0x69, 0xFE, 0x69, 0xFE, 0x69, 0xFE, 0x69, 0xFE, 0x69, 0xFE,
    0x69, 0xFE, 0x69, 0xFE, 0x69, 0xFE, 0x69, 0xFE, 0x69, 0xFE, 0x69, 0xFE, 0x69, 0xFE, 0x69, 0xFE, 0x69, 0xFE, 0x69,
    0xFE, 0x69, 0xFE, 0x69, 0xFE, 0x69, 0xFE, 0x69, 0xFE, 0x69, 0xFE, 0x69, 0xFE, 0x69, 0xFE, 0x69, 0xFE, 0x69, 0xFE,
    0x69, 0xFE, 0x69, 0xFE, 0x69, 0xFE, 0xD6, 0x9D, 0xD6, 0x9D, 0xD6, 0x9D, 0xD6, 0x9D, 0x7D, 0x5D, 0x7D, 0x5D, 0x7D,
    0x5D, 0x7D, 0x5D, 0x7D, 0x5D, 0x7D, 0x5D, 0x7D, 0x5D, 0x7D, 0x5D, 0x7D, 0x5D, 0x7D, 0x5D, 0x7D, 0x5D, 0x7D, 0x5D,
    0x7D, 0x5D, 0x7D, 0x5D, 0x7D, 0x5D, 0x7D, 0x5D, 0x7D, 0x5D, 0x7D, 0x5D, 0x7D, 0x5D, 0x7D, 0x5D, 0x7D, 0x5D, 0x7D,
    0x5D, 0x7D, 0x5D, 0x7D, 0x5D, 0x7D, 0x5D, 0x7D, 0x5D, 0x7D, 0x5D, 0x7D, 0x5D, 0x7D, 0x5D, 0x7D, 0x5D, 0x7D, 0x5D,
    0x7D, 0x5D, 0x7D, 0x5D, 0x7D, 0x5D, 0x7D, 0x5D, 0x7D, 0x5D, 0x7D, 0x5D, 0x7D, 0x5D, 0x7D, 0x5D, 0x7D, 0x5D, 0x7D,
    0x5D, 0x7D, 0x5D, 0x7D, 0x5D, 0x7D, 0x5D, 0x7D, 0x5D, 0x7D, 0x5D, 0x7D, 0x5D, 0x7D, 0x5D, 0x7D, 0x5D, 0x7D, 0x5D,
    0x89, 0x43, 0x89, 0x43, 0x89, 0x43, 0x89, 0x43, 0x89, 0x43, 0x89, 0x43, 0x89, 0x43, 0x89, 0x43, 0x89, 0x43, 0x89,
    0x43, 0x89, 0x43, 0x89, 0x43, 0x89, 0x43, 0x89, 0x43, 0x89, 0x43, 0x89, 0x43, 0x89, 0x43, 0x89, 0x43, 0x89, 0x43,
    0x89, 0x43, 0x89, 0x43, 0x89, 0x43, 0x89, 0x43, 0x89, 0x43, 0x89, 0x43, 0x89, 0x43, 0x89, 0x43, 0x89, 0x43, 0x89,
    0x43, 0x89, 0x43, 0x89, 0x43, 0x89, 0x43, 0x89, 0x43, 0x69, 0xFE, 0x69, 0xFE, 0x69, 0xFE, 0x69, 0xFE, 0x69, 0xFE,
    0x69, 0xFE, 0x69, 0xFE, 0x69, 0xFE, 0x69, 0xFE, 0x69, 0xFE, 0x69, 0xFE, 0x69, 0xFE, 0x69, 0xFE, 0x69, 0xFE, 0x69,
    0xFE, 0x69, 0xFE, 0x69, 0xFE, 0x69, 0xFE, 0x69, 0xFE, 0x69, 0xFE, 0x69, 0xFE, 0x69, 0xFE, 0x69, 0xFE, 0x69, 0xFE,
    0x69, 0xFE, 0x69, 0xFE, 0x69, 0xFE, 0x69, 0xFE, 0x69, 0xFE, 0x69, 0xFE, 0x69, 0xFE, 0x69, 0xFE, 0x69, 0xFE, 0x69,
    0xFE, 0x69, 0xFE, 0x69, 0xFE, 0x69, 0xFE, 0x69, 0xFE, 0x69, 0xFE, 0x69, 0xFE, 0x69, 0xFE, 0x69, 0xFE, 0x69, 0xFE,
    0x69, 0xFE, 0x69, 0xFE, 0x69, 0xFE, 0x69, 0xFE, 0x69, 0xFE, 0x69, 0xFE, 0x69, 0xFE, 0x69, 0xFE, 0x69, 0xFE, 0x69,
    0xFE, 0x69, 0xFE, 0x69, 0xFE, 0x69, 0xFE, 0x69, 0xFE, 0x69, 0xFE, 0x69, 0xFE, 0x69, 0xFE, 0x69, 0xFE, 0x69, 0xFE,
    0x69, 0xFE, 0x69, 0xFE, 0x69, 0xFE, 0x69, 0xFE, 0x69, 0xFE, 0x69, 0xFE, 0x69, 0xFE, 0x69, 0xFE, 0x69, 0xFE, 0x69,
    0xFE, 0x69, 0xFE, 0x69, 0xFE, 0x69, 0xFE, 0x69, 0xFE, 0x69, 0xFE, 0x69, 0xFE, 0x69, 0xFE, 0x69, 0xFE, 0x69, 0xFE,
    0x69, 0xFE, 0x69, 0xFE, 0x69, 0xFE, 0x69, 0xFE, 0x69, 0xFE, 0x69, 0xFE, 0x69, 0xFE, 0x69, 0xFE, 0x69, 0xFE, 0x69,
    0xFE, 0x69, 0xFE, 0x69, 0xFE, 0x69, 0xFE, 0x69, 0xFE, 0x69, 0xFE, 0x69, 0xFE, 0x69, 0xFE, 0x69, 0xFE, 0x69, 0xFE,
    0x69, 0xFE, 0x69, 0xFE, 0x69, 0xFE, 0x69, 0xFE, 0x69, 0xFE, 0x69, 0xFE, 0x69, 0xFE, 0x69, 0xFE, 0x69, 0xFE, 0x69,
    0xFE, 0x69, 0xFE, 0x69, 0xFE, 0x69, 0xFE, 0x69, 0xFE, 0x69, 0xFE, 0x69, 0xFE, 0x69, 0xFE, 0x69, 0xFE, 0x69, 0xFE,
    0x69, 0xFE, 0x69, 0xFE, 0x69, 0xFE, 0x69, 0xFE, 0x69, 0xFE, 0x69, 0xFE, 0x69, 0xFE, 0x69, 0xFE, 0x69, 0xFE, 0x69,
    0xFE, 0x69, 0xFE, 0x69, 0xFE, 0x69, 0xFE, 0x69, 0xFE, 0x69, 0xFE, 0x69, 0xFE, 0x69, 0xFE, 0x69, 0xFE, 0x69, 0xFE,
    0x69, 0xFE, 0x69, 0xFE, 0x69, 0xFE, 0x69, 0xFE, 0x69, 0xFE, 0x69, 0xFE, 0x69, 0xFE, 0x69, 0xFE, 0x69, 0xFE, 0x69,
    0xFE, 0x69, 0xFE, 0x69, 0xFE, 0x4C, 0xEE, 0x4C, 0xEE, 0x4C, 0xEE, 0x7D, 0x5D, 0x7D, 0x5D, 0x7D, 0x5D, 0x7D, 0x5D,
    0x7D, 0x5D, 0x7D, 0x5D, 0x7D, 0x5D, 0x7D, 0x5D, 0x7D, 0x5D, 0x7D, 0x5D, 0x7D, 0x5D, 0x7D, 0x5D, 0x7D, 0x5D, 0x7D,
    0x5D, 0x7D, 0x5D, 0x7D, 0x5D, 0x7D, 0x5D, 0x7D, 0x5D, 0x7D, 0x5D, 0x7D, 0x5D, 0x7D, 0x5D, 0x7D, 0x5D, 0x7D, 0x5D,
    0x7D, 0x5D, 0x7D, 0x5D, 0x7D, 0x5D, 0x7D, 0x5D, 0x7D, 0x5D, 0x7D, 0x5D, 0x7D, 0x5D, 0x7D, 0x5D, 0x7D, 0x5D, 0x7D,
    0x5D, 0x7D, 0x5D, 0x7D, 0x5D, 0x7D, 0x5D, 0x7D, 0x5D, 0x7D, 0x5D, 0x7D, 0x5D, 0x7D, 0x5D, 0x7D, 0x5D, 0x7D, 0x5D,
    0x7D, 0x5D, 0x7D, 0x5D, 0x7D, 0x5D, 0x7D, 0x5D, 0x7D, 0x5D, 0x7D, 0x5D, 0x7D, 0x5D, 0x7D, 0x5D, 0x7D, 0x5D, 0x7D,
    0x5D, 0x7D, 0x5D, 0x7D, 0x5D, 0x7D, 0x5D, 0x7D, 0x5D, 0x7D, 0x5D, 0x89, 0x43, 0x89, 0x43, 0x89, 0x43, 0x89, 0x43,
    0x89, 0x43, 0x89, 0x43, 0x89, 0x43, 0x89, 0x43, 0x89, 0x43, 0x89, 0x43, 0x89, 0x43, 0x89, 0x43, 0x89, 0x43, 0x89,
    0x43, 0x89, 0x43, 0x89, 0x43, 0x89, 0x43, 0x89, 0x43, 0x89, 0x43, 0x89, 0x43, 0x89, 0x43, 0x89, 0x43, 0x89, 0x43,
    0x89, 0x43, 0x89, 0x43, 0x89, 0x43, 0x89, 0x43, 0x89, 0x43, 0x89, 0x43, 0x89, 0x43, 0x69, 0xFE, 0x69, 0xFE, 0x69,
    0xFE, 0x69, 0xFE, 0x69, 0xFE, 0x69, 0xFE, 0x69, 0xFE, 0x69, 0xFE, 0x69, 0xFE, 0x69, 0xFE, 0x69, 0xFE, 0x69, 0xFE,
    0x69, 0xFE, 0x69, 0xFE, 0x69, 0xFE, 0x69, 0xFE, 0x69, 0xFE, 0x69, 0xFE, 0x69, 0xFE, 0x69, 0xFE, 0x69, 0xFE, 0x69,
    0xFE, 0x69, 0xFE, 0x69, 0xFE, 0x69, 0xFE, 0x69, 0xFE, 0x69, 0xFE, 0x69, 0xFE, 0x69, 0xFE, 0x69, 0xFE, 0x69, 0xFE,
    0x69, 0xFE, 0x69, 0xFE, 0x69, 0xFE, 0x69, 0xFE, 0x69, 0xFE, 0x69, 0xFE, 0x69, 0xFE, 0x69, 0xFE, 0x69, 0xFE, 0x69,
    0xFE, 0x69, 0xFE, 0x69, 0xFE, 0x69, 0xFE, 0x69, 0xFE, 0x69, 0xFE, 0x69, 0xFE, 0x69, 0xFE, 0x69, 0xFE, 0x69, 0xFE,
    0x69, 0xFE, 0x69, 0xFE, 0x69, 0xFE, 0x69, 0xFE, 0x69, 0xFE, 0x69, 0xFE, 0x69, 0xFE, 0x69, 0xFE, 0x69, 0xFE, 0x69,
    0xFE, 0x69, 0xFE, 0x69, 0xFE, 0x69, 0xFE, 0x69, 0xFE, 0x69, 0xFE, 0x69, 0xFE, 0x69, 0xFE, 0x69, 0xFE, 0x69, 0xFE,
    0x69, 0xFE, 0x69, 0xFE, 0x69, 0xFE, 0x69, 0xFE, 0x69, 0xFE, 0x69, 0xFE, 0x69, 0xFE, 0x69, 0xFE, 0x69, 0xFE, 0x69,
    0xFE, 0x69, 0xFE, 0x69, 0xFE, 0x69, 0xFE, 0x69, 0xFE, 0x69, 0xFE, 0x69, 0xFE, 0x69, 0xFE, 0x69, 0xFE, 0x69, 0xFE,
    0x69, 0xFE, 0x69, 0xFE, 0x69, 0xFE, 0x69, 0xFE, 0x69, 0xFE, 0x69, 0xFE, 0x69, 0xFE, 0x69, 0xFE, 0x69, 0xFE, 0x69,
    0xFE, 0x69, 0xFE, 0x69, 0xFE, 0x69, 0xFE, 0x69, 0xFE, 0x69, 0xFE, 0x69, 0xFE, 0x69, 0xFE, 0x69, 0xFE, 0x69, 0xFE,
    0x69, 0xFE, 0x69, 0xFE, 0x69, 0xFE, 0x69, 0xFE, 0x69, 0xFE, 0x69, 0xFE, 0x69, 0xFE, 0x69, 0xFE, 0x69, 0xFE, 0x69,
    0xFE, 0x69, 0xFE, 0x69, 0xFE, 0x69, 0xFE, 0x69, 0xFE, 0x69, 0xFE, 0x69, 0xFE, 0x69, 0xFE, 0x69, 0xFE, 0x69, 0xFE,
    0x69, 0xFE, 0x69, 0xFE, 0x69, 0xFE, 0x69, 0xFE, 0x69, 0xFE, 0x69, 0xFE, 0x69, 0xFE, 0x69, 0xFE, 0x69, 0xFE, 0x69,
    0xFE, 0x69, 0xFE, 0x69, 0xFE, 0x69, 0xFE, 0x69, 0xFE, 0x69, 0xFE, 0x69, 0xFE, 0x69, 0xFE, 0x69, 0xFE, 0x69, 0xFE,
    0x69, 0xFE, 0x69, 0xFE, 0x69, 0xFE, 0x69, 0xFE, 0x69, 0xFE, 0x4C, 0xEE, 0x4C, 0xEE, 0x4C, 0xEE, 0x7D, 0x5D, 0x7D,
    0x5D, 0x7D, 0x5D, 0x7D, 0x5D, 0x7D, 0x5D, 0x7D, 0x5D, 0x7D, 0x5D, 0x7D, 0x5D, 0x7D, 0x5D, 0x7D, 0x5D, 0x7D, 0x5D,
    0x7D, 0x5D, 0x7D, 0x5D, 0x7D, 0x5D, 0x7D, 0x5D, 0x7D, 0x5D, 0x7D, 0x5D, 0x7D, 0x5D, 0x7D, 0x5D, 0x7D, 0x5D, 0x7D,
    0x5D, 0x7D, 0x5D, 0x7D, 0x5D, 0x7D, 0x5D, 0x7D, 0x5D, 0x7D, 0x5D, 0x7D, 0x5D, 0x7D, 0x5D, 0x7D, 0x5D, 0x7D, 0x5D,
    0x7D, 0x5D, 0x7D, 0x5D, 0x7D, 0x5D, 0x7D, 0x5D, 0x7D, 0x5D, 0x7D, 0x5D, 0x7D, 0x5D, 0x7D, 0x5D, 0x7D, 0x5D, 0x7D,
    0x5D, 0x7D, 0x5D, 0x7D, 0x5D, 0x7D, 0x5D, 0x7D, 0x5D, 0x7D, 0x5D, 0x7D, 0x5D, 0x7D, 0x5D, 0x7D, 0x5D, 0x7D, 0x5D,
    0x7D, 0x5D, 0x7D, 0x5D, 0x7D, 0x5D, 0x7D, 0x5D, 0x7D, 0x5D, 0x7D, 0x5D, 0x7D, 0x5D, 0x7D, 0x5D, 0x89, 0x43, 0x89,
    0x43, 0x89, 0x43, 0x89, 0x43, 0x89, 0x43, 0x89, 0x43, 0x89, 0x43, 0x89, 0x43, 0x89, 0x43, 0x89, 0x43, 0x89, 0x43,
    0x89, 0x43, 0x89, 0x43, 0x89, 0x43, 0x89, 0x43, 0x89, 0x43, 0x89, 0x43, 0x89, 0x43, 0x89, 0x43, 0x89, 0x43, 0x89,
    0x43, 0x89, 0x43, 0x89, 0x43, 0x89, 0x43, 0x89, 0x43, 0x89, 0x43, 0x89, 0x43, 0x89, 0x43, 0x89, 0x43, 0x89, 0x43,
    0x69, 0xFE, 0x69, 0xFE, 0x69, 0xFE, 0x69, 0xFE, 0x69, 0xFE, 0x69, 0xFE, 0x69, 0xFE, 0x69, 0xFE, 0x69, 0xFE, 0x69,
    0xFE, 0x69, 0xFE, 0x69, 0xFE, 0x69, 0xFE, 0x69, 0xFE, 0x69, 0xFE, 0x69, 0xFE, 0x69, 0xFE, 0x69, 0xFE, 0x69, 0xFE,
    0x69, 0xFE, 0x69, 0xFE, 0x69, 0xFE, 0x69, 0xFE, 0x69, 0xFE, 0x69, 0xFE, 0x69, 0xFE, 0x69, 0xFE, 0x69, 0xFE, 0x69,
    0xFE, 0x69, 0xFE, 0x69, 0xFE, 0x69, 0xFE, 0x69, 0xFE, 0x69, 0xFE, 0x69, 0xFE, 0x69, 0xFE, 0x69, 0xFE, 0x69, 0xFE,
    0x69, 0xFE, 0x69, 0xFE, 0x69, 0xFE, 0x69, 0xFE, 0x69, 0xFE, 0x69, 0xFE, 0x69, 0xFE, 0x69, 0xFE, 0x69, 0xFE, 0x69,
    0xFE, 0x69, 0xFE, 0x69, 0xFE, 0x69, 0xFE, 0x69, 0xFE, 0x69, 0xFE, 0x69, 0xFE, 0x69, 0xFE, 0x69, 0xFE, 0x69, 0xFE,
    0x69, 0xFE, 0x69, 0xFE, 0x69, 0xFE, 0x69, 0xFE, 0x69, 0xFE, 0x69, 0xFE, 0x69, 0xFE, 0x69, 0xFE, 0x69, 0xFE, 0x69,
    0xFE, 0x69, 0xFE, 0x69, 0xFE, 0x69, 0xFE, 0x69, 0xFE, 0x69, 0xFE, 0x69, 0xFE, 0x69, 0xFE, 0x69, 0xFE, 0x69, 0xFE,
    0x69, 0xFE, 0x69, 0xFE, 0x69, 0xFE, 0x69, 0xFE, 0x69, 0xFE, 0x69, 0xFE, 0x69, 0xFE, 0x69, 0xFE, 0x69, 0xFE, 0x69,
    0xFE, 0x69, 0xFE, 0x69, 0xFE, 0x69, 0xFE, 0x69, 0xFE, 0x69, 0xFE, 0x69, 0xFE, 0x69, 0xFE, 0x69, 0xFE, 0x69, 0xFE,
    0x69, 0xFE, 0x69, 0xFE, 0x69, 0xFE, 0x69, 0xFE, 0x69, 0xFE, 0x69, 0xFE, 0x69, 0xFE, 0x69, 0xFE, 0x69, 0xFE, 0x69,
    0xFE, 0x69, 0xFE, 0x69, 0xFE, 0x69, 0xFE, 0x69, 0xFE, 0x69, 0xFE, 0x69, 0xFE, 0x69, 0xFE, 0x69, 0xFE, 0x69, 0xFE,
    0x69, 0xFE, 0x69, 0xFE, 0x69, 0xFE, 0x69, 0xFE, 0x69, 0xFE, 0x69, 0xFE, 0x69, 0xFE, 0x69, 0xFE, 0x69, 0xFE, 0x69,
    0xFE, 0x69, 0xFE, 0x69, 0xFE, 0x69, 0xFE, 0x69, 0xFE, 0x69, 0xFE, 0x69, 0xFE, 0x69, 0xFE, 0x69, 0xFE, 0x69, 0xFE,
    0x69, 0xFE, 0x69, 0xFE, 0x69, 0xFE, 0x69, 0xFE, 0x69, 0xFE, 0x69, 0xFE, 0x69, 0xFE, 0x69, 0xFE, 0x69, 0xFE, 0x69,
    0xFE, 0x69, 0xFE, 0x69, 0xFE, 0x69, 0xFE, 0x69, 0xFE, 0x69, 0xFE, 0x69, 0xFE, 0x69, 0xFE, 0x4C, 0xEE, 0x4C, 0xEE,
    0x4C, 0xEE, 0x7D, 0x5D, 0x7D, 0x5D, 0x7D, 0x5D, 0x7D, 0x5D, 0x7D, 0x5D, 0x7D, 0x5D, 0x7D, 0x5D, 0x7D, 0x5D, 0x7D,
    0x5D, 0x7D, 0x5D, 0x7D, 0x5D, 0x7D, 0x5D, 0x7D, 0x5D, 0x7D, 0x5D, 0x7D, 0x5D, 0x7D, 0x5D, 0x7D, 0x5D, 0x7D, 0x5D,
    0x7D, 0x5D, 0x7D, 0x5D, 0x7D, 0x5D, 0x7D, 0x5D, 0x7D, 0x5D, 0x7D, 0x5D, 0x7D, 0x5D, 0x7D, 0x5D, 0x7D, 0x5D, 0x7D,
    0x5D, 0x7D, 0x5D, 0x7D, 0x5D, 0x7D, 0x5D, 0x7D, 0x5D, 0x7D, 0x5D, 0x7D, 0x5D, 0x7D, 0x5D, 0x7D, 0x5D, 0x7D, 0x5D,
    0x7D, 0x5D, 0x7D, 0x5D, 0x7D, 0x5D, 0x7D, 0x5D, 0x7D, 0x5D, 0x7D, 0x5D, 0x7D, 0x5D, 0x7D, 0x5D, 0x7D, 0x5D, 0x7D,
    0x5D, 0x7D, 0x5D, 0x7D, 0x5D, 0x7D, 0x5D, 0x7D, 0x5D, 0x7D, 0x5D, 0x7D, 0x5D, 0x7D, 0x5D, 0x7D, 0x5D, 0x7D, 0x5D,
    0x7D, 0x5D, 0x89, 0x43, 0x89, 0x43, 0x89, 0x43, 0x89, 0x43, 0x89, 0x43, 0x89, 0x43, 0x89, 0x43, 0x89, 0x43, 0x89,
    0x43, 0x89, 0x43, 0x89, 0x43, 0x89, 0x43, 0x89, 0x43, 0x89, 0x43, 0x89, 0x43, 0x89, 0x43, 0x89, 0x43, 0x89, 0x43,
    0x89, 0x43, 0x89, 0x43, 0x89, 0x43, 0x89, 0x43, 0x89, 0x43, 0x89, 0x43, 0x89, 0x43, 0x89, 0x43, 0x89, 0x43, 0x89,
    0x43, 0x89, 0x43, 0x89, 0x43, 0x69, 0xFE, 0x69, 0xFE, 0x69, 0xFE, 0x69, 0xFE, 0x69, 0xFE, 0x69, 0xFE, 0x69, 0xFE,
    0x69, 0xFE, 0x69, 0xFE, 0x69, 0xFE, 0x69, 0xFE, 0x69, 0xFE, 0x69, 0xFE, 0x69, 0xFE, 0x69, 0xFE, 0x69, 0xFE, 0x69,
    0xFE, 0x69, 0xFE, 0x69, 0xFE, 0x69, 0xFE, 0x69, 0xFE, 0x69, 0xFE, 0x69, 0xFE, 0x69, 0xFE, 0x69, 0xFE, 0x69, 0xFE,
    0x69, 0xFE, 0x69, 0xFE, 0x69, 0xFE, 0x69, 0xFE, 0x69, 0xFE, 0x69, 0xFE, 0x69, 0xFE, 0x69, 0xFE, 0x69, 0xFE, 0x69,
    0xFE, 0x69, 0xFE, 0x69, 0xFE, 0x69, 0xFE, 0x69, 0xFE, 0x69, 0xFE, 0x69, 0xFE, 0x69, 0xFE, 0x69, 0xFE, 0x69, 0xFE,
    0x69, 0xFE, 0x69, 0xFE, 0x69, 0xFE, 0x69, 0xFE, 0x69, 0xFE, 0x69, 0xFE, 0x69, 0xFE, 0x69, 0xFE, 0x69, 0xFE, 0x69,
    0xFE, 0x69, 0xFE, 0x69, 0xFE, 0x69, 0xFE, 0x69, 0xFE, 0x69, 0xFE, 0x69, 0xFE, 0x69, 0xFE, 0x69, 0xFE, 0x69, 0xFE,
    0x69, 0xFE, 0x69, 0xFE, 0x69, 0xFE, 0x69, 0xFE, 0x69, 0xFE, 0x69, 0xFE, 0x69, 0xFE, 0x69, 0xFE, 0x69, 0xFE, 0x69,
    0xFE, 0x69, 0xFE, 0x69, 0xFE, 0x69, 0xFE, 0x69, 0xFE, 0x69, 0xFE, 0x69, 0xFE, 0x69, 0xFE, 0x69, 0xFE, 0x69, 0xFE,
    0x69, 0xFE, 0x69, 0xFE, 0x69, 0xFE, 0x69, 0xFE, 0x69, 0xFE, 0x69, 0xFE, 0x69, 0xFE, 0x69, 0xFE, 0x69, 0xFE, 0x69,
    0xFE, 0x69, 0xFE, 0x69, 0xFE, 0x69, 0xFE, 0x69, 0xFE, 0x69, 0xFE, 0x69, 0xFE, 0x69, 0xFE, 0x69, 0xFE, 0x69, 0xFE,
    0x69, 0xFE, 0x69, 0xFE, 0x69, 0xFE, 0x69, 0xFE, 0x69, 0xFE, 0x69, 0xFE, 0x69, 0xFE, 0x69, 0xFE, 0x69, 0xFE, 0x69,
    0xFE, 0x69, 0xFE, 0x69, 0xFE, 0x69, 0xFE, 0x69, 0xFE, 0x69, 0xFE, 0x69, 0xFE, 0x69, 0xFE, 0x69, 0xFE, 0x69, 0xFE,
    0x69, 0xFE, 0x69, 0xFE, 0x69, 0xFE, 0x69, 0xFE, 0x69, 0xFE, 0x69, 0xFE, 0x69, 0xFE, 0x69, 0xFE, 0x69, 0xFE, 0x69,
    0xFE, 0x69, 0xFE, 0x69, 0xFE, 0x69, 0xFE, 0x69, 0xFE, 0x69, 0xFE, 0x69, 0xFE, 0x69, 0xFE, 0x69, 0xFE, 0x69, 0xFE,
    0x69, 0xFE, 0x69, 0xFE, 0x69, 0xFE, 0x69, 0xFE, 0x69, 0xFE, 0x69, 0xFE, 0x69, 0xFE, 0x69, 0xFE, 0x69, 0xFE, 0x69,
    0xFE, 0xF3, 0xAD, 0xF3, 0xAD, 0xF3, 0xAD, 0x7D, 0x5D, 0x7D, 0x5D, 0x7D, 0x5D, 0x7D, 0x5D, 0x7D, 0x5D, 0x7D, 0x5D,
    0x7D, 0x5D, 0x7D, 0x5D, 0x7D, 0x5D, 0x7D, 0x5D, 0x7D, 0x5D, 0x7D, 0x5D, 0x7D, 0x5D, 0x7D, 0x5D, 0x7D, 0x5D, 0x7D,
    0x5D, 0x7D, 0x5D, 0x7D, 0x5D, 0x7D, 0x5D, 0x7D, 0x5D, 0x7D, 0x5D, 0x7D, 0x5D, 0x7D, 0x5D, 0x7D, 0x5D, 0x7D, 0x5D,
    0x7D, 0x5D, 0x7D, 0x5D, 0x7D, 0x5D, 0x7D, 0x5D, 0x7D, 0x5D, 0x7D, 0x5D, 0x7D, 0x5D, 0x7D, 0x5D, 0x7D, 0x5D, 0x7D,
    0x5D, 0x7D, 0x5D, 0x7D, 0x5D, 0x7D, 0x5D, 0x7D, 0x5D, 0x7D, 0x5D, 0x7D, 0x5D, 0x7D, 0x5D, 0x7D, 0x5D, 0x7D, 0x5D,
    0x7D, 0x5D, 0x7D, 0x5D, 0x7D, 0x5D, 0x7D, 0x5D, 0x7D, 0x5D, 0x7D, 0x5D, 0x7D, 0x5D, 0x7D, 0x5D, 0x7D, 0x5D, 0x7D,
    0x5D, 0x7D, 0x5D, 0x7D, 0x5D, 0x7D, 0x5D, 0x89, 0x43, 0x89, 0x43, 0x89, 0x43, 0x89, 0x43, 0x89, 0x43, 0x89, 0x43,
    0x89, 0x43, 0x89, 0x43, 0x89, 0x43, 0x89, 0x43, 0x89, 0x43, 0x89, 0x43, 0x89, 0x43, 0x89, 0x43, 0x89, 0x43, 0x89,
    0x43, 0x89, 0x43, 0x89, 0x43, 0x89, 0x43, 0x89, 0x43, 0x89, 0x43, 0x89, 0x43, 0x89, 0x43, 0x89, 0x43, 0x89, 0x43,
    0x89, 0x43, 0x89, 0x43, 0x89, 0x43, 0x89, 0x43, 0x89, 0x43, 0x69, 0xFE, 0x69, 0xFE, 0x69, 0xFE, 0x69, 0xFE, 0x69,
    0xFE, 0x69, 0xFE, 0x69, 0xFE, 0x69, 0xFE, 0x69, 0xFE, 0x69, 0xFE, 0x69, 0xFE, 0x69, 0xFE, 0x69, 0xFE, 0x69, 0xFE,
    0x69, 0xFE, 0x69, 0xFE, 0x69, 0xFE, 0x69, 0xFE, 0x69, 0xFE, 0x69, 0xFE, 0x69, 0xFE, 0x69, 0xFE, 0x69, 0xFE, 0x69,
    0xFE, 0x69, 0xFE, 0x69, 0xFE, 0x69, 0xFE, 0x69, 0xFE, 0x69, 0xFE, 0x69, 0xFE, 0x69, 0xFE, 0x69, 0xFE, 0x69, 0xFE,
    0x69, 0xFE, 0x69, 0xFE, 0x69, 0xFE, 0x69, 0xFE, 0x69, 0xFE, 0x69, 0xFE, 0x69, 0xFE, 0x69, 0xFE, 0x69, 0xFE, 0x69,
    0xFE, 0x69, 0xFE, 0x69, 0xFE, 0x69, 0xFE, 0x69, 0xFE, 0x69, 0xFE, 0x69, 0xFE, 0x69, 0xFE, 0x69, 0xFE, 0x69, 0xFE,
    0x69, 0xFE, 0x69, 0xFE, 0x69, 0xFE, 0x69, 0xFE, 0x69, 0xFE, 0x69, 0xFE, 0x69, 0xFE, 0x69, 0xFE, 0x69, 0xFE, 0x69,
    0xFE, 0x69, 0xFE, 0x69, 0xFE, 0x69, 0xFE, 0x69, 0xFE, 0x69, 0xFE, 0x69, 0xFE, 0x69, 0xFE, 0x69, 0xFE, 0x69, 0xFE,
    0x69, 0xFE, 0x69, 0xFE, 0x69, 0xFE, 0x69, 0xFE, 0x69, 0xFE, 0x69, 0xFE, 0x69, 0xFE, 0x69, 0xFE, 0x69, 0xFE, 0x69,
    0xFE, 0x69, 0xFE, 0x69, 0xFE, 0x69, 0xFE, 0x69, 0xFE, 0x69, 0xFE, 0x69, 0xFE, 0x69, 0xFE, 0x69, 0xFE, 0x69, 0xFE,
    0x69, 0xFE, 0x69, 0xFE, 0x69, 0xFE, 0x69, 0xFE, 0x69, 0xFE, 0x69, 0xFE, 0x69, 0xFE, 0x69, 0xFE, 0x69, 0xFE, 0x69,
    0xFE, 0x69, 0xFE, 0x69, 0xFE, 0x69, 0xFE, 0x69, 0xFE, 0x69, 0xFE, 0x69, 0xFE, 0x69, 0xFE, 0x69, 0xFE, 0x69, 0xFE,
    0x69, 0xFE, 0x69, 0xFE, 0x69, 0xFE, 0x69, 0xFE, 0x69, 0xFE, 0x69, 0xFE, 0x69, 0xFE, 0x69, 0xFE, 0x69, 0xFE, 0x69,
    0xFE, 0x69, 0xFE, 0x69, 0xFE, 0x69, 0xFE, 0x69, 0xFE, 0x69, 0xFE, 0x69, 0xFE, 0x69, 0xFE, 0x69, 0xFE, 0x69, 0xFE,
    0x69, 0xFE, 0x69, 0xFE, 0x69, 0xFE, 0x69, 0xFE, 0x69, 0xFE, 0x69, 0xFE, 0x69, 0xFE, 0x69, 0xFE, 0x69, 0xFE, 0x69,
    0xFE, 0x69, 0xFE, 0x69, 0xFE, 0x69, 0xFE, 0x69, 0xFE, 0x69, 0xFE, 0x69, 0xFE, 0x69, 0xFE, 0x69, 0xFE, 0x69, 0xFE,
    0x69, 0xFE, 0x69, 0xFE, 0x69, 0xFE, 0xF3, 0xAD, 0xF3, 0xAD, 0xF3, 0xAD, 0x7D, 0x5D, 0x7D, 0x5D, 0x7D, 0x5D, 0x7D,
    0x5D, 0x7D, 0x5D, 0x7D, 0x5D, 0x7D, 0x5D, 0x7D, 0x5D, 0x7D, 0x5D, 0x7D, 0x5D, 0x7D, 0x5D, 0x7D, 0x5D, 0x7D, 0x5D,
    0x7D, 0x5D, 0x7D, 0x5D, 0x7D, 0x5D, 0x7D, 0x5D, 0x7D, 0x5D, 0x7D, 0x5D, 0x7D, 0x5D, 0x7D, 0x5D, 0x7D, 0x5D, 0x7D,
    0x5D, 0x7D, 0x5D, 0x7D, 0x5D, 0x7D, 0x5D, 0x7D, 0x5D, 0x7D, 0x5D, 0x7D, 0x5D, 0x7D, 0x5D, 0x7D, 0x5D, 0x7D, 0x5D,
    0x7D, 0x5D, 0x7D, 0x5D, 0x7D, 0x5D, 0x7D, 0x5D, 0x7D, 0x5D, 0x7D, 0x5D, 0x7D, 0x5D, 0x7D, 0x5D, 0x7D, 0x5D, 0x7D,
    0x5D, 0x7D, 0x5D, 0x7D, 0x5D, 0x7D, 0x5D, 0x7D, 0x5D, 0x7D, 0x5D, 0x7D, 0x5D, 0x7D, 0x5D, 0x7D, 0x5D, 0x7D, 0x5D,
    0x7D, 0x5D, 0x7D, 0x5D, 0x7D, 0x5D, 0x7D, 0x5D, 0x7D, 0x5D, 0x7D, 0x5D, 0x89, 0x43, 0x89, 0x43, 0x89, 0x43, 0x89,
    0x43, 0x89, 0x43, 0x89, 0x43, 0x89, 0x43, 0x89, 0x43, 0x89, 0x43, 0x89, 0x43, 0x89, 0x43, 0x89, 0x43, 0x89, 0x43,
    0x89, 0x43, 0x89, 0x43, 0x89, 0x43, 0x89, 0x43, 0x89, 0x43, 0x89, 0x43, 0x89, 0x43, 0x89, 0x43, 0x89, 0x43, 0x89,
    0x43, 0x89, 0x43, 0x89, 0x43, 0x89, 0x43, 0x89, 0x43, 0x89, 0x43, 0x89, 0x43, 0x89, 0x43, 0x69, 0xFE, 0x69, 0xFE,
    0x69, 0xFE, 0x69, 0xFE, 0x69, 0xFE, 0x69, 0xFE, 0x69, 0xFE, 0x69, 0xFE, 0x69, 0xFE, 0x69, 0xFE, 0x69, 0xFE, 0x69,
    0xFE, 0x69, 0xFE, 0x69, 0xFE, 0x69, 0xFE, 0x69, 0xFE, 0x69, 0xFE, 0x69, 0xFE, 0x69, 0xFE, 0x69, 0xFE, 0x69, 0xFE,
    0x69, 0xFE, 0x69, 0xFE, 0x69, 0xFE, 0x69, 0xFE, 0x69, 0xFE, 0x69, 0xFE, 0x69, 0xFE, 0x69, 0xFE, 0x69, 0xFE, 0x69,
    0xFE, 0x69, 0xFE, 0x69, 0xFE, 0x69, 0xFE, 0x69, 0xFE, 0x69, 0xFE, 0x69, 0xFE, 0x69, 0xFE, 0x69, 0xFE, 0x69, 0xFE,
    0x69, 0xFE, 0x69, 0xFE, 0x69, 0xFE, 0x69, 0xFE, 0x69, 0xFE, 0x69, 0xFE, 0x69, 0xFE, 0x69, 0xFE, 0x69, 0xFE, 0x69,
    0xFE, 0x69, 0xFE, 0x69, 0xFE, 0x69, 0xFE, 0x69, 0xFE, 0x69, 0xFE, 0x69, 0xFE, 0x69, 0xFE, 0x69, 0xFE, 0x69, 0xFE,
    0x69, 0xFE, 0x69, 0xFE, 0x69, 0xFE, 0x69, 0xFE, 0x69, 0xFE, 0x69, 0xFE, 0x69, 0xFE, 0x69, 0xFE, 0x69, 0xFE, 0x69,
    0xFE, 0x69, 0xFE, 0x69, 0xFE, 0x69, 0xFE, 0x69, 0xFE, 0x69, 0xFE, 0x69, 0xFE, 0x69, 0xFE, 0x69, 0xFE, 0x69, 0xFE,
    0x69, 0xFE, 0x69, 0xFE, 0x69, 0xFE, 0x69, 0xFE, 0x69, 0xFE, 0x69, 0xFE, 0x69, 0xFE, 0x69, 0xFE, 0x69, 0xFE, 0x69,
    0xFE, 0x69, 0xFE, 0x69, 0xFE, 0x69, 0xFE, 0x69, 0xFE, 0x69, 0xFE, 0x69, 0xFE, 0x69, 0xFE, 0x69, 0xFE, 0x69, 0xFE,
    0x69, 0xFE, 0x69, 0xFE, 0x69, 0xFE, 0x69, 0xFE, 0x69, 0xFE, 0x69, 0xFE, 0x69, 0xFE, 0x69, 0xFE, 0x69, 0xFE, 0x69,
    0xFE, 0x69, 0xFE, 0x69, 0xFE, 0x69, 0xFE, 0x69, 0xFE, 0x69, 0xFE, 0x69, 0xFE, 0x69, 0xFE, 0x69, 0xFE, 0x69, 0xFE,
    0x69, 0xFE, 0x69, 0xFE, 0x69, 0xFE, 0x69, 0xFE, 0x69, 0xFE, 0x69, 0xFE, 0x69, 0xFE, 0x69, 0xFE, 0x69, 0xFE, 0x69,
    0xFE, 0x69, 0xFE, 0x69, 0xFE, 0x69, 0xFE, 0x69, 0xFE, 0x69, 0xFE, 0x69, 0xFE, 0x69, 0xFE, 0x69, 0xFE, 0x69, 0xFE,
    0x69, 0xFE, 0x69, 0xFE, 0x69, 0xFE, 0x69, 0xFE, 0x69, 0xFE, 0x69, 0xFE, 0x69, 0xFE, 0x69, 0xFE, 0x69, 0xFE, 0x69,
    0xFE, 0x69, 0xFE, 0x69, 0xFE, 0x69, 0xFE, 0x69, 0xFE, 0x69, 0xFE, 0xF3, 0xAD, 0xF3, 0xAD, 0xF3, 0xAD, 0x7D, 0x5D,
    0x7D, 0x5D, 0x7D, 0x5D, 0x7D, 0x5D, 0x7D, 0x5D, 0x7D, 0x5D, 0x7D, 0x5D, 0x7D, 0x5D, 0x7D, 0x5D, 0x7D, 0x5D, 0x7D,
    0x5D, 0x7D, 0x5D, 0x7D, 0x5D, 0x7D, 0x5D, 0x7D, 0x5D, 0x7D, 0x5D, 0x7D, 0x5D, 0x7D, 0x5D, 0x7D, 0x5D, 0x7D, 0x5D,
    0x7D, 0x5D, 0x7D, 0x5D, 0x7D, 0x5D, 0x7D, 0x5D, 0x7D, 0x5D, 0x7D, 0x5D, 0x7D, 0x5D, 0x7D, 0x5D, 0x7D, 0x5D, 0x7D,
    0x5D, 0x7D, 0x5D, 0x7D, 0x5D, 0x7D, 0x5D, 0x7D, 0x5D, 0x7D, 0x5D, 0x7D, 0x5D, 0x7D, 0x5D, 0x7D, 0x5D, 0x7D, 0x5D,
    0x7D, 0x5D, 0x7D, 0x5D, 0x7D, 0x5D, 0x7D, 0x5D, 0x7D, 0x5D, 0x7D, 0x5D, 0x7D, 0x5D, 0x7D, 0x5D, 0x7D, 0x5D, 0x7D,
    0x5D, 0x7D, 0x5D, 0x7D, 0x5D, 0x7D, 0x5D, 0x7D, 0x5D, 0x7D, 0x5D, 0x7D, 0x5D, 0x7D, 0x5D, 0x7D, 0x5D, 0x89, 0x43,
    0x89, 0x43, 0x89, 0x43, 0x89, 0x43, 0x89, 0x43, 0x89, 0x43, 0x89, 0x43, 0x89, 0x43, 0x89, 0x43, 0x89, 0x43, 0x89,
    0x43, 0x89, 0x43, 0x89, 0x43, 0x89, 0x43, 0x89, 0x43, 0x89, 0x43, 0x89, 0x43, 0x89, 0x43, 0x89, 0x43, 0x89, 0x43,
    0x89, 0x43, 0x89, 0x43, 0x89, 0x43, 0x89, 0x43, 0x89, 0x43, 0x89, 0x43, 0x89, 0x43, 0x69, 0xFE, 0x69, 0xFE, 0x69,
    0xFE, 0x69, 0xFE, 0x69, 0xFE, 0x69, 0xFE, 0x69, 0xFE, 0x69, 0xFE, 0x69, 0xFE, 0x69, 0xFE, 0x69, 0xFE, 0x69, 0xFE,
    0x69, 0xFE, 0x69, 0xFE, 0x69, 0xFE, 0x69, 0xFE, 0x69, 0xFE, 0x69, 0xFE, 0x69, 0xFE, 0x69, 0xFE, 0x69, 0xFE, 0x69,
    0xFE, 0x69, 0xFE, 0x69, 0xFE, 0x69, 0xFE, 0x69, 0xFE, 0x69, 0xFE, 0x69, 0xFE, 0x69, 0xFE, 0x69, 0xFE, 0x69, 0xFE,
    0x69, 0xFE, 0x69, 0xFE, 0x69, 0xFE, 0x69, 0xFE, 0x69, 0xFE, 0x69, 0xFE, 0x69, 0xFE, 0x69, 0xFE, 0x69, 0xFE, 0x69,
    0xFE, 0x69, 0xFE, 0x69, 0xFE, 0x69, 0xFE, 0x69, 0xFE, 0x69, 0xFE, 0x69, 0xFE, 0x69, 0xFE, 0x69, 0xFE, 0x69, 0xFE,
    0x69, 0xFE, 0x69, 0xFE, 0x69, 0xFE, 0x69, 0xFE, 0x69, 0xFE, 0x69, 0xFE, 0x69, 0xFE, 0x69, 0xFE, 0x69, 0xFE, 0x69,
    0xFE, 0x69, 0xFE, 0x69, 0xFE, 0x69, 0xFE, 0x69, 0xFE, 0x69, 0xFE, 0x69, 0xFE, 0x69, 0xFE, 0x69, 0xFE, 0x69, 0xFE,
    0x69, 0xFE, 0x69, 0xFE, 0x69, 0xFE, 0x69, 0xFE, 0x69, 0xFE, 0x69, 0xFE, 0x69, 0xFE, 0x69, 0xFE, 0x69, 0xFE, 0x69,
    0xFE, 0x69, 0xFE, 0x69, 0xFE, 0x69, 0xFE, 0x69, 0xFE, 0x69, 0xFE, 0x69, 0xFE, 0x69, 0xFE, 0x69, 0xFE, 0x69, 0xFE,
    0x69, 0xFE, 0x69, 0xFE, 0x69, 0xFE, 0x69, 0xFE, 0x69, 0xFE, 0x69, 0xFE, 0x69, 0xFE, 0x69, 0xFE, 0x69, 0xFE, 0x69,
    0xFE, 0x69, 0xFE, 0x69, 0xFE, 0x69, 0xFE, 0x69, 0xFE, 0x69, 0xFE, 0x69, 0xFE, 0x69, 0xFE, 0x69, 0xFE, 0x69, 0xFE,
    0x69, 0xFE, 0x69, 0xFE, 0x69, 0xFE, 0x69, 0xFE, 0x69, 0xFE, 0x69, 0xFE, 0x69, 0xFE, 0x69, 0xFE, 0x69, 0xFE, 0x69,
    0xFE, 0x69, 0xFE, 0x69, 0xFE, 0x69, 0xFE, 0x69, 0xFE, 0x69, 0xFE, 0x69, 0xFE, 0x69, 0xFE, 0x69, 0xFE, 0x69, 0xFE,
    0x69, 0xFE, 0x69, 0xFE, 0x69, 0xFE, 0x69, 0xFE, 0x69, 0xFE, 0x69, 0xFE, 0x69, 0xFE, 0x69, 0xFE, 0x69, 0xFE, 0x69,
    0xFE, 0x69, 0xFE, 0x69, 0xFE, 0x69, 0xFE, 0x69, 0xFE, 0x69, 0xFE, 0x69, 0xFE, 0x69, 0xFE, 0x69, 0xFE, 0x69, 0xFE,
    0x69, 0xFE, 0x69, 0xFE, 0x69, 0xFE, 0x69, 0xFE, 0x69, 0xFE, 0x69, 0xFE, 0x69, 0xFE, 0x69, 0xFE, 0x9B, 0x6D, 0x9B,
    0x6D, 0x9B, 0x6D, 0x7D, 0x5D, 0x7D, 0x5D, 0x7D, 0x5D, 0x7D, 0x5D, 0x7D, 0x5D, 0x7D, 0x5D, 0x7D, 0x5D, 0x7D, 0x5D,
    0x7D, 0x5D, 0x7D, 0x5D, 0x7D, 0x5D, 0x7D, 0x5D, 0x7D, 0x5D, 0x7D, 0x5D, 0x7D, 0x5D, 0x7D, 0x5D, 0x7D, 0x5D, 0x7D,
    0x5D, 0x7D, 0x5D, 0x7D, 0x5D, 0x7D, 0x5D, 0x7D, 0x5D, 0x7D, 0x5D, 0x7D, 0x5D, 0x7D, 0x5D, 0x7D, 0x5D, 0x7D, 0x5D,
    0x7D, 0x5D, 0x7D, 0x5D, 0x7D, 0x5D, 0x7D, 0x5D, 0x7D, 0x5D, 0x7D, 0x5D, 0x7D, 0x5D, 0x7D, 0x5D, 0x7D, 0x5D, 0x7D,
    0x5D, 0x7D, 0x5D, 0x7D, 0x5D, 0x7D, 0x5D, 0x7D, 0x5D, 0x7D, 0x5D, 0x7D, 0x5D, 0x7D, 0x5D, 0x7D, 0x5D, 0x7D, 0x5D,
    0x7D, 0x5D, 0x7D, 0x5D, 0x7D, 0x5D, 0x7D, 0x5D, 0x7D, 0x5D, 0x7D, 0x5D, 0x7D, 0x5D, 0x7D, 0x5D, 0x7D, 0x5D, 0x7D,
    0x5D, 0x7D, 0x5D, 0x89, 0x43, 0x89, 0x43, 0x89, 0x43, 0x89, 0x43, 0x89, 0x43, 0x89, 0x43, 0x89, 0x43, 0x89, 0x43,
    0x89, 0x43, 0x89, 0x43, 0x89, 0x43, 0x89, 0x43, 0x89, 0x43, 0x89, 0x43, 0x89, 0x43, 0x89, 0x43, 0x89, 0x43, 0x89,
    0x43, 0x89, 0x43, 0x89, 0x43, 0x89, 0x43, 0x89, 0x43, 0x89, 0x43, 0x89, 0x43, 0x89, 0x43, 0x89, 0x43, 0x89, 0x43,
    0x69, 0xFE, 0x69, 0xFE, 0x69, 0xFE, 0x69, 0xFE, 0x69, 0xFE, 0x69, 0xFE, 0x69, 0xFE, 0x69, 0xFE, 0x69, 0xFE, 0x69,
    0xFE, 0x69, 0xFE, 0x69, 0xFE, 0x69, 0xFE, 0x69, 0xFE, 0x69, 0xFE, 0x69, 0xFE, 0x69, 0xFE, 0x69, 0xFE, 0x69, 0xFE,
    0x69, 0xFE, 0x69, 0xFE, 0x69, 0xFE, 0x69, 0xFE, 0x69, 0xFE, 0x69, 0xFE, 0x69, 0xFE, 0x69, 0xFE, 0x69, 0xFE, 0x69,
    0xFE, 0x69, 0xFE, 0x69, 0xFE, 0x69, 0xFE, 0x69, 0xFE, 0x69, 0xFE, 0x69, 0xFE, 0x69, 0xFE, 0x69, 0xFE, 0x69, 0xFE,
    0x69, 0xFE, 0x69, 0xFE, 0x69, 0xFE, 0x69, 0xFE, 0x69, 0xFE, 0x69, 0xFE, 0x69, 0xFE, 0x69, 0xFE, 0x69, 0xFE, 0x69,
    0xFE, 0x69, 0xFE, 0x69, 0xFE, 0x69, 0xFE, 0x69, 0xFE, 0x69, 0xFE, 0x69, 0xFE, 0x69, 0xFE, 0x69, 0xFE, 0x69, 0xFE,
    0x69, 0xFE, 0x69, 0xFE, 0x69, 0xFE, 0x69, 0xFE, 0x69, 0xFE, 0x69, 0xFE, 0x69, 0xFE, 0x69, 0xFE, 0x69, 0xFE, 0x69,
    0xFE, 0x69, 0xFE, 0x69, 0xFE, 0x69, 0xFE, 0x69, 0xFE, 0x69, 0xFE, 0x69, 0xFE, 0x69, 0xFE, 0x69, 0xFE, 0x69, 0xFE,
    0x69, 0xFE, 0x69, 0xFE, 0x69, 0xFE, 0x69, 0xFE, 0x69, 0xFE, 0x69, 0xFE, 0x69, 0xFE, 0x69, 0xFE, 0x69, 0xFE, 0x69,
    0xFE, 0x69, 0xFE, 0x69, 0xFE, 0x69, 0xFE, 0x69, 0xFE, 0x69, 0xFE, 0x69, 0xFE, 0x69, 0xFE, 0x69, 0xFE, 0x69, 0xFE,
    0x69, 0xFE, 0x69, 0xFE, 0x69, 0xFE, 0x69, 0xFE, 0x69, 0xFE, 0x69, 0xFE, 0x69, 0xFE, 0x69, 0xFE, 0x69, 0xFE, 0x69,
    0xFE, 0x69, 0xFE, 0x69, 0xFE, 0x69, 0xFE, 0x69, 0xFE, 0x69, 0xFE, 0x69, 0xFE, 0x69, 0xFE, 0x69, 0xFE, 0x69, 0xFE,
    0x69, 0xFE, 0x69, 0xFE, 0x69, 0xFE, 0x69, 0xFE, 0x69, 0xFE, 0x69, 0xFE, 0x69, 0xFE, 0x69, 0xFE, 0x69, 0xFE, 0x69,
    0xFE, 0x69, 0xFE, 0x69, 0xFE, 0x69, 0xFE, 0x69, 0xFE, 0x69, 0xFE, 0x69, 0xFE, 0x69, 0xFE, 0x69, 0xFE, 0x69, 0xFE,
    0x69, 0xFE, 0x69, 0xFE, 0x69, 0xFE, 0x69, 0xFE, 0x69, 0xFE, 0x69, 0xFE, 0x69, 0xFE, 0x69, 0xFE, 0x69, 0xFE, 0x69,
    0xFE, 0x69, 0xFE, 0x69, 0xFE, 0x69, 0xFE, 0x69, 0xFE, 0x69, 0xFE, 0x69, 0xFE, 0x69, 0xFE, 0x69, 0xFE, 0x69, 0xFE,
    0x69, 0xFE, 0x9B, 0x6D, 0x9B, 0x6D, 0x9B, 0x6D, 0x7D, 0x5D, 0x7D, 0x5D, 0x7D, 0x5D, 0x7D, 0x5D, 0x7D, 0x5D, 0x7D,
    0x5D, 0x7D, 0x5D, 0x7D, 0x5D, 0x7D, 0x5D, 0x7D, 0x5D, 0x7D, 0x5D, 0x7D, 0x5D, 0x7D, 0x5D, 0x7D, 0x5D, 0x7D, 0x5D,
    0x7D, 0x5D, 0x7D, 0x5D, 0x7D, 0x5D, 0x7D, 0x5D, 0x7D, 0x5D, 0x7D, 0x5D, 0x7D, 0x5D, 0x7D, 0x5D, 0x7D, 0x5D, 0x7D,
    0x5D, 0x7D, 0x5D, 0x7D, 0x5D, 0x7D, 0x5D, 0x7D, 0x5D, 0x7D, 0x5D, 0x7D, 0x5D, 0x7D, 0x5D, 0x7D, 0x5D, 0x7D, 0x5D,
    0x7D, 0x5D, 0x7D, 0x5D, 0x7D, 0x5D, 0x7D, 0x5D, 0x7D, 0x5D, 0x7D, 0x5D, 0x7D, 0x5D, 0x7D, 0x5D, 0x7D, 0x5D, 0x7D,
    0x5D, 0x7D, 0x5D, 0x7D, 0x5D, 0x7D, 0x5D, 0x7D, 0x5D, 0x7D, 0x5D, 0x7D, 0x5D, 0x7D, 0x5D, 0x7D, 0x5D, 0x7D, 0x5D,
    0x7D, 0x5D, 0x7D, 0x5D, 0x7D, 0x5D, 0x7D, 0x5D, 0x89, 0x43, 0x89, 0x43, 0x89, 0x43, 0x89, 0x43, 0x89, 0x43, 0x89,
    0x43, 0x89, 0x43, 0x89, 0x43, 0x89, 0x43, 0x89, 0x43, 0x89, 0x43, 0x89, 0x43, 0x89, 0x43, 0x89, 0x43, 0x89, 0x43,
    0x89, 0x43, 0x89, 0x43, 0x89, 0x43, 0x89, 0x43, 0x89, 0x43, 0x89, 0x43, 0x89, 0x43, 0x89, 0x43, 0x89, 0x43, 0x89,
    0x43, 0x89, 0x43, 0x89, 0x43, 0x69, 0xFE, 0x69, 0xFE, 0x69, 0xFE, 0x69, 0xFE, 0x69, 0xFE, 0x69, 0xFE, 0x69, 0xFE,
    0x69, 0xFE, 0x69, 0xFE, 0x69, 0xFE, 0x69, 0xFE, 0x69, 0xFE, 0x69, 0xFE, 0x69, 0xFE, 0x69, 0xFE, 0x69, 0xFE, 0x69,
    0xFE, 0x69, 0xFE, 0x69, 0xFE, 0x69, 0xFE, 0x69, 0xFE, 0x69, 0xFE, 0x69, 0xFE, 0x69, 0xFE, 0x69, 0xFE, 0x69, 0xFE,
    0x69, 0xFE, 0x69, 0xFE, 0x69, 0xFE, 0x69, 0xFE, 0x69, 0xFE, 0x69, 0xFE, 0x69, 0xFE, 0x69, 0xFE, 0x69, 0xFE, 0x69,
    0xFE, 0x69, 0xFE, 0x69, 0xFE, 0x69, 0xFE, 0x69, 0xFE, 0x69, 0xFE, 0x69, 0xFE, 0x69, 0xFE, 0x69, 0xFE, 0x69, 0xFE,
    0x69, 0xFE, 0x69, 0xFE, 0x69, 0xFE, 0x69, 0xFE, 0x69, 0xFE, 0x69, 0xFE, 0x69, 0xFE, 0x69, 0xFE, 0x69, 0xFE, 0x69,
    0xFE, 0x69, 0xFE, 0x69, 0xFE, 0x69, 0xFE, 0x69, 0xFE, 0x69, 0xFE, 0x69, 0xFE, 0x69, 0xFE, 0x69, 0xFE, 0x69, 0xFE,
    0x69, 0xFE, 0x69, 0xFE, 0x69, 0xFE, 0x69, 0xFE, 0x69, 0xFE, 0x69, 0xFE, 0x69, 0xFE, 0x69, 0xFE, 0x69, 0xFE, 0x69,
    0xFE, 0x69, 0xFE, 0x69, 0xFE, 0x69, 0xFE, 0x69, 0xFE, 0x69, 0xFE, 0x69, 0xFE, 0x69, 0xFE, 0x69, 0xFE, 0x69, 0xFE,
    0x69, 0xFE, 0x69, 0xFE, 0x69, 0xFE, 0x69, 0xFE, 0x69, 0xFE, 0x69, 0xFE, 0x69, 0xFE, 0x69, 0xFE, 0x69, 0xFE, 0x69,
    0xFE, 0x69, 0xFE, 0x69, 0xFE, 0x69, 0xFE, 0x69, 0xFE, 0x69, 0xFE, 0x69, 0xFE, 0x69, 0xFE, 0x69, 0xFE, 0x69, 0xFE,
    0x69, 0xFE, 0x69, 0xFE, 0x69, 0xFE, 0x69, 0xFE, 0x69, 0xFE, 0x69, 0xFE, 0x69, 0xFE, 0x69, 0xFE, 0x69, 0xFE, 0x69,
    0xFE, 0x69, 0xFE, 0x69, 0xFE, 0x69, 0xFE, 0x69, 0xFE, 0x69, 0xFE, 0x69, 0xFE, 0x69, 0xFE, 0x69, 0xFE, 0x69, 0xFE,
    0x69, 0xFE, 0x69, 0xFE, 0x69, 0xFE, 0x69, 0xFE, 0x69, 0xFE, 0x69, 0xFE, 0x69, 0xFE, 0x69, 0xFE, 0x69, 0xFE, 0x69,
    0xFE, 0x69, 0xFE, 0x69, 0xFE, 0x69, 0xFE, 0x69, 0xFE, 0x69, 0xFE, 0x69, 0xFE, 0x69, 0xFE, 0x69, 0xFE, 0x69, 0xFE,
    0x69, 0xFE, 0x69, 0xFE, 0x69, 0xFE, 0x69, 0xFE, 0x69, 0xFE, 0x69, 0xFE, 0x69, 0xFE, 0x69, 0xFE, 0x69, 0xFE, 0x69,
    0xFE, 0x69, 0xFE, 0x69, 0xFE, 0x69, 0xFE, 0x9B, 0x6D, 0x9B, 0x6D, 0x9B, 0x6D, 0x7D, 0x5D, 0x7D, 0x5D, 0x7D, 0x5D,
    0x7D, 0x5D, 0x7D, 0x5D, 0x7D, 0x5D, 0x7D, 0x5D, 0x7D, 0x5D, 0x7D, 0x5D, 0x7D, 0x5D, 0x7D, 0x5D, 0x7D, 0x5D, 0x7D,
    0x5D, 0x7D, 0x5D, 0x7D, 0x5D, 0x7D, 0x5D, 0x7D, 0x5D, 0x7D, 0x5D, 0x7D, 0x5D, 0x7D, 0x5D, 0x7D, 0x5D, 0x7D, 0x5D,
    0x7D, 0x5D, 0x7D, 0x5D, 0x7D, 0x5D, 0x7D, 0x5D, 0x7D, 0x5D, 0x7D, 0x5D, 0x7D, 0x5D, 0x7D, 0x5D, 0x7D, 0x5D, 0x7D,
    0x5D, 0x7D, 0x5D, 0x7D, 0x5D, 0x7D, 0x5D, 0x7D, 0x5D, 0x7D, 0x5D, 0x7D, 0x5D, 0x7D, 0x5D, 0x7D, 0x5D, 0x7D, 0x5D,
    0x7D, 0x5D, 0x7D, 0x5D, 0x7D, 0x5D, 0x7D, 0x5D, 0x7D, 0x5D, 0x7D, 0x5D, 0x7D, 0x5D, 0x7D, 0x5D, 0x7D, 0x5D, 0x7D,
    0x5D, 0x7D, 0x5D, 0x7D, 0x5D, 0x7D, 0x5D, 0x7D, 0x5D, 0x7D, 0x5D, 0x7D, 0x5D, 0x89, 0x43, 0x89, 0x43, 0x89, 0x43,
    0x89, 0x43, 0x89, 0x43, 0x89, 0x43, 0x89, 0x43, 0x89, 0x43, 0x89, 0x43, 0x89, 0x43, 0x89, 0x43, 0x89, 0x43, 0x89,
    0x43, 0x89, 0x43, 0x89, 0x43, 0x89, 0x43, 0x89, 0x43, 0x89, 0x43, 0x89, 0x43, 0x89, 0x43, 0x89, 0x43, 0x89, 0x43,
    0x89, 0x43, 0x89, 0x43, 0x89, 0x43, 0x89, 0x43, 0x89, 0x43, 0x69, 0xFE, 0x69, 0xFE, 0x69, 0xFE, 0x69, 0xFE, 0x69,
    0xFE, 0x69, 0xFE, 0x69, 0xFE, 0x69, 0xFE, 0x69, 0xFE, 0x69, 0xFE, 0x69, 0xFE, 0x69, 0xFE, 0x69, 0xFE, 0x69, 0xFE,
    0x69, 0xFE, 0x69, 0xFE, 0x69, 0xFE, 0x69, 0xFE, 0x69, 0xFE, 0x69, 0xFE, 0x69, 0xFE, 0x69, 0xFE, 0x69, 0xFE, 0x69,
    0xFE, 0x69, 0xFE, 0x69, 0xFE, 0x69, 0xFE, 0x69, 0xFE, 0x69, 0xFE, 0x69, 0xFE, 0x69, 0xFE, 0x69, 0xFE, 0x69, 0xFE,
    0x69, 0xFE, 0x69, 0xFE, 0x69, 0xFE, 0x69, 0xFE, 0x69, 0xFE, 0x69, 0xFE, 0x69, 0xFE, 0x69, 0xFE, 0x69, 0xFE, 0x69,
    0xFE, 0x69, 0xFE, 0x69, 0xFE, 0x69, 0xFE, 0x69, 0xFE, 0x69, 0xFE, 0x69, 0xFE, 0x69, 0xFE, 0x69, 0xFE, 0x69, 0xFE,
    0x69, 0xFE, 0x69, 0xFE, 0x69, 0xFE, 0x69, 0xFE, 0x69, 0xFE, 0x69, 0xFE, 0x69, 0xFE, 0x69, 0xFE, 0x69, 0xFE, 0x69,
    0xFE, 0x69, 0xFE, 0x69, 0xFE, 0x69, 0xFE, 0x69, 0xFE, 0x69, 0xFE, 0x69, 0xFE, 0x69, 0xFE, 0x69, 0xFE, 0x69, 0xFE,
    0x69, 0xFE, 0x69, 0xFE, 0x69, 0xFE, 0x69, 0xFE, 0x69, 0xFE, 0x69, 0xFE, 0x69, 0xFE, 0x69, 0xFE, 0x69, 0xFE, 0x69,
    0xFE, 0x69, 0xFE, 0x69, 0xFE, 0x69, 0xFE, 0x69, 0xFE, 0x69, 0xFE, 0x69, 0xFE, 0x69, 0xFE, 0x69, 0xFE, 0x69, 0xFE,
    0x69, 0xFE, 0x69, 0xFE, 0x69, 0xFE, 0x69, 0xFE, 0x69, 0xFE, 0x69, 0xFE, 0x69, 0xFE, 0x69, 0xFE, 0x69, 0xFE, 0x69,
    0xFE, 0x69, 0xFE, 0x69, 0xFE, 0x69, 0xFE, 0x69, 0xFE, 0x69, 0xFE, 0x69, 0xFE, 0x69, 0xFE, 0x69, 0xFE, 0x69, 0xFE,
    0x69, 0xFE, 0x69, 0xFE, 0x69, 0xFE, 0x69, 0xFE, 0x69, 0xFE, 0x69, 0xFE, 0x69, 0xFE, 0x69, 0xFE, 0x69, 0xFE, 0x69,
    0xFE, 0x69, 0xFE, 0x69, 0xFE, 0x69, 0xFE, 0x69, 0xFE, 0x69, 0xFE, 0x69, 0xFE, 0x69, 0xFE, 0x69, 0xFE, 0x69, 0xFE,
    0x69, 0xFE, 0x69, 0xFE, 0x69, 0xFE, 0x69, 0xFE, 0x69, 0xFE, 0x69, 0xFE, 0x69, 0xFE, 0x69, 0xFE, 0x69, 0xFE, 0x69,
    0xFE, 0x69, 0xFE, 0x69, 0xFE, 0x69, 0xFE, 0x69, 0xFE, 0x69, 0xFE, 0x69, 0xFE, 0x69, 0xFE, 0x69, 0xFE, 0x69, 0xFE,
    0x69, 0xFE, 0x69, 0xFE, 0x69, 0xFE, 0x69, 0xFE, 0x69, 0xFE, 0x69, 0xFE, 0x9B, 0x6D, 0x9B, 0x6D, 0x9B, 0x6D, 0x7D,
    0x5D, 0x7D, 0x5D, 0x7D, 0x5D, 0x7D, 0x5D, 0x7D, 0x5D, 0x7D, 0x5D, 0x7D, 0x5D, 0x7D, 0x5D, 0x7D, 0x5D, 0x7D, 0x5D,
    0x7D, 0x5D, 0x7D, 0x5D, 0x7D, 0x5D, 0x7D, 0x5D, 0x7D, 0x5D, 0x7D, 0x5D, 0x7D, 0x5D, 0x7D, 0x5D, 0x7D, 0x5D, 0x7D,
    0x5D, 0x7D, 0x5D, 0x7D, 0x5D, 0x7D, 0x5D, 0x7D, 0x5D, 0x7D, 0x5D, 0x7D, 0x5D, 0x7D, 0x5D, 0x7D, 0x5D, 0x7D, 0x5D,
    0x7D, 0x5D, 0x7D, 0x5D, 0x7D, 0x5D, 0x7D, 0x5D, 0x7D, 0x5D, 0x7D, 0x5D, 0x7D, 0x5D, 0x7D, 0x5D, 0x7D, 0x5D, 0x7D,
    0x5D, 0x7D, 0x5D, 0x7D, 0x5D, 0x7D, 0x5D, 0x7D, 0x5D, 0x7D, 0x5D, 0x7D, 0x5D, 0x7D, 0x5D, 0x7D, 0x5D, 0x7D, 0x5D,
    0x7D, 0x5D, 0x7D, 0x5D, 0x7D, 0x5D, 0x7D, 0x5D, 0x7D, 0x5D, 0x7D, 0x5D, 0x7D, 0x5D, 0x7D, 0x5D, 0x7D, 0x5D, 0x89,
    0x43, 0x89, 0x43, 0x89, 0x43, 0x89, 0x43, 0x89, 0x43, 0x89, 0x43, 0x89, 0x43, 0x89, 0x43, 0x89, 0x43, 0x89, 0x43,
    0x89, 0x43, 0x89, 0x43, 0x89, 0x43, 0x89, 0x43, 0x89, 0x43, 0x89, 0x43, 0x89, 0x43, 0x89, 0x43, 0x89, 0x43, 0x89,
    0x43, 0x89, 0x43, 0x89, 0x43, 0x89, 0x43, 0x69, 0xFE, 0x69, 0xFE, 0x69, 0xFE, 0x69, 0xFE, 0x69, 0xFE, 0x69, 0xFE,
    0x69, 0xFE, 0x69, 0xFE, 0x69, 0xFE, 0x69, 0xFE, 0x69, 0xFE, 0x69, 0xFE, 0x69, 0xFE, 0x69, 0xFE, 0x69, 0xFE, 0x69,
    0xFE, 0x69, 0xFE, 0x69, 0xFE, 0x69, 0xFE, 0x69, 0xFE, 0x69, 0xFE, 0x69, 0xFE, 0x69, 0xFE, 0x69, 0xFE, 0x69, 0xFE,
    0x69, 0xFE, 0x69, 0xFE, 0x69, 0xFE, 0x69, 0xFE, 0x69, 0xFE, 0x69, 0xFE, 0x69, 0xFE, 0x69, 0xFE, 0x69, 0xFE, 0x69,
    0xFE, 0x69, 0xFE, 0x69, 0xFE, 0x69, 0xFE, 0x69, 0xFE, 0x69, 0xFE, 0x69, 0xFE, 0x69, 0xFE, 0x69, 0xFE, 0x69, 0xFE,
    0x69, 0xFE, 0x69, 0xFE, 0x69, 0xFE, 0x69, 0xFE, 0x69, 0xFE, 0x69, 0xFE, 0x69, 0xFE, 0x69, 0xFE, 0x69, 0xFE, 0x69,
    0xFE, 0x69, 0xFE, 0x69, 0xFE, 0x69, 0xFE, 0x69, 0xFE, 0x69, 0xFE, 0x69, 0xFE, 0x69, 0xFE, 0x69, 0xFE, 0x69, 0xFE,
    0x69, 0xFE, 0x69, 0xFE, 0x69, 0xFE, 0x69, 0xFE, 0x69, 0xFE, 0x69, 0xFE, 0x69, 0xFE, 0x69, 0xFE, 0x69, 0xFE, 0x69,
    0xFE, 0x69, 0xFE, 0x69, 0xFE, 0x69, 0xFE, 0x69, 0xFE, 0x69, 0xFE, 0x69, 0xFE, 0x69, 0xFE, 0x69, 0xFE, 0x69, 0xFE,
    0x69, 0xFE, 0x69, 0xFE, 0x69, 0xFE, 0x69, 0xFE, 0x69, 0xFE, 0x69, 0xFE, 0x69, 0xFE, 0x69, 0xFE, 0x69, 0xFE, 0x69,
    0xFE, 0x69, 0xFE, 0x69, 0xFE, 0x69, 0xFE, 0x69, 0xFE, 0x69, 0xFE, 0x69, 0xFE, 0x69, 0xFE, 0x69, 0xFE, 0x69, 0xFE,
    0x69, 0xFE, 0x69, 0xFE, 0x69, 0xFE, 0x69, 0xFE, 0x69, 0xFE, 0x69, 0xFE, 0x69, 0xFE, 0x69, 0xFE, 0x69, 0xFE, 0x69,
    0xFE, 0x69, 0xFE, 0x69, 0xFE, 0x69, 0xFE, 0x69, 0xFE, 0x69, 0xFE, 0x69, 0xFE, 0x69, 0xFE, 0x69, 0xFE, 0x69, 0xFE,
    0x69, 0xFE, 0x69, 0xFE, 0x69, 0xFE, 0x69, 0xFE, 0x69, 0xFE, 0x69, 0xFE, 0x69, 0xFE, 0x69, 0xFE, 0x69, 0xFE, 0x69,
    0xFE, 0x69, 0xFE, 0x69, 0xFE, 0x69, 0xFE, 0x69, 0xFE, 0x69, 0xFE, 0x69, 0xFE, 0x69, 0xFE, 0x69, 0xFE, 0x69, 0xFE,
    0x69, 0xFE, 0x69, 0xFE, 0x69, 0xFE, 0x69, 0xFE, 0x69, 0xFE, 0x69, 0xFE, 0x69, 0xFE, 0x69, 0xFE, 0x69, 0xFE, 0x69,
    0xFE, 0x69, 0xFE, 0x69, 0xFE, 0x69, 0xFE, 0x69, 0xFE, 0x69, 0xFE, 0x2E, 0xDE, 0x2E, 0xDE, 0x2E, 0xDE, 0x7D, 0x5D,
    0x7D, 0x5D, 0x7D, 0x5D, 0x7D, 0x5D, 0x7D, 0x5D, 0x7D, 0x5D, 0x7D, 0x5D, 0x7D, 0x5D, 0x7D, 0x5D, 0x7D, 0x5D, 0x7D,
    0x5D, 0x7D, 0x5D, 0x7D, 0x5D, 0x7D, 0x5D, 0x7D, 0x5D, 0x7D, 0x5D, 0x7D, 0x5D, 0x7D, 0x5D, 0x7D, 0x5D, 0x7D, 0x5D,
    0x7D, 0x5D, 0x7D, 0x5D, 0x7D, 0x5D, 0x7D, 0x5D, 0x7D, 0x5D, 0x7D, 0x5D, 0x7D, 0x5D, 0x7D, 0x5D, 0x7D, 0x5D, 0x7D,
    0x5D, 0x7D, 0x5D, 0x7D, 0x5D, 0x7D, 0x5D, 0x7D, 0x5D, 0x7D, 0x5D, 0x7D, 0x5D, 0x7D, 0x5D, 0x7D, 0x5D, 0x7D, 0x5D,
    0x7D, 0x5D, 0x7D, 0x5D, 0x7D, 0x5D, 0x7D, 0x5D, 0x7D, 0x5D, 0x7D, 0x5D, 0x7D, 0x5D, 0x7D, 0x5D, 0x7D, 0x5D, 0x7D,
    0x5D, 0x7D, 0x5D, 0x7D, 0x5D, 0x7D, 0x5D, 0x7D, 0x5D, 0x7D, 0x5D, 0x7D, 0x5D, 0x7D, 0x5D, 0x7D, 0x5D, 0x7D, 0x5D,
    0x7D, 0x5D, 0x7D, 0x5D, 0x7D, 0x5D, 0x7D, 0x5D, 0x7D, 0x5D, 0x89, 0x43, 0x89, 0x43, 0x89, 0x43, 0x89, 0x43, 0x89,
    0x43, 0x89, 0x43, 0x89, 0x43, 0x89, 0x43, 0x89, 0x43, 0x89, 0x43, 0x89, 0x43, 0x89, 0x43, 0x89, 0x43, 0x89, 0x43,
    0x89, 0x43, 0x89, 0x43, 0x89, 0x43, 0x89, 0x43, 0x89, 0x43, 0x89, 0x43, 0x69, 0xFE, 0x69, 0xFE, 0x69, 0xFE, 0x69,
    0xFE, 0x69, 0xFE, 0x69, 0xFE, 0x69, 0xFE, 0x69, 0xFE, 0x69, 0xFE, 0x69, 0xFE, 0x69, 0xFE, 0x69, 0xFE, 0x69, 0xFE,
    0x69, 0xFE, 0x69, 0xFE, 0x69, 0xFE, 0x69, 0xFE, 0x69, 0xFE, 0x69, 0xFE, 0x69, 0xFE, 0x69, 0xFE, 0x69, 0xFE, 0x69,
    0xFE, 0x69, 0xFE, 0x69, 0xFE, 0x69, 0xFE, 0x69, 0xFE, 0x69, 0xFE, 0x69, 0xFE, 0x69, 0xFE, 0x69, 0xFE, 0x69, 0xFE,
    0x69, 0xFE, 0x69, 0xFE, 0x69, 0xFE, 0x69, 0xFE, 0x69, 0xFE, 0x69, 0xFE, 0x69, 0xFE, 0x69, 0xFE, 0x69, 0xFE, 0x69,
    0xFE, 0x69, 0xFE, 0x69, 0xFE, 0x69, 0xFE, 0x69, 0xFE, 0x69, 0xFE, 0x69, 0xFE, 0x69, 0xFE, 0x69, 0xFE, 0x69, 0xFE,
    0x69, 0xFE, 0x69, 0xFE, 0x69, 0xFE, 0x69, 0xFE, 0x69, 0xFE, 0x69, 0xFE, 0x69, 0xFE, 0x69, 0xFE, 0x69, 0xFE, 0x69,
    0xFE, 0x69, 0xFE, 0x69, 0xFE, 0x69, 0xFE, 0x69, 0xFE, 0x69, 0xFE, 0x69, 0xFE, 0x69, 0xFE, 0x69, 0xFE, 0x69, 0xFE,
    0x69, 0xFE, 0x69, 0xFE, 0x69, 0xFE, 0x69, 0xFE, 0x69, 0xFE, 0x69, 0xFE, 0x69, 0xFE, 0x69, 0xFE, 0x69, 0xFE, 0x69,
    0xFE, 0x69, 0xFE, 0x69, 0xFE, 0x69, 0xFE, 0x69, 0xFE, 0x69, 0xFE, 0x69, 0xFE, 0x69, 0xFE, 0x69, 0xFE, 0x69, 0xFE,
    0x69, 0xFE, 0x69, 0xFE, 0x69, 0xFE, 0x69, 0xFE, 0x69, 0xFE, 0x69, 0xFE, 0x69, 0xFE, 0x69, 0xFE, 0x69, 0xFE, 0x69,
    0xFE, 0x69, 0xFE, 0x69, 0xFE, 0x69, 0xFE, 0x69, 0xFE, 0x69, 0xFE, 0x69, 0xFE, 0x69, 0xFE, 0x69, 0xFE, 0x69, 0xFE,
    0x69, 0xFE, 0x69, 0xFE, 0x69, 0xFE, 0x69, 0xFE, 0x69, 0xFE, 0x69, 0xFE, 0x69, 0xFE, 0x69, 0xFE, 0x69, 0xFE, 0x69,
    0xFE, 0x69, 0xFE, 0x69, 0xFE, 0x69, 0xFE, 0x69, 0xFE, 0x69, 0xFE, 0x69, 0xFE, 0x69, 0xFE, 0x69, 0xFE, 0x69, 0xFE,
    0x69, 0xFE, 0x69, 0xFE, 0x69, 0xFE, 0x69, 0xFE, 0x69, 0xFE, 0x69, 0xFE, 0x69, 0xFE, 0x69, 0xFE, 0x69, 0xFE, 0x69,
    0xFE, 0x69, 0xFE, 0x69, 0xFE, 0x69, 0xFE, 0x69, 0xFE, 0x69, 0xFE, 0x69, 0xFE, 0x69, 0xFE, 0x69, 0xFE, 0x69, 0xFE,
    0x69, 0xFE, 0x69, 0xFE, 0x69, 0xFE, 0x69, 0xFE, 0x69, 0xFE, 0x69, 0xFE, 0x69, 0xFE, 0x69, 0xFE, 0x2E, 0xDE, 0x2E,
    0xDE, 0x2E, 0xDE, 0x7D, 0x5D, 0x7D, 0x5D, 0x7D, 0x5D, 0x7D, 0x5D, 0x7D, 0x5D, 0x7D, 0x5D, 0x7D, 0x5D, 0x7D, 0x5D,
    0x7D, 0x5D, 0x7D, 0x5D, 0x7D, 0x5D, 0x7D, 0x5D, 0x7D, 0x5D, 0x7D, 0x5D, 0x7D, 0x5D, 0x7D, 0x5D, 0x7D, 0x5D, 0x7D,
    0x5D, 0x7D, 0x5D, 0x7D, 0x5D, 0x7D, 0x5D, 0x7D, 0x5D, 0x7D, 0x5D, 0x7D, 0x5D, 0x7D, 0x5D, 0x7D, 0x5D, 0x7D, 0x5D,
    0x7D, 0x5D, 0x7D, 0x5D, 0x7D, 0x5D, 0x7D, 0x5D, 0x7D, 0x5D, 0x7D, 0x5D, 0x7D, 0x5D, 0x7D, 0x5D, 0x7D, 0x5D, 0x7D,
    0x5D, 0x7D, 0x5D, 0x7D, 0x5D, 0x7D, 0x5D, 0x7D, 0x5D, 0x7D, 0x5D, 0x7D, 0x5D, 0x7D, 0x5D, 0x7D, 0x5D, 0x7D, 0x5D,
    0x7D, 0x5D, 0x7D, 0x5D, 0x7D, 0x5D, 0x7D, 0x5D, 0x7D, 0x5D, 0x7D, 0x5D, 0x7D, 0x5D, 0x7D, 0x5D, 0x7D, 0x5D, 0x7D,
    0x5D, 0x7D, 0x5D, 0x7D, 0x5D, 0x7D, 0x5D, 0x7D, 0x5D, 0x7D, 0x5D, 0x7D, 0x5D, 0x7D, 0x5D, 0x89, 0x43, 0x89, 0x43,
    0x89, 0x43, 0x89, 0x43, 0x89, 0x43, 0x89, 0x43, 0x89, 0x43, 0x89, 0x43, 0x89, 0x43, 0x89, 0x43, 0x89, 0x43, 0x89,
    0x43, 0x89, 0x43, 0x89, 0x43, 0x89, 0x43, 0x89, 0x43, 0x89, 0x43, 0x89, 0x43, 0x89, 0x43, 0x89, 0x43, 0x69, 0xFE,
    0x69, 0xFE, 0x69, 0xFE, 0x69, 0xFE, 0x69, 0xFE, 0x69, 0xFE, 0x69, 0xFE, 0x69, 0xFE, 0x69, 0xFE, 0x69, 0xFE, 0x69,
    0xFE, 0x69, 0xFE, 0x69, 0xFE, 0x69, 0xFE, 0x69, 0xFE, 0x69, 0xFE, 0x69, 0xFE, 0x69, 0xFE, 0x69, 0xFE, 0x69, 0xFE,
    0x69, 0xFE, 0x69, 0xFE, 0x69, 0xFE, 0x69, 0xFE, 0x69, 0xFE, 0x69, 0xFE, 0x69, 0xFE, 0x69, 0xFE, 0x69, 0xFE, 0x69,
    0xFE, 0x69, 0xFE, 0x69, 0xFE, 0x69, 0xFE, 0x69, 0xFE, 0x69, 0xFE, 0x69, 0xFE, 0x69, 0xFE, 0x69, 0xFE, 0x69, 0xFE,
    0x69, 0xFE, 0x69, 0xFE, 0x69, 0xFE, 0x69, 0xFE, 0x69, 0xFE, 0x69, 0xFE, 0x69, 0xFE, 0x69, 0xFE, 0x69, 0xFE, 0x69,
    0xFE, 0x69, 0xFE, 0x69, 0xFE, 0x69, 0xFE, 0x69, 0xFE, 0x69, 0xFE, 0x69, 0xFE, 0x69, 0xFE, 0x69, 0xFE, 0x69, 0xFE,
    0x69, 0xFE, 0x69, 0xFE, 0x69, 0xFE, 0x69, 0xFE, 0x69, 0xFE, 0x69, 0xFE, 0x69, 0xFE, 0x69, 0xFE, 0x69, 0xFE, 0x69,
    0xFE, 0x69, 0xFE, 0x69, 0xFE, 0x69, 0xFE, 0x69, 0xFE, 0x69, 0xFE, 0x69, 0xFE, 0x69, 0xFE, 0x69, 0xFE, 0x69, 0xFE,
    0x69, 0xFE, 0x69, 0xFE, 0x69, 0xFE, 0x69, 0xFE, 0x69, 0xFE, 0x69, 0xFE, 0x69, 0xFE, 0x69, 0xFE, 0x69, 0xFE, 0x69,
    0xFE, 0x69, 0xFE, 0x69, 0xFE, 0x69, 0xFE, 0x69, 0xFE, 0x69, 0xFE, 0x69, 0xFE, 0x69, 0xFE, 0x69, 0xFE, 0x69, 0xFE,
    0x69, 0xFE, 0x69, 0xFE, 0x69, 0xFE, 0x69, 0xFE, 0x69, 0xFE, 0x69, 0xFE, 0x69, 0xFE, 0x69, 0xFE, 0x69, 0xFE, 0x69,
    0xFE, 0x69, 0xFE, 0x69, 0xFE, 0x69, 0xFE, 0x69, 0xFE, 0x69, 0xFE, 0x69, 0xFE, 0x69, 0xFE, 0x69, 0xFE, 0x69, 0xFE,
    0x69, 0xFE, 0x69, 0xFE, 0x69, 0xFE, 0x69, 0xFE, 0x69, 0xFE, 0x69, 0xFE, 0x69, 0xFE, 0x69, 0xFE, 0x69, 0xFE, 0x69,
    0xFE, 0x69, 0xFE, 0x69, 0xFE, 0x69, 0xFE, 0x69, 0xFE, 0x69, 0xFE, 0x69, 0xFE, 0x69, 0xFE, 0x69, 0xFE, 0x69, 0xFE,
    0x69, 0xFE, 0x69, 0xFE, 0x69, 0xFE, 0x69, 0xFE, 0x69, 0xFE, 0x69, 0xFE, 0x69, 0xFE, 0x69, 0xFE, 0x69, 0xFE, 0x69,
    0xFE, 0x69, 0xFE, 0x69, 0xFE, 0x69, 0xFE, 0x69, 0xFE, 0x69, 0xFE, 0x69, 0xFE, 0x69, 0xFE, 0x69, 0xFE, 0x69, 0xFE,
    0x69, 0xFE, 0x2E, 0xDE, 0x2E, 0xDE, 0x2E, 0xDE, 0x7D, 0x5D, 0x7D, 0x5D, 0x7D, 0x5D, 0x7D, 0x5D, 0x7D, 0x5D, 0x7D,
    0x5D, 0x7D, 0x5D, 0x7D, 0x5D, 0x7D, 0x5D, 0x7D, 0x5D, 0x7D, 0x5D, 0x7D, 0x5D, 0x7D, 0x5D, 0x7D, 0x5D, 0x7D, 0x5D,
    0x7D, 0x5D, 0x7D, 0x5D, 0x7D, 0x5D, 0x7D, 0x5D, 0x7D, 0x5D, 0x7D, 0x5D, 0x7D, 0x5D, 0x7D, 0x5D, 0x7D, 0x5D, 0x7D,
    0x5D, 0x7D, 0x5D, 0x7D, 0x5D, 0x7D, 0x5D, 0x7D, 0x5D, 0x7D, 0x5D, 0x7D, 0x5D, 0x7D, 0x5D, 0x7D, 0x5D, 0x7D, 0x5D,
    0x7D, 0x5D, 0x7D, 0x5D, 0x7D, 0x5D, 0x7D, 0x5D, 0x7D, 0x5D, 0x7D, 0x5D, 0x7D, 0x5D, 0x7D, 0x5D, 0x7D, 0x5D, 0x7D,
    0x5D, 0x7D, 0x5D, 0x7D, 0x5D, 0x7D, 0x5D, 0x7D, 0x5D, 0x7D, 0x5D, 0x7D, 0x5D, 0x7D, 0x5D, 0x7D, 0x5D, 0x7D, 0x5D,
    0x7D, 0x5D, 0x7D, 0x5D, 0x7D, 0x5D, 0x7D, 0x5D, 0x7D, 0x5D, 0x7D, 0x5D, 0x7D, 0x5D, 0x7D, 0x5D, 0x7D, 0x5D, 0x7D,
    0x5D, 0x89, 0x43, 0x89, 0x43, 0x89, 0x43, 0x89, 0x43, 0x89, 0x43, 0x89, 0x43, 0x89, 0x43, 0x89, 0x43, 0x89, 0x43,
    0x89, 0x43, 0x89, 0x43, 0x89, 0x43, 0x89, 0x43, 0x89, 0x43, 0x89, 0x43, 0x89, 0x43, 0x89, 0x43, 0x89, 0x43, 0x89,
    0x43, 0x89, 0x43, 0x69, 0xFE, 0x69, 0xFE, 0x69, 0xFE, 0x69, 0xFE, 0x69, 0xFE, 0x69, 0xFE, 0x69, 0xFE, 0x69, 0xFE,
    0x69, 0xFE, 0x69, 0xFE, 0x69, 0xFE, 0x69, 0xFE, 0x69, 0xFE, 0x69, 0xFE, 0x69, 0xFE, 0x69, 0xFE, 0x69, 0xFE, 0x69,
    0xFE, 0x69, 0xFE, 0x69, 0xFE, 0x69, 0xFE, 0x69, 0xFE, 0x69, 0xFE, 0x69, 0xFE, 0x69, 0xFE, 0x69, 0xFE, 0x69, 0xFE,
    0x69, 0xFE, 0x69, 0xFE, 0x69, 0xFE, 0x69, 0xFE, 0x69, 0xFE, 0x69, 0xFE, 0x69, 0xFE, 0x69, 0xFE, 0x69, 0xFE, 0x69,
    0xFE, 0x69, 0xFE, 0x69, 0xFE, 0x69, 0xFE, 0x69, 0xFE, 0x69, 0xFE, 0x69, 0xFE, 0x69, 0xFE, 0x69, 0xFE, 0x69, 0xFE,
    0x69, 0xFE, 0x69, 0xFE, 0x69, 0xFE, 0x69, 0xFE, 0x69, 0xFE, 0x69, 0xFE, 0x69, 0xFE, 0x69, 0xFE, 0x69, 0xFE, 0x69,
    0xFE, 0x69, 0xFE, 0x69, 0xFE, 0x69, 0xFE, 0x69, 0xFE, 0x69, 0xFE, 0x69, 0xFE, 0x69, 0xFE, 0x69, 0xFE, 0x69, 0xFE,
    0x69, 0xFE, 0x69, 0xFE, 0x69, 0xFE, 0x69, 0xFE, 0x69, 0xFE, 0x69, 0xFE, 0x69, 0xFE, 0x69, 0xFE, 0x69, 0xFE, 0x69,
    0xFE, 0x69, 0xFE, 0x69, 0xFE, 0x69, 0xFE, 0x69, 0xFE, 0x69, 0xFE, 0x69, 0xFE, 0x69, 0xFE, 0x69, 0xFE, 0x69, 0xFE,
    0x69, 0xFE, 0x69, 0xFE, 0x69, 0xFE, 0x69, 0xFE, 0x69, 0xFE, 0x69, 0xFE, 0x69, 0xFE, 0x69, 0xFE, 0x69, 0xFE, 0x69,
    0xFE, 0x69, 0xFE, 0x69, 0xFE, 0x69, 0xFE, 0x69, 0xFE, 0x69, 0xFE, 0x69, 0xFE, 0x69, 0xFE, 0x69, 0xFE, 0x69, 0xFE,
    0x69, 0xFE, 0x69, 0xFE, 0x69, 0xFE, 0x69, 0xFE, 0x69, 0xFE, 0x69, 0xFE, 0x69, 0xFE, 0x69, 0xFE, 0x69, 0xFE, 0x69,
    0xFE, 0x69, 0xFE, 0x69, 0xFE, 0x69, 0xFE, 0x69, 0xFE, 0x69, 0xFE, 0x69, 0xFE, 0x69, 0xFE, 0x69, 0xFE, 0x69, 0xFE,
    0x69, 0xFE, 0x69, 0xFE, 0x69, 0xFE, 0x69, 0xFE, 0x69, 0xFE, 0x69, 0xFE, 0x69, 0xFE, 0x69, 0xFE, 0x69, 0xFE, 0x69,
    0xFE, 0x69, 0xFE, 0x69, 0xFE, 0x69, 0xFE, 0x69, 0xFE, 0x69, 0xFE, 0x69, 0xFE, 0x69, 0xFE, 0x69, 0xFE, 0x69, 0xFE,
    0x69, 0xFE, 0x69, 0xFE, 0x69, 0xFE, 0x69, 0xFE, 0x69, 0xFE, 0x69, 0xFE, 0x69, 0xFE, 0x69, 0xFE, 0x69, 0xFE, 0x69,
    0xFE, 0x69, 0xFE, 0x69, 0xFE, 0x69, 0xFE, 0xD4, 0xA5, 0xD4, 0xA5, 0xD4, 0xA5, 0x7D, 0x5D, 0x7D, 0x5D, 0x7D, 0x5D,
    0x7D, 0x5D, 0x7D, 0x5D, 0x7D, 0x5D, 0x7D, 0x5D, 0x7D, 0x5D, 0x7D, 0x5D, 0x7D, 0x5D, 0x7D, 0x5D, 0x7D, 0x5D, 0x7D,
    0x5D, 0x7D, 0x5D, 0x7D, 0x5D, 0x7D, 0x5D, 0x7D, 0x5D, 0x7D, 0x5D, 0x7D, 0x5D, 0x7D, 0x5D, 0x7D, 0x5D, 0x7D, 0x5D,
    0x7D, 0x5D, 0x7D, 0x5D, 0x7D, 0x5D, 0x7D, 0x5D, 0x7D, 0x5D, 0x7D, 0x5D, 0x7D, 0x5D, 0x7D, 0x5D, 0x7D, 0x5D, 0x7D,
    0x5D, 0x7D, 0x5D, 0x7D, 0x5D, 0x7D, 0x5D, 0x7D, 0x5D, 0x7D, 0x5D, 0x7D, 0x5D, 0x7D, 0x5D, 0x7D, 0x5D, 0x7D, 0x5D,
    0x7D, 0x5D, 0x7D, 0x5D, 0x7D, 0x5D, 0x7D, 0x5D, 0x7D, 0x5D, 0x7D, 0x5D, 0x7D, 0x5D, 0x7D, 0x5D, 0x7D, 0x5D, 0x7D,
    0x5D, 0x7D, 0x5D, 0x7D, 0x5D, 0x7D, 0x5D, 0x7D, 0x5D, 0x7D, 0x5D, 0x7D, 0x5D, 0x7D, 0x5D, 0x7D, 0x5D, 0x7D, 0x5D,
    0x7D, 0x5D, 0x7D, 0x5D, 0x7D, 0x5D, 0x89, 0x43, 0x89, 0x43, 0x89, 0x43, 0x89, 0x43, 0x89, 0x43, 0x89, 0x43, 0x89,
    0x43, 0x89, 0x43, 0x89, 0x43, 0x89, 0x43, 0x89, 0x43, 0x89, 0x43, 0x89, 0x43, 0x89, 0x43, 0x89, 0x43, 0x89, 0x43,
    0x89, 0x43, 0x89, 0x43, 0x89, 0x43, 0x89, 0x43, 0x69, 0xFE, 0x69, 0xFE, 0x69, 0xFE, 0x69, 0xFE, 0x69, 0xFE, 0x69,
    0xFE, 0x69, 0xFE, 0x69, 0xFE, 0x69, 0xFE, 0x69, 0xFE, 0x69, 0xFE, 0x69, 0xFE, 0x69, 0xFE, 0x69, 0xFE, 0x69, 0xFE,
    0x69, 0xFE, 0x69, 0xFE, 0x69, 0xFE, 0x69, 0xFE, 0x69, 0xFE, 0x69, 0xFE, 0x69, 0xFE, 0x69, 0xFE, 0x69, 0xFE, 0x69,
    0xFE, 0x69, 0xFE, 0x69, 0xFE, 0x69, 0xFE, 0x69, 0xFE, 0x69, 0xFE, 0x69, 0xFE, 0x69, 0xFE, 0x69, 0xFE, 0x69, 0xFE,
    0x69, 0xFE, 0x69, 0xFE, 0x69, 0xFE, 0x69, 0xFE, 0x69, 0xFE, 0x69, 0xFE, 0x69, 0xFE, 0x69, 0xFE, 0x69, 0xFE, 0x69,
    0xFE, 0x69, 0xFE, 0x69, 0xFE, 0x69, 0xFE, 0x69, 0xFE, 0x69, 0xFE, 0x69, 0xFE, 0x69, 0xFE, 0x69, 0xFE, 0x69, 0xFE,
    0x69, 0xFE, 0x69, 0xFE, 0x69, 0xFE, 0x69, 0xFE, 0x69, 0xFE, 0x69, 0xFE, 0x69, 0xFE, 0x69, 0xFE, 0x69, 0xFE, 0x69,
    0xFE, 0x69, 0xFE, 0x69, 0xFE, 0x69, 0xFE, 0x69, 0xFE, 0x69, 0xFE, 0x69, 0xFE, 0x69, 0xFE, 0x69, 0xFE, 0x69, 0xFE,
    0x69, 0xFE, 0x69, 0xFE, 0x69, 0xFE, 0x69, 0xFE, 0x69, 0xFE, 0x69, 0xFE, 0x69, 0xFE, 0x69, 0xFE, 0x69, 0xFE, 0x69,
    0xFE, 0x69, 0xFE, 0x69, 0xFE, 0x69, 0xFE, 0x69, 0xFE, 0x69, 0xFE, 0x69, 0xFE, 0x69, 0xFE, 0x69, 0xFE, 0x69, 0xFE,
    0x69, 0xFE, 0x69, 0xFE, 0x69, 0xFE, 0x69, 0xFE, 0x69, 0xFE, 0x69, 0xFE, 0x69, 0xFE, 0x69, 0xFE, 0x69, 0xFE, 0x69,
    0xFE, 0x69, 0xFE, 0x69, 0xFE, 0x69, 0xFE, 0x69, 0xFE, 0x69, 0xFE, 0x69, 0xFE, 0x69, 0xFE, 0x69, 0xFE, 0x69, 0xFE,
    0x69, 0xFE, 0x69, 0xFE, 0x69, 0xFE, 0x69, 0xFE, 0x69, 0xFE, 0x69, 0xFE, 0x69, 0xFE, 0x69, 0xFE, 0x69, 0xFE, 0x69,
    0xFE, 0x69, 0xFE, 0x69, 0xFE, 0x69, 0xFE, 0x69, 0xFE, 0x69, 0xFE, 0x69, 0xFE, 0x69, 0xFE, 0x69, 0xFE, 0x69, 0xFE,
    0x69, 0xFE, 0x69, 0xFE, 0x69, 0xFE, 0x69, 0xFE, 0x69, 0xFE, 0x69, 0xFE, 0x69, 0xFE, 0x69, 0xFE, 0x69, 0xFE, 0x69,
    0xFE, 0x69, 0xFE, 0x69, 0xFE, 0x69, 0xFE, 0x69, 0xFE, 0x69, 0xFE, 0x69, 0xFE, 0x69, 0xFE, 0x69, 0xFE, 0x69, 0xFE,
    0x69, 0xFE, 0x69, 0xFE, 0x69, 0xFE, 0x69, 0xFE, 0x69, 0xFE, 0x69, 0xFE, 0xD4, 0xA5, 0xD4, 0xA5, 0xD4, 0xA5, 0x7D,
    0x5D, 0x7D, 0x5D, 0x7D, 0x5D, 0x7D, 0x5D, 0x7D, 0x5D, 0x7D, 0x5D, 0x7D, 0x5D, 0x7D, 0x5D, 0x7D, 0x5D, 0x7D, 0x5D,
    0x7D, 0x5D, 0x7D, 0x5D, 0x7D, 0x5D, 0x7D, 0x5D, 0x7D, 0x5D, 0x7D, 0x5D, 0x7D, 0x5D, 0x7D, 0x5D, 0x7D, 0x5D, 0x7D,
    0x5D, 0x7D, 0x5D, 0x7D, 0x5D, 0x7D, 0x5D, 0x7D, 0x5D, 0x7D, 0x5D, 0x7D, 0x5D, 0x7D, 0x5D, 0x7D, 0x5D, 0x7D, 0x5D,
    0x7D, 0x5D, 0x7D, 0x5D, 0x7D, 0x5D, 0x7D, 0x5D, 0x7D, 0x5D, 0x7D, 0x5D, 0x7D, 0x5D, 0x7D, 0x5D, 0x7D, 0x5D, 0x7D,
    0x5D, 0x7D, 0x5D, 0x7D, 0x5D, 0x7D, 0x5D, 0x7D, 0x5D, 0x7D, 0x5D, 0x7D, 0x5D, 0x7D, 0x5D, 0x7D, 0x5D, 0x7D, 0x5D,
    0x7D, 0x5D, 0x7D, 0x5D, 0x7D, 0x5D, 0x7D, 0x5D, 0x7D, 0x5D, 0x7D, 0x5D, 0x7D, 0x5D, 0x7D, 0x5D, 0x7D, 0x5D, 0x7D,
    0x5D, 0x7D, 0x5D, 0x7D, 0x5D, 0x7D, 0x5D, 0x7D, 0x5D, 0x7D, 0x5D, 0x89, 0x43, 0x89, 0x43, 0x89, 0x43, 0x89, 0x43,
    0x89, 0x43, 0x89, 0x43, 0x89, 0x43, 0x89, 0x43, 0x89, 0x43, 0x89, 0x43, 0x89, 0x43, 0x89, 0x43, 0x89, 0x43, 0x89,
    0x43, 0x89, 0x43, 0x89, 0x43, 0x89, 0x43, 0x89, 0x43, 0x89, 0x43, 0x89, 0x43, 0x69, 0xFE, 0x69, 0xFE, 0x69, 0xFE,
    0x69, 0xFE, 0x69, 0xFE, 0x69, 0xFE, 0x69, 0xFE, 0x69, 0xFE, 0x69, 0xFE, 0x69, 0xFE, 0x69, 0xFE, 0x69, 0xFE, 0x69,
    0xFE, 0x69, 0xFE, 0x69, 0xFE, 0x69, 0xFE, 0x69, 0xFE, 0x69, 0xFE, 0x69, 0xFE, 0x69, 0xFE, 0x69, 0xFE, 0x69, 0xFE,
    0x69, 0xFE, 0x69, 0xFE, 0x69, 0xFE, 0x69, 0xFE, 0x69, 0xFE, 0x69, 0xFE, 0x69, 0xFE, 0x69, 0xFE, 0x69, 0xFE, 0x69,
    0xFE, 0x69, 0xFE, 0x69, 0xFE, 0x69, 0xFE, 0x69, 0xFE, 0x69, 0xFE, 0x69, 0xFE, 0x69, 0xFE, 0x69, 0xFE, 0x69, 0xFE,
    0x69, 0xFE, 0x69, 0xFE, 0x69, 0xFE, 0x69, 0xFE, 0x69, 0xFE, 0x69, 0xFE, 0x69, 0xFE, 0x69, 0xFE, 0x69, 0xFE, 0x69,
    0xFE, 0x69, 0xFE, 0x69, 0xFE, 0x69, 0xFE, 0x69, 0xFE, 0x69, 0xFE, 0x69, 0xFE, 0x69, 0xFE, 0x69, 0xFE, 0x69, 0xFE,
    0x69, 0xFE, 0x69, 0xFE, 0x69, 0xFE, 0x69, 0xFE, 0x69, 0xFE, 0x69, 0xFE, 0x69, 0xFE, 0x69, 0xFE, 0x69, 0xFE, 0x69,
    0xFE, 0x69, 0xFE, 0x69, 0xFE, 0x69, 0xFE, 0x69, 0xFE, 0x69, 0xFE, 0x69, 0xFE, 0x69, 0xFE, 0x69, 0xFE, 0x69, 0xFE,
    0x69, 0xFE, 0x69, 0xFE, 0x69, 0xFE, 0x69, 0xFE, 0x69, 0xFE, 0x69, 0xFE, 0x69, 0xFE, 0x69, 0xFE, 0x69, 0xFE, 0x69,
    0xFE, 0x69, 0xFE, 0x69, 0xFE, 0x69, 0xFE, 0x69, 0xFE, 0x69, 0xFE, 0x69, 0xFE, 0x69, 0xFE, 0x69, 0xFE, 0x69, 0xFE,
    0x69, 0xFE, 0x69, 0xFE, 0x69, 0xFE, 0x69, 0xFE, 0x69, 0xFE, 0x69, 0xFE, 0x69, 0xFE, 0x69, 0xFE, 0x69, 0xFE, 0x69,
    0xFE, 0x69, 0xFE, 0x69, 0xFE, 0x69, 0xFE, 0x69, 0xFE, 0x69, 0xFE, 0x69, 0xFE, 0x69, 0xFE, 0x69, 0xFE, 0x69, 0xFE,
    0x69, 0xFE, 0x69, 0xFE, 0x69, 0xFE, 0x69, 0xFE, 0x69, 0xFE, 0x69, 0xFE, 0x69, 0xFE, 0x69, 0xFE, 0x69, 0xFE, 0x69,
    0xFE, 0x69, 0xFE, 0x69, 0xFE, 0x69, 0xFE, 0x69, 0xFE, 0x69, 0xFE, 0x69, 0xFE, 0x69, 0xFE, 0x69, 0xFE, 0x69, 0xFE,
    0x69, 0xFE, 0x69, 0xFE, 0x69, 0xFE, 0x69, 0xFE, 0x69, 0xFE, 0x69, 0xFE, 0x69, 0xFE, 0x69, 0xFE, 0x69, 0xFE, 0x69,
    0xFE, 0x69, 0xFE, 0x69, 0xFE, 0x69, 0xFE, 0x69, 0xFE, 0x69, 0xFE, 0x69, 0xFE, 0x69, 0xFE, 0x69, 0xFE, 0xD4, 0xA5,
    0xD4, 0xA5, 0xD4, 0xA5, 0x7D, 0x5D, 0x7D, 0x5D, 0x7D, 0x5D, 0x7D, 0x5D, 0x7D, 0x5D, 0x7D, 0x5D, 0x7D, 0x5D, 0x7D,
    0x5D, 0x7D, 0x5D, 0x7D, 0x5D, 0x7D, 0x5D, 0x7D, 0x5D, 0x7D, 0x5D, 0x7D, 0x5D, 0x7D, 0x5D, 0x7D, 0x5D, 0x7D, 0x5D,
    0x7D, 0x5D, 0x7D, 0x5D, 0x7D, 0x5D, 0x7D, 0x5D, 0x7D, 0x5D, 0x7D, 0x5D, 0x7D, 0x5D, 0x7D, 0x5D, 0x7D, 0x5D, 0x7D,
    0x5D, 0x7D, 0x5D, 0x7D, 0x5D, 0x7D, 0x5D, 0x7D, 0x5D, 0x7D, 0x5D, 0x7D, 0x5D, 0x7D, 0x5D, 0x7D, 0x5D, 0x7D, 0x5D,
    0x7D, 0x5D, 0x7D, 0x5D, 0x7D, 0x5D, 0x7D, 0x5D, 0x7D, 0x5D, 0x7D, 0x5D, 0x7D, 0x5D, 0x7D, 0x5D, 0x7D, 0x5D, 0x7D,
    0x5D, 0x7D, 0x5D, 0x7D, 0x5D, 0x7D, 0x5D, 0x7D, 0x5D, 0x7D, 0x5D, 0x7D, 0x5D, 0x7D, 0x5D, 0x7D, 0x5D, 0x7D, 0x5D,
    0x7D, 0x5D, 0x7D, 0x5D, 0x7D, 0x5D, 0x7D, 0x5D, 0x7D, 0x5D, 0x7D, 0x5D, 0x7D, 0x5D, 0x7D, 0x5D, 0x89, 0x43, 0x89,
    0x43, 0x89, 0x43, 0x89, 0x43, 0x89, 0x43, 0x89, 0x43, 0x89, 0x43, 0x89, 0x43, 0x89, 0x43, 0x89, 0x43, 0x89, 0x43,
    0x89, 0x43, 0x89, 0x43, 0x89, 0x43, 0x89, 0x43, 0x89, 0x43, 0x89, 0x43, 0x69, 0xFE, 0x69, 0xFE, 0x69, 0xFE, 0x69,
    0xFE, 0x69, 0xFE, 0x69, 0xFE, 0x69, 0xFE, 0x69, 0xFE, 0x69, 0xFE, 0x69, 0xFE, 0x69, 0xFE, 0x69, 0xFE, 0x69, 0xFE,
    0x69, 0xFE, 0x69, 0xFE, 0x69, 0xFE, 0x69, 0xFE, 0x69, 0xFE, 0x69, 0xFE, 0x69, 0xFE, 0x69, 0xFE, 0x69, 0xFE, 0x69,
    0xFE, 0x69, 0xFE, 0x69, 0xFE, 0x69, 0xFE, 0x69, 0xFE, 0x69, 0xFE, 0x69, 0xFE, 0x69, 0xFE, 0x69, 0xFE, 0x69, 0xFE,
    0x69, 0xFE, 0x69, 0xFE, 0x69, 0xFE, 0x69, 0xFE, 0x69, 0xFE, 0x69, 0xFE, 0x69, 0xFE, 0x69, 0xFE, 0x69, 0xFE, 0x69,
    0xFE, 0x69, 0xFE, 0x69, 0xFE, 0x69, 0xFE, 0x69, 0xFE, 0x69, 0xFE, 0x69, 0xFE, 0x69, 0xFE, 0x69, 0xFE, 0x69, 0xFE,
    0x69, 0xFE, 0x69, 0xFE, 0x69, 0xFE, 0x69, 0xFE, 0x69, 0xFE, 0x69, 0xFE, 0x69, 0xFE, 0x69, 0xFE, 0x69, 0xFE, 0x69,
    0xFE, 0x69, 0xFE, 0x69, 0xFE, 0x69, 0xFE, 0x69, 0xFE, 0x69, 0xFE, 0x69, 0xFE, 0x69, 0xFE, 0x69, 0xFE, 0x69, 0xFE,
    0x69, 0xFE, 0x69, 0xFE, 0x69, 0xFE, 0x69, 0xFE, 0x69, 0xFE, 0x69, 0xFE, 0x69, 0xFE, 0x69, 0xFE, 0x69, 0xFE, 0x69,
    0xFE, 0x69, 0xFE, 0x69, 0xFE, 0x69, 0xFE, 0x69, 0xFE, 0x69, 0xFE, 0x69, 0xFE, 0x69, 0xFE, 0x69, 0xFE, 0x69, 0xFE,
    0x69, 0xFE, 0x69, 0xFE, 0x69, 0xFE, 0x69, 0xFE, 0x69, 0xFE, 0x69, 0xFE, 0x69, 0xFE, 0x69, 0xFE, 0x69, 0xFE, 0x69,
    0xFE, 0x69, 0xFE, 0x69, 0xFE, 0x69, 0xFE, 0x69, 0xFE, 0x69, 0xFE, 0x69, 0xFE, 0x69, 0xFE, 0x69, 0xFE, 0x69, 0xFE,
    0x69, 0xFE, 0x69, 0xFE, 0x69, 0xFE, 0x69, 0xFE, 0x69, 0xFE, 0x69, 0xFE, 0x69, 0xFE, 0x69, 0xFE, 0x69, 0xFE, 0x69,
    0xFE, 0x69, 0xFE, 0x69, 0xFE, 0x69, 0xFE, 0x69, 0xFE, 0x69, 0xFE, 0x69, 0xFE, 0x69, 0xFE, 0x69, 0xFE, 0x69, 0xFE,
    0x69, 0xFE, 0x69, 0xFE, 0x69, 0xFE, 0x69, 0xFE, 0x69, 0xFE, 0x69, 0xFE, 0x69, 0xFE, 0x69, 0xFE, 0x69, 0xFE, 0x69,
    0xFE, 0x69, 0xFE, 0x69, 0xFE, 0x69, 0xFE, 0x69, 0xFE, 0x69, 0xFE, 0x69, 0xFE, 0x69, 0xFE, 0x69, 0xFE, 0x69, 0xFE,
    0x69, 0xFE, 0x69, 0xFE, 0x69, 0xFE, 0x69, 0xFE, 0x69, 0xFE, 0x69, 0xFE, 0x69, 0xFE, 0x69, 0xFE, 0x69, 0xFE, 0x69,
    0xFE, 0x69, 0xFE, 0x99, 0x7D, 0x99, 0x7D, 0x99, 0x7D, 0x7D, 0x5D, 0x7D, 0x5D, 0x7D, 0x5D, 0x7D, 0x5D, 0x7D, 0x5D,
    0x7D, 0x5D, 0x7D, 0x5D, 0x7D, 0x5D, 0x7D, 0x5D, 0x7D, 0x5D, 0x7D, 0x5D, 0x7D, 0x5D, 0x7D, 0x5D, 0x7D, 0x5D, 0x7D,
    0x5D, 0x7D, 0x5D, 0x7D, 0x5D, 0x7D, 0x5D, 0x7D, 0x5D, 0x7D, 0x5D, 0x7D, 0x5D, 0x7D, 0x5D, 0x7D, 0x5D, 0x7D, 0x5D,
    0x7D, 0x5D, 0x7D, 0x5D, 0x7D, 0x5D, 0x7D, 0x5D, 0x7D, 0x5D, 0x7D, 0x5D, 0x7D, 0x5D, 0x7D, 0x5D, 0x7D, 0x5D, 0x7D,
    0x5D, 0x7D, 0x5D, 0x7D, 0x5D, 0x7D, 0x5D, 0x7D, 0x5D, 0x7D, 0x5D, 0x7D, 0x5D, 0x7D, 0x5D, 0x7D, 0x5D, 0x7D, 0x5D,
    0x7D, 0x5D, 0x7D, 0x5D, 0x7D, 0x5D, 0x7D, 0x5D, 0x7D, 0x5D, 0x7D, 0x5D, 0x7D, 0x5D, 0x7D, 0x5D, 0x7D, 0x5D, 0x7D,
    0x5D, 0x7D, 0x5D, 0x7D, 0x5D, 0x7D, 0x5D, 0x7D, 0x5D, 0x7D, 0x5D, 0x7D, 0x5D, 0x7D, 0x5D, 0x7D, 0x5D, 0x7D, 0x5D,
    0x7D, 0x5D, 0x89, 0x43, 0x89, 0x43, 0x89, 0x43, 0x89, 0x43, 0x89, 0x43, 0x89, 0x43, 0x89, 0x43, 0x89, 0x43, 0x89,
    0x43, 0x89, 0x43, 0x89, 0x43, 0x89, 0x43, 0x89, 0x43, 0x89, 0x43, 0x89, 0x43, 0x89, 0x43, 0x89, 0x43, 0x69, 0xFE,
    0x69, 0xFE, 0x69, 0xFE, 0x69, 0xFE, 0x69, 0xFE, 0x69, 0xFE, 0x69, 0xFE, 0x69, 0xFE, 0x69, 0xFE, 0x69, 0xFE, 0x69,
    0xFE, 0x69, 0xFE, 0x69, 0xFE, 0x69, 0xFE, 0x69, 0xFE, 0x69, 0xFE, 0x69, 0xFE, 0x69, 0xFE, 0x69, 0xFE, 0x69, 0xFE,
    0x69, 0xFE, 0x69, 0xFE, 0x69, 0xFE, 0x69, 0xFE, 0x69, 0xFE, 0x69, 0xFE, 0x69, 0xFE, 0x69, 0xFE, 0x69, 0xFE, 0x69,
    0xFE, 0x69, 0xFE, 0x69, 0xFE, 0x69, 0xFE, 0x69, 0xFE, 0x69, 0xFE, 0x69, 0xFE, 0x69, 0xFE, 0x69, 0xFE, 0x69, 0xFE,
    0x69, 0xFE, 0x69, 0xFE, 0x69, 0xFE, 0x69, 0xFE, 0x69, 0xFE, 0x69, 0xFE, 0x69, 0xFE, 0x69, 0xFE, 0x69, 0xFE, 0x69,
    0xFE, 0x69, 0xFE, 0x69, 0xFE, 0x69, 0xFE, 0x69, 0xFE, 0x69, 0xFE, 0x69, 0xFE, 0x69, 0xFE, 0x69, 0xFE, 0x69, 0xFE,
    0x69, 0xFE, 0x69, 0xFE, 0x69, 0xFE, 0x69, 0xFE, 0x69, 0xFE, 0x69, 0xFE, 0x69, 0xFE, 0x69, 0xFE, 0x69, 0xFE, 0x69,
    0xFE, 0x69, 0xFE, 0x69, 0xFE, 0x69, 0xFE, 0x69, 0xFE, 0x69, 0xFE, 0x69, 0xFE, 0x69, 0xFE, 0x69, 0xFE, 0x69, 0xFE,
    0x69, 0xFE, 0x69, 0xFE, 0x69, 0xFE, 0x69, 0xFE, 0x69, 0xFE, 0x69, 0xFE, 0x69, 0xFE, 0x69, 0xFE, 0x69, 0xFE, 0x69,
    0xFE, 0x69, 0xFE, 0x69, 0xFE, 0x69, 0xFE, 0x69, 0xFE, 0x69, 0xFE, 0x69, 0xFE, 0x69, 0xFE, 0x69, 0xFE, 0x69, 0xFE,
    0x69, 0xFE, 0x69, 0xFE, 0x69, 0xFE, 0x69, 0xFE, 0x69, 0xFE, 0x69, 0xFE, 0x69, 0xFE, 0x69, 0xFE, 0x69, 0xFE, 0x69,
    0xFE, 0x69, 0xFE, 0x69, 0xFE, 0x69, 0xFE, 0x69, 0xFE, 0x69, 0xFE, 0x69, 0xFE, 0x69, 0xFE, 0x69, 0xFE, 0x69, 0xFE,
    0x69, 0xFE, 0x69, 0xFE, 0x69, 0xFE, 0x69, 0xFE, 0x69, 0xFE, 0x69, 0xFE, 0x69, 0xFE, 0x69, 0xFE, 0x69, 0xFE, 0x69,
    0xFE, 0x69, 0xFE, 0x69, 0xFE, 0x69, 0xFE, 0x69, 0xFE, 0x69, 0xFE, 0x69, 0xFE, 0x69, 0xFE, 0x69, 0xFE, 0x69, 0xFE,
    0x69, 0xFE, 0x69, 0xFE, 0x69, 0xFE, 0x69, 0xFE, 0x69, 0xFE, 0x69, 0xFE, 0x69, 0xFE, 0x69, 0xFE, 0x69, 0xFE, 0x69,
    0xFE, 0x69, 0xFE, 0x69, 0xFE, 0x69, 0xFE, 0x69, 0xFE, 0x69, 0xFE, 0x69, 0xFE, 0x69, 0xFE, 0x69, 0xFE, 0x69, 0xFE,
    0x69, 0xFE, 0x69, 0xFE, 0x69, 0xFE, 0x69, 0xFE, 0x99, 0x7D, 0x99, 0x7D, 0x99, 0x7D, 0x7D, 0x5D, 0x7D, 0x5D, 0x7D,
    0x5D, 0x7D, 0x5D, 0x7D, 0x5D, 0x7D, 0x5D, 0x7D, 0x5D, 0x7D, 0x5D, 0x7D, 0x5D, 0x7D, 0x5D, 0x7D, 0x5D, 0x7D, 0x5D,
    0x7D, 0x5D, 0x7D, 0x5D, 0x7D, 0x5D, 0x7D, 0x5D, 0x7D, 0x5D, 0x7D, 0x5D, 0x7D, 0x5D, 0x7D, 0x5D, 0x7D, 0x5D, 0x7D,
    0x5D, 0x7D, 0x5D, 0x7D, 0x5D, 0x7D, 0x5D, 0x7D, 0x5D, 0x7D, 0x5D, 0x7D, 0x5D, 0x7D, 0x5D, 0x7D, 0x5D, 0x7D, 0x5D,
    0x7D, 0x5D, 0x7D, 0x5D, 0x7D, 0x5D, 0x7D, 0x5D, 0x7D, 0x5D, 0x7D, 0x5D, 0x7D, 0x5D, 0x7D, 0x5D, 0x7D, 0x5D, 0x7D,
    0x5D, 0x7D, 0x5D, 0x7D, 0x5D, 0x7D, 0x5D, 0x7D, 0x5D, 0x7D, 0x5D, 0x7D, 0x5D, 0x7D, 0x5D, 0x7D, 0x5D, 0x7D, 0x5D,
    0x7D, 0x5D, 0x7D, 0x5D, 0x7D, 0x5D, 0x7D, 0x5D, 0x7D, 0x5D, 0x7D, 0x5D, 0x7D, 0x5D, 0x7D, 0x5D, 0x7D, 0x5D, 0x7D,
    0x5D, 0x7D, 0x5D, 0x7D, 0x5D, 0x7D, 0x5D, 0x89, 0x43, 0x89, 0x43, 0x89, 0x43, 0x89, 0x43, 0x89, 0x43, 0x89, 0x43,
    0x89, 0x43, 0x89, 0x43, 0x89, 0x43, 0x89, 0x43, 0x89, 0x43, 0x89, 0x43, 0x89, 0x43, 0x89, 0x43, 0x89, 0x43, 0x89,
    0x43, 0x89, 0x43, 0x69, 0xFE, 0x69, 0xFE, 0x69, 0xFE, 0x69, 0xFE, 0x69, 0xFE, 0x69, 0xFE, 0x69, 0xFE, 0x69, 0xFE,
    0x69, 0xFE, 0x69, 0xFE, 0x69, 0xFE, 0x69, 0xFE, 0x69, 0xFE, 0x69, 0xFE, 0x69, 0xFE, 0x69, 0xFE, 0x69, 0xFE, 0x69,
    0xFE, 0x69, 0xFE, 0x69, 0xFE, 0x69, 0xFE, 0x69, 0xFE, 0x69, 0xFE, 0x69, 0xFE, 0x69, 0xFE, 0x69, 0xFE, 0x69, 0xFE,
    0x69, 0xFE, 0x69, 0xFE, 0x69, 0xFE, 0x69, 0xFE, 0x69, 0xFE, 0x69, 0xFE, 0x69, 0xFE, 0x69, 0xFE, 0x69, 0xFE, 0x69,
    0xFE, 0x69, 0xFE, 0x69, 0xFE, 0x69, 0xFE, 0x69, 0xFE, 0x69, 0xFE, 0x69, 0xFE, 0x69, 0xFE, 0x69, 0xFE, 0x69, 0xFE,
    0x69, 0xFE, 0x69, 0xFE, 0x69, 0xFE, 0x69, 0xFE, 0x69, 0xFE, 0x69, 0xFE, 0x69, 0xFE, 0x69, 0xFE, 0x69, 0xFE, 0x69,
    0xFE, 0x69, 0xFE, 0x69, 0xFE, 0x69, 0xFE, 0x69, 0xFE, 0x69, 0xFE, 0x69, 0xFE, 0x69, 0xFE, 0x69, 0xFE, 0x69, 0xFE,
    0x69, 0xFE, 0x69, 0xFE, 0x69, 0xFE, 0x69, 0xFE, 0x69, 0xFE, 0x69, 0xFE, 0x69, 0xFE, 0x69, 0xFE, 0x69, 0xFE, 0x69,
    0xFE, 0x69, 0xFE, 0x69, 0xFE, 0x69, 0xFE, 0x69, 0xFE, 0x69, 0xFE, 0x69, 0xFE, 0x69, 0xFE, 0x69, 0xFE, 0x69, 0xFE,
    0x69, 0xFE, 0x69, 0xFE, 0x69, 0xFE, 0x69, 0xFE, 0x69, 0xFE, 0x69, 0xFE, 0x69, 0xFE, 0x69, 0xFE, 0x69, 0xFE, 0x69,
    0xFE, 0x69, 0xFE, 0x69, 0xFE, 0x69, 0xFE, 0x69, 0xFE, 0x69, 0xFE, 0x69, 0xFE, 0x69, 0xFE, 0x69, 0xFE, 0x69, 0xFE,
    0x69, 0xFE, 0x69, 0xFE, 0x69, 0xFE, 0x69, 0xFE, 0x69, 0xFE, 0x69, 0xFE, 0x69, 0xFE, 0x69, 0xFE, 0x69, 0xFE, 0x69,
    0xFE, 0x69, 0xFE, 0x69, 0xFE, 0x69, 0xFE, 0x69, 0xFE, 0x69, 0xFE, 0x69, 0xFE, 0x69, 0xFE, 0x69, 0xFE, 0x69, 0xFE,
    0x69, 0xFE, 0x69, 0xFE, 0x69, 0xFE, 0x69, 0xFE, 0x69, 0xFE, 0x69, 0xFE, 0x69, 0xFE, 0x69, 0xFE, 0x69, 0xFE, 0x69,
    0xFE, 0x69, 0xFE, 0x69, 0xFE, 0x69, 0xFE, 0x69, 0xFE, 0x69, 0xFE, 0x69, 0xFE, 0x69, 0xFE, 0x69, 0xFE, 0x69, 0xFE,
    0x69, 0xFE, 0x69, 0xFE, 0x69, 0xFE, 0x69, 0xFE, 0x69, 0xFE, 0x69, 0xFE, 0x69, 0xFE, 0x69, 0xFE, 0x69, 0xFE, 0x69,
    0xFE, 0x69, 0xFE, 0x69, 0xFE, 0x69, 0xFE, 0x69, 0xFE, 0x69, 0xFE, 0x69, 0xFE, 0x99, 0x7D, 0x99, 0x7D, 0x99, 0x7D,
    0x7D, 0x5D, 0x7D, 0x5D, 0x7D, 0x5D, 0x7D, 0x5D, 0x7D, 0x5D, 0x7D, 0x5D, 0x7D, 0x5D, 0x7D, 0x5D, 0x7D, 0x5D, 0x7D,
    0x5D, 0x7D, 0x5D, 0x7D, 0x5D, 0x7D, 0x5D, 0x7D, 0x5D, 0x7D, 0x5D, 0x7D, 0x5D, 0x7D, 0x5D, 0x7D, 0x5D, 0x7D, 0x5D,
    0x7D, 0x5D, 0x7D, 0x5D, 0x7D, 0x5D, 0x7D, 0x5D, 0x7D, 0x5D, 0x7D, 0x5D, 0x7D, 0x5D, 0x7D, 0x5D, 0x7D, 0x5D, 0x7D,
    0x5D, 0x7D, 0x5D, 0x7D, 0x5D, 0x7D, 0x5D, 0x7D, 0x5D, 0x7D, 0x5D, 0x7D, 0x5D, 0x7D, 0x5D, 0x7D, 0x5D, 0x7D, 0x5D,
    0x7D, 0x5D, 0x7D, 0x5D, 0x7D, 0x5D, 0x7D, 0x5D, 0x7D, 0x5D, 0x7D, 0x5D, 0x7D, 0x5D, 0x7D, 0x5D, 0x7D, 0x5D, 0x7D,
    0x5D, 0x7D, 0x5D, 0x7D, 0x5D, 0x7D, 0x5D, 0x7D, 0x5D, 0x7D, 0x5D, 0x7D, 0x5D, 0x7D, 0x5D, 0x7D, 0x5D, 0x7D, 0x5D,
    0x7D, 0x5D, 0x7D, 0x5D, 0x7D, 0x5D, 0x7D, 0x5D, 0x7D, 0x5D, 0x7D, 0x5D, 0x89, 0x43, 0x89, 0x43, 0x89, 0x43, 0x89,
    0x43, 0x89, 0x43, 0x89, 0x43, 0x89, 0x43, 0x89, 0x43, 0x89, 0x43, 0x89, 0x43, 0x89, 0x43, 0x89, 0x43, 0x89, 0x43,
    0x89, 0x43, 0x89, 0x43, 0x89, 0x43, 0x89, 0x43, 0x69, 0xFE, 0x69, 0xFE, 0x69, 0xFE, 0x69, 0xFE, 0x69, 0xFE, 0x69,
    0xFE, 0x69, 0xFE, 0x69, 0xFE, 0x69, 0xFE, 0x69, 0xFE, 0x69, 0xFE, 0x69, 0xFE, 0x69, 0xFE, 0x69, 0xFE, 0x69, 0xFE,
    0x69, 0xFE, 0x69, 0xFE, 0x69, 0xFE, 0x69, 0xFE, 0x69, 0xFE, 0x69, 0xFE, 0x69, 0xFE, 0x69, 0xFE, 0x69, 0xFE, 0x69,
    0xFE, 0x69, 0xFE, 0x69, 0xFE, 0x69, 0xFE, 0x69, 0xFE, 0x69, 0xFE, 0x69, 0xFE, 0x69, 0xFE, 0x69, 0xFE, 0x69, 0xFE,
    0x69, 0xFE, 0x69, 0xFE, 0x69, 0xFE, 0x69, 0xFE, 0x69, 0xFE, 0x69, 0xFE, 0x69, 0xFE, 0x69, 0xFE, 0x69, 0xFE, 0x69,
    0xFE, 0x69, 0xFE, 0x69, 0xFE, 0x69, 0xFE, 0x69, 0xFE, 0x69, 0xFE, 0x69, 0xFE, 0x69, 0xFE, 0x69, 0xFE, 0x69, 0xFE,
    0x69, 0xFE, 0x69, 0xFE, 0x69, 0xFE, 0x69, 0xFE, 0x69, 0xFE, 0x69, 0xFE, 0x69, 0xFE, 0x69, 0xFE, 0x69, 0xFE, 0x69,
    0xFE, 0x69, 0xFE, 0x69, 0xFE, 0x69, 0xFE, 0x69, 0xFE, 0x69, 0xFE, 0x69, 0xFE, 0x69, 0xFE, 0x69, 0xFE, 0x69, 0xFE,
    0x69, 0xFE, 0x69, 0xFE, 0x69, 0xFE, 0x69, 0xFE, 0x69, 0xFE, 0x69, 0xFE, 0x69, 0xFE, 0x69, 0xFE, 0x69, 0xFE, 0x69,
    0xFE, 0x69, 0xFE, 0x69, 0xFE, 0x69, 0xFE, 0x69, 0xFE, 0x69, 0xFE, 0x69, 0xFE, 0x69, 0xFE, 0x69, 0xFE, 0x69, 0xFE,
    0x69, 0xFE, 0x69, 0xFE, 0x69, 0xFE, 0x69, 0xFE, 0x69, 0xFE, 0x69, 0xFE, 0x69, 0xFE, 0x69, 0xFE, 0x69, 0xFE, 0x69,
    0xFE, 0x69, 0xFE, 0x69, 0xFE, 0x69, 0xFE, 0x69, 0xFE, 0x69, 0xFE, 0x69, 0xFE, 0x69, 0xFE, 0x69, 0xFE, 0x69, 0xFE,
    0x69, 0xFE, 0x69, 0xFE, 0x69, 0xFE, 0x69, 0xFE, 0x69, 0xFE, 0x69, 0xFE, 0x69, 0xFE, 0x69, 0xFE, 0x69, 0xFE, 0x69,
    0xFE, 0x69, 0xFE, 0x69, 0xFE, 0x69, 0xFE, 0x69, 0xFE, 0x69, 0xFE, 0x69, 0xFE, 0x69, 0xFE, 0x69, 0xFE, 0x69, 0xFE,
    0x69, 0xFE, 0x69, 0xFE, 0x69, 0xFE, 0x69, 0xFE, 0x69, 0xFE, 0x69, 0xFE, 0x69, 0xFE, 0x69, 0xFE, 0x69, 0xFE, 0x69,
    0xFE, 0x69, 0xFE, 0x69, 0xFE, 0x69, 0xFE, 0x69, 0xFE, 0x69, 0xFE, 0x69, 0xFE, 0x69, 0xFE, 0x69, 0xFE, 0x69, 0xFE,
    0x69, 0xFE, 0x69, 0xFE, 0x69, 0xFE, 0x69, 0xFE, 0x69, 0xFE, 0x69, 0xFE, 0x69, 0xFE, 0x69, 0xFE, 0x69, 0xFE, 0x99,
    0x7D, 0x99, 0x7D, 0x99, 0x7D, 0x7D, 0x5D, 0x7D, 0x5D, 0x7D, 0x5D, 0x7D, 0x5D, 0x7D, 0x5D, 0x7D, 0x5D, 0x7D, 0x5D,
    0x7D, 0x5D, 0x7D, 0x5D, 0x7D, 0x5D, 0x7D, 0x5D, 0x7D, 0x5D, 0x7D, 0x5D, 0x7D, 0x5D, 0x7D, 0x5D, 0x7D, 0x5D, 0x7D,
    0x5D, 0x7D, 0x5D, 0x7D, 0x5D, 0x7D, 0x5D, 0x7D, 0x5D, 0x7D, 0x5D, 0x7D, 0x5D, 0x7D, 0x5D, 0x7D, 0x5D, 0x7D, 0x5D,
    0x7D, 0x5D, 0x7D, 0x5D, 0x7D, 0x5D, 0x7D, 0x5D, 0x7D, 0x5D, 0x7D, 0x5D, 0x7D, 0x5D, 0x7D, 0x5D, 0x7D, 0x5D, 0x7D,
    0x5D, 0x7D, 0x5D, 0x7D, 0x5D, 0x7D, 0x5D, 0x7D, 0x5D, 0x7D, 0x5D, 0x7D, 0x5D, 0x7D, 0x5D, 0x7D, 0x5D, 0x7D, 0x5D,
    0x7D, 0x5D, 0x7D, 0x5D, 0x7D, 0x5D, 0x7D, 0x5D, 0x7D, 0x5D, 0x7D, 0x5D, 0x7D, 0x5D, 0x7D, 0x5D, 0x7D, 0x5D, 0x7D,
    0x5D, 0x7D, 0x5D, 0x7D, 0x5D, 0x7D, 0x5D, 0x7D, 0x5D, 0x7D, 0x5D, 0x7D, 0x5D, 0x7D, 0x5D, 0x7D, 0x5D, 0x89, 0x43,
    0x89, 0x43, 0x89, 0x43, 0x89, 0x43, 0x89, 0x43, 0x89, 0x43, 0x89, 0x43, 0x89, 0x43, 0x89, 0x43, 0x89, 0x43, 0x89,
    0x43, 0x89, 0x43, 0x89, 0x43, 0x89, 0x43, 0x89, 0x43, 0x89, 0x43, 0x89, 0x43, 0x69, 0xFE, 0x69, 0xFE, 0x69, 0xFE,
    0x69, 0xFE, 0x69, 0xFE, 0x69, 0xFE, 0x69, 0xFE, 0x69, 0xFE, 0x69, 0xFE, 0x69, 0xFE, 0x69, 0xFE, 0x69, 0xFE, 0x69,
    0xFE, 0x69, 0xFE, 0x69, 0xFE, 0x69, 0xFE, 0x69, 0xFE, 0x69, 0xFE, 0x69, 0xFE, 0x69, 0xFE, 0x69, 0xFE, 0x69, 0xFE,
    0x69, 0xFE, 0x69, 0xFE, 0x69, 0xFE, 0x69, 0xFE, 0x69, 0xFE, 0x69, 0xFE, 0x69, 0xFE, 0x69, 0xFE, 0x69, 0xFE, 0x69,
    0xFE, 0x69, 0xFE, 0x69, 0xFE, 0x69, 0xFE, 0x69, 0xFE, 0x69, 0xFE, 0x69, 0xFE, 0x69, 0xFE, 0x69, 0xFE, 0x69, 0xFE,
    0x69, 0xFE, 0x69, 0xFE, 0x69, 0xFE, 0x69, 0xFE, 0x69, 0xFE, 0x69, 0xFE, 0x69, 0xFE, 0x69, 0xFE, 0x69, 0xFE, 0x69,
    0xFE, 0x69, 0xFE, 0x69, 0xFE, 0x69, 0xFE, 0x69, 0xFE, 0x69, 0xFE, 0x69, 0xFE, 0x69, 0xFE, 0x69, 0xFE, 0x69, 0xFE,
    0x69, 0xFE, 0x69, 0xFE, 0x69, 0xFE, 0x69, 0xFE, 0x69, 0xFE, 0x69, 0xFE, 0x69, 0xFE, 0x69, 0xFE, 0x69, 0xFE, 0x69,
    0xFE, 0x69, 0xFE, 0x69, 0xFE, 0x69, 0xFE, 0x69, 0xFE, 0x69, 0xFE, 0x69, 0xFE, 0x69, 0xFE, 0x69, 0xFE, 0x69, 0xFE,
    0x69, 0xFE, 0x69, 0xFE, 0x69, 0xFE, 0x69, 0xFE, 0x69, 0xFE, 0x69, 0xFE, 0x69, 0xFE, 0x69, 0xFE, 0x69, 0xFE, 0x69,
    0xFE, 0x69, 0xFE, 0x69, 0xFE, 0x69, 0xFE, 0x69, 0xFE, 0x69, 0xFE, 0x69, 0xFE, 0x69, 0xFE, 0x69, 0xFE, 0x69, 0xFE,
    0x69, 0xFE, 0x69, 0xFE, 0x69, 0xFE, 0x69, 0xFE, 0x69, 0xFE, 0x69, 0xFE, 0x69, 0xFE, 0x69, 0xFE, 0x69, 0xFE, 0x69,
    0xFE, 0x69, 0xFE, 0x69, 0xFE, 0x69, 0xFE, 0x69, 0xFE, 0x69, 0xFE, 0x69, 0xFE, 0x69, 0xFE, 0x69, 0xFE, 0x69, 0xFE,
    0x69, 0xFE, 0x69, 0xFE, 0x69, 0xFE, 0x69, 0xFE, 0x69, 0xFE, 0x69, 0xFE, 0x69, 0xFE, 0x69, 0xFE, 0x69, 0xFE, 0x69,
    0xFE, 0x69, 0xFE, 0x69, 0xFE, 0x69, 0xFE, 0x69, 0xFE, 0x69, 0xFE, 0x69, 0xFE, 0x69, 0xFE, 0x69, 0xFE, 0x69, 0xFE,
    0x69, 0xFE, 0x69, 0xFE, 0x69, 0xFE, 0x69, 0xFE, 0x69, 0xFE, 0x69, 0xFE, 0x69, 0xFE, 0x69, 0xFE, 0x69, 0xFE, 0x69,
    0xFE, 0x69, 0xFE, 0x69, 0xFE, 0x69, 0xFE, 0x69, 0xFE, 0x69, 0xFE, 0x69, 0xFE, 0x69, 0xFE, 0x69, 0xFE, 0x69, 0xFE,
    0x69, 0xFE, 0x69, 0xFE, 0x7D, 0x5D, 0x7D, 0x5D, 0x7D, 0x5D, 0x7D, 0x5D, 0x7D, 0x5D, 0x7D, 0x5D, 0x7D, 0x5D, 0x7D,
    0x5D, 0x7D, 0x5D, 0x7D, 0x5D, 0x7D, 0x5D, 0x7D, 0x5D, 0x7D, 0x5D, 0x7D, 0x5D, 0x7D, 0x5D, 0x7D, 0x5D, 0x7D, 0x5D,
    0x7D, 0x5D, 0x7D, 0x5D, 0x7D, 0x5D, 0x7D, 0x5D, 0x7D, 0x5D, 0x7D, 0x5D, 0x7D, 0x5D, 0x7D, 0x5D, 0x7D, 0x5D, 0x7D,
    0x5D, 0x7D, 0x5D, 0x7D, 0x5D, 0x7D, 0x5D, 0x7D, 0x5D, 0x7D, 0x5D, 0x7D, 0x5D, 0x7D, 0x5D, 0x7D, 0x5D, 0x7D, 0x5D,
    0x7D, 0x5D, 0x7D, 0x5D, 0x7D, 0x5D, 0x7D, 0x5D, 0x7D, 0x5D, 0x7D, 0x5D, 0x7D, 0x5D, 0x7D, 0x5D, 0x7D, 0x5D, 0x7D,
    0x5D, 0x7D, 0x5D, 0x7D, 0x5D, 0x7D, 0x5D, 0x7D, 0x5D, 0x7D, 0x5D, 0x7D, 0x5D, 0x7D, 0x5D, 0x7D, 0x5D, 0x7D, 0x5D,
    0x7D, 0x5D, 0x7D, 0x5D, 0x7D, 0x5D, 0x7D, 0x5D, 0x7D, 0x5D, 0x7D, 0x5D, 0x7D, 0x5D, 0x7D, 0x5D, 0x7D, 0x5D, 0x7D,
    0x5D, 0x7D, 0x5D, 0x89, 0x43, 0x89, 0x43, 0x89, 0x43, 0x89, 0x43, 0x89, 0x43, 0x89, 0x43, 0x89, 0x43, 0x89, 0x43,
    0x89, 0x43, 0x89, 0x43, 0x89, 0x43, 0x89, 0x43, 0x89, 0x43, 0x89, 0x43, 0x89, 0x43, 0x89, 0x43, 0x89, 0x43, 0x69,
    0xFE, 0x69, 0xFE, 0x69, 0xFE, 0x69, 0xFE, 0x69, 0xFE, 0x69, 0xFE, 0x69, 0xFE, 0x69, 0xFE, 0x69, 0xFE, 0x69, 0xFE,
    0x69, 0xFE, 0x69, 0xFE, 0x69, 0xFE, 0x69, 0xFE, 0x69, 0xFE, 0x69, 0xFE, 0x69, 0xFE, 0x69, 0xFE, 0x69, 0xFE, 0x69,
    0xFE, 0x69, 0xFE, 0x69, 0xFE, 0x69, 0xFE, 0x69, 0xFE, 0x69, 0xFE, 0x69, 0xFE, 0x69, 0xFE, 0x69, 0xFE, 0x69, 0xFE,
    0x69, 0xFE, 0x69, 0xFE, 0x69, 0xFE, 0x69, 0xFE, 0x69, 0xFE, 0x69, 0xFE, 0x69, 0xFE, 0x69, 0xFE, 0x69, 0xFE, 0x69,
    0xFE, 0x69, 0xFE, 0x69, 0xFE, 0x69, 0xFE, 0x69, 0xFE, 0x69, 0xFE, 0x69, 0xFE, 0x69, 0xFE, 0x69, 0xFE, 0x69, 0xFE,
    0x69, 0xFE, 0x69, 0xFE, 0x69, 0xFE, 0x69, 0xFE, 0x69, 0xFE, 0x69, 0xFE, 0x69, 0xFE, 0x69, 0xFE, 0x69, 0xFE, 0x69,
    0xFE, 0x69, 0xFE, 0x69, 0xFE, 0x69, 0xFE, 0x69, 0xFE, 0x69, 0xFE, 0x69, 0xFE, 0x69, 0xFE, 0x69, 0xFE, 0x69, 0xFE,
    0x69, 0xFE, 0x69, 0xFE, 0x69, 0xFE, 0x69, 0xFE, 0x69, 0xFE, 0x69, 0xFE, 0x69, 0xFE, 0x69, 0xFE, 0x69, 0xFE, 0x69,
    0xFE, 0x69, 0xFE, 0x69, 0xFE, 0x69, 0xFE, 0x69, 0xFE, 0x69, 0xFE, 0x69, 0xFE, 0x69, 0xFE, 0x69, 0xFE, 0x69, 0xFE,
    0x69, 0xFE, 0x69, 0xFE, 0x69, 0xFE, 0x69, 0xFE, 0x69, 0xFE, 0x69, 0xFE, 0x69, 0xFE, 0x69, 0xFE, 0x69, 0xFE, 0x69,
    0xFE, 0x69, 0xFE, 0x69, 0xFE, 0x69, 0xFE, 0x69, 0xFE, 0x69, 0xFE, 0x69, 0xFE, 0x69, 0xFE, 0x69, 0xFE, 0x69, 0xFE,
    0x69, 0xFE, 0x69, 0xFE, 0x69, 0xFE, 0x69, 0xFE, 0x69, 0xFE, 0x69, 0xFE, 0x69, 0xFE, 0x69, 0xFE, 0x69, 0xFE, 0x69,
    0xFE, 0x69, 0xFE, 0x69, 0xFE, 0x69, 0xFE, 0x69, 0xFE, 0x69, 0xFE, 0x69, 0xFE, 0x69, 0xFE, 0x69, 0xFE, 0x69, 0xFE,
    0x69, 0xFE, 0x69, 0xFE, 0x69, 0xFE, 0x69, 0xFE, 0x69, 0xFE, 0x69, 0xFE, 0x69, 0xFE, 0x69, 0xFE, 0x69, 0xFE, 0x69,
    0xFE, 0x69, 0xFE, 0x69, 0xFE, 0x69, 0xFE, 0x69, 0xFE, 0x69, 0xFE, 0x69, 0xFE, 0x69, 0xFE, 0x69, 0xFE, 0x69, 0xFE,
    0x69, 0xFE, 0x69, 0xFE, 0x69, 0xFE, 0x69, 0xFE, 0x69, 0xFE, 0x69, 0xFE, 0x69, 0xFE, 0x69, 0xFE, 0x69, 0xFE, 0x69,
    0xFE, 0x69, 0xFE, 0x69, 0xFE, 0x69, 0xFE, 0x69, 0xFE, 0x7D, 0x5D, 0x7D, 0x5D, 0x7D, 0x5D, 0x7D, 0x5D, 0x7D, 0x5D,
    0x7D, 0x5D, 0x7D, 0x5D, 0x7D, 0x5D, 0x7D, 0x5D, 0x7D, 0x5D, 0x7D, 0x5D, 0x7D, 0x5D, 0x7D, 0x5D, 0x7D, 0x5D, 0x7D,
    0x5D, 0x7D, 0x5D, 0x7D, 0x5D, 0x7D, 0x5D, 0x7D, 0x5D, 0x7D, 0x5D, 0x7D, 0x5D, 0x7D, 0x5D, 0x7D, 0x5D, 0x7D, 0x5D,
    0x7D, 0x5D, 0x7D, 0x5D, 0x7D, 0x5D, 0x7D, 0x5D, 0x7D, 0x5D, 0x7D, 0x5D, 0x7D, 0x5D, 0x7D, 0x5D, 0x7D, 0x5D, 0x7D,
    0x5D, 0x7D, 0x5D, 0x7D, 0x5D, 0x7D, 0x5D, 0x7D, 0x5D, 0x7D, 0x5D, 0x7D, 0x5D, 0x7D, 0x5D, 0x7D, 0x5D, 0x7D, 0x5D,
    0x7D, 0x5D, 0x7D, 0x5D, 0x7D, 0x5D, 0x7D, 0x5D, 0x7D, 0x5D, 0x7D, 0x5D, 0x7D, 0x5D, 0x7D, 0x5D, 0x7D, 0x5D, 0x7D,
    0x5D, 0x7D, 0x5D, 0x7D, 0x5D, 0x7D, 0x5D, 0x7D, 0x5D, 0x7D, 0x5D, 0x7D, 0x5D, 0x7D, 0x5D, 0x7D, 0x5D, 0x7D, 0x5D,
    0x7D, 0x5D, 0x7D, 0x5D, 0x7D, 0x5D, 0x7D, 0x5D, 0x89, 0x43, 0x89, 0x43, 0x89, 0x43, 0x89, 0x43, 0x89, 0x43, 0x89,
    0x43, 0x89, 0x43, 0x89, 0x43, 0x89, 0x43, 0x89, 0x43, 0x89, 0x43, 0x89, 0x43, 0x89, 0x43, 0x89, 0x43, 0x89, 0x43,
    0x89, 0x43, 0x89, 0x43, 0x69, 0xFE, 0x69, 0xFE, 0x69, 0xFE, 0x69, 0xFE, 0x69, 0xFE, 0x69, 0xFE, 0x69, 0xFE, 0x69,
    0xFE, 0x69, 0xFE, 0x69, 0xFE, 0x69, 0xFE, 0x69, 0xFE, 0x69, 0xFE, 0x69, 0xFE, 0x69, 0xFE, 0x69, 0xFE, 0x69, 0xFE,
    0x69, 0xFE, 0x69, 0xFE, 0x69, 0xFE, 0x69, 0xFE, 0x69, 0xFE, 0x69, 0xFE, 0x69, 0xFE, 0x69, 0xFE, 0x69, 0xFE, 0x69,
    0xFE, 0x69, 0xFE, 0x69, 0xFE, 0x69, 0xFE, 0x69, 0xFE, 0x69, 0xFE, 0x69, 0xFE, 0x69, 0xFE, 0x69, 0xFE, 0x69, 0xFE,
    0x69, 0xFE, 0x69, 0xFE, 0x69, 0xFE, 0x69, 0xFE, 0x69, 0xFE, 0x69, 0xFE, 0x69, 0xFE, 0x69, 0xFE, 0x69, 0xFE, 0x69,
    0xFE, 0x69, 0xFE, 0x69, 0xFE, 0x69, 0xFE, 0x69, 0xFE, 0x69, 0xFE, 0x69, 0xFE, 0x69, 0xFE, 0x69, 0xFE, 0x69, 0xFE,
    0x69, 0xFE, 0x69, 0xFE, 0x69, 0xFE, 0x69, 0xFE, 0x69, 0xFE, 0x69, 0xFE, 0x69, 0xFE, 0x69, 0xFE, 0x69, 0xFE, 0x69,
    0xFE, 0x69, 0xFE, 0x69, 0xFE, 0x69, 0xFE, 0x69, 0xFE, 0x69, 0xFE, 0x69, 0xFE, 0x69, 0xFE, 0x69, 0xFE, 0x69, 0xFE,
    0x69, 0xFE, 0x69, 0xFE, 0x69, 0xFE, 0x69, 0xFE, 0x69, 0xFE, 0x69, 0xFE, 0x69, 0xFE, 0x69, 0xFE, 0x69, 0xFE, 0x69,
    0xFE, 0x69, 0xFE, 0x69, 0xFE, 0x69, 0xFE, 0x69, 0xFE, 0x69, 0xFE, 0x69, 0xFE, 0x69, 0xFE, 0x69, 0xFE, 0x69, 0xFE,
    0x69, 0xFE, 0x69, 0xFE, 0x69, 0xFE, 0x69, 0xFE, 0x69, 0xFE, 0x69, 0xFE, 0x69, 0xFE, 0x69, 0xFE, 0x69, 0xFE, 0x69,
    0xFE, 0x69, 0xFE, 0x69, 0xFE, 0x69, 0xFE, 0x69, 0xFE, 0x69, 0xFE, 0x69, 0xFE, 0x69, 0xFE, 0x69, 0xFE, 0x69, 0xFE,
    0x69, 0xFE, 0x69, 0xFE, 0x69, 0xFE, 0x69, 0xFE, 0x69, 0xFE, 0x69, 0xFE, 0x69, 0xFE, 0x69, 0xFE, 0x69, 0xFE, 0x69,
    0xFE, 0x69, 0xFE, 0x69, 0xFE, 0x69, 0xFE, 0x69, 0xFE, 0x69, 0xFE, 0x69, 0xFE, 0x69, 0xFE, 0x69, 0xFE, 0x69, 0xFE,
    0x69, 0xFE, 0x69, 0xFE, 0x69, 0xFE, 0x69, 0xFE, 0x69, 0xFE, 0x69, 0xFE, 0x69, 0xFE, 0x69, 0xFE, 0x69, 0xFE, 0x69,
    0xFE, 0x69, 0xFE, 0x69, 0xFE, 0x69, 0xFE, 0x69, 0xFE, 0x69, 0xFE, 0x69, 0xFE, 0x69, 0xFE, 0x69, 0xFE, 0x69, 0xFE,
    0x69, 0xFE, 0x69, 0xFE, 0x69, 0xFE, 0x69, 0xFE, 0x69, 0xFE, 0x69, 0xFE, 0x69, 0xFE, 0x7D, 0x5D, 0x7D, 0x5D, 0x7D,
    0x5D, 0x7D, 0x5D, 0x7D, 0x5D, 0x7D, 0x5D, 0x7D, 0x5D, 0x7D, 0x5D, 0x7D, 0x5D, 0x7D, 0x5D, 0x7D, 0x5D, 0x7D, 0x5D,
    0x7D, 0x5D, 0x7D, 0x5D, 0x7D, 0x5D, 0x7D, 0x5D, 0x7D, 0x5D, 0x7D, 0x5D, 0x7D, 0x5D, 0x7D, 0x5D, 0x7D, 0x5D, 0x7D,
    0x5D, 0x7D, 0x5D, 0x7D, 0x5D, 0x7D, 0x5D, 0x7D, 0x5D, 0x7D, 0x5D, 0x7D, 0x5D, 0x7D, 0x5D, 0x7D, 0x5D, 0x7D, 0x5D,
    0x7D, 0x5D, 0x7D, 0x5D, 0x7D, 0x5D, 0x7D, 0x5D, 0x7D, 0x5D, 0x7D, 0x5D, 0x7D, 0x5D, 0x7D, 0x5D, 0x7D, 0x5D, 0x7D,
    0x5D, 0x7D, 0x5D, 0x7D, 0x5D, 0x7D, 0x5D, 0x7D, 0x5D, 0x7D, 0x5D, 0x7D, 0x5D, 0x7D, 0x5D, 0x7D, 0x5D, 0x7D, 0x5D,
    0x7D, 0x5D, 0x7D, 0x5D, 0x7D, 0x5D, 0x7D, 0x5D, 0x7D, 0x5D, 0x7D, 0x5D, 0x7D, 0x5D, 0x7D, 0x5D, 0x7D, 0x5D, 0x7D,
    0x5D, 0x7D, 0x5D, 0x7D, 0x5D, 0x7D, 0x5D, 0x7D, 0x5D, 0x7D, 0x5D, 0x7D, 0x5D, 0x89, 0x43, 0x89, 0x43, 0x89, 0x43,
    0x89, 0x43, 0x89, 0x43, 0x89, 0x43, 0x89, 0x43, 0x89, 0x43, 0x89, 0x43, 0x89, 0x43, 0x89, 0x43, 0x89, 0x43, 0x89,
    0x43, 0x89, 0x43, 0x69, 0xFE, 0x69, 0xFE, 0x69, 0xFE, 0x69, 0xFE, 0x69, 0xFE, 0x69, 0xFE, 0x69, 0xFE, 0x69, 0xFE,
    0x69, 0xFE, 0x69, 0xFE, 0x69, 0xFE, 0x69, 0xFE, 0x69, 0xFE, 0x69, 0xFE, 0x69, 0xFE, 0x69, 0xFE, 0x69, 0xFE, 0x69,
    0xFE, 0x69, 0xFE, 0x69, 0xFE, 0x69, 0xFE, 0x69, 0xFE, 0x69, 0xFE, 0x69, 0xFE, 0x69, 0xFE, 0x69, 0xFE, 0x69, 0xFE,
    0x69, 0xFE, 0x69, 0xFE, 0x69, 0xFE, 0x69, 0xFE, 0x69, 0xFE, 0x69, 0xFE, 0x69, 0xFE, 0x69, 0xFE, 0x69, 0xFE, 0x69,
    0xFE, 0x69, 0xFE, 0x69, 0xFE, 0x69, 0xFE, 0x69, 0xFE, 0x69, 0xFE, 0x69, 0xFE, 0x69, 0xFE, 0x69, 0xFE, 0x69, 0xFE,
    0x69, 0xFE, 0x69, 0xFE, 0x69, 0xFE, 0x69, 0xFE, 0x69, 0xFE, 0x69, 0xFE, 0x69, 0xFE, 0x69, 0xFE, 0x69, 0xFE, 0x69,
    0xFE, 0x69, 0xFE, 0x69, 0xFE, 0x69, 0xFE, 0x69, 0xFE, 0x69, 0xFE, 0x69, 0xFE, 0x69, 0xFE, 0x69, 0xFE, 0x69, 0xFE,
    0x69, 0xFE, 0x69, 0xFE, 0x69, 0xFE, 0x69, 0xFE, 0x69, 0xFE, 0x69, 0xFE, 0x69, 0xFE, 0x69, 0xFE, 0x69, 0xFE, 0x69,
    0xFE, 0x69, 0xFE, 0x69, 0xFE, 0x69, 0xFE, 0x69, 0xFE, 0x69, 0xFE, 0x69, 0xFE, 0x69, 0xFE, 0x69, 0xFE, 0x69, 0xFE,
    0x69, 0xFE, 0x69, 0xFE, 0x69, 0xFE, 0x69, 0xFE, 0x69, 0xFE, 0x69, 0xFE, 0x69, 0xFE, 0x69, 0xFE, 0x69, 0xFE, 0x69,
    0xFE, 0x69, 0xFE, 0x69, 0xFE, 0x69, 0xFE, 0x69, 0xFE, 0x69, 0xFE, 0x69, 0xFE, 0x69, 0xFE, 0x69, 0xFE, 0x69, 0xFE,
    0x69, 0xFE, 0x69, 0xFE, 0x69, 0xFE, 0x69, 0xFE, 0x69, 0xFE, 0x69, 0xFE, 0x69, 0xFE, 0x69, 0xFE, 0x69, 0xFE, 0x69,
    0xFE, 0x69, 0xFE, 0x69, 0xFE, 0x69, 0xFE, 0x69, 0xFE, 0x69, 0xFE, 0x69, 0xFE, 0x69, 0xFE, 0x69, 0xFE, 0x69, 0xFE,
    0x69, 0xFE, 0x69, 0xFE, 0x69, 0xFE, 0x69, 0xFE, 0x69, 0xFE, 0x69, 0xFE, 0x69, 0xFE, 0x69, 0xFE, 0x69, 0xFE, 0x69,
    0xFE, 0x69, 0xFE, 0x69, 0xFE, 0x69, 0xFE, 0x69, 0xFE, 0x69, 0xFE, 0x69, 0xFE, 0x69, 0xFE, 0x69, 0xFE, 0x69, 0xFE,
    0x69, 0xFE, 0x69, 0xFE, 0x69, 0xFE, 0x69, 0xFE, 0x69, 0xFE, 0x69, 0xFE, 0x69, 0xFE, 0x69, 0xFE, 0x69, 0xFE, 0x69,
    0xFE, 0x69, 0xFE, 0x69, 0xFE, 0x69, 0xFE, 0x69, 0xFE, 0x69, 0xFE, 0x69, 0xFE, 0x69, 0xFE, 0x69, 0xFE, 0x69, 0xFE,
    0x7D, 0x5D, 0x7D, 0x5D, 0x7D, 0x5D, 0x7D, 0x5D, 0x7D, 0x5D, 0x7D, 0x5D, 0x7D, 0x5D, 0x7D, 0x5D, 0x7D, 0x5D, 0x7D,
    0x5D, 0x7D, 0x5D, 0x7D, 0x5D, 0x7D, 0x5D, 0x7D, 0x5D, 0x7D, 0x5D, 0x7D, 0x5D, 0x7D, 0x5D, 0x7D, 0x5D, 0x7D, 0x5D,
    0x7D, 0x5D, 0x7D, 0x5D, 0x7D, 0x5D, 0x7D, 0x5D, 0x7D, 0x5D, 0x7D, 0x5D, 0x7D, 0x5D, 0x7D, 0x5D, 0x7D, 0x5D, 0x7D,
    0x5D, 0x7D, 0x5D, 0x7D, 0x5D, 0x7D, 0x5D, 0x7D, 0x5D, 0x7D, 0x5D, 0x7D, 0x5D, 0x7D, 0x5D, 0x7D, 0x5D, 0x7D, 0x5D,
    0x7D, 0x5D, 0x7D, 0x5D, 0x7D, 0x5D, 0x7D, 0x5D, 0x7D, 0x5D, 0x7D, 0x5D, 0x7D, 0x5D, 0x7D, 0x5D, 0x7D, 0x5D, 0x7D,
    0x5D, 0x7D, 0x5D, 0x7D, 0x5D, 0x7D, 0x5D, 0x7D, 0x5D, 0x7D, 0x5D, 0x7D, 0x5D, 0x7D, 0x5D, 0x7D, 0x5D, 0x7D, 0x5D,
    0x7D, 0x5D, 0x7D, 0x5D, 0x7D, 0x5D, 0x7D, 0x5D, 0x7D, 0x5D, 0x7D, 0x5D, 0x7D, 0x5D, 0x7D, 0x5D, 0x7D, 0x5D, 0x89,
    0x43, 0x89, 0x43, 0x89, 0x43, 0x89, 0x43, 0x89, 0x43, 0x89, 0x43, 0x89, 0x43, 0x89, 0x43, 0x89, 0x43, 0x89, 0x43,
    0x89, 0x43, 0x89, 0x43, 0x89, 0x43, 0x89, 0x43, 0x69, 0xFE, 0x69, 0xFE, 0x69, 0xFE, 0x69, 0xFE, 0x69, 0xFE, 0x69,
    0xFE, 0x69, 0xFE, 0x69, 0xFE, 0x69, 0xFE, 0x69, 0xFE, 0x69, 0xFE, 0x69, 0xFE, 0x69, 0xFE, 0x69, 0xFE, 0x69, 0xFE,
    0x69, 0xFE, 0x69, 0xFE, 0x69, 0xFE, 0x69, 0xFE, 0x69, 0xFE, 0x69, 0xFE, 0x69, 0xFE, 0x69, 0xFE, 0x69, 0xFE, 0x69,
    0xFE, 0x69, 0xFE, 0x69, 0xFE, 0x69, 0xFE, 0x69, 0xFE, 0x69, 0xFE, 0x69, 0xFE, 0x69, 0xFE, 0x69, 0xFE, 0x69, 0xFE,
    0x69, 0xFE, 0x69, 0xFE, 0x69, 0xFE, 0x69, 0xFE, 0x69, 0xFE, 0x69, 0xFE, 0x69, 0xFE, 0x69, 0xFE, 0x69, 0xFE, 0x69,
    0xFE, 0x69, 0xFE, 0x69, 0xFE, 0x69, 0xFE, 0x69, 0xFE, 0x69, 0xFE, 0x69, 0xFE, 0x69, 0xFE, 0x69, 0xFE, 0x69, 0xFE,
    0x69, 0xFE, 0x69, 0xFE, 0x69, 0xFE, 0x69, 0xFE, 0x69, 0xFE, 0x69, 0xFE, 0x69, 0xFE, 0x69, 0xFE, 0x69, 0xFE, 0x69,
    0xFE, 0x69, 0xFE, 0x69, 0xFE, 0x69, 0xFE, 0x69, 0xFE, 0x69, 0xFE, 0x69, 0xFE, 0x69, 0xFE, 0x69, 0xFE, 0x69, 0xFE,
    0x69, 0xFE, 0x69, 0xFE, 0x69, 0xFE, 0x69, 0xFE, 0x69, 0xFE, 0x69, 0xFE, 0x69, 0xFE, 0x69, 0xFE, 0x69, 0xFE, 0x69,
    0xFE, 0x69, 0xFE, 0x69, 0xFE, 0x69, 0xFE, 0x69, 0xFE, 0x69, 0xFE, 0x69, 0xFE, 0x69, 0xFE, 0x69, 0xFE, 0x69, 0xFE,
    0x69, 0xFE, 0x69, 0xFE, 0x69, 0xFE, 0x69, 0xFE, 0x69, 0xFE, 0x69, 0xFE, 0x69, 0xFE, 0x69, 0xFE, 0x69, 0xFE, 0x69,
    0xFE, 0x69, 0xFE, 0x69, 0xFE, 0x69, 0xFE, 0x69, 0xFE, 0x69, 0xFE, 0x69, 0xFE, 0x69, 0xFE, 0x69, 0xFE, 0x69, 0xFE,
    0x69, 0xFE, 0x69, 0xFE, 0x69, 0xFE, 0x69, 0xFE, 0x69, 0xFE, 0x69, 0xFE, 0x69, 0xFE, 0x69, 0xFE, 0x69, 0xFE, 0x69,
    0xFE, 0x69, 0xFE, 0x69, 0xFE, 0x69, 0xFE, 0x69, 0xFE, 0x69, 0xFE, 0x69, 0xFE, 0x69, 0xFE, 0x69, 0xFE, 0x69, 0xFE,
    0x69, 0xFE, 0x69, 0xFE, 0x69, 0xFE, 0x69, 0xFE, 0x69, 0xFE, 0x69, 0xFE, 0x69, 0xFE, 0x69, 0xFE, 0x69, 0xFE, 0x69,
    0xFE, 0x69, 0xFE, 0x69, 0xFE, 0x69, 0xFE, 0x69, 0xFE, 0x69, 0xFE, 0x69, 0xFE, 0x69, 0xFE, 0x69, 0xFE, 0x69, 0xFE,
    0x69, 0xFE, 0x69, 0xFE, 0x69, 0xFE, 0x69, 0xFE, 0x69, 0xFE, 0x69, 0xFE, 0x69, 0xFE, 0x69, 0xFE, 0x69, 0xFE, 0x69,
    0xFE, 0x69, 0xFE, 0x69, 0xFE, 0x7D, 0x5D, 0x7D, 0x5D, 0x7D, 0x5D, 0x7D, 0x5D, 0x7D, 0x5D, 0x7D, 0x5D, 0x7D, 0x5D,
    0x7D, 0x5D, 0x7D, 0x5D, 0x7D, 0x5D, 0x7D, 0x5D, 0x7D, 0x5D, 0x7D, 0x5D, 0x7D, 0x5D, 0x7D, 0x5D, 0x7D, 0x5D, 0x7D,
    0x5D, 0x7D, 0x5D, 0x7D, 0x5D, 0x7D, 0x5D, 0x7D, 0x5D, 0x7D, 0x5D, 0x7D, 0x5D, 0x7D, 0x5D, 0x7D, 0x5D, 0x7D, 0x5D,
    0x7D, 0x5D, 0x7D, 0x5D, 0x7D, 0x5D, 0x7D, 0x5D, 0x7D, 0x5D, 0x7D, 0x5D, 0x7D, 0x5D, 0x7D, 0x5D, 0x7D, 0x5D, 0x7D,
    0x5D, 0x7D, 0x5D, 0x7D, 0x5D, 0x7D, 0x5D, 0x7D, 0x5D, 0x7D, 0x5D, 0x7D, 0x5D, 0x7D, 0x5D, 0x7D, 0x5D, 0x7D, 0x5D,
    0x7D, 0x5D, 0x7D, 0x5D, 0x7D, 0x5D, 0x7D, 0x5D, 0x7D, 0x5D, 0x7D, 0x5D, 0x7D, 0x5D, 0x7D, 0x5D, 0x7D, 0x5D, 0x7D,
    0x5D, 0x7D, 0x5D, 0x7D, 0x5D, 0x7D, 0x5D, 0x7D, 0x5D, 0x7D, 0x5D, 0x7D, 0x5D, 0x7D, 0x5D, 0x7D, 0x5D, 0x7D, 0x5D,
    0x7D, 0x5D, 0x7D, 0x5D, 0x89, 0x43, 0x89, 0x43, 0x89, 0x43, 0x89, 0x43, 0x89, 0x43, 0x89, 0x43, 0x89, 0x43, 0x89,
    0x43, 0x89, 0x43, 0x89, 0x43, 0x89, 0x43, 0x89, 0x43, 0x89, 0x43, 0x89, 0x43, 0x69, 0xFE, 0x69, 0xFE, 0x69, 0xFE,
    0x69, 0xFE, 0x69, 0xFE, 0x69, 0xFE, 0x69, 0xFE, 0x69, 0xFE, 0x69, 0xFE, 0x69, 0xFE, 0x69, 0xFE, 0x69, 0xFE, 0x69,
    0xFE, 0x69, 0xFE, 0x69, 0xFE, 0x69, 0xFE, 0x69, 0xFE, 0x69, 0xFE, 0x69, 0xFE, 0x69, 0xFE, 0x69, 0xFE, 0x69, 0xFE,
    0x69, 0xFE, 0x69, 0xFE, 0x69, 0xFE, 0x69, 0xFE, 0x69, 0xFE, 0x69, 0xFE, 0x69, 0xFE, 0x69, 0xFE, 0x69, 0xFE, 0x69,
    0xFE, 0x69, 0xFE, 0x69, 0xFE, 0x69, 0xFE, 0x69, 0xFE, 0x69, 0xFE, 0x69, 0xFE, 0x69, 0xFE, 0x69, 0xFE, 0x69, 0xFE,
    0x69, 0xFE, 0x69, 0xFE, 0x69, 0xFE, 0x69, 0xFE, 0x69, 0xFE, 0x69, 0xFE, 0x69, 0xFE, 0x69, 0xFE, 0x69, 0xFE, 0x69,
    0xFE, 0x69, 0xFE, 0x69, 0xFE, 0x69, 0xFE, 0x69, 0xFE, 0x69, 0xFE, 0x69, 0xFE, 0x69, 0xFE, 0x69, 0xFE, 0x69, 0xFE,
    0x69, 0xFE, 0x69, 0xFE, 0x69, 0xFE, 0x69, 0xFE, 0x69, 0xFE, 0x69, 0xFE, 0x69, 0xFE, 0x69, 0xFE, 0x69, 0xFE, 0x69,
    0xFE, 0x69, 0xFE, 0x69, 0xFE, 0x69, 0xFE, 0x69, 0xFE, 0x69, 0xFE, 0x69, 0xFE, 0x69, 0xFE, 0x69, 0xFE, 0x69, 0xFE,
    0x69, 0xFE, 0x69, 0xFE, 0x69, 0xFE, 0x69, 0xFE, 0x69, 0xFE, 0x69, 0xFE, 0x69, 0xFE, 0x69, 0xFE, 0x69, 0xFE, 0x69,
    0xFE, 0x69, 0xFE, 0x69, 0xFE, 0x69, 0xFE, 0x69, 0xFE, 0x69, 0xFE, 0x69, 0xFE, 0x69, 0xFE, 0x69, 0xFE, 0x69, 0xFE,
    0x69, 0xFE, 0x69, 0xFE, 0x69, 0xFE, 0x69, 0xFE, 0x69, 0xFE, 0x69, 0xFE, 0x69, 0xFE, 0x69, 0xFE, 0x69, 0xFE, 0x69,
    0xFE, 0x69, 0xFE, 0x69, 0xFE, 0x69, 0xFE, 0x69, 0xFE, 0x69, 0xFE, 0x69, 0xFE, 0x69, 0xFE, 0x69, 0xFE, 0x69, 0xFE,
    0x69, 0xFE, 0x69, 0xFE, 0x69, 0xFE, 0x69, 0xFE, 0x69, 0xFE, 0x69, 0xFE, 0x69, 0xFE, 0x69, 0xFE, 0x69, 0xFE, 0x69,
    0xFE, 0x69, 0xFE, 0x69, 0xFE, 0x69, 0xFE, 0x69, 0xFE, 0x69, 0xFE, 0x69, 0xFE, 0x69, 0xFE, 0x69, 0xFE, 0x69, 0xFE,
    0x69, 0xFE, 0x69, 0xFE, 0x69, 0xFE, 0x69, 0xFE, 0x69, 0xFE, 0x69, 0xFE, 0x69, 0xFE, 0x69, 0xFE, 0x69, 0xFE, 0x69,
    0xFE, 0x69, 0xFE, 0x69, 0xFE, 0x69, 0xFE, 0x69, 0xFE, 0x69, 0xFE, 0x69, 0xFE, 0x69, 0xFE, 0x69, 0xFE, 0x69, 0xFE,
    0x69, 0xFE, 0x69, 0xFE, 0x69, 0xFE, 0x69, 0xFE, 0x69, 0xFE, 0x7D, 0x5D, 0x7D, 0x5D, 0x7D, 0x5D, 0x7D, 0x5D, 0x7D,
    0x5D, 0x7D, 0x5D, 0x7D, 0x5D, 0x7D, 0x5D, 0x7D, 0x5D, 0x7D, 0x5D, 0x7D, 0x5D, 0x7D, 0x5D, 0x7D, 0x5D, 0x7D, 0x5D,
    0x7D, 0x5D, 0x7D, 0x5D, 0x7D, 0x5D, 0x7D, 0x5D, 0x7D, 0x5D, 0x7D, 0x5D, 0x7D, 0x5D, 0x7D, 0x5D, 0x7D, 0x5D, 0x7D,
    0x5D, 0x7D, 0x5D, 0x7D, 0x5D, 0x7D, 0x5D, 0x7D, 0x5D, 0x7D, 0x5D, 0x7D, 0x5D, 0x7D, 0x5D, 0x7D, 0x5D, 0x7D, 0x5D,
    0x7D, 0x5D, 0x7D, 0x5D, 0x7D, 0x5D, 0x7D, 0x5D, 0x7D, 0x5D, 0x7D, 0x5D, 0x7D, 0x5D, 0x7D, 0x5D, 0x7D, 0x5D, 0x7D,
    0x5D, 0x7D, 0x5D, 0x7D, 0x5D, 0x7D, 0x5D, 0x7D, 0x5D, 0x7D, 0x5D, 0x7D, 0x5D, 0x7D, 0x5D, 0x7D, 0x5D, 0x7D, 0x5D,
    0x7D, 0x5D, 0x7D, 0x5D, 0x7D, 0x5D, 0x7D, 0x5D, 0x7D, 0x5D, 0x7D, 0x5D, 0x7D, 0x5D, 0x7D, 0x5D, 0x7D, 0x5D, 0x7D,
    0x5D, 0x7D, 0x5D, 0x7D, 0x5D, 0x7D, 0x5D, 0x7D, 0x5D, 0x89, 0x43, 0x89, 0x43, 0x89, 0x43, 0x89, 0x43, 0x89, 0x43,
    0x89, 0x43, 0x89, 0x43, 0x89, 0x43, 0x89, 0x43, 0x89, 0x43, 0x89, 0x43, 0x89, 0x43, 0x89, 0x43, 0x89, 0x43, 0x69,
    0xFE, 0x69, 0xFE, 0x69, 0xFE, 0x69, 0xFE, 0x69, 0xFE, 0x69, 0xFE, 0x69, 0xFE, 0x69, 0xFE, 0x69, 0xFE, 0x69, 0xFE,
    0x69, 0xFE, 0x69, 0xFE, 0x69, 0xFE, 0x69, 0xFE, 0x69, 0xFE, 0x69, 0xFE, 0x69, 0xFE, 0x69, 0xFE, 0x69, 0xFE, 0x69,
    0xFE, 0x69, 0xFE, 0x69, 0xFE, 0x69, 0xFE, 0x69, 0xFE, 0x69, 0xFE, 0x69, 0xFE, 0x69, 0xFE, 0x69, 0xFE, 0x69, 0xFE,
    0x69, 0xFE, 0x69, 0xFE, 0x69, 0xFE, 0x69, 0xFE, 0x69, 0xFE, 0x69, 0xFE, 0x69, 0xFE, 0x69, 0xFE, 0x69, 0xFE, 0x69,
    0xFE, 0x69, 0xFE, 0x69, 0xFE, 0x69, 0xFE, 0x69, 0xFE, 0x69, 0xFE, 0x69, 0xFE, 0x69, 0xFE, 0x69, 0xFE, 0x69, 0xFE,
    0x69, 0xFE, 0x69, 0xFE, 0x69, 0xFE, 0x69, 0xFE, 0x69, 0xFE, 0x69, 0xFE, 0x69, 0xFE, 0x69, 0xFE, 0x69, 0xFE, 0x69,
    0xFE, 0x69, 0xFE, 0x69, 0xFE, 0x69, 0xFE, 0x69, 0xFE, 0x69, 0xFE, 0x69, 0xFE, 0x69, 0xFE, 0x69, 0xFE, 0x69, 0xFE,
    0x69, 0xFE, 0x69, 0xFE, 0x69, 0xFE, 0x69, 0xFE, 0x69, 0xFE, 0x69, 0xFE, 0x69, 0xFE, 0x69, 0xFE, 0x69, 0xFE, 0x69,
    0xFE, 0x69, 0xFE, 0x69, 0xFE, 0x69, 0xFE, 0x69, 0xFE, 0x69, 0xFE, 0x69, 0xFE, 0x69, 0xFE, 0x69, 0xFE, 0x69, 0xFE,
    0x69, 0xFE, 0x69, 0xFE, 0x69, 0xFE, 0x69, 0xFE, 0x69, 0xFE, 0x69, 0xFE, 0x69, 0xFE, 0x69, 0xFE, 0x69, 0xFE, 0x69,
    0xFE, 0x69, 0xFE, 0x69, 0xFE, 0x69, 0xFE, 0x69, 0xFE, 0x69, 0xFE, 0x69, 0xFE, 0x69, 0xFE, 0x69, 0xFE, 0x69, 0xFE,
    0x69, 0xFE, 0x69, 0xFE, 0x69, 0xFE, 0x69, 0xFE, 0x69, 0xFE, 0x69, 0xFE, 0x69, 0xFE, 0x69, 0xFE, 0x69, 0xFE, 0x69,
    0xFE, 0x69, 0xFE, 0x69, 0xFE, 0x69, 0xFE, 0x69, 0xFE, 0x69, 0xFE, 0x69, 0xFE, 0x69, 0xFE, 0x69, 0xFE, 0x69, 0xFE,
    0x69, 0xFE, 0x69, 0xFE, 0x69, 0xFE, 0x69, 0xFE, 0x69, 0xFE, 0x69, 0xFE, 0x69, 0xFE, 0x69, 0xFE, 0x69, 0xFE, 0x69,
    0xFE, 0x69, 0xFE, 0x69, 0xFE, 0x69, 0xFE, 0x69, 0xFE, 0x69, 0xFE, 0x69, 0xFE, 0x69, 0xFE, 0x69, 0xFE, 0x69, 0xFE,
    0x69, 0xFE, 0x69, 0xFE, 0x69, 0xFE, 0x69, 0xFE, 0x69, 0xFE, 0x69, 0xFE, 0x69, 0xFE, 0x69, 0xFE, 0x69, 0xFE, 0x69,
    0xFE, 0x69, 0xFE, 0x69, 0xFE, 0x69, 0xFE, 0x69, 0xFE, 0x69, 0xFE, 0x69, 0xFE, 0x69, 0xFE, 0x7D, 0x5D, 0x7D, 0x5D,
    0x7D, 0x5D, 0x7D, 0x5D, 0x7D, 0x5D, 0x7D, 0x5D, 0x7D, 0x5D, 0x7D, 0x5D, 0x7D, 0x5D, 0x7D, 0x5D, 0x7D, 0x5D, 0x7D,
    0x5D, 0x7D, 0x5D, 0x7D, 0x5D, 0x7D, 0x5D, 0x7D, 0x5D, 0x7D, 0x5D, 0x7D, 0x5D, 0x7D, 0x5D, 0x7D, 0x5D, 0x7D, 0x5D,
    0x7D, 0x5D, 0x7D, 0x5D, 0x7D, 0x5D, 0x7D, 0x5D, 0x7D, 0x5D, 0x7D, 0x5D, 0x7D, 0x5D, 0x7D, 0x5D, 0x7D, 0x5D, 0x7D,
    0x5D, 0x7D, 0x5D, 0x7D, 0x5D, 0x7D, 0x5D, 0x7D, 0x5D, 0x7D, 0x5D, 0x7D, 0x5D, 0x7D, 0x5D, 0x7D, 0x5D, 0x7D, 0x5D,
    0x7D, 0x5D, 0x7D, 0x5D, 0x7D, 0x5D, 0x7D, 0x5D, 0x7D, 0x5D, 0x7D, 0x5D, 0x7D, 0x5D, 0x7D, 0x5D, 0x7D, 0x5D, 0x7D,
    0x5D, 0x7D, 0x5D, 0x7D, 0x5D, 0x7D, 0x5D, 0x7D, 0x5D, 0x7D, 0x5D, 0x7D, 0x5D, 0x7D, 0x5D, 0x7D, 0x5D, 0x7D, 0x5D,
    0x7D, 0x5D, 0x7D, 0x5D, 0x7D, 0x5D, 0x7D, 0x5D, 0x7D, 0x5D, 0x7D, 0x5D, 0x7D, 0x5D, 0x89, 0x43, 0x89, 0x43, 0x89,
    0x43, 0x89, 0x43, 0x89, 0x43, 0x89, 0x43, 0x89, 0x43, 0x89, 0x43, 0x89, 0x43, 0x89, 0x43, 0x89, 0x43, 0x89, 0x43,
    0x89, 0x43, 0x89, 0x43, 0x69, 0xFE, 0x69, 0xFE, 0x69, 0xFE, 0x69, 0xFE, 0x69, 0xFE, 0x69, 0xFE, 0x69, 0xFE, 0x69,
    0xFE, 0x69, 0xFE, 0x69, 0xFE, 0x69, 0xFE, 0x69, 0xFE, 0x69, 0xFE, 0x69, 0xFE, 0x69, 0xFE, 0x69, 0xFE, 0x69, 0xFE,
    0x69, 0xFE, 0x69, 0xFE, 0x69, 0xFE, 0x69, 0xFE, 0x69, 0xFE, 0x69, 0xFE, 0x69, 0xFE, 0x69, 0xFE, 0x69, 0xFE, 0x69,
    0xFE, 0x69, 0xFE, 0x69, 0xFE, 0x69, 0xFE, 0x69, 0xFE, 0x69, 0xFE, 0x69, 0xFE, 0x69, 0xFE, 0x69, 0xFE, 0x69, 0xFE,
    0x69, 0xFE, 0x69, 0xFE, 0x69, 0xFE, 0x69, 0xFE, 0x69, 0xFE, 0x69, 0xFE, 0x69, 0xFE, 0x69, 0xFE, 0x69, 0xFE, 0x69,
    0xFE, 0x69, 0xFE, 0x69, 0xFE, 0x69, 0xFE, 0x69, 0xFE, 0x69, 0xFE, 0x69, 0xFE, 0x69, 0xFE, 0x69, 0xFE, 0x69, 0xFE,
    0x69, 0xFE, 0x69, 0xFE, 0x69, 0xFE, 0x69, 0xFE, 0x69, 0xFE, 0x69, 0xFE, 0x69, 0xFE, 0x69, 0xFE, 0x69, 0xFE, 0x69,
    0xFE, 0x69, 0xFE, 0x69, 0xFE, 0x69, 0xFE, 0x69, 0xFE, 0x69, 0xFE, 0x69, 0xFE, 0x69, 0xFE, 0x69, 0xFE, 0x69, 0xFE,
    0x69, 0xFE, 0x69, 0xFE, 0x69, 0xFE, 0x69, 0xFE, 0x69, 0xFE, 0x69, 0xFE, 0x69, 0xFE, 0x69, 0xFE, 0x69, 0xFE, 0x69,
    0xFE, 0x69, 0xFE, 0x69, 0xFE, 0x69, 0xFE, 0x69, 0xFE, 0x69, 0xFE, 0x69, 0xFE, 0x69, 0xFE, 0x69, 0xFE, 0x69, 0xFE,
    0x69, 0xFE, 0x69, 0xFE, 0x69, 0xFE, 0x69, 0xFE, 0x69, 0xFE, 0x69, 0xFE, 0x69, 0xFE, 0x69, 0xFE, 0x69, 0xFE, 0x69,
    0xFE, 0x69, 0xFE, 0x69, 0xFE, 0x69, 0xFE, 0x69, 0xFE, 0x69, 0xFE, 0x69, 0xFE, 0x69, 0xFE, 0x69, 0xFE, 0x69, 0xFE,
    0x69, 0xFE, 0x69, 0xFE, 0x69, 0xFE, 0x69, 0xFE, 0x69, 0xFE, 0x69, 0xFE, 0x69, 0xFE, 0x69, 0xFE, 0x69, 0xFE, 0x69,
    0xFE, 0x69, 0xFE, 0x69, 0xFE, 0x69, 0xFE, 0x69, 0xFE, 0x69, 0xFE, 0x69, 0xFE, 0x69, 0xFE, 0x69, 0xFE, 0x69, 0xFE,
    0x69, 0xFE, 0x69, 0xFE, 0x69, 0xFE, 0x69, 0xFE, 0x69, 0xFE, 0x69, 0xFE, 0x69, 0xFE, 0x69, 0xFE, 0x69, 0xFE, 0x69,
    0xFE, 0x69, 0xFE, 0x69, 0xFE, 0x69, 0xFE, 0x69, 0xFE, 0x69, 0xFE, 0x69, 0xFE, 0x69, 0xFE, 0x69, 0xFE, 0x69, 0xFE,
    0x69, 0xFE, 0x69, 0xFE, 0x69, 0xFE, 0x69, 0xFE, 0x69, 0xFE, 0x69, 0xFE, 0x69, 0xFE, 0x69, 0xFE, 0x69, 0xFE, 0x69,
    0xFE, 0x7D, 0x5D, 0x7D, 0x5D, 0x7D, 0x5D, 0x7D, 0x5D, 0x7D, 0x5D, 0x7D, 0x5D, 0x7D, 0x5D, 0x7D, 0x5D, 0x7D, 0x5D,
    0x7D, 0x5D, 0x7D, 0x5D, 0x7D, 0x5D, 0x7D, 0x5D, 0x7D, 0x5D, 0x7D, 0x5D, 0x7D, 0x5D, 0x7D, 0x5D, 0x7D, 0x5D, 0x7D,
    0x5D, 0x7D, 0x5D, 0x7D, 0x5D, 0x7D, 0x5D, 0x7D, 0x5D, 0x7D, 0x5D, 0x7D, 0x5D, 0x7D, 0x5D, 0x7D, 0x5D, 0x7D, 0x5D,
    0x7D, 0x5D, 0x7D, 0x5D, 0x7D, 0x5D, 0x7D, 0x5D, 0x7D, 0x5D, 0x7D, 0x5D, 0x7D, 0x5D, 0x7D, 0x5D, 0x7D, 0x5D, 0x7D,
    0x5D, 0x7D, 0x5D, 0x7D, 0x5D, 0x7D, 0x5D, 0x7D, 0x5D, 0x7D, 0x5D, 0x7D, 0x5D, 0x7D, 0x5D, 0x7D, 0x5D, 0x7D, 0x5D,
    0x7D, 0x5D, 0x7D, 0x5D, 0x7D, 0x5D, 0x7D, 0x5D, 0x7D, 0x5D, 0x7D, 0x5D, 0x7D, 0x5D, 0x7D, 0x5D, 0x7D, 0x5D, 0x7D,
    0x5D, 0x7D, 0x5D, 0x7D, 0x5D, 0x7D, 0x5D, 0x7D, 0x5D, 0x7D, 0x5D, 0x7D, 0x5D, 0x7D, 0x5D, 0x7D, 0x5D, 0x7D, 0x5D,
    0x89, 0x43, 0x89, 0x43, 0x89, 0x43, 0x89, 0x43, 0x89, 0x43, 0x89, 0x43, 0x89, 0x43, 0x89, 0x43, 0x89, 0x43, 0x89,
    0x43, 0x89, 0x43, 0x89, 0x43, 0x89, 0x43, 0x89, 0x43, 0x69, 0xFE, 0x69, 0xFE, 0x69, 0xFE, 0x69, 0xFE, 0x69, 0xFE,
    0x69, 0xFE, 0x69, 0xFE, 0x69, 0xFE, 0x69, 0xFE, 0x69, 0xFE, 0x69, 0xFE, 0x69, 0xFE, 0x69, 0xFE, 0x69, 0xFE, 0x69,
    0xFE, 0x69, 0xFE, 0x69, 0xFE, 0x69, 0xFE, 0x69, 0xFE, 0x69, 0xFE, 0x69, 0xFE, 0x69, 0xFE, 0x69, 0xFE, 0x69, 0xFE,
    0x69, 0xFE, 0x69, 0xFE, 0x69, 0xFE, 0x69, 0xFE, 0x69, 0xFE, 0x69, 0xFE, 0x69, 0xFE, 0x69, 0xFE, 0x69, 0xFE, 0x69,
    0xFE, 0x69, 0xFE, 0x69, 0xFE, 0x69, 0xFE, 0x69, 0xFE, 0x69, 0xFE, 0x69, 0xFE, 0x69, 0xFE, 0x69, 0xFE, 0x69, 0xFE,
    0x69, 0xFE, 0x69, 0xFE, 0x69, 0xFE, 0x69, 0xFE, 0x69, 0xFE, 0x69, 0xFE, 0x69, 0xFE, 0x69, 0xFE, 0x69, 0xFE, 0x69,
    0xFE, 0x69, 0xFE, 0x69, 0xFE, 0x69, 0xFE, 0x69, 0xFE, 0x69, 0xFE, 0x69, 0xFE, 0x69, 0xFE, 0x69, 0xFE, 0x69, 0xFE,
    0x69, 0xFE, 0x69, 0xFE, 0x69, 0xFE, 0x69, 0xFE, 0x69, 0xFE, 0x69, 0xFE, 0x69, 0xFE, 0x69, 0xFE, 0x69, 0xFE, 0x69,
    0xFE, 0x69, 0xFE, 0x69, 0xFE, 0x69, 0xFE, 0x69, 0xFE, 0x69, 0xFE, 0x69, 0xFE, 0x69, 0xFE, 0x69, 0xFE, 0x69, 0xFE,
    0x69, 0xFE, 0x69, 0xFE, 0x69, 0xFE, 0x69, 0xFE, 0x69, 0xFE, 0x69, 0xFE, 0x69, 0xFE, 0x69, 0xFE, 0x69, 0xFE, 0x69,
    0xFE, 0x69, 0xFE, 0x69, 0xFE, 0x69, 0xFE, 0x69, 0xFE, 0x69, 0xFE, 0x69, 0xFE, 0x69, 0xFE, 0x69, 0xFE, 0x69, 0xFE,
    0x69, 0xFE, 0x69, 0xFE, 0x69, 0xFE, 0x69, 0xFE, 0x69, 0xFE, 0x69, 0xFE, 0x69, 0xFE, 0x69, 0xFE, 0x69, 0xFE, 0x69,
    0xFE, 0x69, 0xFE, 0x69, 0xFE, 0x69, 0xFE, 0x69, 0xFE, 0x69, 0xFE, 0x69, 0xFE, 0x69, 0xFE, 0x69, 0xFE, 0x69, 0xFE,
    0x69, 0xFE, 0x69, 0xFE, 0x69, 0xFE, 0x69, 0xFE, 0x69, 0xFE, 0x69, 0xFE, 0x69, 0xFE, 0x69, 0xFE, 0x69, 0xFE, 0x69,
    0xFE, 0x69, 0xFE, 0x69, 0xFE, 0x69, 0xFE, 0x69, 0xFE, 0x69, 0xFE, 0x69, 0xFE, 0x69, 0xFE, 0x69, 0xFE, 0x69, 0xFE,
    0x69, 0xFE, 0x69, 0xFE, 0x69, 0xFE, 0x69, 0xFE, 0x69, 0xFE, 0x69, 0xFE, 0x69, 0xFE, 0x69, 0xFE, 0x69, 0xFE, 0x69,
    0xFE, 0x69, 0xFE, 0x69, 0xFE, 0x69, 0xFE, 0x69, 0xFE, 0x69, 0xFE, 0x69, 0xFE, 0x69, 0xFE, 0x69, 0xFE, 0x69, 0xFE,
    0x69, 0xFE, 0x69, 0xFE, 0x69, 0xFE, 0x7D, 0x5D, 0x7D, 0x5D, 0x7D, 0x5D, 0x7D, 0x5D, 0x7D, 0x5D, 0x7D, 0x5D, 0x7D,
    0x5D, 0x7D, 0x5D, 0x7D, 0x5D, 0x7D, 0x5D, 0x7D, 0x5D, 0x7D, 0x5D, 0x7D, 0x5D, 0x7D, 0x5D, 0x7D, 0x5D, 0x7D, 0x5D,
    0x7D, 0x5D, 0x7D, 0x5D, 0x7D, 0x5D, 0x7D, 0x5D, 0x7D, 0x5D, 0x7D, 0x5D, 0x7D, 0x5D, 0x7D, 0x5D, 0x7D, 0x5D, 0x7D,
    0x5D, 0x7D, 0x5D, 0x7D, 0x5D, 0x7D, 0x5D, 0x7D, 0x5D, 0x7D, 0x5D, 0x7D, 0x5D, 0x7D, 0x5D, 0x7D, 0x5D, 0x7D, 0x5D,
    0x7D, 0x5D, 0x7D, 0x5D, 0x7D, 0x5D, 0x7D, 0x5D, 0x7D, 0x5D, 0x7D, 0x5D, 0x7D, 0x5D, 0x7D, 0x5D, 0x7D, 0x5D, 0x7D,
    0x5D, 0x7D, 0x5D, 0x7D, 0x5D, 0x7D, 0x5D, 0x7D, 0x5D, 0x7D, 0x5D, 0x7D, 0x5D, 0x7D, 0x5D, 0x7D, 0x5D, 0x7D, 0x5D,
    0x7D, 0x5D, 0x7D, 0x5D, 0x7D, 0x5D, 0x7D, 0x5D, 0x7D, 0x5D, 0x7D, 0x5D, 0x7D, 0x5D, 0x7D, 0x5D, 0x7D, 0x5D, 0x7D,
    0x5D, 0x7D, 0x5D, 0x7D, 0x5D, 0x89, 0x43, 0x89, 0x43, 0x89, 0x43, 0x89, 0x43, 0x89, 0x43, 0x89, 0x43, 0x89, 0x43,
    0x89, 0x43, 0x89, 0x43, 0x89, 0x43, 0x89, 0x43, 0x89, 0x43, 0x89, 0x43, 0x89, 0x43, 0x69, 0xFE, 0x69, 0xFE, 0x69,
    0xFE, 0x69, 0xFE, 0x69, 0xFE, 0x69, 0xFE, 0x69, 0xFE, 0x69, 0xFE, 0x69, 0xFE, 0x69, 0xFE, 0x69, 0xFE, 0x69, 0xFE,
    0x69, 0xFE, 0x69, 0xFE, 0x69, 0xFE, 0x69, 0xFE, 0x69, 0xFE, 0x69, 0xFE, 0x69, 0xFE, 0x69, 0xFE, 0x69, 0xFE, 0x69,
    0xFE, 0x69, 0xFE, 0x69, 0xFE, 0x69, 0xFE, 0x69, 0xFE, 0x69, 0xFE, 0x69, 0xFE, 0x69, 0xFE, 0x69, 0xFE, 0x69, 0xFE,
    0x69, 0xFE, 0x69, 0xFE, 0x69, 0xFE, 0x69, 0xFE, 0x69, 0xFE, 0x69, 0xFE, 0x69, 0xFE, 0x69, 0xFE, 0x69, 0xFE, 0x69,
    0xFE, 0x69, 0xFE, 0x69, 0xFE, 0x69, 0xFE, 0x69, 0xFE, 0x69, 0xFE, 0x69, 0xFE, 0x69, 0xFE, 0x69, 0xFE, 0x69, 0xFE,
    0x69, 0xFE, 0x69, 0xFE, 0x69, 0xFE, 0x69, 0xFE, 0x69, 0xFE, 0x69, 0xFE, 0x69, 0xFE, 0x69, 0xFE, 0x69, 0xFE, 0x69,
    0xFE, 0x69, 0xFE, 0x69, 0xFE, 0x69, 0xFE, 0x69, 0xFE, 0x69, 0xFE, 0x69, 0xFE, 0x69, 0xFE, 0x69, 0xFE, 0x69, 0xFE,
    0x69, 0xFE, 0x69, 0xFE, 0x69, 0xFE, 0x69, 0xFE, 0x69, 0xFE, 0x69, 0xFE, 0x69, 0xFE, 0x69, 0xFE, 0x69, 0xFE, 0x69,
    0xFE, 0x69, 0xFE, 0x69, 0xFE, 0x69, 0xFE, 0x69, 0xFE, 0x69, 0xFE, 0x69, 0xFE, 0x69, 0xFE, 0x69, 0xFE, 0x69, 0xFE,
    0x69, 0xFE, 0x69, 0xFE, 0x69, 0xFE, 0x69, 0xFE, 0x69, 0xFE, 0x69, 0xFE, 0x69, 0xFE, 0x69, 0xFE, 0x69, 0xFE, 0x69,
    0xFE, 0x69, 0xFE, 0x69, 0xFE, 0x69, 0xFE, 0x69, 0xFE, 0x69, 0xFE, 0x69, 0xFE, 0x69, 0xFE, 0x69, 0xFE, 0x69, 0xFE,
    0x69, 0xFE, 0x69, 0xFE, 0x69, 0xFE, 0x69, 0xFE, 0x69, 0xFE, 0x69, 0xFE, 0x69, 0xFE, 0x69, 0xFE, 0x69, 0xFE, 0x69,
    0xFE, 0x69, 0xFE, 0x69, 0xFE, 0x69, 0xFE, 0x69, 0xFE, 0x69, 0xFE, 0x69, 0xFE, 0x69, 0xFE, 0x69, 0xFE, 0x69, 0xFE,
    0x69, 0xFE, 0x69, 0xFE, 0x69, 0xFE, 0x69, 0xFE, 0x69, 0xFE, 0x69, 0xFE, 0x69, 0xFE, 0x69, 0xFE, 0x69, 0xFE, 0x69,
    0xFE, 0x69, 0xFE, 0x69, 0xFE, 0x69, 0xFE, 0x69, 0xFE, 0x69, 0xFE, 0x69, 0xFE, 0x69, 0xFE, 0x69, 0xFE, 0x69, 0xFE,
    0x69, 0xFE, 0x69, 0xFE, 0x69, 0xFE, 0x69, 0xFE, 0x69, 0xFE, 0x69, 0xFE, 0x69, 0xFE, 0x69, 0xFE, 0x69, 0xFE, 0x69,
    0xFE, 0x69, 0xFE, 0x69, 0xFE, 0x69, 0xFE, 0x69, 0xFE, 0x69, 0xFE, 0x7D, 0x5D, 0x7D, 0x5D, 0x7D, 0x5D, 0x7D, 0x5D,
    0x7D, 0x5D, 0x7D, 0x5D, 0x7D, 0x5D, 0x7D, 0x5D, 0x7D, 0x5D, 0x7D, 0x5D, 0x7D, 0x5D, 0x7D, 0x5D, 0x7D, 0x5D, 0x7D,
    0x5D, 0x7D, 0x5D, 0x7D, 0x5D, 0x7D, 0x5D, 0x7D, 0x5D, 0x7D, 0x5D, 0x7D, 0x5D, 0x7D, 0x5D, 0x7D, 0x5D, 0x7D, 0x5D,
    0x7D, 0x5D, 0x7D, 0x5D, 0x7D, 0x5D, 0x7D, 0x5D, 0x7D, 0x5D, 0x7D, 0x5D, 0x7D, 0x5D, 0x7D, 0x5D, 0x7D, 0x5D, 0x7D,
    0x5D, 0x7D, 0x5D, 0x7D, 0x5D, 0x7D, 0x5D, 0x7D, 0x5D, 0x7D, 0x5D, 0x7D, 0x5D, 0x7D, 0x5D, 0x7D, 0x5D, 0x7D, 0x5D,
    0x7D, 0x5D, 0x7D, 0x5D, 0x7D, 0x5D, 0x7D, 0x5D, 0x7D, 0x5D, 0x7D, 0x5D, 0x7D, 0x5D, 0x7D, 0x5D, 0x7D, 0x5D, 0x7D,
    0x5D, 0x7D, 0x5D, 0x7D, 0x5D, 0x7D, 0x5D, 0x7D, 0x5D, 0x7D, 0x5D, 0x7D, 0x5D, 0x7D, 0x5D, 0x7D, 0x5D, 0x7D, 0x5D,
    0x7D, 0x5D, 0x7D, 0x5D, 0x7D, 0x5D, 0x7D, 0x5D, 0x7D, 0x5D, 0x89, 0x43, 0x89, 0x43, 0x89, 0x43, 0x89, 0x43, 0x89,
    0x43, 0x89, 0x43, 0x89, 0x43, 0x89, 0x43, 0x89, 0x43, 0x89, 0x43, 0x89, 0x43, 0x89, 0x43, 0x89, 0x43, 0x89, 0x43,
    0x69, 0xFE, 0x69, 0xFE, 0x69, 0xFE, 0x69, 0xFE, 0x69, 0xFE, 0x69, 0xFE, 0x69, 0xFE, 0x69, 0xFE, 0x69, 0xFE, 0x69,
    0xFE, 0x69, 0xFE, 0x69, 0xFE, 0x69, 0xFE, 0x69, 0xFE, 0x69, 0xFE, 0x69, 0xFE, 0x69, 0xFE, 0x69, 0xFE, 0x69, 0xFE,
    0x69, 0xFE, 0x69, 0xFE, 0x69, 0xFE, 0x69, 0xFE, 0x69, 0xFE, 0x69, 0xFE, 0x69, 0xFE, 0x69, 0xFE, 0x69, 0xFE, 0x69,
    0xFE, 0x69, 0xFE, 0x69, 0xFE, 0x69, 0xFE, 0x69, 0xFE, 0x69, 0xFE, 0x69, 0xFE, 0x69, 0xFE, 0x69, 0xFE, 0x69, 0xFE,
    0x69, 0xFE, 0x69, 0xFE, 0x69, 0xFE, 0x69, 0xFE, 0x69, 0xFE, 0x69, 0xFE, 0x69, 0xFE, 0x69, 0xFE, 0x69, 0xFE, 0x69,
    0xFE, 0x69, 0xFE, 0x69, 0xFE, 0x69, 0xFE, 0x69, 0xFE, 0x69, 0xFE, 0x69, 0xFE, 0x69, 0xFE, 0x69, 0xFE, 0x69, 0xFE,
    0x69, 0xFE, 0x69, 0xFE, 0x69, 0xFE, 0x69, 0xFE, 0x69, 0xFE, 0x69, 0xFE, 0x69, 0xFE, 0x69, 0xFE, 0x69, 0xFE, 0x69,
    0xFE, 0x69, 0xFE, 0x69, 0xFE, 0x69, 0xFE, 0x69, 0xFE, 0x69, 0xFE, 0x69, 0xFE, 0x69, 0xFE, 0x69, 0xFE, 0x69, 0xFE,
    0x69, 0xFE, 0x69, 0xFE, 0x69, 0xFE, 0x69, 0xFE, 0x69, 0xFE, 0x69, 0xFE, 0x69, 0xFE, 0x69, 0xFE, 0x69, 0xFE, 0x69,
    0xFE, 0x69, 0xFE, 0x69, 0xFE, 0x69, 0xFE, 0x69, 0xFE, 0x69, 0xFE, 0x69, 0xFE, 0x69, 0xFE, 0x69, 0xFE, 0x69, 0xFE,
    0x69, 0xFE, 0x69, 0xFE, 0x69, 0xFE, 0x69, 0xFE, 0x69, 0xFE, 0x69, 0xFE, 0x69, 0xFE, 0x69, 0xFE, 0x69, 0xFE, 0x69,
    0xFE, 0x69, 0xFE, 0x69, 0xFE, 0x69, 0xFE, 0x69, 0xFE, 0x69, 0xFE, 0x69, 0xFE, 0x69, 0xFE, 0x69, 0xFE, 0x69, 0xFE,
    0x69, 0xFE, 0x69, 0xFE, 0x69, 0xFE, 0x69, 0xFE, 0x69, 0xFE, 0x69, 0xFE, 0x69, 0xFE, 0x69, 0xFE, 0x69, 0xFE, 0x69,
    0xFE, 0x69, 0xFE, 0x69, 0xFE, 0x69, 0xFE, 0x69, 0xFE, 0x69, 0xFE, 0x69, 0xFE, 0x69, 0xFE, 0x69, 0xFE, 0x69, 0xFE,
    0x69, 0xFE, 0x69, 0xFE, 0x69, 0xFE, 0x69, 0xFE, 0x69, 0xFE, 0x69, 0xFE, 0x69, 0xFE, 0x69, 0xFE, 0x69, 0xFE, 0x69,
    0xFE, 0x69, 0xFE, 0x69, 0xFE, 0x69, 0xFE, 0x69, 0xFE, 0x69, 0xFE, 0x69, 0xFE, 0x69, 0xFE, 0x69, 0xFE, 0x69, 0xFE,
    0x69, 0xFE, 0x69, 0xFE, 0x69, 0xFE, 0x69, 0xFE, 0x69, 0xFE, 0x69, 0xFE, 0x69, 0xFE, 0x69, 0xFE, 0x7D, 0x5D, 0x7D,
    0x5D, 0x7D, 0x5D, 0x7D, 0x5D, 0x7D, 0x5D, 0x7D, 0x5D, 0x7D, 0x5D, 0x7D, 0x5D, 0x7D, 0x5D, 0x7D, 0x5D, 0x7D, 0x5D,
    0x7D, 0x5D, 0x7D, 0x5D, 0x7D, 0x5D, 0x7D, 0x5D, 0x7D, 0x5D, 0x7D, 0x5D, 0x7D, 0x5D, 0x7D, 0x5D, 0x7D, 0x5D, 0x7D,
    0x5D, 0x7D, 0x5D, 0x7D, 0x5D, 0x7D, 0x5D, 0x7D, 0x5D, 0x7D, 0x5D, 0x7D, 0x5D, 0x7D, 0x5D, 0x7D, 0x5D, 0x7D, 0x5D,
    0x7D, 0x5D, 0x7D, 0x5D, 0x7D, 0x5D, 0x7D, 0x5D, 0x7D, 0x5D, 0x7D, 0x5D, 0x7D, 0x5D, 0x7D, 0x5D, 0x7D, 0x5D, 0x7D,
    0x5D, 0x7D, 0x5D, 0x7D, 0x5D, 0x7D, 0x5D, 0x7D, 0x5D, 0x7D, 0x5D, 0x7D, 0x5D, 0x7D, 0x5D, 0x7D, 0x5D, 0x7D, 0x5D,
    0x7D, 0x5D, 0x7D, 0x5D, 0x7D, 0x5D, 0x7D, 0x5D, 0x7D, 0x5D, 0x7D, 0x5D, 0x7D, 0x5D, 0x7D, 0x5D, 0x7D, 0x5D, 0x7D,
    0x5D, 0x7D, 0x5D, 0x7D, 0x5D, 0x7D, 0x5D, 0x7D, 0x5D, 0x7D, 0x5D, 0x7D, 0x5D, 0x7D, 0x5D, 0x89, 0x43, 0x89, 0x43,
    0x89, 0x43, 0x89, 0x43, 0x89, 0x43, 0x89, 0x43, 0x89, 0x43, 0x89, 0x43, 0x89, 0x43, 0x89, 0x43, 0x89, 0x43, 0x89,
    0x43, 0x89, 0x43, 0x89, 0x43, 0x69, 0xFE, 0x69, 0xFE, 0x69, 0xFE, 0x69, 0xFE, 0x69, 0xFE, 0x69, 0xFE, 0x69, 0xFE,
    0x69, 0xFE, 0x69, 0xFE, 0x69, 0xFE, 0x69, 0xFE, 0x69, 0xFE, 0x69, 0xFE, 0x69, 0xFE, 0x69, 0xFE, 0x69, 0xFE, 0x69,
    0xFE, 0x69, 0xFE, 0x69, 0xFE, 0x69, 0xFE, 0x69, 0xFE, 0x69, 0xFE, 0x69, 0xFE, 0x69, 0xFE, 0x69, 0xFE, 0x69, 0xFE,
    0x69, 0xFE, 0x69, 0xFE, 0x69, 0xFE, 0x69, 0xFE, 0x69, 0xFE, 0x69, 0xFE, 0x69, 0xFE, 0x69, 0xFE, 0x69, 0xFE, 0x69,
    0xFE, 0x69, 0xFE, 0x69, 0xFE, 0x69, 0xFE, 0x69, 0xFE, 0x69, 0xFE, 0x69, 0xFE, 0x69, 0xFE, 0x69, 0xFE, 0x69, 0xFE,
    0x69, 0xFE, 0x69, 0xFE, 0x69, 0xFE, 0x69, 0xFE, 0x69, 0xFE, 0x69, 0xFE, 0x69, 0xFE, 0x69, 0xFE, 0x69, 0xFE, 0x69,
    0xFE, 0x69, 0xFE, 0x69, 0xFE, 0x69, 0xFE, 0x69, 0xFE, 0x69, 0xFE, 0x69, 0xFE, 0x69, 0xFE, 0x69, 0xFE, 0x69, 0xFE,
    0x69, 0xFE, 0x69, 0xFE, 0x69, 0xFE, 0x69, 0xFE, 0x69, 0xFE, 0x69, 0xFE, 0x69, 0xFE, 0x69, 0xFE, 0x69, 0xFE, 0x69,
    0xFE, 0x69, 0xFE, 0x69, 0xFE, 0x69, 0xFE, 0x69, 0xFE, 0x69, 0xFE, 0x69, 0xFE, 0x69, 0xFE, 0x69, 0xFE, 0x69, 0xFE,
    0x69, 0xFE, 0x69, 0xFE, 0x69, 0xFE, 0x69, 0xFE, 0x69, 0xFE, 0x69, 0xFE, 0x69, 0xFE, 0x69, 0xFE, 0x69, 0xFE, 0x69,
    0xFE, 0x69, 0xFE, 0x69, 0xFE, 0x69, 0xFE, 0x69, 0xFE, 0x69, 0xFE, 0x69, 0xFE, 0x69, 0xFE, 0x69, 0xFE, 0x69, 0xFE,
    0x69, 0xFE, 0x69, 0xFE, 0x69, 0xFE, 0x69, 0xFE, 0x69, 0xFE, 0x69, 0xFE, 0x69, 0xFE, 0x69, 0xFE, 0x69, 0xFE, 0x69,
    0xFE, 0x69, 0xFE, 0x69, 0xFE, 0x69, 0xFE, 0x69, 0xFE, 0x69, 0xFE, 0x69, 0xFE, 0x69, 0xFE, 0x69, 0xFE, 0x69, 0xFE,
    0x69, 0xFE, 0x69, 0xFE, 0x69, 0xFE, 0x69, 0xFE, 0x69, 0xFE, 0x69, 0xFE, 0x69, 0xFE, 0x69, 0xFE, 0x69, 0xFE, 0x69,
    0xFE, 0x69, 0xFE, 0x69, 0xFE, 0x69, 0xFE, 0x69, 0xFE, 0x69, 0xFE, 0x69, 0xFE, 0x69, 0xFE, 0x69, 0xFE, 0x69, 0xFE,
    0x69, 0xFE, 0x69, 0xFE, 0x69, 0xFE, 0x69, 0xFE, 0x69, 0xFE, 0x69, 0xFE, 0x69, 0xFE, 0x69, 0xFE, 0x69, 0xFE, 0x69,
    0xFE, 0x69, 0xFE, 0x69, 0xFE, 0x69, 0xFE, 0x69, 0xFE, 0x69, 0xFE, 0x69, 0xFE, 0x69, 0xFE, 0x69, 0xFE, 0x69, 0xFE,
    0x69, 0xFE, 0x7D, 0x5D, 0x7D, 0x5D, 0x7D, 0x5D, 0x7D, 0x5D, 0x7D, 0x5D, 0x7D, 0x5D, 0x7D, 0x5D, 0x7D, 0x5D, 0x7D,
    0x5D, 0x7D, 0x5D, 0x7D, 0x5D, 0x7D, 0x5D, 0x7D, 0x5D, 0x7D, 0x5D, 0x7D, 0x5D, 0x7D, 0x5D, 0x7D, 0x5D, 0x7D, 0x5D,
    0x7D, 0x5D, 0x7D, 0x5D, 0x7D, 0x5D, 0x7D, 0x5D, 0x7D, 0x5D, 0x7D, 0x5D, 0x7D, 0x5D, 0x7D, 0x5D, 0x7D, 0x5D, 0x7D,
    0x5D, 0x7D, 0x5D, 0x7D, 0x5D, 0x7D, 0x5D, 0x7D, 0x5D, 0x7D, 0x5D, 0x7D, 0x5D, 0x7D, 0x5D, 0x7D, 0x5D, 0x7D, 0x5D,
    0x7D, 0x5D, 0x7D, 0x5D, 0x7D, 0x5D, 0x7D, 0x5D, 0x7D, 0x5D, 0x7D, 0x5D, 0x7D, 0x5D, 0x7D, 0x5D, 0x7D, 0x5D, 0x7D,
    0x5D, 0x7D, 0x5D, 0x7D, 0x5D, 0x7D, 0x5D, 0x7D, 0x5D, 0x7D, 0x5D, 0x7D, 0x5D, 0x7D, 0x5D, 0x7D, 0x5D, 0x7D, 0x5D,
    0x7D, 0x5D, 0x7D, 0x5D, 0x7D, 0x5D, 0x7D, 0x5D, 0x7D, 0x5D, 0x7D, 0x5D, 0x7D, 0x5D, 0x7D, 0x5D, 0x7D, 0x5D, 0x7D,
    0x5D, 0x89, 0x43, 0x89, 0x43, 0x89, 0x43, 0x89, 0x43, 0x89, 0x43, 0x89, 0x43, 0x89, 0x43, 0x89, 0x43, 0x89, 0x43,
    0x89, 0x43, 0x89, 0x43, 0x89, 0x43, 0x89, 0x43, 0x89, 0x43, 0x69, 0xFE, 0x69, 0xFE, 0x69, 0xFE, 0x69, 0xFE, 0x69,
    0xFE, 0x69, 0xFE, 0x69, 0xFE, 0x69, 0xFE, 0x69, 0xFE, 0x69, 0xFE, 0x69, 0xFE, 0x69, 0xFE, 0x69, 0xFE, 0x69, 0xFE,
    0x69, 0xFE, 0x69, 0xFE, 0x69, 0xFE, 0x69, 0xFE, 0x69, 0xFE, 0x69, 0xFE, 0x69, 0xFE, 0x69, 0xFE, 0x69, 0xFE, 0x69,
    0xFE, 0x69, 0xFE, 0x69, 0xFE, 0x69, 0xFE, 0x69, 0xFE, 0x69, 0xFE, 0x69, 0xFE, 0x69, 0xFE, 0x69, 0xFE, 0x69, 0xFE,
    0x69, 0xFE, 0x69, 0xFE, 0x69, 0xFE, 0x69, 0xFE, 0x69, 0xFE, 0x69, 0xFE, 0x69, 0xFE, 0x69, 0xFE, 0x69, 0xFE, 0x69,
    0xFE, 0x69, 0xFE, 0x69, 0xFE, 0x69, 0xFE, 0x69, 0xFE, 0x69, 0xFE, 0x69, 0xFE, 0x69, 0xFE, 0x69, 0xFE, 0x69, 0xFE,
    0x69, 0xFE, 0x69, 0xFE, 0x69, 0xFE, 0x69, 0xFE, 0x69, 0xFE, 0x69, 0xFE, 0x69, 0xFE, 0x69, 0xFE, 0x69, 0xFE, 0x69,
    0xFE, 0x69, 0xFE, 0x69, 0xFE, 0x69, 0xFE, 0x69, 0xFE, 0x69, 0xFE, 0x69, 0xFE, 0x69, 0xFE, 0x69, 0xFE, 0x69, 0xFE,
    0x69, 0xFE, 0x69, 0xFE, 0x69, 0xFE, 0x69, 0xFE, 0x69, 0xFE, 0x69, 0xFE, 0x69, 0xFE, 0x69, 0xFE, 0x69, 0xFE, 0x69,
    0xFE, 0x69, 0xFE, 0x69, 0xFE, 0x69, 0xFE, 0x69, 0xFE, 0x69, 0xFE, 0x69, 0xFE, 0x69, 0xFE, 0x69, 0xFE, 0x69, 0xFE,
    0x69, 0xFE, 0x69, 0xFE, 0x69, 0xFE, 0x69, 0xFE, 0x69, 0xFE, 0x69, 0xFE, 0x69, 0xFE, 0x69, 0xFE, 0x69, 0xFE, 0x69,
    0xFE, 0x69, 0xFE, 0x69, 0xFE, 0x69, 0xFE, 0x69, 0xFE, 0x69, 0xFE, 0x69, 0xFE, 0x69, 0xFE, 0x69, 0xFE, 0x69, 0xFE,
    0x69, 0xFE, 0x69, 0xFE, 0x69, 0xFE, 0x69, 0xFE, 0x69, 0xFE, 0x69, 0xFE, 0x69, 0xFE, 0x69, 0xFE, 0x69, 0xFE, 0x69,
    0xFE, 0x69, 0xFE, 0x69, 0xFE, 0x69, 0xFE, 0x69, 0xFE, 0x69, 0xFE, 0x69, 0xFE, 0x69, 0xFE, 0x69, 0xFE, 0x69, 0xFE,
    0x69, 0xFE, 0x69, 0xFE, 0x69, 0xFE, 0x69, 0xFE, 0x69, 0xFE, 0x69, 0xFE, 0x69, 0xFE, 0x69, 0xFE, 0x69, 0xFE, 0x69,
    0xFE, 0x69, 0xFE, 0x69, 0xFE, 0x69, 0xFE, 0x69, 0xFE, 0x69, 0xFE, 0x69, 0xFE, 0x69, 0xFE, 0x69, 0xFE, 0x69, 0xFE,
    0x69, 0xFE, 0x69, 0xFE, 0x69, 0xFE, 0x69, 0xFE, 0x69, 0xFE, 0x69, 0xFE, 0x69, 0xFE, 0x69, 0xFE, 0x69, 0xFE, 0x69,
    0xFE, 0x69, 0xFE, 0x69, 0xFE, 0x69, 0xFE, 0x7D, 0x5D, 0x7D, 0x5D, 0x7D, 0x5D, 0x7D, 0x5D, 0x7D, 0x5D, 0x7D, 0x5D,
    0x7D, 0x5D, 0x7D, 0x5D, 0x7D, 0x5D, 0x7D, 0x5D, 0x7D, 0x5D, 0x7D, 0x5D, 0x7D, 0x5D, 0x7D, 0x5D, 0x7D, 0x5D, 0x7D,
    0x5D, 0x7D, 0x5D, 0x7D, 0x5D, 0x7D, 0x5D, 0x7D, 0x5D, 0x7D, 0x5D, 0x7D, 0x5D, 0x7D, 0x5D, 0x7D, 0x5D, 0x7D, 0x5D,
    0x7D, 0x5D, 0x7D, 0x5D, 0x7D, 0x5D, 0x7D, 0x5D, 0x7D, 0x5D, 0x7D, 0x5D, 0x7D, 0x5D, 0x7D, 0x5D, 0x7D, 0x5D, 0x7D,
    0x5D, 0x7D, 0x5D, 0x7D, 0x5D, 0x7D, 0x5D, 0x7D, 0x5D, 0x7D, 0x5D, 0x7D, 0x5D, 0x7D, 0x5D, 0x7D, 0x5D, 0x7D, 0x5D,
    0x7D, 0x5D, 0x7D, 0x5D, 0x7D, 0x5D, 0x7D, 0x5D, 0x7D, 0x5D, 0x7D, 0x5D, 0x7D, 0x5D, 0x7D, 0x5D, 0x7D, 0x5D, 0x7D,
    0x5D, 0x7D, 0x5D, 0x7D, 0x5D, 0x7D, 0x5D, 0x7D, 0x5D, 0x7D, 0x5D, 0x7D, 0x5D, 0x7D, 0x5D, 0x7D, 0x5D, 0x7D, 0x5D,
    0x7D, 0x5D, 0x7D, 0x5D, 0x7D, 0x5D, 0x89, 0x43, 0x89, 0x43, 0x89, 0x43, 0x89, 0x43, 0x89, 0x43, 0x89, 0x43, 0x89,
    0x43, 0x89, 0x43, 0x89, 0x43, 0x89, 0x43, 0x69, 0xFE, 0x69, 0xFE, 0x69, 0xFE, 0x69, 0xFE, 0x69, 0xFE, 0x69, 0xFE,
    0x69, 0xFE, 0x69, 0xFE, 0x69, 0xFE, 0x69, 0xFE, 0x69, 0xFE, 0x69, 0xFE, 0x69, 0xFE, 0x69, 0xFE, 0x69, 0xFE, 0x69,
    0xFE, 0x69, 0xFE, 0x69, 0xFE, 0x69, 0xFE, 0x69, 0xFE, 0x69, 0xFE, 0x69, 0xFE, 0x69, 0xFE, 0x69, 0xFE, 0x69, 0xFE,
    0x69, 0xFE, 0x69, 0xFE, 0x69, 0xFE, 0x69, 0xFE, 0x69, 0xFE, 0x69, 0xFE, 0x69, 0xFE, 0x69, 0xFE, 0x69, 0xFE, 0x69,
    0xFE, 0x69, 0xFE, 0x69, 0xFE, 0x69, 0xFE, 0x69, 0xFE, 0x69, 0xFE, 0x69, 0xFE, 0x69, 0xFE, 0x69, 0xFE, 0x69, 0xFE,
    0x69, 0xFE, 0x69, 0xFE, 0x69, 0xFE, 0x69, 0xFE, 0x69, 0xFE, 0x69, 0xFE, 0x69, 0xFE, 0x69, 0xFE, 0x69, 0xFE, 0x69,
    0xFE, 0x69, 0xFE, 0x69, 0xFE, 0x69, 0xFE, 0x69, 0xFE, 0x69, 0xFE, 0x69, 0xFE, 0x69, 0xFE, 0x69, 0xFE, 0x69, 0xFE,
    0x69, 0xFE, 0x69, 0xFE, 0x69, 0xFE, 0x69, 0xFE, 0x69, 0xFE, 0x69, 0xFE, 0x69, 0xFE, 0x69, 0xFE, 0x69, 0xFE, 0x69,
    0xFE, 0x69, 0xFE, 0x69, 0xFE, 0x69, 0xFE, 0x69, 0xFE, 0x69, 0xFE, 0x69, 0xFE, 0x69, 0xFE, 0x69, 0xFE, 0x69, 0xFE,
    0x69, 0xFE, 0x69, 0xFE, 0x69, 0xFE, 0x69, 0xFE, 0x69, 0xFE, 0x69, 0xFE, 0x69, 0xFE, 0x69, 0xFE, 0x69, 0xFE, 0x69,
    0xFE, 0x69, 0xFE, 0x69, 0xFE, 0x69, 0xFE, 0x69, 0xFE, 0x69, 0xFE, 0x69, 0xFE, 0x69, 0xFE, 0x69, 0xFE, 0x69, 0xFE,
    0x69, 0xFE, 0x69, 0xFE, 0x69, 0xFE, 0x69, 0xFE, 0x69, 0xFE, 0x69, 0xFE, 0x69, 0xFE, 0x69, 0xFE, 0x69, 0xFE, 0x69,
    0xFE, 0x69, 0xFE, 0x69, 0xFE, 0x69, 0xFE, 0x69, 0xFE, 0x69, 0xFE, 0x69, 0xFE, 0x69, 0xFE, 0x69, 0xFE, 0x69, 0xFE,
    0x69, 0xFE, 0x69, 0xFE, 0x69, 0xFE, 0x69, 0xFE, 0x69, 0xFE, 0x69, 0xFE, 0x69, 0xFE, 0x69, 0xFE, 0x69, 0xFE, 0x69,
    0xFE, 0x69, 0xFE, 0x69, 0xFE, 0x69, 0xFE, 0x69, 0xFE, 0x69, 0xFE, 0x69, 0xFE, 0x69, 0xFE, 0x69, 0xFE, 0x69, 0xFE,
    0x69, 0xFE, 0x69, 0xFE, 0x69, 0xFE, 0x69, 0xFE, 0x69, 0xFE, 0x69, 0xFE, 0x69, 0xFE, 0x69, 0xFE, 0x69, 0xFE, 0x69,
    0xFE, 0x69, 0xFE, 0x69, 0xFE, 0x69, 0xFE, 0x69, 0xFE, 0x69, 0xFE, 0x69, 0xFE, 0x69, 0xFE, 0x69, 0xFE, 0x69, 0xFE,
    0x69, 0xFE, 0x69, 0xFE, 0x69, 0xFE, 0x69, 0xFE, 0x69, 0xFE, 0x69, 0xFE, 0x99, 0x7D, 0x99, 0x7D, 0x99, 0x7D, 0x7D,
    0x5D, 0x7D, 0x5D, 0x7D, 0x5D, 0x7D, 0x5D, 0x7D, 0x5D, 0x7D, 0x5D, 0x7D, 0x5D, 0x7D, 0x5D, 0x7D, 0x5D, 0x7D, 0x5D,
    0x7D, 0x5D, 0x7D, 0x5D, 0x7D, 0x5D, 0x7D, 0x5D, 0x7D, 0x5D, 0x7D, 0x5D, 0x7D, 0x5D, 0x7D, 0x5D, 0x7D, 0x5D, 0x7D,
    0x5D, 0x7D, 0x5D, 0x7D, 0x5D, 0x7D, 0x5D, 0x7D, 0x5D, 0x7D, 0x5D, 0x7D, 0x5D, 0x7D, 0x5D, 0x7D, 0x5D, 0x7D, 0x5D,
    0x7D, 0x5D, 0x7D, 0x5D, 0x7D, 0x5D, 0x7D, 0x5D, 0x7D, 0x5D, 0x7D, 0x5D, 0x7D, 0x5D, 0x7D, 0x5D, 0x7D, 0x5D, 0x7D,
    0x5D, 0x7D, 0x5D, 0x7D, 0x5D, 0x7D, 0x5D, 0x7D, 0x5D, 0x7D, 0x5D, 0x7D, 0x5D, 0x7D, 0x5D, 0x7D, 0x5D, 0x7D, 0x5D,
    0x7D, 0x5D, 0x7D, 0x5D, 0x7D, 0x5D, 0x7D, 0x5D, 0x7D, 0x5D, 0x7D, 0x5D, 0x7D, 0x5D, 0x7D, 0x5D, 0x7D, 0x5D, 0x7D,
    0x5D, 0x7D, 0x5D, 0x7D, 0x5D, 0x99, 0x7D, 0x99, 0x7D, 0x99, 0x7D, 0x69, 0xFE, 0x69, 0xFE, 0x69, 0xFE, 0x69, 0xFE,
    0x89, 0x43, 0x89, 0x43, 0x89, 0x43, 0x89, 0x43, 0x89, 0x43, 0x89, 0x43, 0x69, 0xFE, 0x69, 0xFE, 0x69, 0xFE, 0x69,
    0xFE, 0x69, 0xFE, 0x69, 0xFE, 0x69, 0xFE, 0x69, 0xFE, 0x69, 0xFE, 0x69, 0xFE, 0x69, 0xFE, 0x69, 0xFE, 0x69, 0xFE,
    0x69, 0xFE, 0x69, 0xFE, 0x69, 0xFE, 0x69, 0xFE, 0x69, 0xFE, 0x69, 0xFE, 0x69, 0xFE, 0x69, 0xFE, 0x69, 0xFE, 0x69,
    0xFE, 0x69, 0xFE, 0x69, 0xFE, 0x69, 0xFE, 0x69, 0xFE, 0x69, 0xFE, 0x69, 0xFE, 0x69, 0xFE, 0x69, 0xFE, 0x69, 0xFE,
    0x69, 0xFE, 0x69, 0xFE, 0x69, 0xFE, 0x69, 0xFE, 0x69, 0xFE, 0x69, 0xFE, 0x69, 0xFE, 0x69, 0xFE, 0x69, 0xFE, 0x69,
    0xFE, 0x69, 0xFE, 0x69, 0xFE, 0x69, 0xFE, 0x69, 0xFE, 0x69, 0xFE, 0x69, 0xFE, 0x69, 0xFE, 0x69, 0xFE, 0x69, 0xFE,
    0x69, 0xFE, 0x69, 0xFE, 0x69, 0xFE, 0x69, 0xFE, 0x69, 0xFE, 0x69, 0xFE, 0x69, 0xFE, 0x69, 0xFE, 0x69, 0xFE, 0x69,
    0xFE, 0x69, 0xFE, 0x69, 0xFE, 0x69, 0xFE, 0x69, 0xFE, 0x69, 0xFE, 0x69, 0xFE, 0x69, 0xFE, 0x69, 0xFE, 0x69, 0xFE,
    0x69, 0xFE, 0x69, 0xFE, 0x69, 0xFE, 0x69, 0xFE, 0x69, 0xFE, 0x69, 0xFE, 0x69, 0xFE, 0x69, 0xFE, 0x69, 0xFE, 0x69,
    0xFE, 0x69, 0xFE, 0x69, 0xFE, 0x69, 0xFE, 0x69, 0xFE, 0x69, 0xFE, 0x69, 0xFE, 0x69, 0xFE, 0x69, 0xFE, 0x69, 0xFE,
    0x69, 0xFE, 0x69, 0xFE, 0x69, 0xFE, 0x69, 0xFE, 0x69, 0xFE, 0x69, 0xFE, 0x69, 0xFE, 0x69, 0xFE, 0x69, 0xFE, 0x69,
    0xFE, 0x69, 0xFE, 0x69, 0xFE, 0x69, 0xFE, 0x69, 0xFE, 0x69, 0xFE, 0x69, 0xFE, 0x69, 0xFE, 0x69, 0xFE, 0x69, 0xFE,
    0x69, 0xFE, 0x69, 0xFE, 0x69, 0xFE, 0x69, 0xFE, 0x69, 0xFE, 0x69, 0xFE, 0x69, 0xFE, 0x69, 0xFE, 0x69, 0xFE, 0x69,
    0xFE, 0x69, 0xFE, 0x69, 0xFE, 0x69, 0xFE, 0x69, 0xFE, 0x69, 0xFE, 0x69, 0xFE, 0x69, 0xFE, 0x69, 0xFE, 0x69, 0xFE,
    0x69, 0xFE, 0x69, 0xFE, 0x69, 0xFE, 0x69, 0xFE, 0x69, 0xFE, 0x69, 0xFE, 0x69, 0xFE, 0x69, 0xFE, 0x69, 0xFE, 0x69,
    0xFE, 0x69, 0xFE, 0x69, 0xFE, 0x69, 0xFE, 0x69, 0xFE, 0x69, 0xFE, 0x69, 0xFE, 0x69, 0xFE, 0x69, 0xFE, 0x69, 0xFE,
    0x69, 0xFE, 0x69, 0xFE, 0x69, 0xFE, 0x69, 0xFE, 0x69, 0xFE, 0x69, 0xFE, 0x69, 0xFE, 0x69, 0xFE, 0x69, 0xFE, 0x69,
    0xFE, 0x69, 0xFE, 0x69, 0xFE, 0x69, 0xFE, 0x69, 0xFE, 0x69, 0xFE, 0x69, 0xFE, 0x69, 0xFE, 0x69, 0xFE, 0x99, 0x7D,
    0x99, 0x7D, 0x99, 0x7D, 0x7D, 0x5D, 0x7D, 0x5D, 0x7D, 0x5D, 0x7D, 0x5D, 0x7D, 0x5D, 0x7D, 0x5D, 0x7D, 0x5D, 0x7D,
    0x5D, 0x7D, 0x5D, 0x7D, 0x5D, 0x7D, 0x5D, 0x7D, 0x5D, 0x7D, 0x5D, 0x7D, 0x5D, 0x7D, 0x5D, 0x7D, 0x5D, 0x7D, 0x5D,
    0x7D, 0x5D, 0x7D, 0x5D, 0x7D, 0x5D, 0x7D, 0x5D, 0x7D, 0x5D, 0x7D, 0x5D, 0x7D, 0x5D, 0x7D, 0x5D, 0x7D, 0x5D, 0x7D,
    0x5D, 0x7D, 0x5D, 0x7D, 0x5D, 0x7D, 0x5D, 0x7D, 0x5D, 0x7D, 0x5D, 0x7D, 0x5D, 0x7D, 0x5D, 0x7D, 0x5D, 0x7D, 0x5D,
    0x7D, 0x5D, 0x7D, 0x5D, 0x7D, 0x5D, 0x7D, 0x5D, 0x7D, 0x5D, 0x7D, 0x5D, 0x7D, 0x5D, 0x7D, 0x5D, 0x7D, 0x5D, 0x7D,
    0x5D, 0x7D, 0x5D, 0x7D, 0x5D, 0x7D, 0x5D, 0x7D, 0x5D, 0x7D, 0x5D, 0x7D, 0x5D, 0x7D, 0x5D, 0x7D, 0x5D, 0x7D, 0x5D,
    0x7D, 0x5D, 0x7D, 0x5D, 0x7D, 0x5D, 0x7D, 0x5D, 0x7D, 0x5D, 0x99, 0x7D, 0x99, 0x7D, 0x99, 0x7D, 0x69, 0xFE, 0x69,
    0xFE, 0x69, 0xFE, 0x69, 0xFE, 0x89, 0x43, 0x89, 0x43, 0x89, 0x43, 0x89, 0x43, 0x89, 0x43, 0x89, 0x43, 0x69, 0xFE,
    0x69, 0xFE, 0x69, 0xFE, 0x69, 0xFE, 0x69, 0xFE, 0x69, 0xFE, 0x69, 0xFE, 0x69, 0xFE, 0x69, 0xFE, 0x69, 0xFE, 0x69,
    0xFE, 0x69, 0xFE, 0x69, 0xFE, 0x69, 0xFE, 0x69, 0xFE, 0x69, 0xFE, 0x69, 0xFE, 0x69, 0xFE, 0x69, 0xFE, 0x69, 0xFE,
    0x69, 0xFE, 0x69, 0xFE, 0x69, 0xFE, 0x69, 0xFE, 0x69, 0xFE, 0x69, 0xFE, 0x69, 0xFE, 0x69, 0xFE, 0x69, 0xFE, 0x69,
    0xFE, 0x69, 0xFE, 0x69, 0xFE, 0x69, 0xFE, 0x69, 0xFE, 0x69, 0xFE, 0x69, 0xFE, 0x69, 0xFE, 0x69, 0xFE, 0x69, 0xFE,
    0x69, 0xFE, 0x69, 0xFE, 0x69, 0xFE, 0x69, 0xFE, 0x69, 0xFE, 0x69, 0xFE, 0x69, 0xFE, 0x69, 0xFE, 0x69, 0xFE, 0x69,
    0xFE, 0x69, 0xFE, 0x69, 0xFE, 0x69, 0xFE, 0x69, 0xFE, 0x69, 0xFE, 0x69, 0xFE, 0x69, 0xFE, 0x69, 0xFE, 0x69, 0xFE,
    0x69, 0xFE, 0x69, 0xFE, 0x69, 0xFE, 0x69, 0xFE, 0x69, 0xFE, 0x69, 0xFE, 0x69, 0xFE, 0x69, 0xFE, 0x69, 0xFE, 0x69,
    0xFE, 0x69, 0xFE, 0x69, 0xFE, 0x69, 0xFE, 0x69, 0xFE, 0x69, 0xFE, 0x69, 0xFE, 0x69, 0xFE, 0x69, 0xFE, 0x69, 0xFE,
    0x69, 0xFE, 0x69, 0xFE, 0x69, 0xFE, 0x69, 0xFE, 0x69, 0xFE, 0x69, 0xFE, 0x69, 0xFE, 0x69, 0xFE, 0x69, 0xFE, 0x69,
    0xFE, 0x69, 0xFE, 0x69, 0xFE, 0x69, 0xFE, 0x69, 0xFE, 0x69, 0xFE, 0x69, 0xFE, 0x69, 0xFE, 0x69, 0xFE, 0x69, 0xFE,
    0x69, 0xFE, 0x69, 0xFE, 0x69, 0xFE, 0x69, 0xFE, 0x69, 0xFE, 0x69, 0xFE, 0x69, 0xFE, 0x69, 0xFE, 0x69, 0xFE, 0x69,
    0xFE, 0x69, 0xFE, 0x69, 0xFE, 0x69, 0xFE, 0x69, 0xFE, 0x69, 0xFE, 0x69, 0xFE, 0x69, 0xFE, 0x69, 0xFE, 0x69, 0xFE,
    0x69, 0xFE, 0x69, 0xFE, 0x69, 0xFE, 0x69, 0xFE, 0x69, 0xFE, 0x69, 0xFE, 0x69, 0xFE, 0x69, 0xFE, 0x69, 0xFE, 0x69,
    0xFE, 0x69, 0xFE, 0x69, 0xFE, 0x69, 0xFE, 0x69, 0xFE, 0x69, 0xFE, 0x69, 0xFE, 0x69, 0xFE, 0x69, 0xFE, 0x69, 0xFE,
    0x69, 0xFE, 0x69, 0xFE, 0x69, 0xFE, 0x69, 0xFE, 0x69, 0xFE, 0x69, 0xFE, 0x69, 0xFE, 0x69, 0xFE, 0x69, 0xFE, 0x69,
    0xFE, 0x69, 0xFE, 0x69, 0xFE, 0x69, 0xFE, 0x69, 0xFE, 0x69, 0xFE, 0x69, 0xFE, 0x69, 0xFE, 0x69, 0xFE, 0x69, 0xFE,
    0x69, 0xFE, 0x69, 0xFE, 0x69, 0xFE, 0x69, 0xFE, 0x69, 0xFE, 0x69, 0xFE, 0x69, 0xFE, 0x69, 0xFE, 0x69, 0xFE, 0x69,
    0xFE, 0x69, 0xFE, 0x99, 0x7D, 0x99, 0x7D, 0x99, 0x7D, 0x7D, 0x5D, 0x7D, 0x5D, 0x7D, 0x5D, 0x7D, 0x5D, 0x7D, 0x5D,
    0x7D, 0x5D, 0x7D, 0x5D, 0x7D, 0x5D, 0x7D, 0x5D, 0x7D, 0x5D, 0x7D, 0x5D, 0x7D, 0x5D, 0x7D, 0x5D, 0x7D, 0x5D, 0x7D,
    0x5D, 0x7D, 0x5D, 0x7D, 0x5D, 0x7D, 0x5D, 0x7D, 0x5D, 0x7D, 0x5D, 0x7D, 0x5D, 0x7D, 0x5D, 0x7D, 0x5D, 0x7D, 0x5D,
    0x7D, 0x5D, 0x7D, 0x5D, 0x7D, 0x5D, 0x7D, 0x5D, 0x7D, 0x5D, 0x7D, 0x5D, 0x7D, 0x5D, 0x7D, 0x5D, 0x7D, 0x5D, 0x7D,
    0x5D, 0x7D, 0x5D, 0x7D, 0x5D, 0x7D, 0x5D, 0x7D, 0x5D, 0x7D, 0x5D, 0x7D, 0x5D, 0x7D, 0x5D, 0x7D, 0x5D, 0x7D, 0x5D,
    0x7D, 0x5D, 0x7D, 0x5D, 0x7D, 0x5D, 0x7D, 0x5D, 0x7D, 0x5D, 0x7D, 0x5D, 0x7D, 0x5D, 0x7D, 0x5D, 0x7D, 0x5D, 0x7D,
    0x5D, 0x7D, 0x5D, 0x7D, 0x5D, 0x7D, 0x5D, 0x7D, 0x5D, 0x7D, 0x5D, 0x7D, 0x5D, 0x7D, 0x5D, 0x99, 0x7D, 0x99, 0x7D,
    0x99, 0x7D, 0x69, 0xFE, 0x69, 0xFE, 0x69, 0xFE, 0x69, 0xFE, 0x89, 0x43, 0x89, 0x43, 0x89, 0x43, 0x89, 0x43, 0x89,
    0x43, 0x89, 0x43, 0x69, 0xFE, 0x69, 0xFE, 0x69, 0xFE, 0x69, 0xFE, 0x69, 0xFE, 0x69, 0xFE, 0x69, 0xFE, 0x69, 0xFE,
    0x69, 0xFE, 0x69, 0xFE, 0x69, 0xFE, 0x69, 0xFE, 0x69, 0xFE, 0x69, 0xFE, 0x69, 0xFE, 0x69, 0xFE, 0x69, 0xFE, 0x69,
    0xFE, 0x69, 0xFE, 0x69, 0xFE, 0x69, 0xFE, 0x69, 0xFE, 0x69, 0xFE, 0x69, 0xFE, 0x69, 0xFE, 0x69, 0xFE, 0x69, 0xFE,
    0x69, 0xFE, 0x69, 0xFE, 0x69, 0xFE, 0x69, 0xFE, 0x69, 0xFE, 0x69, 0xFE, 0x69, 0xFE, 0x69, 0xFE, 0x69, 0xFE, 0x69,
    0xFE, 0x69, 0xFE, 0x69, 0xFE, 0x69, 0xFE, 0x69, 0xFE, 0x69, 0xFE, 0x69, 0xFE, 0x69, 0xFE, 0x69, 0xFE, 0x69, 0xFE,
    0x69, 0xFE, 0x69, 0xFE, 0x69, 0xFE, 0x69, 0xFE, 0x69, 0xFE, 0x69, 0xFE, 0x69, 0xFE, 0x69, 0xFE, 0x69, 0xFE, 0x69,
    0xFE, 0x69, 0xFE, 0x69, 0xFE, 0x69, 0xFE, 0x69, 0xFE, 0x69, 0xFE, 0x69, 0xFE, 0x69, 0xFE, 0x69, 0xFE, 0x69, 0xFE,
    0x69, 0xFE, 0x69, 0xFE, 0x69, 0xFE, 0x69, 0xFE, 0x69, 0xFE, 0x69, 0xFE, 0x69, 0xFE, 0x69, 0xFE, 0x69, 0xFE, 0x69,
    0xFE, 0x69, 0xFE, 0x69, 0xFE, 0x69, 0xFE, 0x69, 0xFE, 0x69, 0xFE, 0x69, 0xFE, 0x69, 0xFE, 0x69, 0xFE, 0x69, 0xFE,
    0x69, 0xFE, 0x69, 0xFE, 0x69, 0xFE, 0x69, 0xFE, 0x69, 0xFE, 0x69, 0xFE, 0x69, 0xFE, 0x69, 0xFE, 0x69, 0xFE, 0x69,
    0xFE, 0x69, 0xFE, 0x69, 0xFE, 0x69, 0xFE, 0x69, 0xFE, 0x69, 0xFE, 0x69, 0xFE, 0x69, 0xFE, 0x69, 0xFE, 0x69, 0xFE,
    0x69, 0xFE, 0x69, 0xFE, 0x69, 0xFE, 0x69, 0xFE, 0x69, 0xFE, 0x69, 0xFE, 0x69, 0xFE, 0x69, 0xFE, 0x69, 0xFE, 0x69,
    0xFE, 0x69, 0xFE, 0x69, 0xFE, 0x69, 0xFE, 0x69, 0xFE, 0x69, 0xFE, 0x69, 0xFE, 0x69, 0xFE, 0x69, 0xFE, 0x69, 0xFE,
    0x69, 0xFE, 0x69, 0xFE, 0x69, 0xFE, 0x69, 0xFE, 0x69, 0xFE, 0x69, 0xFE, 0x69, 0xFE, 0x69, 0xFE, 0x69, 0xFE, 0x69,
    0xFE, 0x69, 0xFE, 0x69, 0xFE, 0x69, 0xFE, 0x69, 0xFE, 0x69, 0xFE, 0x69, 0xFE, 0x69, 0xFE, 0x69, 0xFE, 0x69, 0xFE,
    0x69, 0xFE, 0x69, 0xFE, 0x69, 0xFE, 0x69, 0xFE, 0x69, 0xFE, 0x69, 0xFE, 0x69, 0xFE, 0x69, 0xFE, 0x69, 0xFE, 0x69,
    0xFE, 0x69, 0xFE, 0x69, 0xFE, 0x69, 0xFE, 0x69, 0xFE, 0x69, 0xFE, 0x69, 0xFE, 0x69, 0xFE, 0x69, 0xFE, 0x69, 0xFE,
    0x69, 0xFE, 0x69, 0xFE, 0x69, 0xFE, 0x69, 0xFE, 0xD4, 0xA5, 0xD4, 0xA5, 0xD4, 0xA5, 0x7D, 0x5D, 0x7D, 0x5D, 0x7D,
    0x5D, 0x7D, 0x5D, 0x7D, 0x5D, 0x7D, 0x5D, 0x7D, 0x5D, 0x7D, 0x5D, 0x7D, 0x5D, 0x7D, 0x5D, 0x7D, 0x5D, 0x7D, 0x5D,
    0x7D, 0x5D, 0x7D, 0x5D, 0x7D, 0x5D, 0x7D, 0x5D, 0x7D, 0x5D, 0x7D, 0x5D, 0x7D, 0x5D, 0x7D, 0x5D, 0x7D, 0x5D, 0x7D,
    0x5D, 0x7D, 0x5D, 0x7D, 0x5D, 0x7D, 0x5D, 0x7D, 0x5D, 0x7D, 0x5D, 0x7D, 0x5D, 0x7D, 0x5D, 0x7D, 0x5D, 0x7D, 0x5D,
    0x7D, 0x5D, 0x7D, 0x5D, 0x7D, 0x5D, 0x7D, 0x5D, 0x7D, 0x5D, 0x7D, 0x5D, 0x7D, 0x5D, 0x7D, 0x5D, 0x7D, 0x5D, 0x7D,
    0x5D, 0x7D, 0x5D, 0x7D, 0x5D, 0x7D, 0x5D, 0x7D, 0x5D, 0x7D, 0x5D, 0x7D, 0x5D, 0x7D, 0x5D, 0x7D, 0x5D, 0x7D, 0x5D,
    0x7D, 0x5D, 0x7D, 0x5D, 0x7D, 0x5D, 0x7D, 0x5D, 0x7D, 0x5D, 0x7D, 0x5D, 0x7D, 0x5D, 0x7D, 0x5D, 0x7D, 0x5D, 0x7D,
    0x5D, 0xD4, 0xA5, 0xD4, 0xA5, 0xD4, 0xA5, 0x69, 0xFE, 0x69, 0xFE, 0x69, 0xFE, 0x69, 0xFE, 0x89, 0x43, 0x89, 0x43,
    0x89, 0x43, 0x89, 0x43, 0x89, 0x43, 0x89, 0x43, 0x69, 0xFE, 0x69, 0xFE, 0x69, 0xFE, 0x69, 0xFE, 0x69, 0xFE, 0x69,
    0xFE, 0x69, 0xFE, 0x69, 0xFE, 0x69, 0xFE, 0x69, 0xFE, 0x69, 0xFE, 0x69, 0xFE, 0x69, 0xFE, 0x69, 0xFE, 0x69, 0xFE,
    0x69, 0xFE, 0x69, 0xFE, 0x69, 0xFE, 0x69, 0xFE, 0x69, 0xFE, 0x69, 0xFE, 0x69, 0xFE, 0x69, 0xFE, 0x69, 0xFE, 0x69,
    0xFE, 0x69, 0xFE, 0x69, 0xFE, 0x69, 0xFE, 0x69, 0xFE, 0x69, 0xFE, 0x69, 0xFE, 0x69, 0xFE, 0x69, 0xFE, 0x69, 0xFE,
    0x69, 0xFE, 0x69, 0xFE, 0x69, 0xFE, 0x69, 0xFE, 0x69, 0xFE, 0x69, 0xFE, 0x69, 0xFE, 0x69, 0xFE, 0x69, 0xFE, 0x69,
    0xFE, 0x69, 0xFE, 0x69, 0xFE, 0x69, 0xFE, 0x69, 0xFE, 0x69, 0xFE, 0x69, 0xFE, 0x69, 0xFE, 0x69, 0xFE, 0x69, 0xFE,
    0x69, 0xFE, 0x69, 0xFE, 0x69, 0xFE, 0x69, 0xFE, 0x69, 0xFE, 0x69, 0xFE, 0x69, 0xFE, 0x69, 0xFE, 0x69, 0xFE, 0x69,
    0xFE, 0x69, 0xFE, 0x69, 0xFE, 0x69, 0xFE, 0x69, 0xFE, 0x69, 0xFE, 0x69, 0xFE, 0x69, 0xFE, 0x69, 0xFE, 0x69, 0xFE,
    0x69, 0xFE, 0x69, 0xFE, 0x69, 0xFE, 0x69, 0xFE, 0x69, 0xFE, 0x69, 0xFE, 0x69, 0xFE, 0x69, 0xFE, 0x69, 0xFE, 0x69,
    0xFE, 0x69, 0xFE, 0x69, 0xFE, 0x69, 0xFE, 0x69, 0xFE, 0x69, 0xFE, 0x69, 0xFE, 0x69, 0xFE, 0x69, 0xFE, 0x69, 0xFE,
    0x69, 0xFE, 0x69, 0xFE, 0x69, 0xFE, 0x69, 0xFE, 0x69, 0xFE, 0x69, 0xFE, 0x69, 0xFE, 0x69, 0xFE, 0x69, 0xFE, 0x69,
    0xFE, 0x69, 0xFE, 0x69, 0xFE, 0x69, 0xFE, 0x69, 0xFE, 0x69, 0xFE, 0x69, 0xFE, 0x69, 0xFE, 0x69, 0xFE, 0x69, 0xFE,
    0x69, 0xFE, 0x69, 0xFE, 0x69, 0xFE, 0x69, 0xFE, 0x69, 0xFE, 0x69, 0xFE, 0x69, 0xFE, 0x69, 0xFE, 0x69, 0xFE, 0x69,
    0xFE, 0x69, 0xFE, 0x69, 0xFE, 0x69, 0xFE, 0x69, 0xFE, 0x69, 0xFE, 0x69, 0xFE, 0x69, 0xFE, 0x69, 0xFE, 0x69, 0xFE,
    0x69, 0xFE, 0x69, 0xFE, 0x69, 0xFE, 0x69, 0xFE, 0x69, 0xFE, 0x69, 0xFE, 0x69, 0xFE, 0x69, 0xFE, 0x69, 0xFE, 0x69,
    0xFE, 0x69, 0xFE, 0x69, 0xFE, 0x69, 0xFE, 0x69, 0xFE, 0x69, 0xFE, 0x69, 0xFE, 0x69, 0xFE, 0x69, 0xFE, 0x69, 0xFE,
    0x69, 0xFE, 0x69, 0xFE, 0x69, 0xFE, 0x69, 0xFE, 0x69, 0xFE, 0x69, 0xFE, 0x69, 0xFE, 0x69, 0xFE, 0x69, 0xFE, 0x69,
    0xFE, 0x69, 0xFE, 0x69, 0xFE, 0x69, 0xFE, 0x69, 0xFE, 0x69, 0xFE, 0x69, 0xFE, 0xD4, 0xA5, 0xD4, 0xA5, 0xD4, 0xA5,
    0x7D, 0x5D, 0x7D, 0x5D, 0x7D, 0x5D, 0x7D, 0x5D, 0x7D, 0x5D, 0x7D, 0x5D, 0x7D, 0x5D, 0x7D, 0x5D, 0x7D, 0x5D, 0x7D,
    0x5D, 0x7D, 0x5D, 0x7D, 0x5D, 0x7D, 0x5D, 0x7D, 0x5D, 0x7D, 0x5D, 0x7D, 0x5D, 0x7D, 0x5D, 0x7D, 0x5D, 0x7D, 0x5D,
    0x7D, 0x5D, 0x7D, 0x5D, 0x7D, 0x5D, 0x7D, 0x5D, 0x7D, 0x5D, 0x7D, 0x5D, 0x7D, 0x5D, 0x7D, 0x5D, 0x7D, 0x5D, 0x7D,
    0x5D, 0x7D, 0x5D, 0x7D, 0x5D, 0x7D, 0x5D, 0x7D, 0x5D, 0x7D, 0x5D, 0x7D, 0x5D, 0x7D, 0x5D, 0x7D, 0x5D, 0x7D, 0x5D,
    0x7D, 0x5D, 0x7D, 0x5D, 0x7D, 0x5D, 0x7D, 0x5D, 0x7D, 0x5D, 0x7D, 0x5D, 0x7D, 0x5D, 0x7D, 0x5D, 0x7D, 0x5D, 0x7D,
    0x5D, 0x7D, 0x5D, 0x7D, 0x5D, 0x7D, 0x5D, 0x7D, 0x5D, 0x7D, 0x5D, 0x7D, 0x5D, 0x7D, 0x5D, 0x7D, 0x5D, 0x7D, 0x5D,
    0x7D, 0x5D, 0x7D, 0x5D, 0x7D, 0x5D, 0xD4, 0xA5, 0xD4, 0xA5, 0xD4, 0xA5, 0x69, 0xFE, 0x69, 0xFE, 0x69, 0xFE, 0x69,
    0xFE, 0x89, 0x43, 0x89, 0x43, 0x89, 0x43, 0x89, 0x43, 0x89, 0x43, 0x89, 0x43, 0x69, 0xFE, 0x69, 0xFE, 0x69, 0xFE,
    0x69, 0xFE, 0x69, 0xFE, 0x69, 0xFE, 0x69, 0xFE, 0x69, 0xFE, 0x69, 0xFE, 0x69, 0xFE, 0x69, 0xFE, 0x69, 0xFE, 0x69,
    0xFE, 0x69, 0xFE, 0x69, 0xFE, 0x69, 0xFE, 0x69, 0xFE, 0x69, 0xFE, 0x69, 0xFE, 0x69, 0xFE, 0x69, 0xFE, 0x69, 0xFE,
    0x69, 0xFE, 0x69, 0xFE, 0x69, 0xFE, 0x69, 0xFE, 0x69, 0xFE, 0x69, 0xFE, 0x69, 0xFE, 0x69, 0xFE, 0x69, 0xFE, 0x69,
    0xFE, 0x69, 0xFE, 0x69, 0xFE, 0x69, 0xFE, 0x69, 0xFE, 0x69, 0xFE, 0x69, 0xFE, 0x69, 0xFE, 0x69, 0xFE, 0x69, 0xFE,
    0x69, 0xFE, 0x69, 0xFE, 0x69, 0xFE, 0x69, 0xFE, 0x69, 0xFE, 0x69, 0xFE, 0x69, 0xFE, 0x69, 0xFE, 0x69, 0xFE, 0x69,
    0xFE, 0x69, 0xFE, 0x69, 0xFE, 0x69, 0xFE, 0x69, 0xFE, 0x69, 0xFE, 0x69, 0xFE, 0x69, 0xFE, 0x69, 0xFE, 0x69, 0xFE,
    0x69, 0xFE, 0x69, 0xFE, 0x69, 0xFE, 0x69, 0xFE, 0x69, 0xFE, 0x69, 0xFE, 0x69, 0xFE, 0x69, 0xFE, 0x69, 0xFE, 0x69,
    0xFE, 0x69, 0xFE, 0x69, 0xFE, 0x69, 0xFE, 0x69, 0xFE, 0x69, 0xFE, 0x69, 0xFE, 0x69, 0xFE, 0x69, 0xFE, 0x69, 0xFE,
    0x69, 0xFE, 0x69, 0xFE, 0x69, 0xFE, 0x69, 0xFE, 0x69, 0xFE, 0x69, 0xFE, 0x69, 0xFE, 0x69, 0xFE, 0x69, 0xFE, 0x69,
    0xFE, 0x69, 0xFE, 0x69, 0xFE, 0x69, 0xFE, 0x69, 0xFE, 0x69, 0xFE, 0x69, 0xFE, 0x69, 0xFE, 0x69, 0xFE, 0x69, 0xFE,
    0x69, 0xFE, 0x69, 0xFE, 0x69, 0xFE, 0x69, 0xFE, 0x69, 0xFE, 0x69, 0xFE, 0x69, 0xFE, 0x69, 0xFE, 0x69, 0xFE, 0x69,
    0xFE, 0x69, 0xFE, 0x69, 0xFE, 0x69, 0xFE, 0x69, 0xFE, 0x69, 0xFE, 0x69, 0xFE, 0x69, 0xFE, 0x69, 0xFE, 0x69, 0xFE,
    0x69, 0xFE, 0x69, 0xFE, 0x69, 0xFE, 0x69, 0xFE, 0x69, 0xFE, 0x69, 0xFE, 0x69, 0xFE, 0x69, 0xFE, 0x69, 0xFE, 0x69,
    0xFE, 0x69, 0xFE, 0x69, 0xFE, 0x69, 0xFE, 0x69, 0xFE, 0x69, 0xFE, 0x69, 0xFE, 0x69, 0xFE, 0x69, 0xFE, 0x69, 0xFE,
    0x69, 0xFE, 0x69, 0xFE, 0x69, 0xFE, 0x69, 0xFE, 0x69, 0xFE, 0x69, 0xFE, 0x69, 0xFE, 0x69, 0xFE, 0x69, 0xFE, 0x69,
    0xFE, 0x69, 0xFE, 0x69, 0xFE, 0x69, 0xFE, 0x69, 0xFE, 0x69, 0xFE, 0x69, 0xFE, 0x69, 0xFE, 0x69, 0xFE, 0x69, 0xFE,
    0x69, 0xFE, 0x69, 0xFE, 0x69, 0xFE, 0x69, 0xFE, 0x69, 0xFE, 0x69, 0xFE, 0x69, 0xFE, 0x69, 0xFE, 0x69, 0xFE, 0xD4,
    0xA5, 0xD4, 0xA5, 0xD4, 0xA5, 0x7D, 0x5D, 0x7D, 0x5D, 0x7D, 0x5D, 0x7D, 0x5D, 0x7D, 0x5D, 0x7D, 0x5D, 0x7D, 0x5D,
    0x7D, 0x5D, 0x7D, 0x5D, 0x7D, 0x5D, 0x7D, 0x5D, 0x7D, 0x5D, 0x7D, 0x5D, 0x7D, 0x5D, 0x7D, 0x5D, 0x7D, 0x5D, 0x7D,
    0x5D, 0x7D, 0x5D, 0x7D, 0x5D, 0x7D, 0x5D, 0x7D, 0x5D, 0x7D, 0x5D, 0x7D, 0x5D, 0x7D, 0x5D, 0x7D, 0x5D, 0x7D, 0x5D,
    0x7D, 0x5D, 0x7D, 0x5D, 0x7D, 0x5D, 0x7D, 0x5D, 0x7D, 0x5D, 0x7D, 0x5D, 0x7D, 0x5D, 0x7D, 0x5D, 0x7D, 0x5D, 0x7D,
    0x5D, 0x7D, 0x5D, 0x7D, 0x5D, 0x7D, 0x5D, 0x7D, 0x5D, 0x7D, 0x5D, 0x7D, 0x5D, 0x7D, 0x5D, 0x7D, 0x5D, 0x7D, 0x5D,
    0x7D, 0x5D, 0x7D, 0x5D, 0x7D, 0x5D, 0x7D, 0x5D, 0x7D, 0x5D, 0x7D, 0x5D, 0x7D, 0x5D, 0x7D, 0x5D, 0x7D, 0x5D, 0x7D,
    0x5D, 0x7D, 0x5D, 0x7D, 0x5D, 0x7D, 0x5D, 0x7D, 0x5D, 0x7D, 0x5D, 0xD4, 0xA5, 0xD4, 0xA5, 0xD4, 0xA5, 0x69, 0xFE,
    0x69, 0xFE, 0x69, 0xFE, 0x69, 0xFE, 0x89, 0x43, 0x89, 0x43, 0x89, 0x43, 0x89, 0x43, 0x89, 0x43, 0x89, 0x43, 0x69,
    0xFE, 0x69, 0xFE, 0x69, 0xFE, 0x69, 0xFE, 0x69, 0xFE, 0x69, 0xFE, 0x69, 0xFE, 0x69, 0xFE, 0x69, 0xFE, 0x69, 0xFE,
    0x69, 0xFE, 0x69, 0xFE, 0x69, 0xFE, 0x69, 0xFE, 0x69, 0xFE, 0x69, 0xFE, 0x69, 0xFE, 0x69, 0xFE, 0x69, 0xFE, 0x69,
    0xFE, 0x69, 0xFE, 0x69, 0xFE, 0x69, 0xFE, 0x69, 0xFE, 0x69, 0xFE, 0x69, 0xFE, 0x69, 0xFE, 0x69, 0xFE, 0x69, 0xFE,
    0x69, 0xFE, 0x69, 0xFE, 0x69, 0xFE, 0x69, 0xFE, 0x69, 0xFE, 0x69, 0xFE, 0x69, 0xFE, 0x69, 0xFE, 0x69, 0xFE, 0x69,
    0xFE, 0x69, 0xFE, 0x69, 0xFE, 0x69, 0xFE, 0x69, 0xFE, 0x69, 0xFE, 0x69, 0xFE, 0x69, 0xFE, 0x69, 0xFE, 0x69, 0xFE,
    0x69, 0xFE, 0x69, 0xFE, 0x69, 0xFE, 0x69, 0xFE, 0x69, 0xFE, 0x69, 0xFE, 0x69, 0xFE, 0x69, 0xFE, 0x69, 0xFE, 0x69,
    0xFE, 0x69, 0xFE, 0x69, 0xFE, 0x69, 0xFE, 0x69, 0xFE, 0x69, 0xFE, 0x69, 0xFE, 0x69, 0xFE, 0x69, 0xFE, 0x69, 0xFE,
    0x69, 0xFE, 0x69, 0xFE, 0x69, 0xFE, 0x69, 0xFE, 0x69, 0xFE, 0x69, 0xFE, 0x69, 0xFE, 0x69, 0xFE, 0x69, 0xFE, 0x69,
    0xFE, 0x69, 0xFE, 0x69, 0xFE, 0x69, 0xFE, 0x69, 0xFE, 0x69, 0xFE, 0x69, 0xFE, 0x69, 0xFE, 0x69, 0xFE, 0x69, 0xFE,
    0x69, 0xFE, 0x69, 0xFE, 0x69, 0xFE, 0x69, 0xFE, 0x69, 0xFE, 0x69, 0xFE, 0x69, 0xFE, 0x69, 0xFE, 0x69, 0xFE, 0x69,
    0xFE, 0x69, 0xFE, 0x69, 0xFE, 0x69, 0xFE, 0x69, 0xFE, 0x69, 0xFE, 0x69, 0xFE, 0x69, 0xFE, 0x69, 0xFE, 0x69, 0xFE,
    0x69, 0xFE, 0x69, 0xFE, 0x69, 0xFE, 0x69, 0xFE, 0x69, 0xFE, 0x69, 0xFE, 0x69, 0xFE, 0x69, 0xFE, 0x69, 0xFE, 0x69,
    0xFE, 0x69, 0xFE, 0x69, 0xFE, 0x69, 0xFE, 0x69, 0xFE, 0x69, 0xFE, 0x69, 0xFE, 0x69, 0xFE, 0x69, 0xFE, 0x69, 0xFE,
    0x69, 0xFE, 0x69, 0xFE, 0x69, 0xFE, 0x69, 0xFE, 0x69, 0xFE, 0x69, 0xFE, 0x69, 0xFE, 0x69, 0xFE, 0x69, 0xFE, 0x69,
    0xFE, 0x69, 0xFE, 0x69, 0xFE, 0x69, 0xFE, 0x69, 0xFE, 0x69, 0xFE, 0x69, 0xFE, 0x69, 0xFE, 0x69, 0xFE, 0x69, 0xFE,
    0x69, 0xFE, 0x69, 0xFE, 0x69, 0xFE, 0x69, 0xFE, 0x69, 0xFE, 0x69, 0xFE, 0x69, 0xFE, 0x69, 0xFE, 0x69, 0xFE, 0x69,
    0xFE, 0x69, 0xFE, 0x69, 0xFE, 0x69, 0xFE, 0x69, 0xFE, 0x69, 0xFE, 0x69, 0xFE, 0x69, 0xFE, 0x69, 0xFE, 0x69, 0xFE,
    0x69, 0xFE, 0x69, 0xFE, 0xD4, 0xA5, 0xD4, 0xA5, 0xD4, 0xA5, 0x7D, 0x5D, 0x7D, 0x5D, 0x7D, 0x5D, 0x7D, 0x5D, 0x7D,
    0x5D, 0x7D, 0x5D, 0x7D, 0x5D, 0x7D, 0x5D, 0x7D, 0x5D, 0x7D, 0x5D, 0x7D, 0x5D, 0x7D, 0x5D, 0x7D, 0x5D, 0x7D, 0x5D,
    0x7D, 0x5D, 0x7D, 0x5D, 0x7D, 0x5D, 0x7D, 0x5D, 0x7D, 0x5D, 0x7D, 0x5D, 0x7D, 0x5D, 0x7D, 0x5D, 0x7D, 0x5D, 0x7D,
    0x5D, 0x7D, 0x5D, 0x7D, 0x5D, 0x7D, 0x5D, 0x7D, 0x5D, 0x7D, 0x5D, 0x7D, 0x5D, 0x7D, 0x5D, 0x7D, 0x5D, 0x7D, 0x5D,
    0x7D, 0x5D, 0x7D, 0x5D, 0x7D, 0x5D, 0x7D, 0x5D, 0x7D, 0x5D, 0x7D, 0x5D, 0x7D, 0x5D, 0x7D, 0x5D, 0x7D, 0x5D, 0x7D,
    0x5D, 0x7D, 0x5D, 0x7D, 0x5D, 0x7D, 0x5D, 0x7D, 0x5D, 0x7D, 0x5D, 0x7D, 0x5D, 0x7D, 0x5D, 0x7D, 0x5D, 0x7D, 0x5D,
    0x7D, 0x5D, 0x7D, 0x5D, 0x7D, 0x5D, 0x7D, 0x5D, 0x7D, 0x5D, 0x7D, 0x5D, 0x7D, 0x5D, 0x7D, 0x5D, 0xD4, 0xA5, 0xD4,
    0xA5, 0xD4, 0xA5, 0x69, 0xFE, 0x69, 0xFE, 0x69, 0xFE, 0x69, 0xFE, 0x89, 0x43, 0x89, 0x43, 0x89, 0x43, 0x89, 0x43,
    0x89, 0x43, 0x89, 0x43, 0x69, 0xFE, 0x69, 0xFE, 0x69, 0xFE, 0x69, 0xFE, 0x69, 0xFE, 0x69, 0xFE, 0x69, 0xFE, 0x69,
    0xFE, 0x69, 0xFE, 0x69, 0xFE, 0x69, 0xFE, 0x69, 0xFE, 0x69, 0xFE, 0x69, 0xFE, 0x69, 0xFE, 0x69, 0xFE, 0x69, 0xFE,
    0x69, 0xFE, 0x69, 0xFE, 0x69, 0xFE, 0x69, 0xFE, 0x69, 0xFE, 0x69, 0xFE, 0x69, 0xFE, 0x69, 0xFE, 0x69, 0xFE, 0x69,
    0xFE, 0x69, 0xFE, 0x69, 0xFE, 0x69, 0xFE, 0x69, 0xFE, 0x69, 0xFE, 0x69, 0xFE, 0x69, 0xFE, 0x69, 0xFE, 0x69, 0xFE,
    0x69, 0xFE, 0x69, 0xFE, 0x69, 0xFE, 0x69, 0xFE, 0x69, 0xFE, 0x69, 0xFE, 0x69, 0xFE, 0x69, 0xFE, 0x69, 0xFE, 0x69,
    0xFE, 0x69, 0xFE, 0x69, 0xFE, 0x69, 0xFE, 0x69, 0xFE, 0x69, 0xFE, 0x69, 0xFE, 0x69, 0xFE, 0x69, 0xFE, 0x69, 0xFE,
    0x69, 0xFE, 0x69, 0xFE, 0x69, 0xFE, 0x69, 0xFE, 0x69, 0xFE, 0x69, 0xFE, 0x69, 0xFE, 0x69, 0xFE, 0x69, 0xFE, 0x69,
    0xFE, 0x69, 0xFE, 0x69, 0xFE, 0x69, 0xFE, 0x69, 0xFE, 0x69, 0xFE, 0x69, 0xFE, 0x69, 0xFE, 0x69, 0xFE, 0x69, 0xFE,
    0x69, 0xFE, 0x69, 0xFE, 0x69, 0xFE, 0x69, 0xFE, 0x69, 0xFE, 0x69, 0xFE, 0x69, 0xFE, 0x69, 0xFE, 0x69, 0xFE, 0x69,
    0xFE, 0x69, 0xFE, 0x69, 0xFE, 0x69, 0xFE, 0x69, 0xFE, 0x69, 0xFE, 0x69, 0xFE, 0x69, 0xFE, 0x69, 0xFE, 0x69, 0xFE,
    0x69, 0xFE, 0x69, 0xFE, 0x69, 0xFE, 0x69, 0xFE, 0x69, 0xFE, 0x69, 0xFE, 0x69, 0xFE, 0x69, 0xFE, 0x69, 0xFE, 0x69,
    0xFE, 0x69, 0xFE, 0x69, 0xFE, 0x69, 0xFE, 0x69, 0xFE, 0x69, 0xFE, 0x69, 0xFE, 0x69, 0xFE, 0x69, 0xFE, 0x69, 0xFE,
    0x69, 0xFE, 0x69, 0xFE, 0x69, 0xFE, 0x69, 0xFE, 0x69, 0xFE, 0x69, 0xFE, 0x69, 0xFE, 0x69, 0xFE, 0x69, 0xFE, 0x69,
    0xFE, 0x69, 0xFE, 0x69, 0xFE, 0x69, 0xFE, 0x69, 0xFE, 0x69, 0xFE, 0x69, 0xFE, 0x69, 0xFE, 0x69, 0xFE, 0x69, 0xFE,
    0x69, 0xFE, 0x69, 0xFE, 0x69, 0xFE, 0x69, 0xFE, 0x69, 0xFE, 0x69, 0xFE, 0x69, 0xFE, 0x69, 0xFE, 0x69, 0xFE, 0x69,
    0xFE, 0x69, 0xFE, 0x69, 0xFE, 0x69, 0xFE, 0x69, 0xFE, 0x69, 0xFE, 0x69, 0xFE, 0x69, 0xFE, 0x69, 0xFE, 0x69, 0xFE,
    0x69, 0xFE, 0x69, 0xFE, 0x69, 0xFE, 0x69, 0xFE, 0x69, 0xFE, 0x69, 0xFE, 0x69, 0xFE, 0x69, 0xFE, 0x69, 0xFE, 0x69,
    0xFE, 0x69, 0xFE, 0x69, 0xFE, 0x69, 0xFE, 0x69, 0xFE, 0x4C, 0xEE, 0x4C, 0xEE, 0x4C, 0xEE, 0x7D, 0x5D, 0x7D, 0x5D,
    0x7D, 0x5D, 0x7D, 0x5D, 0x7D, 0x5D, 0x7D, 0x5D, 0x7D, 0x5D, 0x7D, 0x5D, 0x7D, 0x5D, 0x7D, 0x5D, 0x7D, 0x5D, 0x7D,
    0x5D, 0x7D, 0x5D, 0x7D, 0x5D, 0x7D, 0x5D, 0x7D, 0x5D, 0x7D, 0x5D, 0x7D, 0x5D, 0x7D, 0x5D, 0x7D, 0x5D, 0x7D, 0x5D,
    0x7D, 0x5D, 0x7D, 0x5D, 0x7D, 0x5D, 0x7D, 0x5D, 0x7D, 0x5D, 0x7D, 0x5D, 0x7D, 0x5D, 0x7D, 0x5D, 0x7D, 0x5D, 0x7D,
    0x5D, 0x7D, 0x5D, 0x7D, 0x5D, 0x7D, 0x5D, 0x7D, 0x5D, 0x7D, 0x5D, 0x7D, 0x5D, 0x7D, 0x5D, 0x7D, 0x5D, 0x7D, 0x5D,
    0x7D, 0x5D, 0x7D, 0x5D, 0x7D, 0x5D, 0x7D, 0x5D, 0x7D, 0x5D, 0x7D, 0x5D, 0x7D, 0x5D, 0x7D, 0x5D, 0x7D, 0x5D, 0x7D,
    0x5D, 0x7D, 0x5D, 0x7D, 0x5D, 0x7D, 0x5D, 0x7D, 0x5D, 0x7D, 0x5D, 0x7D, 0x5D, 0x7D, 0x5D, 0x7D, 0x5D, 0x7D, 0x5D,
    0x7D, 0x5D, 0x4C, 0xEE, 0x4C, 0xEE, 0x4C, 0xEE, 0x69, 0xFE, 0x69, 0xFE, 0x69, 0xFE, 0x69, 0xFE, 0x89, 0x43, 0x89,
    0x43, 0x89, 0x43, 0x89, 0x43, 0x89, 0x43, 0x89, 0x43, 0x69, 0xFE, 0x69, 0xFE, 0x69, 0xFE, 0x69, 0xFE, 0x69, 0xFE,
    0x69, 0xFE, 0x69, 0xFE, 0x69, 0xFE, 0x69, 0xFE, 0x69, 0xFE, 0x69, 0xFE, 0x69, 0xFE, 0x69, 0xFE, 0x69, 0xFE, 0x69,
    0xFE, 0x69, 0xFE, 0x69, 0xFE, 0x69, 0xFE, 0x69, 0xFE, 0x69, 0xFE, 0x69, 0xFE, 0x69, 0xFE, 0x69, 0xFE, 0x69, 0xFE,
    0x69, 0xFE, 0x69, 0xFE, 0x69, 0xFE, 0x69, 0xFE, 0x69, 0xFE, 0x69, 0xFE, 0x69, 0xFE, 0x69, 0xFE, 0x69, 0xFE, 0x69,
    0xFE, 0x69, 0xFE, 0x69, 0xFE, 0x69, 0xFE, 0x69, 0xFE, 0x69, 0xFE, 0x69, 0xFE, 0x69, 0xFE, 0x69, 0xFE, 0x69, 0xFE,
    0x69, 0xFE, 0x69, 0xFE, 0x69, 0xFE, 0x69, 0xFE, 0x69, 0xFE, 0x69, 0xFE, 0x69, 0xFE, 0x69, 0xFE, 0x69, 0xFE, 0x69,
    0xFE, 0x69, 0xFE, 0x69, 0xFE, 0x69, 0xFE, 0x69, 0xFE, 0x69, 0xFE, 0x69, 0xFE, 0x69, 0xFE, 0x69, 0xFE, 0x69, 0xFE,
    0x69, 0xFE, 0x69, 0xFE, 0x69, 0xFE, 0x69, 0xFE, 0x69, 0xFE, 0x69, 0xFE, 0x69, 0xFE, 0x69, 0xFE, 0x69, 0xFE, 0x69,
    0xFE, 0x69, 0xFE, 0x69, 0xFE, 0x69, 0xFE, 0x69, 0xFE, 0x69, 0xFE, 0x69, 0xFE, 0x69, 0xFE, 0x69, 0xFE, 0x69, 0xFE,
    0x69, 0xFE, 0x69, 0xFE, 0x69, 0xFE, 0x69, 0xFE, 0x69, 0xFE, 0x69, 0xFE, 0x69, 0xFE, 0x69, 0xFE, 0x69, 0xFE, 0x69,
    0xFE, 0x69, 0xFE, 0x69, 0xFE, 0x69, 0xFE, 0x69, 0xFE, 0x69, 0xFE, 0x69, 0xFE, 0x69, 0xFE, 0x69, 0xFE, 0x69, 0xFE,
    0x69, 0xFE, 0x69, 0xFE, 0x69, 0xFE, 0x69, 0xFE, 0x69, 0xFE, 0x69, 0xFE, 0x69, 0xFE, 0x69, 0xFE, 0x69, 0xFE, 0x69,
    0xFE, 0x69, 0xFE, 0x69, 0xFE, 0x69, 0xFE, 0x69, 0xFE, 0x69, 0xFE, 0x69, 0xFE, 0x69, 0xFE, 0x69, 0xFE, 0x69, 0xFE,
    0x69, 0xFE, 0x69, 0xFE, 0x69, 0xFE, 0x69, 0xFE, 0x69, 0xFE, 0x69, 0xFE, 0x69, 0xFE, 0x69, 0xFE, 0x69, 0xFE, 0x69,
    0xFE, 0x69, 0xFE, 0x69, 0xFE, 0x69, 0xFE, 0x69, 0xFE, 0x69, 0xFE, 0x69, 0xFE, 0x69, 0xFE, 0x69, 0xFE, 0x69, 0xFE,
    0x69, 0xFE, 0x69, 0xFE, 0x69, 0xFE, 0x69, 0xFE, 0x69, 0xFE, 0x69, 0xFE, 0x69, 0xFE, 0x69, 0xFE, 0x69, 0xFE, 0x69,
    0xFE, 0x69, 0xFE, 0x69, 0xFE, 0x69, 0xFE, 0x69, 0xFE, 0x69, 0xFE, 0x69, 0xFE, 0x69, 0xFE, 0x69, 0xFE, 0x69, 0xFE,
    0x69, 0xFE, 0x69, 0xFE, 0x69, 0xFE, 0x69, 0xFE, 0x69, 0xFE, 0x69, 0xFE, 0x69, 0xFE, 0x4C, 0xEE, 0x4C, 0xEE, 0x4C,
    0xEE, 0x7D, 0x5D, 0x7D, 0x5D, 0x7D, 0x5D, 0x7D, 0x5D, 0x7D, 0x5D, 0x7D, 0x5D, 0x7D, 0x5D, 0x7D, 0x5D, 0x7D, 0x5D,
    0x7D, 0x5D, 0x7D, 0x5D, 0x7D, 0x5D, 0x7D, 0x5D, 0x7D, 0x5D, 0x7D, 0x5D, 0x7D, 0x5D, 0x7D, 0x5D, 0x7D, 0x5D, 0x7D,
    0x5D, 0x7D, 0x5D, 0x7D, 0x5D, 0x7D, 0x5D, 0x7D, 0x5D, 0x7D, 0x5D, 0x7D, 0x5D, 0x7D, 0x5D, 0x7D, 0x5D, 0x7D, 0x5D,
    0x7D, 0x5D, 0x7D, 0x5D, 0x7D, 0x5D, 0x7D, 0x5D, 0x7D, 0x5D, 0x7D, 0x5D, 0x7D, 0x5D, 0x7D, 0x5D, 0x7D, 0x5D, 0x7D,
    0x5D, 0x7D, 0x5D, 0x7D, 0x5D, 0x7D, 0x5D, 0x7D, 0x5D, 0x7D, 0x5D, 0x7D, 0x5D, 0x7D, 0x5D, 0x7D, 0x5D, 0x7D, 0x5D,
    0x7D, 0x5D, 0x7D, 0x5D, 0x7D, 0x5D, 0x7D, 0x5D, 0x7D, 0x5D, 0x7D, 0x5D, 0x7D, 0x5D, 0x7D, 0x5D, 0x7D, 0x5D, 0x7D,
    0x5D, 0x7D, 0x5D, 0x7D, 0x5D, 0x7D, 0x5D, 0x4C, 0xEE, 0x4C, 0xEE, 0x4C, 0xEE, 0x69, 0xFE, 0x69, 0xFE, 0x69, 0xFE,
    0x69, 0xFE, 0x89, 0x43, 0x89, 0x43, 0x89, 0x43, 0x89, 0x43, 0x89, 0x43, 0x89, 0x43, 0x69, 0xFE, 0x69, 0xFE, 0x69,
    0xFE, 0x69, 0xFE, 0x69, 0xFE, 0x69, 0xFE, 0x69, 0xFE, 0x69, 0xFE, 0x69, 0xFE, 0x69, 0xFE, 0x69, 0xFE, 0x69, 0xFE,
    0x69, 0xFE, 0x69, 0xFE, 0x69, 0xFE, 0x69, 0xFE, 0x69, 0xFE, 0x69, 0xFE, 0x69, 0xFE, 0x69, 0xFE, 0x69, 0xFE, 0x69,
    0xFE, 0x69, 0xFE, 0x69, 0xFE, 0x69, 0xFE, 0x69, 0xFE, 0x69, 0xFE, 0x69, 0xFE, 0x69, 0xFE, 0x69, 0xFE, 0x69, 0xFE,
    0x69, 0xFE, 0x69, 0xFE, 0x69, 0xFE, 0x69, 0xFE, 0x69, 0xFE, 0x69, 0xFE, 0x69, 0xFE, 0x69, 0xFE, 0x69, 0xFE, 0x69,
    0xFE, 0x69, 0xFE, 0x69, 0xFE, 0x69, 0xFE, 0x69, 0xFE, 0x69, 0xFE, 0x69, 0xFE, 0x69, 0xFE, 0x69, 0xFE, 0x69, 0xFE,
    0x69, 0xFE, 0x69, 0xFE, 0x69, 0xFE, 0x69, 0xFE, 0x69, 0xFE, 0x69, 0xFE, 0x69, 0xFE, 0x69, 0xFE, 0x69, 0xFE, 0x69,
    0xFE, 0x69, 0xFE, 0x69, 0xFE, 0x69, 0xFE, 0x69, 0xFE, 0x69, 0xFE, 0x69, 0xFE, 0x69, 0xFE, 0x69, 0xFE, 0x69, 0xFE,
    0x69, 0xFE, 0x69, 0xFE, 0x69, 0xFE, 0x69, 0xFE, 0x69, 0xFE, 0x69, 0xFE, 0x69, 0xFE, 0x69, 0xFE, 0x69, 0xFE, 0x69,
    0xFE, 0x69, 0xFE, 0x69, 0xFE, 0x69, 0xFE, 0x69, 0xFE, 0x69, 0xFE, 0x69, 0xFE, 0x69, 0xFE, 0x69, 0xFE, 0x69, 0xFE,
    0x69, 0xFE, 0x69, 0xFE, 0x69, 0xFE, 0x69, 0xFE, 0x69, 0xFE, 0x69, 0xFE, 0x69, 0xFE, 0x69, 0xFE, 0x69, 0xFE, 0x69,
    0xFE, 0x69, 0xFE, 0x69, 0xFE, 0x69, 0xFE, 0x69, 0xFE, 0x69, 0xFE, 0x69, 0xFE, 0x69, 0xFE, 0x69, 0xFE, 0x69, 0xFE,
    0x69, 0xFE, 0x69, 0xFE, 0x69, 0xFE, 0x69, 0xFE, 0x69, 0xFE, 0x69, 0xFE, 0x69, 0xFE, 0x69, 0xFE, 0x69, 0xFE, 0x69,
    0xFE, 0x69, 0xFE, 0x69, 0xFE, 0x69, 0xFE, 0x69, 0xFE, 0x69, 0xFE, 0x69, 0xFE, 0x69, 0xFE, 0x69, 0xFE, 0x69, 0xFE,
    0x69, 0xFE, 0x69, 0xFE, 0x69, 0xFE, 0x69, 0xFE, 0x69, 0xFE, 0x69, 0xFE, 0x69, 0xFE, 0x69, 0xFE, 0x69, 0xFE, 0x69,
    0xFE, 0x69, 0xFE, 0x69, 0xFE, 0x69, 0xFE, 0x69, 0xFE, 0x69, 0xFE, 0x69, 0xFE, 0x69, 0xFE, 0x69, 0xFE, 0x69, 0xFE,
    0x69, 0xFE, 0x69, 0xFE, 0x69, 0xFE, 0x69, 0xFE, 0x69, 0xFE, 0x69, 0xFE, 0x69, 0xFE, 0x69, 0xFE, 0x69, 0xFE, 0x69,
    0xFE, 0x69, 0xFE, 0x69, 0xFE, 0x69, 0xFE, 0x69, 0xFE, 0x69, 0xFE, 0x69, 0xFE, 0x69, 0xFE, 0x69, 0xFE, 0x69, 0xFE,
    0x4C, 0xEE, 0x4C, 0xEE, 0x4C, 0xEE, 0x7D, 0x5D, 0x7D, 0x5D, 0x7D, 0x5D, 0x7D, 0x5D, 0x7D, 0x5D, 0x7D, 0x5D, 0x7D,
    0x5D, 0x7D, 0x5D, 0x7D, 0x5D, 0x7D, 0x5D, 0x7D, 0x5D, 0x7D, 0x5D, 0x7D, 0x5D, 0x7D, 0x5D, 0x7D, 0x5D, 0x7D, 0x5D,
    0x7D, 0x5D, 0x7D, 0x5D, 0x7D, 0x5D, 0x7D, 0x5D, 0x7D, 0x5D, 0x7D, 0x5D, 0x7D, 0x5D, 0x7D, 0x5D, 0x7D, 0x5D, 0x7D,
    0x5D, 0x7D, 0x5D, 0x7D, 0x5D, 0x7D, 0x5D, 0x7D, 0x5D, 0x7D, 0x5D, 0x7D, 0x5D, 0x7D, 0x5D, 0x7D, 0x5D, 0x7D, 0x5D,
    0x7D, 0x5D, 0x7D, 0x5D, 0x7D, 0x5D, 0x7D, 0x5D, 0x7D, 0x5D, 0x7D, 0x5D, 0x7D, 0x5D, 0x7D, 0x5D, 0x7D, 0x5D, 0x7D,
    0x5D, 0x7D, 0x5D, 0x7D, 0x5D, 0x7D, 0x5D, 0x7D, 0x5D, 0x7D, 0x5D, 0x7D, 0x5D, 0x7D, 0x5D, 0x7D, 0x5D, 0x7D, 0x5D,
    0x7D, 0x5D, 0x7D, 0x5D, 0x7D, 0x5D, 0x7D, 0x5D, 0x7D, 0x5D, 0x7D, 0x5D, 0x4C, 0xEE, 0x4C, 0xEE, 0x4C, 0xEE, 0x69,
    0xFE, 0x69, 0xFE, 0x69, 0xFE, 0x69, 0xFE, 0x89, 0x43, 0x89, 0x43, 0x89, 0x43, 0x69, 0xFE, 0x69, 0xFE, 0x69, 0xFE,
    0x69, 0xFE, 0x69, 0xFE, 0x69, 0xFE, 0x69, 0xFE, 0x69, 0xFE, 0x69, 0xFE, 0x69, 0xFE, 0x69, 0xFE, 0x69, 0xFE, 0x69,
    0xFE, 0x69, 0xFE, 0x69, 0xFE, 0x69, 0xFE, 0x69, 0xFE, 0x69, 0xFE, 0x69, 0xFE, 0x69, 0xFE, 0x69, 0xFE, 0x69, 0xFE,
    0x69, 0xFE, 0x69, 0xFE, 0x69, 0xFE, 0x69, 0xFE, 0x69, 0xFE, 0x69, 0xFE, 0x69, 0xFE, 0x69, 0xFE, 0x69, 0xFE, 0x69,
    0xFE, 0x69, 0xFE, 0x69, 0xFE, 0x69, 0xFE, 0x69, 0xFE, 0x69, 0xFE, 0x69, 0xFE, 0x69, 0xFE, 0x69, 0xFE, 0x69, 0xFE,
    0x69, 0xFE, 0x69, 0xFE, 0x69, 0xFE, 0x69, 0xFE, 0x69, 0xFE, 0x69, 0xFE, 0x69, 0xFE, 0x69, 0xFE, 0x69, 0xFE, 0x69,
    0xFE, 0x69, 0xFE, 0x69, 0xFE, 0x69, 0xFE, 0x69, 0xFE, 0x69, 0xFE, 0x69, 0xFE, 0x69, 0xFE, 0x69, 0xFE, 0x69, 0xFE,
    0x69, 0xFE, 0x69, 0xFE, 0x69, 0xFE, 0x69, 0xFE, 0x69, 0xFE, 0x69, 0xFE, 0x69, 0xFE, 0x69, 0xFE, 0x69, 0xFE, 0x69,
    0xFE, 0x69, 0xFE, 0x69, 0xFE, 0x69, 0xFE, 0x69, 0xFE, 0x69, 0xFE, 0x69, 0xFE, 0x69, 0xFE, 0x69, 0xFE, 0x69, 0xFE,
    0x69, 0xFE, 0x69, 0xFE, 0x69, 0xFE, 0x69, 0xFE, 0x69, 0xFE, 0x69, 0xFE, 0x69, 0xFE, 0x69, 0xFE, 0x69, 0xFE, 0x69,
    0xFE, 0x69, 0xFE, 0x69, 0xFE, 0x69, 0xFE, 0x69, 0xFE, 0x69, 0xFE, 0x69, 0xFE, 0x69, 0xFE, 0x69, 0xFE, 0x69, 0xFE,
    0x69, 0xFE, 0x69, 0xFE, 0x69, 0xFE, 0x69, 0xFE, 0x69, 0xFE, 0x69, 0xFE, 0x69, 0xFE, 0x69, 0xFE, 0x69, 0xFE, 0x69,
    0xFE, 0x69, 0xFE, 0x69, 0xFE, 0x69, 0xFE, 0x69, 0xFE, 0x69, 0xFE, 0x69, 0xFE, 0x69, 0xFE, 0x69, 0xFE, 0x69, 0xFE,
    0x69, 0xFE, 0x69, 0xFE, 0x69, 0xFE, 0x69, 0xFE, 0x69, 0xFE, 0x69, 0xFE, 0x69, 0xFE, 0x69, 0xFE, 0x69, 0xFE, 0x69,
    0xFE, 0x69, 0xFE, 0x69, 0xFE, 0x69, 0xFE, 0x69, 0xFE, 0x69, 0xFE, 0x69, 0xFE, 0x69, 0xFE, 0x69, 0xFE, 0x69, 0xFE,
    0x69, 0xFE, 0x69, 0xFE, 0x69, 0xFE, 0x69, 0xFE, 0x69, 0xFE, 0x69, 0xFE, 0x69, 0xFE, 0x69, 0xFE, 0x69, 0xFE, 0x69,
    0xFE, 0x69, 0xFE, 0x69, 0xFE, 0x69, 0xFE, 0x69, 0xFE, 0x69, 0xFE, 0x69, 0xFE, 0x69, 0xFE, 0x69, 0xFE, 0x69, 0xFE,
    0x69, 0xFE, 0x69, 0xFE, 0x69, 0xFE, 0x69, 0xFE, 0x69, 0xFE, 0x69, 0xFE, 0x69, 0xFE, 0x69, 0xFE, 0x69, 0xFE, 0x69,
    0xFE, 0x69, 0xFE, 0x69, 0xFE, 0x69, 0xFE, 0x69, 0xFE, 0x69, 0xFE, 0xD4, 0xA5, 0xD4, 0xA5, 0xD4, 0xA5, 0x7D, 0x5D,
    0x7D, 0x5D, 0x7D, 0x5D, 0x7D, 0x5D, 0x7D, 0x5D, 0x7D, 0x5D, 0x7D, 0x5D, 0x7D, 0x5D, 0x7D, 0x5D, 0x7D, 0x5D, 0x7D,
    0x5D, 0x7D, 0x5D, 0x7D, 0x5D, 0x7D, 0x5D, 0x7D, 0x5D, 0x7D, 0x5D, 0x7D, 0x5D, 0x7D, 0x5D, 0x7D, 0x5D, 0x7D, 0x5D,
    0x7D, 0x5D, 0x7D, 0x5D, 0x7D, 0x5D, 0x7D, 0x5D, 0x7D, 0x5D, 0x7D, 0x5D, 0x7D, 0x5D, 0x7D, 0x5D, 0x7D, 0x5D, 0x7D,
    0x5D, 0x7D, 0x5D, 0x7D, 0x5D, 0x7D, 0x5D, 0x7D, 0x5D, 0x7D, 0x5D, 0x7D, 0x5D, 0x7D, 0x5D, 0x7D, 0x5D, 0x7D, 0x5D,
    0x7D, 0x5D, 0x7D, 0x5D, 0x7D, 0x5D, 0x7D, 0x5D, 0x7D, 0x5D, 0x7D, 0x5D, 0x7D, 0x5D, 0x7D, 0x5D, 0x7D, 0x5D, 0x7D,
    0x5D, 0x7D, 0x5D, 0x7D, 0x5D, 0x7D, 0x5D, 0x7D, 0x5D, 0x7D, 0x5D, 0xD4, 0xA5, 0xD4, 0xA5, 0xD4, 0xA5, 0x69, 0xFE,
    0x69, 0xFE, 0x69, 0xFE, 0x69, 0xFE, 0x69, 0xFE, 0x69, 0xFE, 0x69, 0xFE, 0x69, 0xFE, 0x69, 0xFE, 0x69, 0xFE, 0x69,
    0xFE, 0x69, 0xFE, 0x69, 0xFE, 0x69, 0xFE, 0x69, 0xFE, 0x69, 0xFE, 0x69, 0xFE, 0x69, 0xFE, 0x69, 0xFE, 0x69, 0xFE,
    0x69, 0xFE, 0x69, 0xFE, 0x69, 0xFE, 0x69, 0xFE, 0x69, 0xFE, 0x69, 0xFE, 0x69, 0xFE, 0x69, 0xFE, 0x69, 0xFE, 0x69,
    0xFE, 0x69, 0xFE, 0x69, 0xFE, 0x69, 0xFE, 0x69, 0xFE, 0x69, 0xFE, 0x69, 0xFE, 0x69, 0xFE, 0x69, 0xFE, 0x69, 0xFE,
    0x69, 0xFE, 0x69, 0xFE, 0x69, 0xFE, 0x69, 0xFE, 0x69, 0xFE, 0x69, 0xFE, 0x69, 0xFE, 0x69, 0xFE, 0x69, 0xFE, 0x69,
    0xFE, 0x69, 0xFE, 0x69, 0xFE, 0x69, 0xFE, 0x69, 0xFE, 0x69, 0xFE, 0x69, 0xFE, 0x69, 0xFE, 0x69, 0xFE, 0x69, 0xFE,
    0x69, 0xFE, 0x69, 0xFE, 0x69, 0xFE, 0x69, 0xFE, 0x69, 0xFE, 0x69, 0xFE, 0x69, 0xFE, 0x69, 0xFE, 0x69, 0xFE, 0x69,
    0xFE, 0x69, 0xFE, 0x69, 0xFE, 0x69, 0xFE, 0x69, 0xFE, 0x69, 0xFE, 0x69, 0xFE, 0x69, 0xFE, 0x69, 0xFE, 0x69, 0xFE,
    0x69, 0xFE, 0x69, 0xFE, 0x69, 0xFE, 0x69, 0xFE, 0x69, 0xFE, 0x69, 0xFE, 0x69, 0xFE, 0x69, 0xFE, 0x69, 0xFE, 0x69,
    0xFE, 0x69, 0xFE, 0x69, 0xFE, 0x69, 0xFE, 0x69, 0xFE, 0x69, 0xFE, 0x69, 0xFE, 0x69, 0xFE, 0x69, 0xFE, 0x69, 0xFE,
    0x69, 0xFE, 0x69, 0xFE, 0x69, 0xFE, 0x69, 0xFE, 0x69, 0xFE, 0x69, 0xFE, 0x69, 0xFE, 0x69, 0xFE, 0x69, 0xFE, 0x69,
    0xFE, 0x69, 0xFE, 0x69, 0xFE, 0x69, 0xFE, 0x69, 0xFE, 0x69, 0xFE, 0x69, 0xFE, 0x69, 0xFE, 0x69, 0xFE, 0x69, 0xFE,
    0x69, 0xFE, 0x69, 0xFE, 0x69, 0xFE, 0x69, 0xFE, 0x69, 0xFE, 0x69, 0xFE, 0x69, 0xFE, 0x69, 0xFE, 0x69, 0xFE, 0x69,
    0xFE, 0x69, 0xFE, 0x69, 0xFE, 0x69, 0xFE, 0x69, 0xFE, 0x69, 0xFE, 0x69, 0xFE, 0x69, 0xFE, 0x69, 0xFE, 0x69, 0xFE,
    0x69, 0xFE, 0x69, 0xFE, 0x69, 0xFE, 0x69, 0xFE, 0x69, 0xFE, 0x69, 0xFE, 0x69, 0xFE, 0x69, 0xFE, 0x69, 0xFE, 0x69,
    0xFE, 0x69, 0xFE, 0x69, 0xFE, 0x69, 0xFE, 0x69, 0xFE, 0x69, 0xFE, 0x69, 0xFE, 0x69, 0xFE, 0x69, 0xFE, 0x69, 0xFE,
    0x69, 0xFE, 0x69, 0xFE, 0x69, 0xFE, 0x69, 0xFE, 0x69, 0xFE, 0x69, 0xFE, 0x69, 0xFE, 0x69, 0xFE, 0x69, 0xFE, 0x69,
    0xFE, 0x69, 0xFE, 0x69, 0xFE, 0x69, 0xFE, 0x69, 0xFE, 0x69, 0xFE, 0x69, 0xFE, 0x69, 0xFE, 0x69, 0xFE, 0x69, 0xFE,
    0x69, 0xFE, 0x69, 0xFE, 0x69, 0xFE, 0x69, 0xFE, 0x69, 0xFE, 0x69, 0xFE, 0x69, 0xFE, 0x69, 0xFE, 0xD4, 0xA5, 0xD4,
    0xA5, 0xD4, 0xA5, 0x7D, 0x5D, 0x7D, 0x5D, 0x7D, 0x5D, 0x7D, 0x5D, 0x7D, 0x5D, 0x7D, 0x5D, 0x7D, 0x5D, 0x7D, 0x5D,
    0x7D, 0x5D, 0x7D, 0x5D, 0x7D, 0x5D, 0x7D, 0x5D, 0x7D, 0x5D, 0x7D, 0x5D, 0x7D, 0x5D, 0x7D, 0x5D, 0x7D, 0x5D, 0x7D,
    0x5D, 0x7D, 0x5D, 0x7D, 0x5D, 0x7D, 0x5D, 0x7D, 0x5D, 0x7D, 0x5D, 0x7D, 0x5D, 0x7D, 0x5D, 0x7D, 0x5D, 0x7D, 0x5D,
    0x7D, 0x5D, 0x7D, 0x5D, 0x7D, 0x5D, 0x7D, 0x5D, 0x7D, 0x5D, 0x7D, 0x5D, 0x7D, 0x5D, 0x7D, 0x5D, 0x7D, 0x5D, 0x7D,
    0x5D, 0x7D, 0x5D, 0x7D, 0x5D, 0x7D, 0x5D, 0x7D, 0x5D, 0x7D, 0x5D, 0x7D, 0x5D, 0x7D, 0x5D, 0x7D, 0x5D, 0x7D, 0x5D,
    0x7D, 0x5D, 0x7D, 0x5D, 0x7D, 0x5D, 0x7D, 0x5D, 0x7D, 0x5D, 0x7D, 0x5D, 0x7D, 0x5D, 0x7D, 0x5D, 0xD4, 0xA5, 0xD4,
    0xA5, 0xD4, 0xA5, 0x69, 0xFE, 0x69, 0xFE, 0x69, 0xFE, 0x69, 0xFE, 0x69, 0xFE, 0x69, 0xFE, 0x69, 0xFE, 0x69, 0xFE,
    0x69, 0xFE, 0x69, 0xFE, 0x69, 0xFE, 0x69, 0xFE, 0x69, 0xFE, 0x69, 0xFE, 0x69, 0xFE, 0x69, 0xFE, 0x69, 0xFE, 0x69,
    0xFE, 0x69, 0xFE, 0x69, 0xFE, 0x69, 0xFE, 0x69, 0xFE, 0x69, 0xFE, 0x69, 0xFE, 0x69, 0xFE, 0x69, 0xFE, 0x69, 0xFE,
    0x69, 0xFE, 0x69, 0xFE, 0x69, 0xFE, 0x69, 0xFE, 0x69, 0xFE, 0x69, 0xFE, 0x69, 0xFE, 0x69, 0xFE, 0x69, 0xFE, 0x69,
    0xFE, 0x69, 0xFE, 0x69, 0xFE, 0x69, 0xFE, 0x69, 0xFE, 0x69, 0xFE, 0x69, 0xFE, 0x69, 0xFE, 0x69, 0xFE, 0x69, 0xFE,
    0x69, 0xFE, 0x69, 0xFE, 0x69, 0xFE, 0x69, 0xFE, 0x69, 0xFE, 0x69, 0xFE, 0x69, 0xFE, 0x69, 0xFE, 0x69, 0xFE, 0x69,
    0xFE, 0x69, 0xFE, 0x69, 0xFE, 0x69, 0xFE, 0x69, 0xFE, 0x69, 0xFE, 0x69, 0xFE, 0x69, 0xFE, 0x69, 0xFE, 0x69, 0xFE,
    0x69, 0xFE, 0x69, 0xFE, 0x69, 0xFE, 0x69, 0xFE, 0x69, 0xFE, 0x69, 0xFE, 0x69, 0xFE, 0x69, 0xFE, 0x69, 0xFE, 0x69,
    0xFE, 0x69, 0xFE, 0x69, 0xFE, 0x69, 0xFE, 0x69, 0xFE, 0x69, 0xFE, 0x69, 0xFE, 0x69, 0xFE, 0x69, 0xFE, 0x69, 0xFE,
    0x69, 0xFE, 0x69, 0xFE, 0x69, 0xFE, 0x69, 0xFE, 0x69, 0xFE, 0x69, 0xFE, 0x69, 0xFE, 0x69, 0xFE, 0x69, 0xFE, 0x69,
    0xFE, 0x69, 0xFE, 0x69, 0xFE, 0x69, 0xFE, 0x69, 0xFE, 0x69, 0xFE, 0x69, 0xFE, 0x69, 0xFE, 0x69, 0xFE, 0x69, 0xFE,
    0x69, 0xFE, 0x69, 0xFE, 0x69, 0xFE, 0x69, 0xFE, 0x69, 0xFE, 0x69, 0xFE, 0x69, 0xFE, 0x69, 0xFE, 0x69, 0xFE, 0x69,
    0xFE, 0x69, 0xFE, 0x69, 0xFE, 0x69, 0xFE, 0x69, 0xFE, 0x69, 0xFE, 0x69, 0xFE, 0x69, 0xFE, 0x69, 0xFE, 0x69, 0xFE,
    0x69, 0xFE, 0x69, 0xFE, 0x69, 0xFE, 0x69, 0xFE, 0x69, 0xFE, 0x69, 0xFE, 0x69, 0xFE, 0x69, 0xFE, 0x69, 0xFE, 0x69,
    0xFE, 0x69, 0xFE, 0x69, 0xFE, 0x69, 0xFE, 0x69, 0xFE, 0x69, 0xFE, 0x69, 0xFE, 0x69, 0xFE, 0x69, 0xFE, 0x69, 0xFE,
    0x69, 0xFE, 0x69, 0xFE, 0x69, 0xFE, 0x69, 0xFE, 0x69, 0xFE, 0x69, 0xFE, 0x69, 0xFE, 0x69, 0xFE, 0x69, 0xFE, 0x69,
    0xFE, 0x69, 0xFE, 0x69, 0xFE, 0x69, 0xFE, 0x69, 0xFE, 0x69, 0xFE, 0x69, 0xFE, 0x69, 0xFE, 0x69, 0xFE, 0x69, 0xFE,
    0x69, 0xFE, 0x69, 0xFE, 0x69, 0xFE, 0x69, 0xFE, 0x69, 0xFE, 0x69, 0xFE, 0x69, 0xFE, 0x69, 0xFE, 0x69, 0xFE, 0x69,
    0xFE, 0x69, 0xFE, 0x69, 0xFE, 0x69, 0xFE, 0x69, 0xFE, 0x69, 0xFE, 0x69, 0xFE, 0x69, 0xFE, 0x69, 0xFE, 0x69, 0xFE,
    0x69, 0xFE, 0xD4, 0xA5, 0xD4, 0xA5, 0xD4, 0xA5, 0x7D, 0x5D, 0x7D, 0x5D, 0x7D, 0x5D, 0x7D, 0x5D, 0x7D, 0x5D, 0x7D,
    0x5D, 0x7D, 0x5D, 0x7D, 0x5D, 0x7D, 0x5D, 0x7D, 0x5D, 0x7D, 0x5D, 0x7D, 0x5D, 0x7D, 0x5D, 0x7D, 0x5D, 0x7D, 0x5D,
    0x7D, 0x5D, 0x7D, 0x5D, 0x7D, 0x5D, 0x7D, 0x5D, 0x7D, 0x5D, 0x7D, 0x5D, 0x7D, 0x5D, 0x7D, 0x5D, 0x7D, 0x5D, 0x7D,
    0x5D, 0x7D, 0x5D, 0x7D, 0x5D, 0x7D, 0x5D, 0x7D, 0x5D, 0x7D, 0x5D, 0x7D, 0x5D, 0x7D, 0x5D, 0x7D, 0x5D, 0x7D, 0x5D,
    0x7D, 0x5D, 0x7D, 0x5D, 0x7D, 0x5D, 0x7D, 0x5D, 0x7D, 0x5D, 0x7D, 0x5D, 0x7D, 0x5D, 0x7D, 0x5D, 0x7D, 0x5D, 0x7D,
    0x5D, 0x7D, 0x5D, 0x7D, 0x5D, 0x7D, 0x5D, 0x7D, 0x5D, 0x7D, 0x5D, 0x7D, 0x5D, 0x7D, 0x5D, 0x7D, 0x5D, 0x7D, 0x5D,
    0x7D, 0x5D, 0xD4, 0xA5, 0xD4, 0xA5, 0xD4, 0xA5, 0x69, 0xFE, 0x69, 0xFE, 0x69, 0xFE, 0x69, 0xFE, 0x69, 0xFE, 0x69,
    0xFE, 0x69, 0xFE, 0x69, 0xFE, 0x69, 0xFE, 0x69, 0xFE, 0x69, 0xFE, 0x69, 0xFE, 0x69, 0xFE, 0x69, 0xFE, 0x69, 0xFE,
    0x69, 0xFE, 0x69, 0xFE, 0x69, 0xFE, 0x69, 0xFE, 0x69, 0xFE, 0x69, 0xFE, 0x69, 0xFE, 0x69, 0xFE, 0x69, 0xFE, 0x69,
    0xFE, 0x69, 0xFE, 0x69, 0xFE, 0x69, 0xFE, 0x69, 0xFE, 0x69, 0xFE, 0x69, 0xFE, 0x69, 0xFE, 0x69, 0xFE, 0x69, 0xFE,
    0x69, 0xFE, 0x69, 0xFE, 0x69, 0xFE, 0x69, 0xFE, 0x69, 0xFE, 0x69, 0xFE, 0x69, 0xFE, 0x69, 0xFE, 0x69, 0xFE, 0x69,
    0xFE, 0x69, 0xFE, 0x69, 0xFE, 0x69, 0xFE, 0x69, 0xFE, 0x69, 0xFE, 0x69, 0xFE, 0x69, 0xFE, 0x69, 0xFE, 0x69, 0xFE,
    0x69, 0xFE, 0x69, 0xFE, 0x69, 0xFE, 0x69, 0xFE, 0x69, 0xFE, 0x69, 0xFE, 0x69, 0xFE, 0x69, 0xFE, 0x69, 0xFE, 0x69,
    0xFE, 0x69, 0xFE, 0x69, 0xFE, 0x69, 0xFE, 0x69, 0xFE, 0x69, 0xFE, 0x69, 0xFE, 0x69, 0xFE, 0x69, 0xFE, 0x69, 0xFE,
    0x69, 0xFE, 0x69, 0xFE, 0x69, 0xFE, 0x69, 0xFE, 0x69, 0xFE, 0x69, 0xFE, 0x69, 0xFE, 0x69, 0xFE, 0x69, 0xFE, 0x69,
    0xFE, 0x69, 0xFE, 0x69, 0xFE, 0x69, 0xFE, 0x69, 0xFE, 0x69, 0xFE, 0x69, 0xFE, 0x69, 0xFE, 0x69, 0xFE, 0x69, 0xFE,
    0x69, 0xFE, 0x69, 0xFE, 0x69, 0xFE, 0x69, 0xFE, 0x69, 0xFE, 0x69, 0xFE, 0x69, 0xFE, 0x69, 0xFE, 0x69, 0xFE, 0x69,
    0xFE, 0x69, 0xFE, 0x69, 0xFE, 0x69, 0xFE, 0x69, 0xFE, 0x69, 0xFE, 0x69, 0xFE, 0x69, 0xFE, 0x69, 0xFE, 0x69, 0xFE,
    0x69, 0xFE, 0x69, 0xFE, 0x69, 0xFE, 0x69, 0xFE, 0x69, 0xFE, 0x69, 0xFE, 0x69, 0xFE, 0x69, 0xFE, 0x69, 0xFE, 0x69,
    0xFE, 0x69, 0xFE, 0x69, 0xFE, 0x69, 0xFE, 0x69, 0xFE, 0x69, 0xFE, 0x69, 0xFE, 0x69, 0xFE, 0x69, 0xFE, 0x69, 0xFE,
    0x69, 0xFE, 0x69, 0xFE, 0x69, 0xFE, 0x69, 0xFE, 0x69, 0xFE, 0x69, 0xFE, 0x69, 0xFE, 0x69, 0xFE, 0x69, 0xFE, 0x69,
    0xFE, 0x69, 0xFE, 0x69, 0xFE, 0x69, 0xFE, 0x69, 0xFE, 0x69, 0xFE, 0x69, 0xFE, 0x69, 0xFE, 0x69, 0xFE, 0x69, 0xFE,
    0x69, 0xFE, 0x69, 0xFE, 0x69, 0xFE, 0x69, 0xFE, 0x69, 0xFE, 0x69, 0xFE, 0x69, 0xFE, 0x69, 0xFE, 0x69, 0xFE, 0x69,
    0xFE, 0x69, 0xFE, 0x69, 0xFE, 0x69, 0xFE, 0x69, 0xFE, 0x69, 0xFE, 0x69, 0xFE, 0x69, 0xFE, 0x69, 0xFE, 0x69, 0xFE,
    0x69, 0xFE, 0x69, 0xFE, 0x69, 0xFE, 0x69, 0xFE, 0x69, 0xFE, 0x69, 0xFE, 0x69, 0xFE, 0x69, 0xFE, 0x69, 0xFE, 0x69,
    0xFE, 0x69, 0xFE, 0x69, 0xFE, 0x69, 0xFE, 0x4A, 0xF6, 0x4A, 0xF6, 0x4A, 0xF6, 0x99, 0x7D, 0x99, 0x7D, 0x99, 0x7D,
    0x99, 0x7D, 0x7D, 0x5D, 0x7D, 0x5D, 0x7D, 0x5D, 0x7D, 0x5D, 0x7D, 0x5D, 0x7D, 0x5D, 0x7D, 0x5D, 0x7D, 0x5D, 0x7D,
    0x5D, 0x7D, 0x5D, 0x7D, 0x5D, 0x7D, 0x5D, 0x7D, 0x5D, 0x7D, 0x5D, 0x7D, 0x5D, 0x7D, 0x5D, 0x7D, 0x5D, 0x7D, 0x5D,
    0x7D, 0x5D, 0x7D, 0x5D, 0x7D, 0x5D, 0x7D, 0x5D, 0x7D, 0x5D, 0x7D, 0x5D, 0x7D, 0x5D, 0x7D, 0x5D, 0x7D, 0x5D, 0x7D,
    0x5D, 0x7D, 0x5D, 0x7D, 0x5D, 0x7D, 0x5D, 0x7D, 0x5D, 0x7D, 0x5D, 0x7D, 0x5D, 0x7D, 0x5D, 0x7D, 0x5D, 0x7D, 0x5D,
    0x7D, 0x5D, 0x7D, 0x5D, 0x7D, 0x5D, 0x7D, 0x5D, 0x7D, 0x5D, 0x7D, 0x5D, 0x7D, 0x5D, 0x7D, 0x5D, 0x7D, 0x5D, 0x99,
    0x7D, 0x99, 0x7D, 0x99, 0x7D, 0x99, 0x7D, 0x4A, 0xF6, 0x4A, 0xF6, 0x4A, 0xF6, 0x69, 0xFE, 0x69, 0xFE, 0x69, 0xFE,
    0x69, 0xFE, 0x69, 0xFE, 0x69, 0xFE, 0x69, 0xFE, 0x69, 0xFE, 0x69, 0xFE, 0x69, 0xFE, 0x69, 0xFE, 0x69, 0xFE, 0x69,
    0xFE, 0x69, 0xFE, 0x69, 0xFE, 0x69, 0xFE, 0x69, 0xFE, 0x69, 0xFE, 0x69, 0xFE, 0x69, 0xFE, 0x69, 0xFE, 0x69, 0xFE,
    0x69, 0xFE, 0x69, 0xFE, 0x69, 0xFE, 0x69, 0xFE, 0x69, 0xFE, 0x69, 0xFE, 0x69, 0xFE, 0x69, 0xFE, 0x69, 0xFE, 0x69,
    0xFE, 0x69, 0xFE, 0x69, 0xFE, 0x69, 0xFE, 0x69, 0xFE, 0x69, 0xFE, 0x69, 0xFE, 0x69, 0xFE, 0x69, 0xFE, 0x69, 0xFE,
    0x69, 0xFE, 0x69, 0xFE, 0x69, 0xFE, 0x69, 0xFE, 0x69, 0xFE, 0x69, 0xFE, 0x69, 0xFE, 0x69, 0xFE, 0x69, 0xFE, 0x69,
    0xFE, 0x69, 0xFE, 0x69, 0xFE, 0x69, 0xFE, 0x69, 0xFE, 0x69, 0xFE, 0x69, 0xFE, 0x69, 0xFE, 0x69, 0xFE, 0x69, 0xFE,
    0x69, 0xFE, 0x69, 0xFE, 0x69, 0xFE, 0x69, 0xFE, 0x69, 0xFE, 0x69, 0xFE, 0x69, 0xFE, 0x69, 0xFE, 0x69, 0xFE, 0x69,
    0xFE, 0x69, 0xFE, 0x69, 0xFE, 0x69, 0xFE, 0x69, 0xFE, 0x69, 0xFE, 0x69, 0xFE, 0x69, 0xFE, 0x69, 0xFE, 0x69, 0xFE,
    0x69, 0xFE, 0x69, 0xFE, 0x69, 0xFE, 0x69, 0xFE, 0x69, 0xFE, 0x69, 0xFE, 0x69, 0xFE, 0x69, 0xFE, 0x69, 0xFE, 0x69,
    0xFE, 0x69, 0xFE, 0x69, 0xFE, 0x69, 0xFE, 0x69, 0xFE, 0x69, 0xFE, 0x69, 0xFE, 0x69, 0xFE, 0x69, 0xFE, 0x69, 0xFE,
    0x69, 0xFE, 0x69, 0xFE, 0x69, 0xFE, 0x69, 0xFE, 0x69, 0xFE, 0x69, 0xFE, 0x69, 0xFE, 0x69, 0xFE, 0x69, 0xFE, 0x69,
    0xFE, 0x69, 0xFE, 0x69, 0xFE, 0x69, 0xFE, 0x69, 0xFE, 0x69, 0xFE, 0x69, 0xFE, 0x69, 0xFE, 0x69, 0xFE, 0x69, 0xFE,
    0x69, 0xFE, 0x69, 0xFE, 0x69, 0xFE, 0x69, 0xFE, 0x69, 0xFE, 0x69, 0xFE, 0x69, 0xFE, 0x69, 0xFE, 0x69, 0xFE, 0x69,
    0xFE, 0x69, 0xFE, 0x69, 0xFE, 0x69, 0xFE, 0x69, 0xFE, 0x69, 0xFE, 0x69, 0xFE, 0x69, 0xFE, 0x69, 0xFE, 0x69, 0xFE,
    0x69, 0xFE, 0x69, 0xFE, 0x69, 0xFE, 0x69, 0xFE, 0x69, 0xFE, 0x69, 0xFE, 0x69, 0xFE, 0x69, 0xFE, 0x69, 0xFE, 0x69,
    0xFE, 0x69, 0xFE, 0x69, 0xFE, 0x69, 0xFE, 0x69, 0xFE, 0x69, 0xFE, 0x69, 0xFE, 0x69, 0xFE, 0x69, 0xFE, 0x69, 0xFE,
    0x69, 0xFE, 0x69, 0xFE, 0x69, 0xFE, 0x69, 0xFE, 0x69, 0xFE, 0x69, 0xFE, 0x69, 0xFE, 0x69, 0xFE, 0x69, 0xFE, 0x69,
    0xFE, 0x69, 0xFE, 0x69, 0xFE, 0x69, 0xFE, 0x69, 0xFE, 0x69, 0xFE, 0x69, 0xFE, 0x69, 0xFE, 0x69, 0xFE, 0x69, 0xFE,
    0x69, 0xFE, 0x69, 0xFE, 0x69, 0xFE, 0x69, 0xFE, 0x69, 0xFE, 0x69, 0xFE, 0x4A, 0xF6, 0x4A, 0xF6, 0x4A, 0xF6, 0x99,
    0x7D, 0x99, 0x7D, 0x99, 0x7D, 0x99, 0x7D, 0x7D, 0x5D, 0x7D, 0x5D, 0x7D, 0x5D, 0x7D, 0x5D, 0x7D, 0x5D, 0x7D, 0x5D,
    0x7D, 0x5D, 0x7D, 0x5D, 0x7D, 0x5D, 0x7D, 0x5D, 0x7D, 0x5D, 0x7D, 0x5D, 0x7D, 0x5D, 0x7D, 0x5D, 0x7D, 0x5D, 0x7D,
    0x5D, 0x7D, 0x5D, 0x7D, 0x5D, 0x7D, 0x5D, 0x7D, 0x5D, 0x7D, 0x5D, 0x7D, 0x5D, 0x7D, 0x5D, 0x7D, 0x5D, 0x7D, 0x5D,
    0x7D, 0x5D, 0x7D, 0x5D, 0x7D, 0x5D, 0x7D, 0x5D, 0x7D, 0x5D, 0x7D, 0x5D, 0x7D, 0x5D, 0x7D, 0x5D, 0x7D, 0x5D, 0x7D,
    0x5D, 0x7D, 0x5D, 0x7D, 0x5D, 0x7D, 0x5D, 0x7D, 0x5D, 0x7D, 0x5D, 0x7D, 0x5D, 0x7D, 0x5D, 0x7D, 0x5D, 0x7D, 0x5D,
    0x7D, 0x5D, 0x7D, 0x5D, 0x99, 0x7D, 0x99, 0x7D, 0x99, 0x7D, 0x99, 0x7D, 0x4A, 0xF6, 0x4A, 0xF6, 0x4A, 0xF6, 0x69,
    0xFE, 0x69, 0xFE, 0x69, 0xFE, 0x69, 0xFE, 0x69, 0xFE, 0x69, 0xFE, 0x69, 0xFE, 0x69, 0xFE, 0x69, 0xFE, 0x69, 0xFE,
    0x69, 0xFE, 0x69, 0xFE, 0x69, 0xFE, 0x69, 0xFE, 0x69, 0xFE, 0x69, 0xFE, 0x69, 0xFE, 0x69, 0xFE, 0x69, 0xFE, 0x69,
    0xFE, 0x69, 0xFE, 0x69, 0xFE, 0x69, 0xFE, 0x69, 0xFE, 0x69, 0xFE, 0x69, 0xFE, 0x69, 0xFE, 0x69, 0xFE, 0x69, 0xFE,
    0x69, 0xFE, 0x69, 0xFE, 0x69, 0xFE, 0x69, 0xFE, 0x69, 0xFE, 0x69, 0xFE, 0x69, 0xFE, 0x69, 0xFE, 0x69, 0xFE, 0x69,
    0xFE, 0x69, 0xFE, 0x69, 0xFE, 0x69, 0xFE, 0x69, 0xFE, 0x69, 0xFE, 0x69, 0xFE, 0x69, 0xFE, 0x69, 0xFE, 0x69, 0xFE,
    0x69, 0xFE, 0x69, 0xFE, 0x69, 0xFE, 0x69, 0xFE, 0x69, 0xFE, 0x69, 0xFE, 0x69, 0xFE, 0x69, 0xFE, 0x69, 0xFE, 0x69,
    0xFE, 0x69, 0xFE, 0x69, 0xFE, 0x69, 0xFE, 0x69, 0xFE, 0x69, 0xFE, 0x69, 0xFE, 0x69, 0xFE, 0x69, 0xFE, 0x69, 0xFE,
    0x69, 0xFE, 0x69, 0xFE, 0x69, 0xFE, 0x69, 0xFE, 0x69, 0xFE, 0x69, 0xFE, 0x69, 0xFE, 0x69, 0xFE, 0x69, 0xFE, 0x69,
    0xFE, 0x69, 0xFE, 0x69, 0xFE, 0x69, 0xFE, 0x69, 0xFE, 0x69, 0xFE, 0x69, 0xFE, 0x69, 0xFE, 0x69, 0xFE, 0x69, 0xFE,
    0x69, 0xFE, 0x69, 0xFE, 0x69, 0xFE, 0x69, 0xFE, 0x69, 0xFE, 0x69, 0xFE, 0x69, 0xFE, 0x69, 0xFE, 0x69, 0xFE, 0x69,
    0xFE, 0x69, 0xFE, 0x69, 0xFE, 0x69, 0xFE, 0x69, 0xFE, 0x69, 0xFE, 0x69, 0xFE, 0x69, 0xFE, 0x69, 0xFE, 0x69, 0xFE,
    0x69, 0xFE, 0x69, 0xFE, 0x69, 0xFE, 0x69, 0xFE, 0x69, 0xFE, 0x69, 0xFE, 0x69, 0xFE, 0x69, 0xFE, 0x69, 0xFE, 0x69,
    0xFE, 0x69, 0xFE, 0x69, 0xFE, 0x69, 0xFE, 0x69, 0xFE, 0x69, 0xFE, 0x69, 0xFE, 0x69, 0xFE, 0x69, 0xFE, 0x69, 0xFE,
    0x69, 0xFE, 0x69, 0xFE, 0x69, 0xFE, 0x69, 0xFE, 0x69, 0xFE, 0x69, 0xFE, 0x69, 0xFE, 0x69, 0xFE, 0x69, 0xFE, 0x69,
    0xFE, 0x69, 0xFE, 0x69, 0xFE, 0x69, 0xFE, 0x69, 0xFE, 0x69, 0xFE, 0x69, 0xFE, 0x69, 0xFE, 0x69, 0xFE, 0x69, 0xFE,
    0x69, 0xFE, 0x69, 0xFE, 0x69, 0xFE, 0x69, 0xFE, 0x69, 0xFE, 0x69, 0xFE, 0x69, 0xFE, 0x69, 0xFE, 0x69, 0xFE, 0x69,
    0xFE, 0x69, 0xFE, 0x69, 0xFE, 0x69, 0xFE, 0x69, 0xFE, 0x69, 0xFE, 0x69, 0xFE, 0x69, 0xFE, 0x69, 0xFE, 0x69, 0xFE,
    0x69, 0xFE, 0x69, 0xFE, 0x69, 0xFE, 0x69, 0xFE, 0x69, 0xFE, 0x69, 0xFE, 0x69, 0xFE, 0x69, 0xFE, 0x69, 0xFE, 0x69,
    0xFE, 0x69, 0xFE, 0x69, 0xFE, 0x69, 0xFE, 0x69, 0xFE, 0x69, 0xFE, 0x69, 0xFE, 0x69, 0xFE, 0x69, 0xFE, 0x4A, 0xF6,
    0x4A, 0xF6, 0x4A, 0xF6, 0x99, 0x7D, 0x99, 0x7D, 0x99, 0x7D, 0x99, 0x7D, 0x7D, 0x5D, 0x7D, 0x5D, 0x7D, 0x5D, 0x7D,
    0x5D, 0x7D, 0x5D, 0x7D, 0x5D, 0x7D, 0x5D, 0x7D, 0x5D, 0x7D, 0x5D, 0x7D, 0x5D, 0x7D, 0x5D, 0x7D, 0x5D, 0x7D, 0x5D,
    0x7D, 0x5D, 0x7D, 0x5D, 0x7D, 0x5D, 0x7D, 0x5D, 0x7D, 0x5D, 0x7D, 0x5D, 0x7D, 0x5D, 0x7D, 0x5D, 0x7D, 0x5D, 0x7D,
    0x5D, 0x7D, 0x5D, 0x7D, 0x5D, 0x7D, 0x5D, 0x7D, 0x5D, 0x7D, 0x5D, 0x7D, 0x5D, 0x7D, 0x5D, 0x7D, 0x5D, 0x7D, 0x5D,
    0x7D, 0x5D, 0x7D, 0x5D, 0x7D, 0x5D, 0x7D, 0x5D, 0x7D, 0x5D, 0x7D, 0x5D, 0x7D, 0x5D, 0x7D, 0x5D, 0x7D, 0x5D, 0x7D,
    0x5D, 0x7D, 0x5D, 0x7D, 0x5D, 0x7D, 0x5D, 0x7D, 0x5D, 0x99, 0x7D, 0x99, 0x7D, 0x99, 0x7D, 0x99, 0x7D, 0x4A, 0xF6,
    0x4A, 0xF6, 0x4A, 0xF6, 0x69, 0xFE, 0x69, 0xFE, 0x69, 0xFE, 0x69, 0xFE, 0x69, 0xFE, 0x69, 0xFE, 0x69, 0xFE, 0x69,
    0xFE, 0x69, 0xFE, 0x69, 0xFE, 0x69, 0xFE, 0x69, 0xFE, 0x69, 0xFE, 0x69, 0xFE, 0x69, 0xFE, 0x69, 0xFE, 0x69, 0xFE,
    0x69, 0xFE, 0x69, 0xFE, 0x69, 0xFE, 0x69, 0xFE, 0x69, 0xFE, 0x69, 0xFE, 0x69, 0xFE, 0x69, 0xFE, 0x69, 0xFE, 0x69,
    0xFE, 0x69, 0xFE, 0x69, 0xFE, 0x69, 0xFE, 0x69, 0xFE, 0x69, 0xFE, 0x69, 0xFE, 0x69, 0xFE, 0x69, 0xFE, 0x69, 0xFE,
    0x69, 0xFE, 0x69, 0xFE, 0x69, 0xFE, 0x69, 0xFE, 0x69, 0xFE, 0x69, 0xFE, 0x69, 0xFE, 0x69, 0xFE, 0x69, 0xFE, 0x69,
    0xFE, 0x69, 0xFE, 0x69, 0xFE, 0x69, 0xFE, 0x69, 0xFE, 0x69, 0xFE, 0x69, 0xFE, 0x69, 0xFE, 0x69, 0xFE, 0x69, 0xFE,
    0x69, 0xFE, 0x69, 0xFE, 0x69, 0xFE, 0x69, 0xFE, 0x69, 0xFE, 0x69, 0xFE, 0x69, 0xFE, 0x69, 0xFE, 0x69, 0xFE, 0x69,
    0xFE, 0x69, 0xFE, 0x69, 0xFE, 0x69, 0xFE, 0x69, 0xFE, 0x69, 0xFE, 0x69, 0xFE, 0x69, 0xFE, 0x69, 0xFE, 0x69, 0xFE,
    0x69, 0xFE, 0x69, 0xFE, 0x69, 0xFE, 0x69, 0xFE, 0x69, 0xFE, 0x69, 0xFE, 0x69, 0xFE, 0x69, 0xFE, 0x69, 0xFE, 0x69,
    0xFE, 0x69, 0xFE, 0x69, 0xFE, 0x69, 0xFE, 0x69, 0xFE, 0x69, 0xFE, 0x69, 0xFE, 0x69, 0xFE, 0x69, 0xFE, 0x69, 0xFE,
    0x69, 0xFE, 0x69, 0xFE, 0x69, 0xFE, 0x69, 0xFE, 0x69, 0xFE, 0x69, 0xFE, 0x69, 0xFE, 0x69, 0xFE, 0x69, 0xFE, 0x69,
    0xFE, 0x69, 0xFE, 0x69, 0xFE, 0x69, 0xFE, 0x69, 0xFE, 0x69, 0xFE, 0x69, 0xFE, 0x69, 0xFE, 0x69, 0xFE, 0x69, 0xFE,
    0x69, 0xFE, 0x69, 0xFE, 0x69, 0xFE, 0x69, 0xFE, 0x69, 0xFE, 0x69, 0xFE, 0x69, 0xFE, 0x69, 0xFE, 0x69, 0xFE, 0x69,
    0xFE, 0x69, 0xFE, 0x69, 0xFE, 0x69, 0xFE, 0x69, 0xFE, 0x69, 0xFE, 0x69, 0xFE, 0x69, 0xFE, 0x69, 0xFE, 0x69, 0xFE,
    0x69, 0xFE, 0x69, 0xFE, 0x69, 0xFE, 0x69, 0xFE, 0x69, 0xFE, 0x69, 0xFE, 0x69, 0xFE, 0x69, 0xFE, 0x69, 0xFE, 0x69,
    0xFE, 0x69, 0xFE, 0x69, 0xFE, 0x69, 0xFE, 0x69, 0xFE, 0x69, 0xFE, 0x69, 0xFE, 0x69, 0xFE, 0x69, 0xFE, 0x69, 0xFE,
    0x69, 0xFE, 0x69, 0xFE, 0x69, 0xFE, 0x69, 0xFE, 0x69, 0xFE, 0x69, 0xFE, 0x69, 0xFE, 0x69, 0xFE, 0x69, 0xFE, 0x69,
    0xFE, 0x69, 0xFE, 0x69, 0xFE, 0x69, 0xFE, 0x69, 0xFE, 0x69, 0xFE, 0x69, 0xFE, 0x69, 0xFE, 0x69, 0xFE, 0x69, 0xFE,
    0x69, 0xFE, 0x69, 0xFE, 0x69, 0xFE, 0x69, 0xFE, 0x69, 0xFE, 0x69, 0xFE, 0x69, 0xFE, 0x69, 0xFE, 0x69, 0xFE, 0x69,
    0xFE, 0x69, 0xFE, 0x4A, 0xF6, 0x4A, 0xF6, 0x4A, 0xF6, 0x99, 0x7D, 0x99, 0x7D, 0x99, 0x7D, 0x99, 0x7D, 0x7D, 0x5D,
    0x7D, 0x5D, 0x7D, 0x5D, 0x7D, 0x5D, 0x7D, 0x5D, 0x7D, 0x5D, 0x7D, 0x5D, 0x7D, 0x5D, 0x7D, 0x5D, 0x7D, 0x5D, 0x7D,
    0x5D, 0x7D, 0x5D, 0x7D, 0x5D, 0x7D, 0x5D, 0x7D, 0x5D, 0x7D, 0x5D, 0x7D, 0x5D, 0x7D, 0x5D, 0x7D, 0x5D, 0x7D, 0x5D,
    0x7D, 0x5D, 0x7D, 0x5D, 0x7D, 0x5D, 0x7D, 0x5D, 0x7D, 0x5D, 0x7D, 0x5D, 0x7D, 0x5D, 0x7D, 0x5D, 0x7D, 0x5D, 0x7D,
    0x5D, 0x7D, 0x5D, 0x7D, 0x5D, 0x7D, 0x5D, 0x7D, 0x5D, 0x7D, 0x5D, 0x7D, 0x5D, 0x7D, 0x5D, 0x7D, 0x5D, 0x7D, 0x5D,
    0x7D, 0x5D, 0x7D, 0x5D, 0x7D, 0x5D, 0x7D, 0x5D, 0x7D, 0x5D, 0x7D, 0x5D, 0x7D, 0x5D, 0x99, 0x7D, 0x99, 0x7D, 0x99,
    0x7D, 0x99, 0x7D, 0x4A, 0xF6, 0x4A, 0xF6, 0x4A, 0xF6, 0x69, 0xFE, 0x69, 0xFE, 0x69, 0xFE, 0x69, 0xFE, 0x69, 0xFE,
    0x69, 0xFE, 0x69, 0xFE, 0x69, 0xFE, 0x69, 0xFE, 0x69, 0xFE, 0x69, 0xFE, 0x69, 0xFE, 0x69, 0xFE, 0x69, 0xFE, 0x69,
    0xFE, 0x69, 0xFE, 0x69, 0xFE, 0x69, 0xFE, 0x69, 0xFE, 0x69, 0xFE, 0x69, 0xFE, 0x69, 0xFE, 0x69, 0xFE, 0x69, 0xFE,
    0x69, 0xFE, 0x69, 0xFE, 0x69, 0xFE, 0x69, 0xFE, 0x69, 0xFE, 0x69, 0xFE, 0x69, 0xFE, 0x69, 0xFE, 0x69, 0xFE, 0x69,
    0xFE, 0x69, 0xFE, 0x69, 0xFE, 0x69, 0xFE, 0x69, 0xFE, 0x69, 0xFE, 0x69, 0xFE, 0x69, 0xFE, 0x69, 0xFE, 0x69, 0xFE,
    0x69, 0xFE, 0x69, 0xFE, 0x69, 0xFE, 0x69, 0xFE, 0x69, 0xFE, 0x69, 0xFE, 0x69, 0xFE, 0x69, 0xFE, 0x69, 0xFE, 0x69,
    0xFE, 0x69, 0xFE, 0x69, 0xFE, 0x69, 0xFE, 0x69, 0xFE, 0x69, 0xFE, 0x69, 0xFE, 0x69, 0xFE, 0x69, 0xFE, 0x69, 0xFE,
    0x69, 0xFE, 0x69, 0xFE, 0x69, 0xFE, 0x69, 0xFE, 0x69, 0xFE, 0x69, 0xFE, 0x69, 0xFE, 0x69, 0xFE, 0x69, 0xFE, 0x69,
    0xFE, 0x69, 0xFE, 0x69, 0xFE, 0x69, 0xFE, 0x69, 0xFE, 0x69, 0xFE, 0xC6, 0xC4, 0xC6, 0xC4, 0xC6, 0xC4, 0x22, 0x8B,
    0x22, 0x8B, 0x22, 0x8B, 0x20, 0x62, 0x20, 0x62, 0x20, 0x62, 0x20, 0x62, 0x20, 0x62, 0x20, 0x62, 0x20, 0x62, 0x20,
    0x62, 0x20, 0x62, 0x20, 0x62, 0x20, 0x62, 0x20, 0x62, 0x20, 0x62, 0x20, 0x62, 0x22, 0x8B, 0x22, 0x8B, 0x22, 0x8B,
    0xC6, 0xC4, 0xC6, 0xC4, 0xC6, 0xC4, 0x69, 0xFE, 0x69, 0xFE, 0x69, 0xFE, 0x69, 0xFE, 0x69, 0xFE, 0x69, 0xFE, 0x69,
    0xFE, 0x69, 0xFE, 0x69, 0xFE, 0x69, 0xFE, 0x69, 0xFE, 0x69, 0xFE, 0x69, 0xFE, 0x69, 0xFE, 0x69, 0xFE, 0x69, 0xFE,
    0x69, 0xFE, 0x69, 0xFE, 0x69, 0xFE, 0x69, 0xFE, 0x69, 0xFE, 0x69, 0xFE, 0x69, 0xFE, 0x69, 0xFE, 0x69, 0xFE, 0x69,
    0xFE, 0x69, 0xFE, 0x69, 0xFE, 0x69, 0xFE, 0x69, 0xFE, 0x69, 0xFE, 0x69, 0xFE, 0x69, 0xFE, 0x69, 0xFE, 0x69, 0xFE,
    0x69, 0xFE, 0x69, 0xFE, 0x69, 0xFE, 0x69, 0xFE, 0x69, 0xFE, 0x69, 0xFE, 0x69, 0xFE, 0x69, 0xFE, 0x69, 0xFE, 0x69,
    0xFE, 0x69, 0xFE, 0x69, 0xFE, 0x69, 0xFE, 0x69, 0xFE, 0x69, 0xFE, 0x69, 0xFE, 0x69, 0xFE, 0x69, 0xFE, 0x69, 0xFE,
    0xC6, 0xC4, 0xC6, 0xC4, 0xC6, 0xC4, 0x22, 0x8B, 0x22, 0x8B, 0x22, 0x8B, 0x20, 0x62, 0x20, 0x62, 0x20, 0x62, 0x20,
    0x62, 0x20, 0x62, 0x20, 0x62, 0x20, 0x62, 0x20, 0x62, 0x20, 0x62, 0x20, 0x62, 0x20, 0x62, 0x20, 0x62, 0x20, 0x62,
    0x20, 0x62, 0x22, 0x8B, 0x22, 0x8B, 0x22, 0x8B, 0xC6, 0xC4, 0xC6, 0xC4, 0xC6, 0xC4, 0x4A, 0xF6, 0x4A, 0xF6, 0x4A,
    0xF6, 0x4A, 0xF6, 0x99, 0x7D, 0x99, 0x7D, 0x99, 0x7D, 0x7D, 0x5D, 0x7D, 0x5D, 0x7D, 0x5D, 0x7D, 0x5D, 0x7D, 0x5D,
    0x7D, 0x5D, 0x7D, 0x5D, 0x7D, 0x5D, 0x7D, 0x5D, 0x7D, 0x5D, 0x7D, 0x5D, 0x7D, 0x5D, 0x7D, 0x5D, 0x7D, 0x5D, 0x7D,
    0x5D, 0x7D, 0x5D, 0x7D, 0x5D, 0x7D, 0x5D, 0x7D, 0x5D, 0x7D, 0x5D, 0x7D, 0x5D, 0x7D, 0x5D, 0x7D, 0x5D, 0x7D, 0x5D,
    0x7D, 0x5D, 0x7D, 0x5D, 0x7D, 0x5D, 0x7D, 0x5D, 0x7D, 0x5D, 0x7D, 0x5D, 0x7D, 0x5D, 0x7D, 0x5D, 0x7D, 0x5D, 0x7D,
    0x5D, 0x7D, 0x5D, 0x7D, 0x5D, 0x7D, 0x5D, 0x7D, 0x5D, 0x7D, 0x5D, 0x7D, 0x5D, 0x99, 0x7D, 0x99, 0x7D, 0x99, 0x7D,
    0x4A, 0xF6, 0x4A, 0xF6, 0x4A, 0xF6, 0x4A, 0xF6, 0x69, 0xFE, 0x69, 0xFE, 0x69, 0xFE, 0x69, 0xFE, 0x69, 0xFE, 0x69,
    0xFE, 0x69, 0xFE, 0x69, 0xFE, 0x69, 0xFE, 0x69, 0xFE, 0x69, 0xFE, 0x69, 0xFE, 0x69, 0xFE, 0x69, 0xFE, 0x69, 0xFE,
    0x69, 0xFE, 0x69, 0xFE, 0x69, 0xFE, 0x69, 0xFE, 0x69, 0xFE, 0x69, 0xFE, 0x69, 0xFE, 0x69, 0xFE, 0x69, 0xFE, 0x69,
    0xFE, 0x69, 0xFE, 0x69, 0xFE, 0x69, 0xFE, 0x69, 0xFE, 0x69, 0xFE, 0x69, 0xFE, 0x69, 0xFE, 0x69, 0xFE, 0x69, 0xFE,
    0x69, 0xFE, 0x69, 0xFE, 0x69, 0xFE, 0x69, 0xFE, 0x69, 0xFE, 0x69, 0xFE, 0x69, 0xFE, 0x69, 0xFE, 0x69, 0xFE, 0x69,
    0xFE, 0x69, 0xFE, 0x69, 0xFE, 0x69, 0xFE, 0x69, 0xFE, 0x69, 0xFE, 0x69, 0xFE, 0x69, 0xFE, 0x69, 0xFE, 0x69, 0xFE,
    0x69, 0xFE, 0x69, 0xFE, 0x69, 0xFE, 0x69, 0xFE, 0x69, 0xFE, 0x69, 0xFE, 0x69, 0xFE, 0x69, 0xFE, 0x69, 0xFE, 0x69,
    0xFE, 0x69, 0xFE, 0x69, 0xFE, 0x69, 0xFE, 0x69, 0xFE, 0x69, 0xFE, 0x69, 0xFE, 0x69, 0xFE, 0x69, 0xFE, 0x69, 0xFE,
    0x69, 0xFE, 0x69, 0xFE, 0x69, 0xFE, 0x69, 0xFE, 0x69, 0xFE, 0x69, 0xFE, 0x69, 0xFE, 0x69, 0xFE, 0xC6, 0xC4, 0xC6,
    0xC4, 0xC6, 0xC4, 0x22, 0x8B, 0x22, 0x8B, 0x22, 0x8B, 0x20, 0x62, 0x20, 0x62, 0x20, 0x62, 0x20, 0x62, 0x20, 0x62,
    0x20, 0x62, 0x20, 0x62, 0x20, 0x62, 0x20, 0x62, 0x20, 0x62, 0x20, 0x62, 0x20, 0x62, 0x20, 0x62, 0x20, 0x62, 0x22,
    0x8B, 0x22, 0x8B, 0x22, 0x8B, 0xC6, 0xC4, 0xC6, 0xC4, 0xC6, 0xC4, 0x69, 0xFE, 0x69, 0xFE, 0x69, 0xFE, 0x69, 0xFE,
    0x69, 0xFE, 0x69, 0xFE, 0x69, 0xFE, 0x69, 0xFE, 0x69, 0xFE, 0x69, 0xFE, 0x69, 0xFE, 0x69, 0xFE, 0x69, 0xFE, 0x69,
    0xFE, 0x69, 0xFE, 0x69, 0xFE, 0x69, 0xFE, 0x69, 0xFE, 0x69, 0xFE, 0x69, 0xFE, 0x69, 0xFE, 0x69, 0xFE, 0x69, 0xFE,
    0x69, 0xFE, 0x69, 0xFE, 0x69, 0xFE, 0x69, 0xFE, 0x69, 0xFE, 0x69, 0xFE, 0x69, 0xFE, 0x69, 0xFE, 0x69, 0xFE, 0x69,
    0xFE, 0x69, 0xFE, 0x69, 0xFE, 0x69, 0xFE, 0x69, 0xFE, 0x69, 0xFE, 0x69, 0xFE, 0x69, 0xFE, 0x69, 0xFE, 0x69, 0xFE,
    0x69, 0xFE, 0x69, 0xFE, 0x69, 0xFE, 0x69, 0xFE, 0x69, 0xFE, 0x69, 0xFE, 0x69, 0xFE, 0x69, 0xFE, 0x69, 0xFE, 0x69,
    0xFE, 0x69, 0xFE, 0x69, 0xFE, 0xC6, 0xC4, 0xC6, 0xC4, 0xC6, 0xC4, 0x22, 0x8B, 0x22, 0x8B, 0x22, 0x8B, 0x20, 0x62,
    0x20, 0x62, 0x20, 0x62, 0x20, 0x62, 0x20, 0x62, 0x20, 0x62, 0x20, 0x62, 0x20, 0x62, 0x20, 0x62, 0x20, 0x62, 0x20,
    0x62, 0x20, 0x62, 0x20, 0x62, 0x20, 0x62, 0x22, 0x8B, 0x22, 0x8B, 0x22, 0x8B, 0xC6, 0xC4, 0xC6, 0xC4, 0xC6, 0xC4,
    0x4A, 0xF6, 0x4A, 0xF6, 0x4A, 0xF6, 0x4A, 0xF6, 0x99, 0x7D, 0x99, 0x7D, 0x99, 0x7D, 0x7D, 0x5D, 0x7D, 0x5D, 0x7D,
    0x5D, 0x7D, 0x5D, 0x7D, 0x5D, 0x7D, 0x5D, 0x7D, 0x5D, 0x7D, 0x5D, 0x7D, 0x5D, 0x7D, 0x5D, 0x7D, 0x5D, 0x7D, 0x5D,
    0x7D, 0x5D, 0x7D, 0x5D, 0x7D, 0x5D, 0x7D, 0x5D, 0x7D, 0x5D, 0x7D, 0x5D, 0x7D, 0x5D, 0x7D, 0x5D, 0x7D, 0x5D, 0x7D,
    0x5D, 0x7D, 0x5D, 0x7D, 0x5D, 0x7D, 0x5D, 0x7D, 0x5D, 0x7D, 0x5D, 0x7D, 0x5D, 0x7D, 0x5D, 0x7D, 0x5D, 0x7D, 0x5D,
    0x7D, 0x5D, 0x7D, 0x5D, 0x7D, 0x5D, 0x7D, 0x5D, 0x7D, 0x5D, 0x7D, 0x5D, 0x7D, 0x5D, 0x7D, 0x5D, 0x7D, 0x5D, 0x99,
    0x7D, 0x99, 0x7D, 0x99, 0x7D, 0x4A, 0xF6, 0x4A, 0xF6, 0x4A, 0xF6, 0x4A, 0xF6, 0x69, 0xFE, 0x69, 0xFE, 0x69, 0xFE,
    0x69, 0xFE, 0x69, 0xFE, 0x69, 0xFE, 0x69, 0xFE, 0x69, 0xFE, 0x69, 0xFE, 0x69, 0xFE, 0x69, 0xFE, 0x69, 0xFE, 0x69,
    0xFE, 0x69, 0xFE, 0x69, 0xFE, 0x69, 0xFE, 0x69, 0xFE, 0x69, 0xFE, 0x69, 0xFE, 0x69, 0xFE, 0x69, 0xFE, 0x69, 0xFE,
    0x69, 0xFE, 0x69, 0xFE, 0x69, 0xFE, 0x69, 0xFE, 0x69, 0xFE, 0x69, 0xFE, 0x69, 0xFE, 0x69, 0xFE, 0x69, 0xFE, 0x69,
    0xFE, 0x69, 0xFE, 0x69, 0xFE, 0x69, 0xFE, 0x69, 0xFE, 0x69, 0xFE, 0x69, 0xFE, 0x69, 0xFE, 0x69, 0xFE, 0x69, 0xFE,
    0x69, 0xFE, 0x69, 0xFE, 0x69, 0xFE, 0x69, 0xFE, 0x69, 0xFE, 0x69, 0xFE, 0x69, 0xFE, 0x69, 0xFE, 0x69, 0xFE, 0x69,
    0xFE, 0x69, 0xFE, 0x69, 0xFE, 0x69, 0xFE, 0x69, 0xFE, 0x69, 0xFE, 0x69, 0xFE, 0x69, 0xFE, 0x69, 0xFE, 0x69, 0xFE,
    0x69, 0xFE, 0x69, 0xFE, 0x69, 0xFE, 0x69, 0xFE, 0x69, 0xFE, 0x69, 0xFE, 0x69, 0xFE, 0x69, 0xFE, 0x69, 0xFE, 0x69,
    0xFE, 0x69, 0xFE, 0x69, 0xFE, 0x69, 0xFE, 0x69, 0xFE, 0x69, 0xFE, 0x69, 0xFE, 0x69, 0xFE, 0x69, 0xFE, 0x69, 0xFE,
    0x69, 0xFE, 0xC6, 0xC4, 0xC6, 0xC4, 0xC6, 0xC4, 0x22, 0x8B, 0x22, 0x8B, 0x22, 0x8B, 0x20, 0x62, 0x20, 0x62, 0x20,
    0x62, 0x20, 0x62, 0x20, 0x62, 0x20, 0x62, 0x20, 0x62, 0x20, 0x62, 0x20, 0x62, 0x20, 0x62, 0x20, 0x62, 0x20, 0x62,
    0x20, 0x62, 0x20, 0x62, 0x22, 0x8B, 0x22, 0x8B, 0x22, 0x8B, 0xC6, 0xC4, 0xC6, 0xC4, 0xC6, 0xC4, 0x69, 0xFE, 0x69,
    0xFE, 0x69, 0xFE, 0x69, 0xFE, 0x69, 0xFE, 0x69, 0xFE, 0x69, 0xFE, 0x69, 0xFE, 0x69, 0xFE, 0x69, 0xFE, 0x69, 0xFE,
    0x69, 0xFE, 0x69, 0xFE, 0x69, 0xFE, 0x69, 0xFE, 0x69, 0xFE, 0x69, 0xFE, 0x69, 0xFE, 0x69, 0xFE, 0x69, 0xFE, 0x69,
    0xFE, 0x69, 0xFE, 0x69, 0xFE, 0x69, 0xFE, 0x69, 0xFE, 0x69, 0xFE, 0x69, 0xFE, 0x69, 0xFE, 0x69, 0xFE, 0x69, 0xFE,
    0x69, 0xFE, 0x69, 0xFE, 0x69, 0xFE, 0x69, 0xFE, 0x69, 0xFE, 0x69, 0xFE, 0x69, 0xFE, 0x69, 0xFE, 0x69, 0xFE, 0x69,
    0xFE, 0x69, 0xFE, 0x69, 0xFE, 0x69, 0xFE, 0x69, 0xFE, 0x69, 0xFE, 0x69, 0xFE, 0x69, 0xFE, 0x69, 0xFE, 0x69, 0xFE,
    0x69, 0xFE, 0x69, 0xFE, 0x69, 0xFE, 0x69, 0xFE, 0x69, 0xFE, 0xC6, 0xC4, 0xC6, 0xC4, 0xC6, 0xC4, 0x22, 0x8B, 0x22,
    0x8B, 0x22, 0x8B, 0x20, 0x62, 0x20, 0x62, 0x20, 0x62, 0x20, 0x62, 0x20, 0x62, 0x20, 0x62, 0x20, 0x62, 0x20, 0x62,
    0x20, 0x62, 0x20, 0x62, 0x20, 0x62, 0x20, 0x62, 0x20, 0x62, 0x20, 0x62, 0x22, 0x8B, 0x22, 0x8B, 0x22, 0x8B, 0xC6,
    0xC4, 0xC6, 0xC4, 0xC6, 0xC4, 0x4A, 0xF6, 0x4A, 0xF6, 0x4A, 0xF6, 0x4A, 0xF6, 0x99, 0x7D, 0x99, 0x7D, 0x99, 0x7D,
    0x7D, 0x5D, 0x7D, 0x5D, 0x7D, 0x5D, 0x7D, 0x5D, 0x7D, 0x5D, 0x7D, 0x5D, 0x7D, 0x5D, 0x7D, 0x5D, 0x7D, 0x5D, 0x7D,
    0x5D, 0x7D, 0x5D, 0x7D, 0x5D, 0x7D, 0x5D, 0x7D, 0x5D, 0x7D, 0x5D, 0x7D, 0x5D, 0x7D, 0x5D, 0x7D, 0x5D, 0x7D, 0x5D,
    0x7D, 0x5D, 0x7D, 0x5D, 0x7D, 0x5D, 0x7D, 0x5D, 0x7D, 0x5D, 0x7D, 0x5D, 0x7D, 0x5D, 0x7D, 0x5D, 0x7D, 0x5D, 0x7D,
    0x5D, 0x7D, 0x5D, 0x7D, 0x5D, 0x7D, 0x5D, 0x7D, 0x5D, 0x7D, 0x5D, 0x7D, 0x5D, 0x7D, 0x5D, 0x7D, 0x5D, 0x7D, 0x5D,
    0x7D, 0x5D, 0x7D, 0x5D, 0x99, 0x7D, 0x99, 0x7D, 0x99, 0x7D, 0x4A, 0xF6, 0x4A, 0xF6, 0x4A, 0xF6, 0x4A, 0xF6, 0x69,
    0xFE, 0x69, 0xFE, 0x69, 0xFE, 0x69, 0xFE, 0x69, 0xFE, 0x69, 0xFE, 0x69, 0xFE, 0x69, 0xFE, 0x69, 0xFE, 0x69, 0xFE,
    0x69, 0xFE, 0x69, 0xFE, 0x69, 0xFE, 0x69, 0xFE, 0x69, 0xFE, 0x69, 0xFE, 0x69, 0xFE, 0x69, 0xFE, 0x69, 0xFE, 0x69,
    0xFE, 0x69, 0xFE, 0x69, 0xFE, 0x69, 0xFE, 0x69, 0xFE, 0x69, 0xFE, 0x69, 0xFE, 0x69, 0xFE, 0x69, 0xFE, 0x69, 0xFE,
    0x69, 0xFE, 0x69, 0xFE, 0x69, 0xFE, 0x69, 0xFE, 0x69, 0xFE, 0x69, 0xFE, 0x69, 0xFE, 0x69, 0xFE, 0x69, 0xFE, 0x69,
    0xFE, 0x69, 0xFE, 0x69, 0xFE, 0x69, 0xFE, 0x69, 0xFE, 0x69, 0xFE, 0x69, 0xFE, 0x69, 0xFE, 0x69, 0xFE, 0x69, 0xFE,
    0x69, 0xFE, 0x69, 0xFE, 0x69, 0xFE, 0x69, 0xFE, 0x69, 0xFE, 0x69, 0xFE, 0x69, 0xFE, 0x69, 0xFE, 0x69, 0xFE, 0x69,
    0xFE, 0x69, 0xFE, 0x69, 0xFE, 0x69, 0xFE, 0x69, 0xFE, 0x69, 0xFE, 0x69, 0xFE, 0x69, 0xFE, 0x69, 0xFE, 0x69, 0xFE,
    0x69, 0xFE, 0x69, 0xFE, 0x69, 0xFE, 0x69, 0xFE, 0x69, 0xFE, 0x69, 0xFE, 0x87, 0xE5, 0x87, 0xE5, 0x87, 0xE5, 0xE1,
    0x82, 0xE1, 0x82, 0xE1, 0x82, 0xE1, 0x82, 0x20, 0x62, 0x20, 0x62, 0x20, 0x62, 0x20, 0x62, 0x20, 0x62, 0x20, 0x62,
    0x20, 0x62, 0x20, 0x62, 0x20, 0x62, 0x20, 0x62, 0x20, 0x62, 0x20, 0x62, 0x20, 0x62, 0x20, 0x62, 0x20, 0x62, 0x20,
    0x62, 0x20, 0x62, 0x20, 0x62, 0x20, 0x62, 0x20, 0x62, 0x20, 0x62, 0x20, 0x62, 0x20, 0x62, 0x20, 0x62, 0x20, 0x62,
    0x20, 0x62, 0xE1, 0x82, 0xE1, 0x82, 0xE1, 0x82, 0xE1, 0x82, 0x87, 0xE5, 0x87, 0xE5, 0x87, 0xE5, 0x69, 0xFE, 0x69,
    0xFE, 0x69, 0xFE, 0x69, 0xFE, 0x69, 0xFE, 0x69, 0xFE, 0x69, 0xFE, 0x69, 0xFE, 0x69, 0xFE, 0x69, 0xFE, 0x69, 0xFE,
    0x69, 0xFE, 0x69, 0xFE, 0x69, 0xFE, 0x69, 0xFE, 0x69, 0xFE, 0x69, 0xFE, 0x69, 0xFE, 0x69, 0xFE, 0x69, 0xFE, 0x69,
    0xFE, 0x69, 0xFE, 0x69, 0xFE, 0x69, 0xFE, 0x69, 0xFE, 0x69, 0xFE, 0x69, 0xFE, 0x69, 0xFE, 0x69, 0xFE, 0x69, 0xFE,
    0x69, 0xFE, 0x69, 0xFE, 0x69, 0xFE, 0x69, 0xFE, 0x69, 0xFE, 0x69, 0xFE, 0x69, 0xFE, 0x69, 0xFE, 0x69, 0xFE, 0x69,
    0xFE, 0x87, 0xE5, 0x87, 0xE5, 0x87, 0xE5, 0xE1, 0x82, 0xE1, 0x82, 0xE1, 0x82, 0xE1, 0x82, 0x20, 0x62, 0x20, 0x62,
    0x20, 0x62, 0x20, 0x62, 0x20, 0x62, 0x20, 0x62, 0x20, 0x62, 0x20, 0x62, 0x20, 0x62, 0x20, 0x62, 0x20, 0x62, 0x20,
    0x62, 0x20, 0x62, 0x20, 0x62, 0x20, 0x62, 0x20, 0x62, 0x20, 0x62, 0x20, 0x62, 0x20, 0x62, 0x20, 0x62, 0x20, 0x62,
    0x20, 0x62, 0x20, 0x62, 0x20, 0x62, 0x20, 0x62, 0x20, 0x62, 0xE1, 0x82, 0xE1, 0x82, 0xE1, 0x82, 0xE1, 0x82, 0x87,
    0xE5, 0x87, 0xE5, 0x87, 0xE5, 0xD4, 0xA5, 0xD4, 0xA5, 0xD4, 0xA5, 0x7D, 0x5D, 0x7D, 0x5D, 0x7D, 0x5D, 0x7D, 0x5D,
    0x7D, 0x5D, 0x7D, 0x5D, 0x7D, 0x5D, 0x7D, 0x5D, 0x7D, 0x5D, 0x7D, 0x5D, 0x7D, 0x5D, 0x7D, 0x5D, 0x7D, 0x5D, 0x7D,
    0x5D, 0x7D, 0x5D, 0x7D, 0x5D, 0x7D, 0x5D, 0x7D, 0x5D, 0x7D, 0x5D, 0x7D, 0x5D, 0x7D, 0x5D, 0x7D, 0x5D, 0x7D, 0x5D,
    0x7D, 0x5D, 0x7D, 0x5D, 0x7D, 0x5D, 0x7D, 0x5D, 0x7D, 0x5D, 0x7D, 0x5D, 0x7D, 0x5D, 0x7D, 0x5D, 0x7D, 0x5D, 0x7D,
    0x5D, 0x7D, 0x5D, 0xD4, 0xA5, 0xD4, 0xA5, 0xD4, 0xA5, 0x69, 0xFE, 0x69, 0xFE, 0x69, 0xFE, 0x69, 0xFE, 0x69, 0xFE,
    0x69, 0xFE, 0x69, 0xFE, 0x69, 0xFE, 0x69, 0xFE, 0x69, 0xFE, 0x69, 0xFE, 0x69, 0xFE, 0x69, 0xFE, 0x69, 0xFE, 0x69,
    0xFE, 0x69, 0xFE, 0x69, 0xFE, 0x69, 0xFE, 0x69, 0xFE, 0x69, 0xFE, 0x69, 0xFE, 0x69, 0xFE, 0x69, 0xFE, 0x69, 0xFE,
    0x69, 0xFE, 0x69, 0xFE, 0x69, 0xFE, 0x69, 0xFE, 0x69, 0xFE, 0x69, 0xFE, 0x69, 0xFE, 0x69, 0xFE, 0x69, 0xFE, 0x69,
    0xFE, 0x69, 0xFE, 0x69, 0xFE, 0x69, 0xFE, 0x69, 0xFE, 0x69, 0xFE, 0x69, 0xFE, 0x69, 0xFE, 0x69, 0xFE, 0x69, 0xFE,
    0x69, 0xFE, 0x69, 0xFE, 0x69, 0xFE, 0x69, 0xFE, 0x69, 0xFE, 0x69, 0xFE, 0x69, 0xFE, 0x69, 0xFE, 0x69, 0xFE, 0x69,
    0xFE, 0x69, 0xFE, 0x69, 0xFE, 0x69, 0xFE, 0x69, 0xFE, 0x69, 0xFE, 0x69, 0xFE, 0x69, 0xFE, 0x69, 0xFE, 0x69, 0xFE,
    0x69, 0xFE, 0x69, 0xFE, 0x69, 0xFE, 0x69, 0xFE, 0x69, 0xFE, 0x69, 0xFE, 0x69, 0xFE, 0x69, 0xFE, 0x69, 0xFE, 0x69,
    0xFE, 0x69, 0xFE, 0x69, 0xFE, 0x69, 0xFE, 0x69, 0xFE, 0x69, 0xFE, 0x69, 0xFE, 0x69, 0xFE, 0x69, 0xFE, 0x87, 0xE5,
    0x87, 0xE5, 0x87, 0xE5, 0xE1, 0x82, 0xE1, 0x82, 0xE1, 0x82, 0xE1, 0x82, 0x20, 0x62, 0x20, 0x62, 0x20, 0x62, 0x20,
    0x62, 0x20, 0x62, 0x20, 0x62, 0x20, 0x62, 0x20, 0x62, 0x20, 0x62, 0x20, 0x62, 0x20, 0x62, 0x20, 0x62, 0x20, 0x62,
    0x20, 0x62, 0x20, 0x62, 0x20, 0x62, 0x20, 0x62, 0x20, 0x62, 0x20, 0x62, 0x20, 0x62, 0x20, 0x62, 0x20, 0x62, 0x20,
    0x62, 0x20, 0x62, 0x20, 0x62, 0x20, 0x62, 0xE1, 0x82, 0xE1, 0x82, 0xE1, 0x82, 0xE1, 0x82, 0x87, 0xE5, 0x87, 0xE5,
    0x87, 0xE5, 0x69, 0xFE, 0x69, 0xFE, 0x69, 0xFE, 0x69, 0xFE, 0x69, 0xFE, 0x69, 0xFE, 0x69, 0xFE, 0x69, 0xFE, 0x69,
    0xFE, 0x69, 0xFE, 0x69, 0xFE, 0x69, 0xFE, 0x69, 0xFE, 0x69, 0xFE, 0x69, 0xFE, 0x69, 0xFE, 0x69, 0xFE, 0x69, 0xFE,
    0x69, 0xFE, 0x69, 0xFE, 0x69, 0xFE, 0x69, 0xFE, 0x69, 0xFE, 0x69, 0xFE, 0x69, 0xFE, 0x69, 0xFE, 0x69, 0xFE, 0x69,
    0xFE, 0x69, 0xFE, 0x69, 0xFE, 0x69, 0xFE, 0x69, 0xFE, 0x69, 0xFE, 0x69, 0xFE, 0x69, 0xFE, 0x69, 0xFE, 0x69, 0xFE,
    0x69, 0xFE, 0x69, 0xFE, 0x69, 0xFE, 0x87, 0xE5, 0x87, 0xE5, 0x87, 0xE5, 0xE1, 0x82, 0xE1, 0x82, 0xE1, 0x82, 0xE1,
    0x82, 0x20, 0x62, 0x20, 0x62, 0x20, 0x62, 0x20, 0x62, 0x20, 0x62, 0x20, 0x62, 0x20, 0x62, 0x20, 0x62, 0x20, 0x62,
    0x20, 0x62, 0x20, 0x62, 0x20, 0x62, 0x20, 0x62, 0x20, 0x62, 0x20, 0x62, 0x20, 0x62, 0x20, 0x62, 0x20, 0x62, 0x20,
    0x62, 0x20, 0x62, 0x20, 0x62, 0x20, 0x62, 0x20, 0x62, 0x20, 0x62, 0x20, 0x62, 0x20, 0x62, 0xE1, 0x82, 0xE1, 0x82,
    0xE1, 0x82, 0xE1, 0x82, 0x87, 0xE5, 0x87, 0xE5, 0x87, 0xE5, 0xD4, 0xA5, 0xD4, 0xA5, 0xD4, 0xA5, 0x7D, 0x5D, 0x7D,
    0x5D, 0x7D, 0x5D, 0x7D, 0x5D, 0x7D, 0x5D, 0x7D, 0x5D, 0x7D, 0x5D, 0x7D, 0x5D, 0x7D, 0x5D, 0x7D, 0x5D, 0x7D, 0x5D,
    0x7D, 0x5D, 0x7D, 0x5D, 0x7D, 0x5D, 0x7D, 0x5D, 0x7D, 0x5D, 0x7D, 0x5D, 0x7D, 0x5D, 0x7D, 0x5D, 0x7D, 0x5D, 0x7D,
    0x5D, 0x7D, 0x5D, 0x7D, 0x5D, 0x7D, 0x5D, 0x7D, 0x5D, 0x7D, 0x5D, 0x7D, 0x5D, 0x7D, 0x5D, 0x7D, 0x5D, 0x7D, 0x5D,
    0x7D, 0x5D, 0x7D, 0x5D, 0x7D, 0x5D, 0x7D, 0x5D, 0xD4, 0xA5, 0xD4, 0xA5, 0xD4, 0xA5, 0x69, 0xFE, 0x69, 0xFE, 0x69,
    0xFE, 0x69, 0xFE, 0x69, 0xFE, 0x69, 0xFE, 0x69, 0xFE, 0x69, 0xFE, 0x69, 0xFE, 0x69, 0xFE, 0x69, 0xFE, 0x69, 0xFE,
    0x69, 0xFE, 0x69, 0xFE, 0x69, 0xFE, 0x69, 0xFE, 0x69, 0xFE, 0x69, 0xFE, 0x69, 0xFE, 0x69, 0xFE, 0x69, 0xFE, 0x69,
    0xFE, 0x69, 0xFE, 0x69, 0xFE, 0x69, 0xFE, 0x69, 0xFE, 0x69, 0xFE, 0x69, 0xFE, 0x69, 0xFE, 0x69, 0xFE, 0x69, 0xFE,
    0x69, 0xFE, 0x69, 0xFE, 0x69, 0xFE, 0x69, 0xFE, 0x69, 0xFE, 0x69, 0xFE, 0x69, 0xFE, 0x69, 0xFE, 0x69, 0xFE, 0x69,
    0xFE, 0x69, 0xFE, 0x69, 0xFE, 0x69, 0xFE, 0x69, 0xFE, 0x69, 0xFE, 0x69, 0xFE, 0x69, 0xFE, 0x69, 0xFE, 0x69, 0xFE,
    0x69, 0xFE, 0x69, 0xFE, 0x69, 0xFE, 0x69, 0xFE, 0x69, 0xFE, 0x69, 0xFE, 0x69, 0xFE, 0x69, 0xFE, 0x69, 0xFE, 0x69,
    0xFE, 0x69, 0xFE, 0x69, 0xFE, 0x69, 0xFE, 0x69, 0xFE, 0x69, 0xFE, 0x69, 0xFE, 0x69, 0xFE, 0x69, 0xFE, 0x69, 0xFE,
    0x69, 0xFE, 0x69, 0xFE, 0x69, 0xFE, 0x69, 0xFE, 0x69, 0xFE, 0x69, 0xFE, 0x69, 0xFE, 0x69, 0xFE, 0x69, 0xFE, 0x69,
    0xFE, 0x69, 0xFE, 0x87, 0xE5, 0x87, 0xE5, 0x87, 0xE5, 0xE1, 0x82, 0xE1, 0x82, 0xE1, 0x82, 0xE1, 0x82, 0x20, 0x62,
    0x20, 0x62, 0x20, 0x62, 0x20, 0x62, 0x20, 0x62, 0x20, 0x62, 0x20, 0x62, 0x20, 0x62, 0x20, 0x62, 0x20, 0x62, 0x20,
    0x62, 0x20, 0x62, 0x20, 0x62, 0x20, 0x62, 0x20, 0x62, 0x20, 0x62, 0x20, 0x62, 0x20, 0x62, 0x20, 0x62, 0x20, 0x62,
    0x20, 0x62, 0x20, 0x62, 0x20, 0x62, 0x20, 0x62, 0x20, 0x62, 0x20, 0x62, 0xE1, 0x82, 0xE1, 0x82, 0xE1, 0x82, 0xE1,
    0x82, 0x87, 0xE5, 0x87, 0xE5, 0x87, 0xE5, 0x69, 0xFE, 0x69, 0xFE, 0x69, 0xFE, 0x69, 0xFE, 0x69, 0xFE, 0x69, 0xFE,
    0x69, 0xFE, 0x69, 0xFE, 0x69, 0xFE, 0x69, 0xFE, 0x69, 0xFE, 0x69, 0xFE, 0x69, 0xFE, 0x69, 0xFE, 0x69, 0xFE, 0x69,
    0xFE, 0x69, 0xFE, 0x69, 0xFE, 0x69, 0xFE, 0x69, 0xFE, 0x69, 0xFE, 0x69, 0xFE, 0x69, 0xFE, 0x69, 0xFE, 0x69, 0xFE,
    0x69, 0xFE, 0x69, 0xFE, 0x69, 0xFE, 0x69, 0xFE, 0x69, 0xFE, 0x69, 0xFE, 0x69, 0xFE, 0x69, 0xFE, 0x69, 0xFE, 0x69,
    0xFE, 0x69, 0xFE, 0x69, 0xFE, 0x69, 0xFE, 0x69, 0xFE, 0x69, 0xFE, 0x87, 0xE5, 0x87, 0xE5, 0x87, 0xE5, 0xE1, 0x82,
    0xE1, 0x82, 0xE1, 0x82, 0xE1, 0x82, 0x20, 0x62, 0x20, 0x62, 0x20, 0x62, 0x20, 0x62, 0x20, 0x62, 0x20, 0x62, 0x20,
    0x62, 0x20, 0x62, 0x20, 0x62, 0x20, 0x62, 0x20, 0x62, 0x20, 0x62, 0x20, 0x62, 0x20, 0x62, 0x20, 0x62, 0x20, 0x62,
    0x20, 0x62, 0x20, 0x62, 0x20, 0x62, 0x20, 0x62, 0x20, 0x62, 0x20, 0x62, 0x20, 0x62, 0x20, 0x62, 0x20, 0x62, 0x20,
    0x62, 0xE1, 0x82, 0xE1, 0x82, 0xE1, 0x82, 0xE1, 0x82, 0x87, 0xE5, 0x87, 0xE5, 0x87, 0xE5, 0xD4, 0xA5, 0xD4, 0xA5,
    0xD4, 0xA5, 0x7D, 0x5D, 0x7D, 0x5D, 0x7D, 0x5D, 0x7D, 0x5D, 0x7D, 0x5D, 0x7D, 0x5D, 0x7D, 0x5D, 0x7D, 0x5D, 0x7D,
    0x5D, 0x7D, 0x5D, 0x7D, 0x5D, 0x7D, 0x5D, 0x7D, 0x5D, 0x7D, 0x5D, 0x7D, 0x5D, 0x7D, 0x5D, 0x7D, 0x5D, 0x7D, 0x5D,
    0x7D, 0x5D, 0x7D, 0x5D, 0x7D, 0x5D, 0x7D, 0x5D, 0x7D, 0x5D, 0x7D, 0x5D, 0x7D, 0x5D, 0x7D, 0x5D, 0x7D, 0x5D, 0x7D,
    0x5D, 0x7D, 0x5D, 0x7D, 0x5D, 0x7D, 0x5D, 0x7D, 0x5D, 0x7D, 0x5D, 0x7D, 0x5D, 0xD4, 0xA5, 0xD4, 0xA5, 0xD4, 0xA5,
    0x69, 0xFE, 0x69, 0xFE, 0x69, 0xFE, 0x69, 0xFE, 0x69, 0xFE, 0x69, 0xFE, 0x69, 0xFE, 0x69, 0xFE, 0x69, 0xFE, 0x69,
    0xFE, 0x69, 0xFE, 0x69, 0xFE, 0x69, 0xFE, 0x69, 0xFE, 0x69, 0xFE, 0x69, 0xFE, 0x69, 0xFE, 0x69, 0xFE, 0x69, 0xFE,
    0x69, 0xFE, 0x69, 0xFE, 0x69, 0xFE, 0x69, 0xFE, 0x69, 0xFE, 0x69, 0xFE, 0x69, 0xFE, 0x69, 0xFE, 0x69, 0xFE, 0x69,
    0xFE, 0x69, 0xFE, 0x69, 0xFE, 0x69, 0xFE, 0x69, 0xFE, 0x69, 0xFE, 0x69, 0xFE, 0x69, 0xFE, 0x69, 0xFE, 0x69, 0xFE,
    0x69, 0xFE, 0x69, 0xFE, 0x69, 0xFE, 0x69, 0xFE, 0x69, 0xFE, 0x69, 0xFE, 0x69, 0xFE, 0x69, 0xFE, 0x69, 0xFE, 0x69,
    0xFE, 0x69, 0xFE, 0x69, 0xFE, 0x69, 0xFE, 0x69, 0xFE, 0x69, 0xFE, 0x69, 0xFE, 0x69, 0xFE, 0x69, 0xFE, 0x69, 0xFE,
    0x69, 0xFE, 0x69, 0xFE, 0x69, 0xFE, 0x69, 0xFE, 0x69, 0xFE, 0x69, 0xFE, 0x69, 0xFE, 0x69, 0xFE, 0x69, 0xFE, 0x69,
    0xFE, 0x69, 0xFE, 0x69, 0xFE, 0x69, 0xFE, 0x69, 0xFE, 0x69, 0xFE, 0x69, 0xFE, 0x69, 0xFE, 0x69, 0xFE, 0x69, 0xFE,
    0x69, 0xFE, 0x87, 0xE5, 0x87, 0xE5, 0x87, 0xE5, 0x60, 0x72, 0x60, 0x72, 0x60, 0x72, 0x20, 0x62, 0x20, 0x62, 0x20,
    0x62, 0x20, 0x62, 0x20, 0x62, 0x20, 0x62, 0x20, 0x62, 0x20, 0x62, 0x20, 0x62, 0x20, 0x62, 0x20, 0x62, 0x20, 0x62,
    0x20, 0x62, 0x20, 0x62, 0x20, 0x62, 0x20, 0x62, 0x20, 0x62, 0x20, 0x62, 0x20, 0x62, 0x20, 0x62, 0x20, 0x62, 0x20,
    0x62, 0x20, 0x62, 0x20, 0x62, 0x20, 0x62, 0x20, 0x62, 0x20, 0x62, 0x20, 0x62, 0x20, 0x62, 0x20, 0x62, 0x20, 0x62,
    0x20, 0x62, 0x20, 0x62, 0x20, 0x62, 0x60, 0x72, 0x60, 0x72, 0x60, 0x72, 0x87, 0xE5, 0x87, 0xE5, 0x87, 0xE5, 0x69,
    0xFE, 0x69, 0xFE, 0x69, 0xFE, 0x69, 0xFE, 0x69, 0xFE, 0x69, 0xFE, 0x69, 0xFE, 0x69, 0xFE, 0x69, 0xFE, 0x69, 0xFE,
    0x69, 0xFE, 0x69, 0xFE, 0x69, 0xFE, 0x69, 0xFE, 0x69, 0xFE, 0x69, 0xFE, 0x69, 0xFE, 0x69, 0xFE, 0x69, 0xFE, 0x69,
    0xFE, 0x69, 0xFE, 0x69, 0xFE, 0x69, 0xFE, 0x69, 0xFE, 0x69, 0xFE, 0x69, 0xFE, 0x69, 0xFE, 0x69, 0xFE, 0x69, 0xFE,
    0x69, 0xFE, 0x69, 0xFE, 0x69, 0xFE, 0x69, 0xFE, 0x69, 0xFE, 0x87, 0xE5, 0x87, 0xE5, 0x87, 0xE5, 0x60, 0x72, 0x60,
    0x72, 0x60, 0x72, 0x20, 0x62, 0x20, 0x62, 0x20, 0x62, 0x20, 0x62, 0x20, 0x62, 0x20, 0x62, 0x20, 0x62, 0x20, 0x62,
    0x20, 0x62, 0x20, 0x62, 0x20, 0x62, 0x20, 0x62, 0x20, 0x62, 0x20, 0x62, 0x20, 0x62, 0x20, 0x62, 0x20, 0x62, 0x20,
    0x62, 0x20, 0x62, 0x20, 0x62, 0x20, 0x62, 0x20, 0x62, 0x20, 0x62, 0x20, 0x62, 0x20, 0x62, 0x20, 0x62, 0x20, 0x62,
    0x20, 0x62, 0x20, 0x62, 0x20, 0x62, 0x20, 0x62, 0x20, 0x62, 0x20, 0x62, 0x20, 0x62, 0x60, 0x72, 0x60, 0x72, 0x60,
    0x72, 0x87, 0xE5, 0x87, 0xE5, 0x87, 0xE5, 0x4C, 0xEE, 0x4C, 0xEE, 0x4C, 0xEE, 0x4C, 0xEE, 0xD4, 0xA5, 0xD4, 0xA5,
    0xD4, 0xA5, 0x99, 0x7D, 0x99, 0x7D, 0x99, 0x7D, 0x7D, 0x5D, 0x7D, 0x5D, 0x7D, 0x5D, 0x7D, 0x5D, 0x7D, 0x5D, 0x7D,
    0x5D, 0x7D, 0x5D, 0x7D, 0x5D, 0x7D, 0x5D, 0x7D, 0x5D, 0x7D, 0x5D, 0x7D, 0x5D, 0x7D, 0x5D, 0x7D, 0x5D, 0x99, 0x7D,
    0x99, 0x7D, 0x99, 0x7D, 0xD4, 0xA5, 0xD4, 0xA5, 0xD4, 0xA5, 0x4C, 0xEE, 0x4C, 0xEE, 0x4C, 0xEE, 0x4C, 0xEE, 0x69,
    0xFE, 0x69, 0xFE, 0x69, 0xFE, 0x69, 0xFE, 0x69, 0xFE, 0x69, 0xFE, 0x69, 0xFE, 0x69, 0xFE, 0x69, 0xFE, 0x69, 0xFE,
    0x69, 0xFE, 0x69, 0xFE, 0x69, 0xFE, 0x69, 0xFE, 0x69, 0xFE, 0x69, 0xFE, 0x69, 0xFE, 0x69, 0xFE, 0x69, 0xFE, 0x69,
    0xFE, 0x69, 0xFE, 0x69, 0xFE, 0x69, 0xFE, 0x69, 0xFE, 0x69, 0xFE, 0x69, 0xFE, 0x69, 0xFE, 0x69, 0xFE, 0x69, 0xFE,
    0x69, 0xFE, 0x69, 0xFE, 0x69, 0xFE, 0x69, 0xFE, 0x69, 0xFE, 0x69, 0xFE, 0x69, 0xFE, 0x69, 0xFE, 0x69, 0xFE, 0x69,
    0xFE, 0x69, 0xFE, 0x69, 0xFE, 0x69, 0xFE, 0x69, 0xFE, 0x69, 0xFE, 0x69, 0xFE, 0x69, 0xFE, 0x69, 0xFE, 0x69, 0xFE,
    0x69, 0xFE, 0x69, 0xFE, 0x69, 0xFE, 0x69, 0xFE, 0x69, 0xFE, 0x69, 0xFE, 0x69, 0xFE, 0x69, 0xFE, 0x69, 0xFE, 0x69,
    0xFE, 0x69, 0xFE, 0x69, 0xFE, 0x69, 0xFE, 0x69, 0xFE, 0x69, 0xFE, 0x69, 0xFE, 0x69, 0xFE, 0x69, 0xFE, 0x69, 0xFE,
    0x69, 0xFE, 0x69, 0xFE, 0x69, 0xFE, 0x69, 0xFE, 0x69, 0xFE, 0x69, 0xFE, 0x69, 0xFE, 0x69, 0xFE, 0x69, 0xFE, 0x69,
    0xFE, 0x69, 0xFE, 0x69, 0xFE, 0x69, 0xFE, 0x87, 0xE5, 0x87, 0xE5, 0x87, 0xE5, 0x60, 0x72, 0x60, 0x72, 0x60, 0x72,
    0x20, 0x62, 0x20, 0x62, 0x20, 0x62, 0x20, 0x62, 0x20, 0x62, 0x20, 0x62, 0x20, 0x62, 0x20, 0x62, 0x20, 0x62, 0x20,
    0x62, 0x20, 0x62, 0x20, 0x62, 0x20, 0x62, 0x20, 0x62, 0x20, 0x62, 0x20, 0x62, 0x20, 0x62, 0x20, 0x62, 0x20, 0x62,
    0x20, 0x62, 0x20, 0x62, 0x20, 0x62, 0x20, 0x62, 0x20, 0x62, 0x20, 0x62, 0x20, 0x62, 0x20, 0x62, 0x20, 0x62, 0x20,
    0x62, 0x20, 0x62, 0x20, 0x62, 0x20, 0x62, 0x20, 0x62, 0x20, 0x62, 0x60, 0x72, 0x60, 0x72, 0x60, 0x72, 0x87, 0xE5,
    0x87, 0xE5, 0x87, 0xE5, 0x69, 0xFE, 0x69, 0xFE, 0x69, 0xFE, 0x69, 0xFE, 0x69, 0xFE, 0x69, 0xFE, 0x69, 0xFE, 0x69,
    0xFE, 0x69, 0xFE, 0x69, 0xFE, 0x69, 0xFE, 0x69, 0xFE, 0x69, 0xFE, 0x69, 0xFE, 0x69, 0xFE, 0x69, 0xFE, 0x69, 0xFE,
    0x69, 0xFE, 0x69, 0xFE, 0x69, 0xFE, 0x69, 0xFE, 0x69, 0xFE, 0x69, 0xFE, 0x69, 0xFE, 0x69, 0xFE, 0x69, 0xFE, 0x69,
    0xFE, 0x69, 0xFE, 0x69, 0xFE, 0x69, 0xFE, 0x69, 0xFE, 0x69, 0xFE, 0x69, 0xFE, 0x69, 0xFE, 0x87, 0xE5, 0x87, 0xE5,
    0x87, 0xE5, 0x60, 0x72, 0x60, 0x72, 0x60, 0x72, 0x20, 0x62, 0x20, 0x62, 0x20, 0x62, 0x20, 0x62, 0x20, 0x62, 0x20,
    0x62, 0x20, 0x62, 0x20, 0x62, 0x20, 0x62, 0x20, 0x62, 0x20, 0x62, 0x20, 0x62, 0x20, 0x62, 0x20, 0x62, 0x20, 0x62,
    0x20, 0x62, 0x20, 0x62, 0x20, 0x62, 0x20, 0x62, 0x20, 0x62, 0x20, 0x62, 0x20, 0x62, 0x20, 0x62, 0x20, 0x62, 0x20,
    0x62, 0x20, 0x62, 0x20, 0x62, 0x20, 0x62, 0x20, 0x62, 0x20, 0x62, 0x20, 0x62, 0x20, 0x62, 0x20, 0x62, 0x20, 0x62,
    0x60, 0x72, 0x60, 0x72, 0x60, 0x72, 0x87, 0xE5, 0x87, 0xE5, 0x87, 0xE5, 0x4C, 0xEE, 0x4C, 0xEE, 0x4C, 0xEE, 0x4C,
    0xEE, 0xD4, 0xA5, 0xD4, 0xA5, 0xD4, 0xA5, 0x99, 0x7D, 0x99, 0x7D, 0x99, 0x7D, 0x7D, 0x5D, 0x7D, 0x5D, 0x7D, 0x5D,
    0x7D, 0x5D, 0x7D, 0x5D, 0x7D, 0x5D, 0x7D, 0x5D, 0x7D, 0x5D, 0x7D, 0x5D, 0x7D, 0x5D, 0x7D, 0x5D, 0x7D, 0x5D, 0x7D,
    0x5D, 0x7D, 0x5D, 0x99, 0x7D, 0x99, 0x7D, 0x99, 0x7D, 0xD4, 0xA5, 0xD4, 0xA5, 0xD4, 0xA5, 0x4C, 0xEE, 0x4C, 0xEE,
    0x4C, 0xEE, 0x4C, 0xEE, 0x69, 0xFE, 0x69, 0xFE, 0x69, 0xFE, 0x69, 0xFE, 0x69, 0xFE, 0x69, 0xFE, 0x69, 0xFE, 0x69,
    0xFE, 0x69, 0xFE, 0x69, 0xFE, 0x69, 0xFE, 0x69, 0xFE, 0x69, 0xFE, 0x69, 0xFE, 0x69, 0xFE, 0x69, 0xFE, 0x69, 0xFE,
    0x69, 0xFE, 0x69, 0xFE, 0x69, 0xFE, 0x69, 0xFE, 0x69, 0xFE, 0x69, 0xFE, 0x69, 0xFE, 0x69, 0xFE, 0x69, 0xFE, 0x69,
    0xFE, 0x69, 0xFE, 0x69, 0xFE, 0x69, 0xFE, 0x69, 0xFE, 0x69, 0xFE, 0x69, 0xFE, 0x69, 0xFE, 0x69, 0xFE, 0x69, 0xFE,
    0x69, 0xFE, 0x69, 0xFE, 0x69, 0xFE, 0x69, 0xFE, 0x69, 0xFE, 0x69, 0xFE, 0x69, 0xFE, 0x69, 0xFE, 0x69, 0xFE, 0x69,
    0xFE, 0x69, 0xFE, 0x69, 0xFE, 0x69, 0xFE, 0x69, 0xFE, 0x69, 0xFE, 0x69, 0xFE, 0x69, 0xFE, 0x69, 0xFE, 0x69, 0xFE,
    0x69, 0xFE, 0x69, 0xFE, 0x69, 0xFE, 0x69, 0xFE, 0x69, 0xFE, 0x69, 0xFE, 0x69, 0xFE, 0x69, 0xFE, 0x69, 0xFE, 0x69,
    0xFE, 0x69, 0xFE, 0x69, 0xFE, 0x69, 0xFE, 0x69, 0xFE, 0x69, 0xFE, 0x69, 0xFE, 0x69, 0xFE, 0x69, 0xFE, 0x69, 0xFE,
    0x69, 0xFE, 0x69, 0xFE, 0x69, 0xFE, 0x69, 0xFE, 0x69, 0xFE, 0x69, 0xFE, 0x87, 0xE5, 0x87, 0xE5, 0x87, 0xE5, 0x60,
    0x72, 0x60, 0x72, 0x60, 0x72, 0x20, 0x62, 0x20, 0x62, 0x20, 0x62, 0x20, 0x62, 0x20, 0x62, 0x20, 0x62, 0x20, 0x62,
    0x20, 0x62, 0x20, 0x62, 0x20, 0x62, 0x20, 0x62, 0x20, 0x62, 0x20, 0x62, 0x20, 0x62, 0x20, 0x62, 0x20, 0x62, 0x20,
    0x62, 0x20, 0x62, 0x20, 0x62, 0x20, 0x62, 0x20, 0x62, 0x20, 0x62, 0x20, 0x62, 0x20, 0x62, 0x20, 0x62, 0x20, 0x62,
    0x20, 0x62, 0x20, 0x62, 0x20, 0x62, 0x20, 0x62, 0x20, 0x62, 0x20, 0x62, 0x20, 0x62, 0x20, 0x62, 0x60, 0x72, 0x60,
    0x72, 0x60, 0x72, 0x87, 0xE5, 0x87, 0xE5, 0x87, 0xE5, 0x69, 0xFE, 0x69, 0xFE, 0x69, 0xFE, 0x69, 0xFE, 0x69, 0xFE,
    0x69, 0xFE, 0x69, 0xFE, 0x69, 0xFE, 0x69, 0xFE, 0x69, 0xFE, 0x69, 0xFE, 0x69, 0xFE, 0x69, 0xFE, 0x69, 0xFE, 0x69,
    0xFE, 0x69, 0xFE, 0x69, 0xFE, 0x69, 0xFE, 0x69, 0xFE, 0x69, 0xFE, 0x69, 0xFE, 0x69, 0xFE, 0x69, 0xFE, 0x69, 0xFE,
    0x69, 0xFE, 0x69, 0xFE, 0x69, 0xFE, 0x69, 0xFE, 0x69, 0xFE, 0x69, 0xFE, 0x69, 0xFE, 0x69, 0xFE, 0x69, 0xFE, 0x69,
    0xFE, 0x87, 0xE5, 0x87, 0xE5, 0x87, 0xE5, 0x60, 0x72, 0x60, 0x72, 0x60, 0x72, 0x20, 0x62, 0x20, 0x62, 0x20, 0x62,
    0x20, 0x62, 0x20, 0x62, 0x20, 0x62, 0x20, 0x62, 0x20, 0x62, 0x20, 0x62, 0x20, 0x62, 0x20, 0x62, 0x20, 0x62, 0x20,
    0x62, 0x20, 0x62, 0x20, 0x62, 0x20, 0x62, 0x20, 0x62, 0x20, 0x62, 0x20, 0x62, 0x20, 0x62, 0x20, 0x62, 0x20, 0x62,
    0x20, 0x62, 0x20, 0x62, 0x20, 0x62, 0x20, 0x62, 0x20, 0x62, 0x20, 0x62, 0x20, 0x62, 0x20, 0x62, 0x20, 0x62, 0x20,
    0x62, 0x20, 0x62, 0x20, 0x62, 0x60, 0x72, 0x60, 0x72, 0x60, 0x72, 0x87, 0xE5, 0x87, 0xE5, 0x87, 0xE5, 0x4C, 0xEE,
    0x4C, 0xEE, 0x4C, 0xEE, 0x4C, 0xEE, 0xD4, 0xA5, 0xD4, 0xA5, 0xD4, 0xA5, 0x99, 0x7D, 0x99, 0x7D, 0x99, 0x7D, 0x7D,
    0x5D, 0x7D, 0x5D, 0x7D, 0x5D, 0x7D, 0x5D, 0x7D, 0x5D, 0x7D, 0x5D, 0x7D, 0x5D, 0x7D, 0x5D, 0x7D, 0x5D, 0x7D, 0x5D,
    0x7D, 0x5D, 0x7D, 0x5D, 0x7D, 0x5D, 0x7D, 0x5D, 0x99, 0x7D, 0x99, 0x7D, 0x99, 0x7D, 0xD4, 0xA5, 0xD4, 0xA5, 0xD4,
    0xA5, 0x4C, 0xEE, 0x4C, 0xEE, 0x4C, 0xEE, 0x4C, 0xEE, 0x69, 0xFE, 0x69, 0xFE, 0x69, 0xFE, 0x69, 0xFE, 0x69, 0xFE,
    0x69, 0xFE, 0x69, 0xFE, 0x69, 0xFE, 0x69, 0xFE, 0x69, 0xFE, 0x69, 0xFE, 0x69, 0xFE, 0x69, 0xFE, 0x69, 0xFE, 0x69,
    0xFE, 0x69, 0xFE, 0x69, 0xFE, 0x69, 0xFE, 0x69, 0xFE, 0x69, 0xFE, 0x69, 0xFE, 0x69, 0xFE, 0x69, 0xFE, 0x69, 0xFE,
    0x69, 0xFE, 0x69, 0xFE, 0x69, 0xFE, 0x69, 0xFE, 0x69, 0xFE, 0x69, 0xFE, 0x69, 0xFE, 0x69, 0xFE, 0x69, 0xFE, 0x69,
    0xFE, 0x69, 0xFE, 0x69, 0xFE, 0x69, 0xFE, 0x69, 0xFE, 0x69, 0xFE, 0x69, 0xFE, 0x69, 0xFE, 0x69, 0xFE, 0x69, 0xFE,
    0x69, 0xFE, 0x69, 0xFE, 0x69, 0xFE, 0x69, 0xFE, 0x69, 0xFE, 0x69, 0xFE, 0x69, 0xFE, 0x69, 0xFE, 0x69, 0xFE, 0x69,
    0xFE, 0x69, 0xFE, 0x69, 0xFE, 0x69, 0xFE, 0x69, 0xFE, 0x69, 0xFE, 0x69, 0xFE, 0x69, 0xFE, 0x69, 0xFE, 0x69, 0xFE,
    0x69, 0xFE, 0x69, 0xFE, 0x69, 0xFE, 0x69, 0xFE, 0x69, 0xFE, 0x69, 0xFE, 0x69, 0xFE, 0x69, 0xFE, 0x69, 0xFE, 0x69,
    0xFE, 0x69, 0xFE, 0x69, 0xFE, 0x69, 0xFE, 0x69, 0xFE, 0x69, 0xFE, 0x69, 0xFE, 0x69, 0xFE, 0x69, 0xFE, 0x87, 0xE5,
    0x87, 0xE5, 0x87, 0xE5, 0x60, 0x72, 0x60, 0x72, 0x60, 0x72, 0x20, 0x62, 0x20, 0x62, 0x20, 0x62, 0x20, 0x62, 0x20,
    0x62, 0x20, 0x62, 0x20, 0x62, 0x20, 0x62, 0x20, 0x62, 0x20, 0x62, 0x20, 0x62, 0x20, 0x62, 0x20, 0x62, 0x20, 0x62,
    0x20, 0x62, 0x20, 0x62, 0x20, 0x62, 0x20, 0x62, 0x20, 0x62, 0x20, 0x62, 0x20, 0x62, 0x20, 0x62, 0x20, 0x62, 0x20,
    0x62, 0x20, 0x62, 0x20, 0x62, 0x20, 0x62, 0x20, 0x62, 0x20, 0x62, 0x20, 0x62, 0x20, 0x62, 0x20, 0x62, 0x20, 0x62,
    0x20, 0x62, 0x60, 0x72, 0x60, 0x72, 0x60, 0x72, 0x87, 0xE5, 0x87, 0xE5, 0x87, 0xE5, 0x69, 0xFE, 0x69, 0xFE, 0x69,
    0xFE, 0x69, 0xFE, 0x69, 0xFE, 0x69, 0xFE, 0x69, 0xFE, 0x69, 0xFE, 0x69, 0xFE, 0x69, 0xFE, 0x69, 0xFE, 0x69, 0xFE,
    0x69, 0xFE, 0x69, 0xFE, 0x69, 0xFE, 0x69, 0xFE, 0x69, 0xFE, 0x69, 0xFE, 0x69, 0xFE, 0x69, 0xFE, 0x69, 0xFE, 0x69,
    0xFE, 0x69, 0xFE, 0x69, 0xFE, 0x69, 0xFE, 0x69, 0xFE, 0x69, 0xFE, 0x69, 0xFE, 0x69, 0xFE, 0x69, 0xFE, 0x69, 0xFE,
    0x69, 0xFE, 0x69, 0xFE, 0x69, 0xFE, 0x87, 0xE5, 0x87, 0xE5, 0x87, 0xE5, 0x60, 0x72, 0x60, 0x72, 0x60, 0x72, 0x20,
    0x62, 0x20, 0x62, 0x20, 0x62, 0x20, 0x62, 0x20, 0x62, 0x20, 0x62, 0x20, 0x62, 0x20, 0x62, 0x20, 0x62, 0x20, 0x62,
    0x20, 0x62, 0x20, 0x62, 0x20, 0x62, 0x20, 0x62, 0x20, 0x62, 0x20, 0x62, 0x20, 0x62, 0x20, 0x62, 0x20, 0x62, 0x20,
    0x62, 0x20, 0x62, 0x20, 0x62, 0x20, 0x62, 0x20, 0x62, 0x20, 0x62, 0x20, 0x62, 0x20, 0x62, 0x20, 0x62, 0x20, 0x62,
    0x20, 0x62, 0x20, 0x62, 0x20, 0x62, 0x20, 0x62, 0x20, 0x62, 0x60, 0x72, 0x60, 0x72, 0x60, 0x72, 0x87, 0xE5, 0x87,
    0xE5, 0x87, 0xE5, 0x4C, 0xEE, 0x4C, 0xEE, 0x4C, 0xEE, 0x4C, 0xEE, 0xD4, 0xA5, 0xD4, 0xA5, 0xD4, 0xA5, 0x99, 0x7D,
    0x99, 0x7D, 0x99, 0x7D, 0x7D, 0x5D, 0x7D, 0x5D, 0x7D, 0x5D, 0x7D, 0x5D, 0x7D, 0x5D, 0x7D, 0x5D, 0x7D, 0x5D, 0x7D,
    0x5D, 0x7D, 0x5D, 0x7D, 0x5D, 0x7D, 0x5D, 0x7D, 0x5D, 0x7D, 0x5D, 0x7D, 0x5D, 0x99, 0x7D, 0x99, 0x7D, 0x99, 0x7D,
    0xD4, 0xA5, 0xD4, 0xA5, 0xD4, 0xA5, 0x4C, 0xEE, 0x4C, 0xEE, 0x4C, 0xEE, 0x4C, 0xEE, 0x69, 0xFE, 0x69, 0xFE, 0x69,
    0xFE, 0x69, 0xFE, 0x69, 0xFE, 0x69, 0xFE, 0x69, 0xFE, 0x69, 0xFE, 0x69, 0xFE, 0x69, 0xFE, 0x69, 0xFE, 0x69, 0xFE,
    0x69, 0xFE, 0x69, 0xFE, 0x69, 0xFE, 0x69, 0xFE, 0x69, 0xFE, 0x69, 0xFE, 0x69, 0xFE, 0x69, 0xFE, 0x69, 0xFE, 0x69,
    0xFE, 0x69, 0xFE, 0x69, 0xFE, 0x69, 0xFE, 0x69, 0xFE, 0x69, 0xFE, 0x69, 0xFE, 0x69, 0xFE, 0x69, 0xFE, 0x69, 0xFE,
    0x69, 0xFE, 0x69, 0xFE, 0x69, 0xFE, 0x69, 0xFE, 0x69, 0xFE, 0x69, 0xFE, 0x69, 0xFE, 0x69, 0xFE, 0x69, 0xFE, 0x69,
    0xFE, 0x69, 0xFE, 0x69, 0xFE, 0x69, 0xFE, 0x69, 0xFE, 0x69, 0xFE, 0x69, 0xFE, 0x69, 0xFE, 0x69, 0xFE, 0x69, 0xFE,
    0x69, 0xFE, 0x69, 0xFE, 0x69, 0xFE, 0x69, 0xFE, 0x69, 0xFE, 0x69, 0xFE, 0x69, 0xFE, 0x69, 0xFE, 0x69, 0xFE, 0x69,
    0xFE, 0x69, 0xFE, 0x69, 0xFE, 0x69, 0xFE, 0x69, 0xFE, 0x69, 0xFE, 0x69, 0xFE, 0x69, 0xFE, 0x69, 0xFE, 0x69, 0xFE,
    0x69, 0xFE, 0x69, 0xFE, 0x69, 0xFE, 0x69, 0xFE, 0x69, 0xFE, 0x69, 0xFE, 0x69, 0xFE, 0x87, 0xE5, 0x87, 0xE5, 0x87,
    0xE5, 0x87, 0xE5, 0x60, 0x72, 0x60, 0x72, 0x60, 0x72, 0x20, 0x62, 0x20, 0x62, 0x20, 0x62, 0x20, 0x62, 0x20, 0x62,
    0x20, 0x62, 0x20, 0x62, 0x20, 0x62, 0x20, 0x62, 0x20, 0x62, 0x20, 0x62, 0x20, 0x62, 0x20, 0x62, 0x20, 0x62, 0x20,
    0x62, 0x20, 0x62, 0x20, 0x62, 0x20, 0x62, 0x20, 0x62, 0x20, 0x62, 0x20, 0x62, 0x20, 0x62, 0x20, 0x62, 0x20, 0x62,
    0x20, 0x62, 0x20, 0x62, 0x20, 0x62, 0x20, 0x62, 0x20, 0x62, 0x20, 0x62, 0x20, 0x62, 0x20, 0x62, 0x20, 0x62, 0x20,
    0x62, 0x20, 0x62, 0x20, 0x62, 0x20, 0x62, 0x20, 0x62, 0x20, 0x62, 0x20, 0x62, 0x60, 0x72, 0x60, 0x72, 0x60, 0x72,
    0x87, 0xE5, 0x87, 0xE5, 0x87, 0xE5, 0x87, 0xE5, 0x69, 0xFE, 0x69, 0xFE, 0x69, 0xFE, 0x69, 0xFE, 0x69, 0xFE, 0x69,
    0xFE, 0x69, 0xFE, 0x69, 0xFE, 0x69, 0xFE, 0x69, 0xFE, 0x69, 0xFE, 0x69, 0xFE, 0x69, 0xFE, 0x69, 0xFE, 0x69, 0xFE,
    0x69, 0xFE, 0x69, 0xFE, 0x69, 0xFE, 0x69, 0xFE, 0x69, 0xFE, 0x69, 0xFE, 0x69, 0xFE, 0x69, 0xFE, 0x69, 0xFE, 0x69,
    0xFE, 0x69, 0xFE, 0x87, 0xE5, 0x87, 0xE5, 0x87, 0xE5, 0x87, 0xE5, 0x60, 0x72, 0x60, 0x72, 0x60, 0x72, 0x20, 0x62,
    0x20, 0x62, 0x20, 0x62, 0x20, 0x62, 0x20, 0x62, 0x20, 0x62, 0x20, 0x62, 0x20, 0x62, 0x20, 0x62, 0x20, 0x62, 0x20,
    0x62, 0x20, 0x62, 0x20, 0x62, 0x20, 0x62, 0x20, 0x62, 0x20, 0x62, 0x20, 0x62, 0x20, 0x62, 0x20, 0x62, 0x20, 0x62,
    0x20, 0x62, 0x20, 0x62, 0x20, 0x62, 0x20, 0x62, 0x20, 0x62, 0x20, 0x62, 0x20, 0x62, 0x20, 0x62, 0x20, 0x62, 0x20,
    0x62, 0x20, 0x62, 0x20, 0x62, 0x20, 0x62, 0x20, 0x62, 0x20, 0x62, 0x20, 0x62, 0x20, 0x62, 0x20, 0x62, 0x20, 0x62,
    0x20, 0x62, 0x60, 0x72, 0x60, 0x72, 0x60, 0x72, 0x87, 0xE5, 0x87, 0xE5, 0x87, 0xE5, 0x87, 0xE5, 0x69, 0xFE, 0x69,
    0xFE, 0x69, 0xFE, 0x69, 0xFE, 0x69, 0xFE, 0x69, 0xFE, 0x69, 0xFE, 0x69, 0xFE, 0x69, 0xFE, 0x69, 0xFE, 0x69, 0xFE,
    0x69, 0xFE, 0x69, 0xFE, 0x69, 0xFE, 0x69, 0xFE, 0x69, 0xFE, 0x69, 0xFE, 0x69, 0xFE, 0x69, 0xFE, 0x69, 0xFE, 0x69,
    0xFE, 0x69, 0xFE, 0x69, 0xFE, 0x69, 0xFE, 0x69, 0xFE, 0x69, 0xFE, 0x69, 0xFE, 0x69, 0xFE, 0x69, 0xFE, 0x69, 0xFE,
    0x69, 0xFE, 0x69, 0xFE, 0x69, 0xFE, 0x69, 0xFE, 0x69, 0xFE, 0x69, 0xFE, 0x69, 0xFE, 0x69, 0xFE, 0x69, 0xFE, 0x69,
    0xFE, 0x69, 0xFE, 0x69, 0xFE, 0x69, 0xFE, 0x69, 0xFE, 0x69, 0xFE, 0x69, 0xFE, 0x69, 0xFE, 0x69, 0xFE, 0x69, 0xFE,
    0x69, 0xFE, 0x69, 0xFE, 0x69, 0xFE, 0x69, 0xFE, 0x69, 0xFE, 0x69, 0xFE, 0x69, 0xFE, 0x69, 0xFE, 0x69, 0xFE, 0x69,
    0xFE, 0x69, 0xFE, 0x69, 0xFE, 0x69, 0xFE, 0x69, 0xFE, 0x69, 0xFE, 0x69, 0xFE, 0x69, 0xFE, 0x69, 0xFE, 0x69, 0xFE,
    0x69, 0xFE, 0x69, 0xFE, 0x69, 0xFE, 0x69, 0xFE, 0x69, 0xFE, 0x69, 0xFE, 0x69, 0xFE, 0x69, 0xFE, 0x69, 0xFE, 0x69,
    0xFE, 0x69, 0xFE, 0x69, 0xFE, 0x69, 0xFE, 0x69, 0xFE, 0x69, 0xFE, 0x69, 0xFE, 0x69, 0xFE, 0x69, 0xFE, 0x69, 0xFE,
    0x69, 0xFE, 0x69, 0xFE, 0x69, 0xFE, 0x69, 0xFE, 0x69, 0xFE, 0x69, 0xFE, 0x69, 0xFE, 0x69, 0xFE, 0x69, 0xFE, 0x69,
    0xFE, 0x69, 0xFE, 0x69, 0xFE, 0x69, 0xFE, 0x69, 0xFE, 0x69, 0xFE, 0x69, 0xFE, 0x69, 0xFE, 0x69, 0xFE, 0x69, 0xFE,
    0x87, 0xE5, 0x87, 0xE5, 0x87, 0xE5, 0x87, 0xE5, 0x60, 0x72, 0x60, 0x72, 0x60, 0x72, 0x20, 0x62, 0x20, 0x62, 0x20,
    0x62, 0x20, 0x62, 0x20, 0x62, 0x20, 0x62, 0x20, 0x62, 0x20, 0x62, 0x20, 0x62, 0x20, 0x62, 0x20, 0x62, 0x20, 0x62,
    0x20, 0x62, 0x20, 0x62, 0x20, 0x62, 0x20, 0x62, 0x20, 0x62, 0x20, 0x62, 0x20, 0x62, 0x20, 0x62, 0x20, 0x62, 0x20,
    0x62, 0x20, 0x62, 0x20, 0x62, 0x20, 0x62, 0x20, 0x62, 0x20, 0x62, 0x20, 0x62, 0x20, 0x62, 0x20, 0x62, 0x20, 0x62,
    0x20, 0x62, 0x20, 0x62, 0x20, 0x62, 0x20, 0x62, 0x20, 0x62, 0x20, 0x62, 0x20, 0x62, 0x20, 0x62, 0x20, 0x62, 0x60,
    0x72, 0x60, 0x72, 0x60, 0x72, 0x87, 0xE5, 0x87, 0xE5, 0x87, 0xE5, 0x87, 0xE5, 0x69, 0xFE, 0x69, 0xFE, 0x69, 0xFE,
    0x69, 0xFE, 0x69, 0xFE, 0x69, 0xFE, 0x69, 0xFE, 0x69, 0xFE, 0x69, 0xFE, 0x69, 0xFE, 0x69, 0xFE, 0x69, 0xFE, 0x69,
    0xFE, 0x69, 0xFE, 0x69, 0xFE, 0x69, 0xFE, 0x69, 0xFE, 0x69, 0xFE, 0x69, 0xFE, 0x69, 0xFE, 0x69, 0xFE, 0x69, 0xFE,
    0x69, 0xFE, 0x69, 0xFE, 0x69, 0xFE, 0x69, 0xFE, 0x87, 0xE5, 0x87, 0xE5, 0x87, 0xE5, 0x87, 0xE5, 0x60, 0x72, 0x60,
    0x72, 0x60, 0x72, 0x20, 0x62, 0x20, 0x62, 0x20, 0x62, 0x20, 0x62, 0x20, 0x62, 0x20, 0x62, 0x20, 0x62, 0x20, 0x62,
    0x20, 0x62, 0x20, 0x62, 0x20, 0x62, 0x20, 0x62, 0x20, 0x62, 0x20, 0x62, 0x20, 0x62, 0x20, 0x62, 0x20, 0x62, 0x20,
    0x62, 0x20, 0x62, 0x20, 0x62, 0x20, 0x62, 0x20, 0x62, 0x20, 0x62, 0x20, 0x62, 0x20, 0x62, 0x20, 0x62, 0x20, 0x62,
    0x20, 0x62, 0x20, 0x62, 0x20, 0x62, 0x20, 0x62, 0x20, 0x62, 0x20, 0x62, 0x20, 0x62, 0x20, 0x62, 0x20, 0x62, 0x20,
    0x62, 0x20, 0x62, 0x20, 0x62, 0x20, 0x62, 0x60, 0x72, 0x60, 0x72, 0x60, 0x72, 0x87, 0xE5, 0x87, 0xE5, 0x87, 0xE5,
    0x87, 0xE5, 0x69, 0xFE, 0x69, 0xFE, 0x69, 0xFE, 0x69, 0xFE, 0x69, 0xFE, 0x69, 0xFE, 0x69, 0xFE, 0x69, 0xFE, 0x69,
    0xFE, 0x69, 0xFE, 0x69, 0xFE, 0x69, 0xFE, 0x69, 0xFE, 0x69, 0xFE, 0x69, 0xFE, 0x69, 0xFE, 0x69, 0xFE, 0x69, 0xFE,
    0x69, 0xFE, 0x69, 0xFE, 0x69, 0xFE, 0x69, 0xFE, 0x69, 0xFE, 0x69, 0xFE, 0x69, 0xFE, 0x69, 0xFE, 0x69, 0xFE, 0x69,
    0xFE, 0x69, 0xFE, 0x69, 0xFE, 0x69, 0xFE, 0x69, 0xFE, 0x69, 0xFE, 0x69, 0xFE, 0x69, 0xFE, 0x69, 0xFE, 0x69, 0xFE,
    0x69, 0xFE, 0x69, 0xFE, 0x69, 0xFE, 0x69, 0xFE, 0x69, 0xFE, 0x69, 0xFE, 0x69, 0xFE, 0x69, 0xFE, 0x69, 0xFE, 0x69,
    0xFE, 0x69, 0xFE, 0x69, 0xFE, 0x69, 0xFE, 0x69, 0xFE, 0x69, 0xFE, 0x69, 0xFE, 0x69, 0xFE, 0x69, 0xFE, 0x69, 0xFE,
    0x69, 0xFE, 0x69, 0xFE, 0x69, 0xFE, 0x69, 0xFE, 0x69, 0xFE, 0x69, 0xFE, 0x69, 0xFE, 0x69, 0xFE, 0x69, 0xFE, 0x69,
    0xFE, 0x69, 0xFE, 0x69, 0xFE, 0x69, 0xFE, 0x69, 0xFE, 0x69, 0xFE, 0x69, 0xFE, 0x69, 0xFE, 0x69, 0xFE, 0x69, 0xFE,
    0x69, 0xFE, 0x69, 0xFE, 0x69, 0xFE, 0x69, 0xFE, 0x69, 0xFE, 0x69, 0xFE, 0x69, 0xFE, 0x69, 0xFE, 0x69, 0xFE, 0x69,
    0xFE, 0x69, 0xFE, 0x69, 0xFE, 0x69, 0xFE, 0x69, 0xFE, 0x69, 0xFE, 0x69, 0xFE, 0x69, 0xFE, 0x69, 0xFE, 0x69, 0xFE,
    0x69, 0xFE, 0x69, 0xFE, 0x69, 0xFE, 0x69, 0xFE, 0x69, 0xFE, 0x69, 0xFE, 0x69, 0xFE, 0x69, 0xFE, 0x69, 0xFE, 0x69,
    0xFE, 0x69, 0xFE, 0x69, 0xFE, 0x87, 0xE5, 0x87, 0xE5, 0x87, 0xE5, 0x87, 0xE5, 0x60, 0x72, 0x60, 0x72, 0x60, 0x72,
    0x20, 0x62, 0x20, 0x62, 0x20, 0x62, 0x20, 0x62, 0x20, 0x62, 0x20, 0x62, 0x20, 0x62, 0x20, 0x62, 0x20, 0x62, 0x20,
    0x62, 0x20, 0x62, 0x20, 0x62, 0x20, 0x62, 0x20, 0x62, 0x20, 0x62, 0x20, 0x62, 0x20, 0x62, 0x20, 0x62, 0x20, 0x62,
    0x20, 0x62, 0x20, 0x62, 0x20, 0x62, 0x20, 0x62, 0x20, 0x62, 0x20, 0x62, 0x20, 0x62, 0x20, 0x62, 0x20, 0x62, 0x20,
    0x62, 0x20, 0x62, 0x20, 0x62, 0x20, 0x62, 0x20, 0x62, 0x20, 0x62, 0x20, 0x62, 0x20, 0x62, 0x20, 0x62, 0x20, 0x62,
    0x20, 0x62, 0x20, 0x62, 0x60, 0x72, 0x60, 0x72, 0x60, 0x72, 0x87, 0xE5, 0x87, 0xE5, 0x87, 0xE5, 0x87, 0xE5, 0x69,
    0xFE, 0x69, 0xFE, 0x69, 0xFE, 0x69, 0xFE, 0x69, 0xFE, 0x69, 0xFE, 0x69, 0xFE, 0x69, 0xFE, 0x69, 0xFE, 0x69, 0xFE,
    0x69, 0xFE, 0x69, 0xFE, 0x69, 0xFE, 0x69, 0xFE, 0x69, 0xFE, 0x69, 0xFE, 0x69, 0xFE, 0x69, 0xFE, 0x69, 0xFE, 0x69,
    0xFE, 0x69, 0xFE, 0x69, 0xFE, 0x69, 0xFE, 0x69, 0xFE, 0x69, 0xFE, 0x69, 0xFE, 0x87, 0xE5, 0x87, 0xE5, 0x87, 0xE5,
    0x87, 0xE5, 0x60, 0x72, 0x60, 0x72, 0x60, 0x72, 0x20, 0x62, 0x20, 0x62, 0x20, 0x62, 0x20, 0x62, 0x20, 0x62, 0x20,
    0x62, 0x20, 0x62, 0x20, 0x62, 0x20, 0x62, 0x20, 0x62, 0x20, 0x62, 0x20, 0x62, 0x20, 0x62, 0x20, 0x62, 0x20, 0x62,
    0x20, 0x62, 0x20, 0x62, 0x20, 0x62, 0x20, 0x62, 0x20, 0x62, 0x20, 0x62, 0x20, 0x62, 0x20, 0x62, 0x20, 0x62, 0x20,
    0x62, 0x20, 0x62, 0x20, 0x62, 0x20, 0x62, 0x20, 0x62, 0x20, 0x62, 0x20, 0x62, 0x20, 0x62, 0x20, 0x62, 0x20, 0x62,
    0x20, 0x62, 0x20, 0x62, 0x20, 0x62, 0x20, 0x62, 0x20, 0x62, 0x20, 0x62, 0x60, 0x72, 0x60, 0x72, 0x60, 0x72, 0x87,
    0xE5, 0x87, 0xE5, 0x87, 0xE5, 0x87, 0xE5, 0x69, 0xFE, 0x69, 0xFE, 0x69, 0xFE, 0x69, 0xFE, 0x69, 0xFE, 0x69, 0xFE,
    0x69, 0xFE, 0x69, 0xFE, 0x69, 0xFE, 0x69, 0xFE, 0x69, 0xFE, 0x69, 0xFE, 0x69, 0xFE, 0x69, 0xFE, 0x69, 0xFE, 0x69,
    0xFE, 0x69, 0xFE, 0x69, 0xFE, 0x69, 0xFE, 0x69, 0xFE, 0x69, 0xFE, 0x69, 0xFE, 0x69, 0xFE, 0x69, 0xFE, 0x69, 0xFE,
    0x69, 0xFE, 0x69, 0xFE, 0x69, 0xFE, 0x69, 0xFE, 0x69, 0xFE, 0x69, 0xFE, 0x69, 0xFE, 0x69, 0xFE, 0x69, 0xFE, 0x69,
    0xFE, 0x69, 0xFE, 0x69, 0xFE, 0x69, 0xFE, 0x69, 0xFE, 0x69, 0xFE, 0x69, 0xFE, 0x69, 0xFE, 0x69, 0xFE, 0x69, 0xFE,
    0x69, 0xFE, 0x69, 0xFE, 0x69, 0xFE, 0x69, 0xFE, 0x69, 0xFE, 0x69, 0xFE, 0x69, 0xFE, 0x69, 0xFE, 0x69, 0xFE, 0x69,
    0xFE, 0x69, 0xFE, 0x69, 0xFE, 0x69, 0xFE, 0x69, 0xFE, 0x69, 0xFE, 0x69, 0xFE, 0x69, 0xFE, 0x69, 0xFE, 0x69, 0xFE,
    0x69, 0xFE, 0x69, 0xFE, 0x69, 0xFE, 0x69, 0xFE, 0x69, 0xFE, 0x69, 0xFE, 0x69, 0xFE, 0x69, 0xFE, 0x69, 0xFE, 0x69,
    0xFE, 0x69, 0xFE, 0x69, 0xFE, 0x69, 0xFE, 0x69, 0xFE, 0x69, 0xFE, 0x69, 0xFE, 0x69, 0xFE, 0x69, 0xFE, 0x69, 0xFE,
    0x69, 0xFE, 0x69, 0xFE, 0x69, 0xFE, 0x69, 0xFE, 0x69, 0xFE, 0x69, 0xFE, 0x69, 0xFE, 0x69, 0xFE, 0x69, 0xFE, 0x69,
    0xFE, 0x69, 0xFE, 0x69, 0xFE, 0x69, 0xFE, 0x69, 0xFE, 0x69, 0xFE, 0x69, 0xFE, 0x69, 0xFE, 0x69, 0xFE, 0x69, 0xFE,
    0x69, 0xFE, 0x69, 0xFE, 0x29, 0xF6, 0x29, 0xF6, 0x29, 0xF6, 0xE1, 0x82, 0xE1, 0x82, 0xE1, 0x82, 0xE1, 0x82, 0x20,
    0x62, 0x20, 0x62, 0x20, 0x62, 0x20, 0x62, 0x20, 0x62, 0x20, 0x62, 0x20, 0x62, 0x20, 0x62, 0x20, 0x62, 0x20, 0x62,
    0x20, 0x62, 0x20, 0x62, 0x20, 0x62, 0x20, 0x62, 0x20, 0x62, 0x20, 0x62, 0x20, 0x62, 0x20, 0x62, 0x20, 0x62, 0x20,
    0x62, 0x20, 0x62, 0x20, 0x62, 0x20, 0x62, 0x20, 0x62, 0x20, 0x62, 0x20, 0x62, 0x20, 0x62, 0x20, 0x62, 0x20, 0x62,
    0x20, 0x62, 0x20, 0x62, 0x20, 0x62, 0x20, 0x62, 0x20, 0x62, 0x20, 0x62, 0x20, 0x62, 0x20, 0x62, 0x20, 0x62, 0x20,
    0x62, 0x20, 0x62, 0x20, 0x62, 0x20, 0x62, 0x20, 0x62, 0x20, 0x62, 0x20, 0x62, 0x20, 0x62, 0xA1, 0x7A, 0xA1, 0x7A,
    0xA1, 0x7A, 0xA1, 0x7A, 0x29, 0xF6, 0x29, 0xF6, 0x29, 0xF6, 0x69, 0xFE, 0x69, 0xFE, 0x69, 0xFE, 0x69, 0xFE, 0x69,
    0xFE, 0x69, 0xFE, 0x69, 0xFE, 0x69, 0xFE, 0x69, 0xFE, 0x69, 0xFE, 0x69, 0xFE, 0x69, 0xFE, 0x69, 0xFE, 0x69, 0xFE,
    0x69, 0xFE, 0x69, 0xFE, 0x69, 0xFE, 0x69, 0xFE, 0x69, 0xFE, 0x69, 0xFE, 0x29, 0xF6, 0x29, 0xF6, 0x29, 0xF6, 0xE1,
    0x82, 0xE1, 0x82, 0xE1, 0x82, 0xE1, 0x82, 0x20, 0x62, 0x20, 0x62, 0x20, 0x62, 0x20, 0x62, 0x20, 0x62, 0x20, 0x62,
    0x20, 0x62, 0x20, 0x62, 0x20, 0x62, 0x20, 0x62, 0x20, 0x62, 0x20, 0x62, 0x20, 0x62, 0x20, 0x62, 0x20, 0x62, 0x20,
    0x62, 0x20, 0x62, 0x20, 0x62, 0x20, 0x62, 0x20, 0x62, 0x20, 0x62, 0x20, 0x62, 0x20, 0x62, 0x20, 0x62, 0x20, 0x62,
    0x20, 0x62, 0x20, 0x62, 0x20, 0x62, 0x20, 0x62, 0x20, 0x62, 0x20, 0x62, 0x20, 0x62, 0x20, 0x62, 0x20, 0x62, 0x20,
    0x62, 0x20, 0x62, 0x20, 0x62, 0x20, 0x62, 0x20, 0x62, 0x20, 0x62, 0x20, 0x62, 0x20, 0x62, 0x20, 0x62, 0x20, 0x62,
    0x20, 0x62, 0x20, 0x62, 0xA1, 0x7A, 0xA1, 0x7A, 0xA1, 0x7A, 0xA1, 0x7A, 0x29, 0xF6, 0x29, 0xF6, 0x29, 0xF6, 0x69,
    0xFE, 0x69, 0xFE, 0x69, 0xFE, 0x69, 0xFE, 0x69, 0xFE, 0x69, 0xFE, 0x69, 0xFE, 0x69, 0xFE, 0x69, 0xFE, 0x69, 0xFE,
    0x69, 0xFE, 0x69, 0xFE, 0x69, 0xFE, 0x69, 0xFE, 0x69, 0xFE, 0x69, 0xFE, 0x69, 0xFE, 0x69, 0xFE, 0x69, 0xFE, 0x69,
    0xFE, 0x69, 0xFE, 0x69, 0xFE, 0x69, 0xFE, 0x69, 0xFE, 0x69, 0xFE, 0x69, 0xFE, 0x69, 0xFE, 0x69, 0xFE, 0x69, 0xFE,
    0x69, 0xFE, 0x69, 0xFE, 0x69, 0xFE, 0x69, 0xFE, 0x69, 0xFE, 0x69, 0xFE, 0x69, 0xFE, 0x69, 0xFE, 0x69, 0xFE, 0x69,
    0xFE, 0x69, 0xFE, 0x69, 0xFE, 0x69, 0xFE, 0x69, 0xFE, 0x69, 0xFE, 0x69, 0xFE, 0x69, 0xFE, 0x69, 0xFE, 0x69, 0xFE,
    0x69, 0xFE, 0x69, 0xFE, 0x69, 0xFE, 0x69, 0xFE, 0x69, 0xFE, 0x69, 0xFE, 0x69, 0xFE, 0x69, 0xFE, 0x69, 0xFE, 0x69,
    0xFE, 0x69, 0xFE, 0x69, 0xFE, 0x69, 0xFE, 0x69, 0xFE, 0x69, 0xFE, 0x69, 0xFE, 0x69, 0xFE, 0x69, 0xFE, 0x69, 0xFE,
    0x69, 0xFE, 0x69, 0xFE, 0x69, 0xFE, 0x69, 0xFE, 0x69, 0xFE, 0x69, 0xFE, 0x69, 0xFE, 0x69, 0xFE, 0x69, 0xFE, 0x69,
    0xFE, 0x69, 0xFE, 0x69, 0xFE, 0x69, 0xFE, 0x69, 0xFE, 0x69, 0xFE, 0x69, 0xFE, 0x69, 0xFE, 0x69, 0xFE, 0x69, 0xFE,
    0x69, 0xFE, 0x69, 0xFE, 0x69, 0xFE, 0x69, 0xFE, 0x69, 0xFE, 0x69, 0xFE, 0x69, 0xFE, 0x69, 0xFE, 0x69, 0xFE, 0x69,
    0xFE, 0x69, 0xFE, 0x69, 0xFE, 0x69, 0xFE, 0x69, 0xFE, 0x29, 0xF6, 0x29, 0xF6, 0x29, 0xF6, 0xE1, 0x82, 0xE1, 0x82,
    0xE1, 0x82, 0xE1, 0x82, 0x20, 0x62, 0x20, 0x62, 0x20, 0x62, 0x20, 0x62, 0x20, 0x62, 0x20, 0x62, 0x20, 0x62, 0x20,
    0x62, 0x20, 0x62, 0x20, 0x62, 0x20, 0x62, 0x20, 0x62, 0x20, 0x62, 0x20, 0x62, 0x20, 0x62, 0x20, 0x62, 0x20, 0x62,
    0x20, 0x62, 0x20, 0x62, 0x20, 0x62, 0x20, 0x62, 0x20, 0x62, 0x20, 0x62, 0x20, 0x62, 0x20, 0x62, 0x20, 0x62, 0x20,
    0x62, 0x20, 0x62, 0x20, 0x62, 0x20, 0x62, 0x20, 0x62, 0x20, 0x62, 0x20, 0x62, 0x20, 0x62, 0x20, 0x62, 0x20, 0x62,
    0x20, 0x62, 0x20, 0x62, 0x20, 0x62, 0x20, 0x62, 0x20, 0x62, 0x20, 0x62, 0x20, 0x62, 0x20, 0x62, 0x20, 0x62, 0x20,
    0x62, 0xA1, 0x7A, 0xA1, 0x7A, 0xA1, 0x7A, 0xA1, 0x7A, 0x29, 0xF6, 0x29, 0xF6, 0x29, 0xF6, 0x69, 0xFE, 0x69, 0xFE,
    0x69, 0xFE, 0x69, 0xFE, 0x69, 0xFE, 0x69, 0xFE, 0x69, 0xFE, 0x69, 0xFE, 0x69, 0xFE, 0x69, 0xFE, 0x69, 0xFE, 0x69,
    0xFE, 0x69, 0xFE, 0x69, 0xFE, 0x69, 0xFE, 0x69, 0xFE, 0x69, 0xFE, 0x69, 0xFE, 0x69, 0xFE, 0x69, 0xFE, 0x29, 0xF6,
    0x29, 0xF6, 0x29, 0xF6, 0xE1, 0x82, 0xE1, 0x82, 0xE1, 0x82, 0xE1, 0x82, 0x20, 0x62, 0x20, 0x62, 0x20, 0x62, 0x20,
    0x62, 0x20, 0x62, 0x20, 0x62, 0x20, 0x62, 0x20, 0x62, 0x20, 0x62, 0x20, 0x62, 0x20, 0x62, 0x20, 0x62, 0x20, 0x62,
    0x20, 0x62, 0x20, 0x62, 0x20, 0x62, 0x20, 0x62, 0x20, 0x62, 0x20, 0x62, 0x20, 0x62, 0x20, 0x62, 0x20, 0x62, 0x20,
    0x62, 0x20, 0x62, 0x20, 0x62, 0x20, 0x62, 0x20, 0x62, 0x20, 0x62, 0x20, 0x62, 0x20, 0x62, 0x20, 0x62, 0x20, 0x62,
    0x20, 0x62, 0x20, 0x62, 0x20, 0x62, 0x20, 0x62, 0x20, 0x62, 0x20, 0x62, 0x20, 0x62, 0x20, 0x62, 0x20, 0x62, 0x20,
    0x62, 0x20, 0x62, 0x20, 0x62, 0x20, 0x62, 0x20, 0x62, 0xA1, 0x7A, 0xA1, 0x7A, 0xA1, 0x7A, 0xA1, 0x7A, 0x29, 0xF6,
    0x29, 0xF6, 0x29, 0xF6, 0x69, 0xFE, 0x69, 0xFE, 0x69, 0xFE, 0x69, 0xFE, 0x69, 0xFE, 0x69, 0xFE, 0x69, 0xFE, 0x69,
    0xFE, 0x69, 0xFE, 0x69, 0xFE, 0x69, 0xFE, 0x69, 0xFE, 0x69, 0xFE, 0x69, 0xFE, 0x69, 0xFE, 0x69, 0xFE, 0x69, 0xFE,
    0x69, 0xFE, 0x69, 0xFE, 0x69, 0xFE, 0x69, 0xFE, 0x69, 0xFE, 0x69, 0xFE, 0x69, 0xFE, 0x69, 0xFE, 0x69, 0xFE, 0x69,
    0xFE, 0x69, 0xFE, 0x69, 0xFE, 0x69, 0xFE, 0x69, 0xFE, 0x69, 0xFE, 0x69, 0xFE, 0x69, 0xFE, 0x69, 0xFE, 0x69, 0xFE,
    0x69, 0xFE, 0x69, 0xFE, 0x69, 0xFE, 0x69, 0xFE, 0x69, 0xFE, 0x69, 0xFE, 0x69, 0xFE, 0x69, 0xFE, 0x69, 0xFE, 0x69,
    0xFE, 0x69, 0xFE, 0x69, 0xFE, 0x69, 0xFE, 0x69, 0xFE, 0x69, 0xFE, 0x69, 0xFE, 0x69, 0xFE, 0x69, 0xFE, 0x69, 0xFE,
    0x69, 0xFE, 0x69, 0xFE, 0x69, 0xFE, 0x69, 0xFE, 0x69, 0xFE, 0x69, 0xFE, 0x69, 0xFE, 0x69, 0xFE, 0x69, 0xFE, 0x69,
    0xFE, 0x69, 0xFE, 0x69, 0xFE, 0x69, 0xFE, 0x69, 0xFE, 0x69, 0xFE, 0x69, 0xFE, 0x69, 0xFE, 0x69, 0xFE, 0x69, 0xFE,
    0x69, 0xFE, 0x69, 0xFE, 0x69, 0xFE, 0x69, 0xFE, 0x69, 0xFE, 0x69, 0xFE, 0x69, 0xFE, 0x69, 0xFE, 0x69, 0xFE, 0x69,
    0xFE, 0x69, 0xFE, 0x69, 0xFE, 0x69, 0xFE, 0x69, 0xFE, 0x69, 0xFE, 0x69, 0xFE, 0x69, 0xFE, 0x69, 0xFE, 0x69, 0xFE,
    0x69, 0xFE, 0x69, 0xFE, 0x69, 0xFE, 0x69, 0xFE, 0x69, 0xFE, 0x69, 0xFE, 0x69, 0xFE, 0x29, 0xF6, 0x29, 0xF6, 0x29,
    0xF6, 0xE1, 0x82, 0xE1, 0x82, 0xE1, 0x82, 0xE1, 0x82, 0x20, 0x62, 0x20, 0x62, 0x20, 0x62, 0x20, 0x62, 0x20, 0x62,
    0x20, 0x62, 0x20, 0x62, 0x20, 0x62, 0x20, 0x62, 0x20, 0x62, 0x20, 0x62, 0x20, 0x62, 0x20, 0x62, 0x20, 0x62, 0x20,
    0x62, 0x20, 0x62, 0x20, 0x62, 0x20, 0x62, 0x20, 0x62, 0x20, 0x62, 0x20, 0x62, 0x20, 0x62, 0x20, 0x62, 0x20, 0x62,
    0x20, 0x62, 0x20, 0x62, 0x20, 0x62, 0x20, 0x62, 0x20, 0x62, 0x20, 0x62, 0x20, 0x62, 0x20, 0x62, 0x20, 0x62, 0x20,
    0x62, 0x20, 0x62, 0x20, 0x62, 0x20, 0x62, 0x20, 0x62, 0x20, 0x62, 0x20, 0x62, 0x20, 0x62, 0x20, 0x62, 0x20, 0x62,
    0x20, 0x62, 0x20, 0x62, 0x20, 0x62, 0xA1, 0x7A, 0xA1, 0x7A, 0xA1, 0x7A, 0xA1, 0x7A, 0x29, 0xF6, 0x29, 0xF6, 0x29,
    0xF6, 0x69, 0xFE, 0x69, 0xFE, 0x69, 0xFE, 0x69, 0xFE, 0x69, 0xFE, 0x69, 0xFE, 0x69, 0xFE, 0x69, 0xFE, 0x69, 0xFE,
    0x69, 0xFE, 0x69, 0xFE, 0x69, 0xFE, 0x69, 0xFE, 0x69, 0xFE, 0x69, 0xFE, 0x69, 0xFE, 0x69, 0xFE, 0x69, 0xFE, 0x69,
    0xFE, 0x69, 0xFE, 0x29, 0xF6, 0x29, 0xF6, 0x29, 0xF6, 0xE1, 0x82, 0xE1, 0x82, 0xE1, 0x82, 0xE1, 0x82, 0x20, 0x62,
    0x20, 0x62, 0x20, 0x62, 0x20, 0x62, 0x20, 0x62, 0x20, 0x62, 0x20, 0x62, 0x20, 0x62, 0x20, 0x62, 0x20, 0x62, 0x20,
    0x62, 0x20, 0x62, 0x20, 0x62, 0x20, 0x62, 0x20, 0x62, 0x20, 0x62, 0x20, 0x62, 0x20, 0x62, 0x20, 0x62, 0x20, 0x62,
    0x20, 0x62, 0x20, 0x62, 0x20, 0x62, 0x20, 0x62, 0x20, 0x62, 0x20, 0x62, 0x20, 0x62, 0x20, 0x62, 0x20, 0x62, 0x20,
    0x62, 0x20, 0x62, 0x20, 0x62, 0x20, 0x62, 0x20, 0x62, 0x20, 0x62, 0x20, 0x62, 0x20, 0x62, 0x20, 0x62, 0x20, 0x62,
    0x20, 0x62, 0x20, 0x62, 0x20, 0x62, 0x20, 0x62, 0x20, 0x62, 0x20, 0x62, 0x20, 0x62, 0xA1, 0x7A, 0xA1, 0x7A, 0xA1,
    0x7A, 0xA1, 0x7A, 0x29, 0xF6, 0x29, 0xF6, 0x29, 0xF6, 0x69, 0xFE, 0x69, 0xFE, 0x69, 0xFE, 0x69, 0xFE, 0x69, 0xFE,
    0x69, 0xFE, 0x69, 0xFE, 0x69, 0xFE, 0x69, 0xFE, 0x69, 0xFE, 0x69, 0xFE, 0x69, 0xFE, 0x69, 0xFE, 0x69, 0xFE, 0x69,
    0xFE, 0x69, 0xFE, 0x69, 0xFE, 0x69, 0xFE, 0x69, 0xFE, 0x69, 0xFE, 0x69, 0xFE, 0x69, 0xFE, 0x69, 0xFE, 0x69, 0xFE,
    0x69, 0xFE, 0x69, 0xFE, 0x69, 0xFE, 0x69, 0xFE, 0x69, 0xFE, 0x69, 0xFE, 0x69, 0xFE, 0x69, 0xFE, 0x69, 0xFE, 0x69,
    0xFE, 0x69, 0xFE, 0x69, 0xFE, 0x69, 0xFE, 0x69, 0xFE, 0x69, 0xFE, 0x69, 0xFE, 0x69, 0xFE, 0x69, 0xFE, 0x69, 0xFE,
    0x69, 0xFE, 0x69, 0xFE, 0x69, 0xFE, 0x69, 0xFE, 0x69, 0xFE, 0x69, 0xFE, 0x69, 0xFE, 0x69, 0xFE, 0x69, 0xFE, 0x69,
    0xFE, 0x69, 0xFE, 0x69, 0xFE, 0x69, 0xFE, 0x69, 0xFE, 0x69, 0xFE, 0x69, 0xFE, 0x69, 0xFE, 0x69, 0xFE, 0x69, 0xFE,
    0x69, 0xFE, 0x69, 0xFE, 0x69, 0xFE, 0x69, 0xFE, 0x69, 0xFE, 0x69, 0xFE, 0x69, 0xFE, 0x69, 0xFE, 0x69, 0xFE, 0x69,
    0xFE, 0x69, 0xFE, 0x69, 0xFE, 0x69, 0xFE, 0x69, 0xFE, 0x69, 0xFE, 0x69, 0xFE, 0x69, 0xFE, 0x69, 0xFE, 0x69, 0xFE,
    0x69, 0xFE, 0x69, 0xFE, 0x69, 0xFE, 0x69, 0xFE, 0x69, 0xFE, 0x69, 0xFE, 0x69, 0xFE, 0x69, 0xFE, 0x69, 0xFE, 0x69,
    0xFE, 0x69, 0xFE, 0x69, 0xFE, 0x69, 0xFE, 0x69, 0xFE, 0x69, 0xFE, 0x69, 0xFE, 0x69, 0xFE, 0x69, 0xFE, 0x69, 0xFE,
    0x44, 0xB4, 0x44, 0xB4, 0x44, 0xB4, 0x20, 0x62, 0x20, 0x62, 0x20, 0x62, 0x20, 0x62, 0x20, 0x62, 0x20, 0x62, 0x20,
    0x62, 0x20, 0x62, 0x20, 0x62, 0x20, 0x62, 0x20, 0x62, 0x20, 0x62, 0x20, 0x62, 0x20, 0x62, 0x20, 0x62, 0x20, 0x62,
    0x20, 0x62, 0x20, 0x62, 0x20, 0x62, 0x20, 0x62, 0x20, 0x62, 0x20, 0x62, 0x20, 0x62, 0x20, 0x62, 0x20, 0x62, 0x20,
    0x62, 0x20, 0x62, 0x20, 0x62, 0x20, 0x62, 0x20, 0x62, 0x20, 0x62, 0x20, 0x62, 0x20, 0x62, 0x20, 0x62, 0x20, 0x62,
    0x20, 0x62, 0x20, 0x62, 0x20, 0x62, 0x20, 0x62, 0x20, 0x62, 0x20, 0x62, 0x20, 0x62, 0x20, 0x62, 0x20, 0x62, 0x20,
    0x62, 0x20, 0x62, 0x20, 0x62, 0x20, 0x62, 0x20, 0x62, 0x20, 0x62, 0x20, 0x62, 0x20, 0x62, 0x20, 0x62, 0x20, 0x62,
    0x44, 0xB4, 0x44, 0xB4, 0x44, 0xB4, 0x69, 0xFE, 0x69, 0xFE, 0x69, 0xFE, 0x69, 0xFE, 0x69, 0xFE, 0x69, 0xFE, 0x69,
    0xFE, 0x69, 0xFE, 0x69, 0xFE, 0x69, 0xFE, 0x69, 0xFE, 0x69, 0xFE, 0x69, 0xFE, 0x69, 0xFE, 0x69, 0xFE, 0x69, 0xFE,
    0x69, 0xFE, 0x69, 0xFE, 0x69, 0xFE, 0x69, 0xFE, 0x44, 0xB4, 0x44, 0xB4, 0x44, 0xB4, 0x20, 0x62, 0x20, 0x62, 0x20,
    0x62, 0x20, 0x62, 0x20, 0x62, 0x20, 0x62, 0x20, 0x62, 0x20, 0x62, 0x20, 0x62, 0x20, 0x62, 0x20, 0x62, 0x20, 0x62,
    0x20, 0x62, 0x20, 0x62, 0x20, 0x62, 0x20, 0x62, 0x20, 0x62, 0x20, 0x62, 0x20, 0x62, 0x20, 0x62, 0x20, 0x62, 0x20,
    0x62, 0x20, 0x62, 0x20, 0x62, 0x20, 0x62, 0x20, 0x62, 0x20, 0x62, 0x20, 0x62, 0x20, 0x62, 0x20, 0x62, 0x20, 0x62,
    0x20, 0x62, 0x20, 0x62, 0x20, 0x62, 0x20, 0x62, 0x20, 0x62, 0x20, 0x62, 0x20, 0x62, 0x20, 0x62, 0x20, 0x62, 0x20,
    0x62, 0x20, 0x62, 0x20, 0x62, 0x20, 0x62, 0x20, 0x62, 0x20, 0x62, 0x20, 0x62, 0x20, 0x62, 0x20, 0x62, 0x20, 0x62,
    0x20, 0x62, 0x20, 0x62, 0x20, 0x62, 0x20, 0x62, 0x44, 0xB4, 0x44, 0xB4, 0x44, 0xB4, 0x69, 0xFE, 0x69, 0xFE, 0x69,
    0xFE, 0x69, 0xFE, 0x69, 0xFE, 0x69, 0xFE, 0x69, 0xFE, 0x69, 0xFE, 0x69, 0xFE, 0x69, 0xFE, 0x69, 0xFE, 0x69, 0xFE,
    0x69, 0xFE, 0x69, 0xFE, 0x69, 0xFE, 0x69, 0xFE, 0x69, 0xFE, 0x69, 0xFE, 0x69, 0xFE, 0x69, 0xFE, 0x69, 0xFE, 0x69,
    0xFE, 0x69, 0xFE, 0x69, 0xFE, 0x69, 0xFE, 0x69, 0xFE, 0x69, 0xFE, 0x69, 0xFE, 0x69, 0xFE, 0x69, 0xFE, 0x69, 0xFE,
    0x69, 0xFE, 0x69, 0xFE, 0x69, 0xFE, 0x69, 0xFE, 0x69, 0xFE, 0x69, 0xFE, 0x69, 0xFE, 0x69, 0xFE, 0x69, 0xFE, 0x69,
    0xFE, 0x69, 0xFE, 0x69, 0xFE, 0x69, 0xFE, 0x69, 0xFE, 0x69, 0xFE, 0x69, 0xFE, 0x69, 0xFE, 0x69, 0xFE, 0x69, 0xFE,
    0x69, 0xFE, 0x69, 0xFE, 0x69, 0xFE, 0x69, 0xFE, 0x69, 0xFE, 0x69, 0xFE, 0x69, 0xFE, 0x69, 0xFE, 0x69, 0xFE, 0x69,
    0xFE, 0x69, 0xFE, 0x69, 0xFE, 0x69, 0xFE, 0x69, 0xFE, 0x69, 0xFE, 0x69, 0xFE, 0x69, 0xFE, 0x69, 0xFE, 0x69, 0xFE,
    0x69, 0xFE, 0x69, 0xFE, 0x69, 0xFE, 0x69, 0xFE, 0x69, 0xFE, 0x69, 0xFE, 0x69, 0xFE, 0x69, 0xFE, 0x69, 0xFE, 0x69,
    0xFE, 0x69, 0xFE, 0x69, 0xFE, 0x69, 0xFE, 0x69, 0xFE, 0x69, 0xFE, 0x69, 0xFE, 0x69, 0xFE, 0x69, 0xFE, 0x69, 0xFE,
    0x69, 0xFE, 0x69, 0xFE, 0x69, 0xFE, 0x69, 0xFE, 0x69, 0xFE, 0x69, 0xFE, 0x69, 0xFE, 0x69, 0xFE, 0x69, 0xFE, 0x69,
    0xFE, 0x69, 0xFE, 0x69, 0xFE, 0x44, 0xB4, 0x44, 0xB4, 0x44, 0xB4, 0x20, 0x62, 0x20, 0x62, 0x20, 0x62, 0x20, 0x62,
    0x20, 0x62, 0x20, 0x62, 0x20, 0x62, 0x20, 0x62, 0x20, 0x62, 0x20, 0x62, 0x20, 0x62, 0x20, 0x62, 0x20, 0x62, 0x20,
    0x62, 0x20, 0x62, 0x20, 0x62, 0x20, 0x62, 0x20, 0x62, 0x20, 0x62, 0x20, 0x62, 0x20, 0x62, 0x20, 0x62, 0x20, 0x62,
    0x20, 0x62, 0x20, 0x62, 0x20, 0x62, 0x20, 0x62, 0x20, 0x62, 0x20, 0x62, 0x20, 0x62, 0x20, 0x62, 0x20, 0x62, 0x20,
    0x62, 0x20, 0x62, 0x20, 0x62, 0x20, 0x62, 0x20, 0x62, 0x20, 0x62, 0x20, 0x62, 0x20, 0x62, 0x20, 0x62, 0x20, 0x62,
    0x20, 0x62, 0x20, 0x62, 0x20, 0x62, 0x20, 0x62, 0x20, 0x62, 0x20, 0x62, 0x20, 0x62, 0x20, 0x62, 0x20, 0x62, 0x20,
    0x62, 0x20, 0x62, 0x20, 0x62, 0x44, 0xB4, 0x44, 0xB4, 0x44, 0xB4, 0x69, 0xFE, 0x69, 0xFE, 0x69, 0xFE, 0x69, 0xFE,
    0x69, 0xFE, 0x69, 0xFE, 0x69, 0xFE, 0x69, 0xFE, 0x69, 0xFE, 0x69, 0xFE, 0x69, 0xFE, 0x69, 0xFE, 0x69, 0xFE, 0x69,
    0xFE, 0x69, 0xFE, 0x69, 0xFE, 0x69, 0xFE, 0x69, 0xFE, 0x69, 0xFE, 0x69, 0xFE, 0x44, 0xB4, 0x44, 0xB4, 0x44, 0xB4,
    0x20, 0x62, 0x20, 0x62, 0x20, 0x62, 0x20, 0x62, 0x20, 0x62, 0x20, 0x62, 0x20, 0x62, 0x20, 0x62, 0x20, 0x62, 0x20,
    0x62, 0x20, 0x62, 0x20, 0x62, 0x20, 0x62, 0x20, 0x62, 0x20, 0x62, 0x20, 0x62, 0x20, 0x62, 0x20, 0x62, 0x20, 0x62,
    0x20, 0x62, 0x20, 0x62, 0x20, 0x62, 0x20, 0x62, 0x20, 0x62, 0x20, 0x62, 0x20, 0x62, 0x20, 0x62, 0x20, 0x62, 0x20,
    0x62, 0x20, 0x62, 0x20, 0x62, 0x20, 0x62, 0x20, 0x62, 0x20, 0x62, 0x20, 0x62, 0x20, 0x62, 0x20, 0x62, 0x20, 0x62,
    0x20, 0x62, 0x20, 0x62, 0x20, 0x62, 0x20, 0x62, 0x20, 0x62, 0x20, 0x62, 0x20, 0x62, 0x20, 0x62, 0x20, 0x62, 0x20,
    0x62, 0x20, 0x62, 0x20, 0x62, 0x20, 0x62, 0x20, 0x62, 0x20, 0x62, 0x20, 0x62, 0x44, 0xB4, 0x44, 0xB4, 0x44, 0xB4,
    0x69, 0xFE, 0x69, 0xFE, 0x69, 0xFE, 0x69, 0xFE, 0x69, 0xFE, 0x69, 0xFE, 0x69, 0xFE, 0x69, 0xFE, 0x69, 0xFE, 0x69,
    0xFE, 0x69, 0xFE, 0x69, 0xFE, 0x69, 0xFE, 0x69, 0xFE, 0x69, 0xFE, 0x69, 0xFE, 0x69, 0xFE, 0x69, 0xFE, 0x69, 0xFE,
    0x69, 0xFE, 0x69, 0xFE, 0x69, 0xFE, 0x69, 0xFE, 0x69, 0xFE, 0x69, 0xFE, 0x69, 0xFE, 0x69, 0xFE, 0x69, 0xFE, 0x69,
    0xFE, 0x69, 0xFE, 0x69, 0xFE, 0x69, 0xFE, 0x69, 0xFE, 0x69, 0xFE, 0x69, 0xFE, 0x69, 0xFE, 0x69, 0xFE, 0x69, 0xFE,
    0x69, 0xFE, 0x69, 0xFE, 0x69, 0xFE, 0x69, 0xFE, 0x69, 0xFE, 0x69, 0xFE, 0x69, 0xFE, 0x69, 0xFE, 0x69, 0xFE, 0x69,
    0xFE, 0x69, 0xFE, 0x69, 0xFE, 0x69, 0xFE, 0x69, 0xFE, 0x69, 0xFE, 0x69, 0xFE, 0x69, 0xFE, 0x69, 0xFE, 0x69, 0xFE,
    0x69, 0xFE, 0x69, 0xFE, 0x69, 0xFE, 0x69, 0xFE, 0x69, 0xFE, 0x69, 0xFE, 0x69, 0xFE, 0x69, 0xFE, 0x69, 0xFE, 0x69,
    0xFE, 0x69, 0xFE, 0x69, 0xFE, 0x69, 0xFE, 0x69, 0xFE, 0x69, 0xFE, 0x69, 0xFE, 0x69, 0xFE, 0x69, 0xFE, 0x69, 0xFE,
    0x69, 0xFE, 0x69, 0xFE, 0x69, 0xFE, 0x69, 0xFE, 0x69, 0xFE, 0x69, 0xFE, 0x69, 0xFE, 0x69, 0xFE, 0x69, 0xFE, 0x69,
    0xFE, 0x69, 0xFE, 0x69, 0xFE, 0x69, 0xFE, 0x69, 0xFE, 0x69, 0xFE, 0x69, 0xFE, 0x69, 0xFE, 0x69, 0xFE, 0x69, 0xFE,
    0x69, 0xFE, 0x69, 0xFE, 0x69, 0xFE, 0x69, 0xFE, 0x69, 0xFE, 0x44, 0xB4, 0x44, 0xB4, 0x44, 0xB4, 0x20, 0x62, 0x20,
    0x62, 0x20, 0x62, 0x20, 0x62, 0x20, 0x62, 0x20, 0x62, 0x20, 0x62, 0x20, 0x62, 0x20, 0x62, 0x20, 0x62, 0x20, 0x62,
    0x20, 0x62, 0x20, 0x62, 0x20, 0x62, 0x20, 0x62, 0x20, 0x62, 0x20, 0x62, 0x20, 0x62, 0x20, 0x62, 0x20, 0x62, 0x20,
    0x62, 0x20, 0x62, 0x20, 0x62, 0x20, 0x62, 0x20, 0x62, 0x20, 0x62, 0x20, 0x62, 0x20, 0x62, 0x20, 0x62, 0x20, 0x62,
    0x20, 0x62, 0x20, 0x62, 0x20, 0x62, 0x20, 0x62, 0x20, 0x62, 0x20, 0x62, 0x20, 0x62, 0x20, 0x62, 0x20, 0x62, 0x20,
    0x62, 0x20, 0x62, 0x20, 0x62, 0x20, 0x62, 0x20, 0x62, 0x20, 0x62, 0x20, 0x62, 0x20, 0x62, 0x20, 0x62, 0x20, 0x62,
    0x20, 0x62, 0x20, 0x62, 0x20, 0x62, 0x20, 0x62, 0x20, 0x62, 0x44, 0xB4, 0x44, 0xB4, 0x44, 0xB4, 0x69, 0xFE, 0x69,
    0xFE, 0x69, 0xFE, 0x69, 0xFE, 0x69, 0xFE, 0x69, 0xFE, 0x69, 0xFE, 0x69, 0xFE, 0x69, 0xFE, 0x69, 0xFE, 0x69, 0xFE,
    0x69, 0xFE, 0x69, 0xFE, 0x69, 0xFE, 0x69, 0xFE, 0x69, 0xFE, 0x69, 0xFE, 0x69, 0xFE, 0x69, 0xFE, 0x69, 0xFE, 0x44,
    0xB4, 0x44, 0xB4, 0x44, 0xB4, 0x20, 0x62, 0x20, 0x62, 0x20, 0x62, 0x20, 0x62, 0x20, 0x62, 0x20, 0x62, 0x20, 0x62,
    0x20, 0x62, 0x20, 0x62, 0x20, 0x62, 0x20, 0x62, 0x20, 0x62, 0x20, 0x62, 0x20, 0x62, 0x20, 0x62, 0x20, 0x62, 0x20,
    0x62, 0x20, 0x62, 0x20, 0x62, 0x20, 0x62, 0x20, 0x62, 0x20, 0x62, 0x20, 0x62, 0x20, 0x62, 0x20, 0x62, 0x20, 0x62,
    0x20, 0x62, 0x20, 0x62, 0x20, 0x62, 0x20, 0x62, 0x20, 0x62, 0x20, 0x62, 0x20, 0x62, 0x20, 0x62, 0x20, 0x62, 0x20,
    0x62, 0x20, 0x62, 0x20, 0x62, 0x20, 0x62, 0x20, 0x62, 0x20, 0x62, 0x20, 0x62, 0x20, 0x62, 0x20, 0x62, 0x20, 0x62,
    0x20, 0x62, 0x20, 0x62, 0x20, 0x62, 0x20, 0x62, 0x20, 0x62, 0x20, 0x62, 0x20, 0x62, 0x20, 0x62, 0x20, 0x62, 0x44,
    0xB4, 0x44, 0xB4, 0x44, 0xB4, 0x69, 0xFE, 0x69, 0xFE, 0x69, 0xFE, 0x69, 0xFE, 0x69, 0xFE, 0x69, 0xFE, 0x69, 0xFE,
    0x69, 0xFE, 0x69, 0xFE, 0x69, 0xFE, 0x69, 0xFE, 0x69, 0xFE, 0x69, 0xFE, 0x69, 0xFE, 0x69, 0xFE, 0x69, 0xFE, 0x69,
    0xFE, 0x69, 0xFE, 0x69, 0xFE, 0x69, 0xFE, 0x69, 0xFE, 0x69, 0xFE, 0x69, 0xFE, 0x69, 0xFE, 0x69, 0xFE, 0x69, 0xFE,
    0x69, 0xFE, 0x69, 0xFE, 0x69, 0xFE, 0x69, 0xFE, 0x69, 0xFE, 0x69, 0xFE, 0x69, 0xFE, 0x69, 0xFE, 0x69, 0xFE, 0x69,
    0xFE, 0x69, 0xFE, 0x69, 0xFE, 0x69, 0xFE, 0x69, 0xFE, 0x69, 0xFE, 0x69, 0xFE, 0x69, 0xFE, 0x69, 0xFE, 0x69, 0xFE,
    0x69, 0xFE, 0x69, 0xFE, 0x69, 0xFE, 0x69, 0xFE, 0x69, 0xFE, 0x69, 0xFE, 0x69, 0xFE, 0x69, 0xFE, 0x69, 0xFE, 0x69,
    0xFE, 0x69, 0xFE, 0x69, 0xFE, 0x69, 0xFE, 0x69, 0xFE, 0x69, 0xFE, 0x69, 0xFE, 0x69, 0xFE, 0x69, 0xFE, 0x69, 0xFE,
    0x69, 0xFE, 0x69, 0xFE, 0x69, 0xFE, 0x69, 0xFE, 0x69, 0xFE, 0x69, 0xFE, 0x69, 0xFE, 0x69, 0xFE, 0x69, 0xFE, 0x69,
    0xFE, 0x69, 0xFE, 0x69, 0xFE, 0x69, 0xFE, 0x69, 0xFE, 0x69, 0xFE, 0x69, 0xFE, 0x69, 0xFE, 0x69, 0xFE, 0x69, 0xFE,
    0x69, 0xFE, 0x69, 0xFE, 0x69, 0xFE, 0x69, 0xFE, 0x69, 0xFE, 0x69, 0xFE, 0x69, 0xFE, 0x69, 0xFE, 0x69, 0xFE, 0x69,
    0xFE, 0x69, 0xFE, 0x69, 0xFE, 0x69, 0xFE, 0x69, 0xFE, 0x69, 0xFE, 0x69, 0xFE, 0x69, 0xFE, 0x44, 0xB4, 0x44, 0xB4,
    0x44, 0xB4, 0x20, 0x62, 0x20, 0x62, 0x20, 0x62, 0x20, 0x62, 0x20, 0x62, 0x20, 0x62, 0x20, 0x62, 0x20, 0x62, 0x20,
    0x62, 0x20, 0x62, 0x20, 0x62, 0x20, 0x62, 0x20, 0x62, 0x20, 0x62, 0x20, 0x62, 0x20, 0x62, 0x20, 0x62, 0x20, 0x62,
    0x20, 0x62, 0x20, 0x62, 0x20, 0x62, 0x20, 0x62, 0x20, 0x62, 0x20, 0x62, 0x20, 0x62, 0x20, 0x62, 0x20, 0x62, 0x20,
    0x62, 0x20, 0x62, 0x20, 0x62, 0x20, 0x62, 0x20, 0x62, 0x20, 0x62, 0x20, 0x62, 0x20, 0x62, 0x20, 0x62, 0x20, 0x62,
    0x20, 0x62, 0x20, 0x62, 0x20, 0x62, 0x20, 0x62, 0x20, 0x62, 0x20, 0x62, 0x20, 0x62, 0x20, 0x62, 0x20, 0x62, 0x20,
    0x62, 0x20, 0x62, 0x20, 0x62, 0x20, 0x62, 0x20, 0x62, 0x20, 0x62, 0x20, 0x62, 0x20, 0x62, 0x44, 0xB4, 0x44, 0xB4,
    0x44, 0xB4, 0x69, 0xFE, 0x69, 0xFE, 0x69, 0xFE, 0x69, 0xFE, 0x69, 0xFE, 0x69, 0xFE, 0x69, 0xFE, 0x69, 0xFE, 0x69,
    0xFE, 0x69, 0xFE, 0x69, 0xFE, 0x69, 0xFE, 0x69, 0xFE, 0x69, 0xFE, 0x69, 0xFE, 0x69, 0xFE, 0x69, 0xFE, 0x69, 0xFE,
    0x69, 0xFE, 0x69, 0xFE, 0x44, 0xB4, 0x44, 0xB4, 0x44, 0xB4, 0x20, 0x62, 0x20, 0x62, 0x20, 0x62, 0x20, 0x62, 0x20,
    0x62, 0x20, 0x62, 0x20, 0x62, 0x20, 0x62, 0x20, 0x62, 0x20, 0x62, 0x20, 0x62, 0x20, 0x62, 0x20, 0x62, 0x20, 0x62,
    0x20, 0x62, 0x20, 0x62, 0x20, 0x62, 0x20, 0x62, 0x20, 0x62, 0x20, 0x62, 0x20, 0x62, 0x20, 0x62, 0x20, 0x62, 0x20,
    0x62, 0x20, 0x62, 0x20, 0x62, 0x20, 0x62, 0x20, 0x62, 0x20, 0x62, 0x20, 0x62, 0x20, 0x62, 0x20, 0x62, 0x20, 0x62,
    0x20, 0x62, 0x20, 0x62, 0x20, 0x62, 0x20, 0x62, 0x20, 0x62, 0x20, 0x62, 0x20, 0x62, 0x20, 0x62, 0x20, 0x62, 0x20,
    0x62, 0x20, 0x62, 0x20, 0x62, 0x20, 0x62, 0x20, 0x62, 0x20, 0x62, 0x20, 0x62, 0x20, 0x62, 0x20, 0x62, 0x20, 0x62,
    0x20, 0x62, 0x20, 0x62, 0x44, 0xB4, 0x44, 0xB4, 0x44, 0xB4, 0x69, 0xFE, 0x69, 0xFE, 0x69, 0xFE, 0x69, 0xFE, 0x69,
    0xFE, 0x69, 0xFE, 0x69, 0xFE, 0x69, 0xFE, 0x69, 0xFE, 0x69, 0xFE, 0x69, 0xFE, 0x69, 0xFE, 0x69, 0xFE, 0x69, 0xFE,
    0x69, 0xFE, 0x69, 0xFE, 0x69, 0xFE, 0x69, 0xFE, 0x69, 0xFE, 0x69, 0xFE, 0x69, 0xFE, 0x69, 0xFE, 0x69, 0xFE, 0x69,
    0xFE, 0x69, 0xFE, 0x69, 0xFE, 0x69, 0xFE, 0x69, 0xFE, 0x69, 0xFE, 0x69, 0xFE, 0x69, 0xFE, 0x69, 0xFE, 0x69, 0xFE,
    0x69, 0xFE, 0x69, 0xFE, 0x69, 0xFE, 0x69, 0xFE, 0x69, 0xFE, 0x69, 0xFE, 0x69, 0xFE, 0x69, 0xFE, 0x69, 0xFE, 0x69,
    0xFE, 0x69, 0xFE, 0x69, 0xFE, 0x69, 0xFE, 0x69, 0xFE, 0x69, 0xFE, 0x69, 0xFE, 0x69, 0xFE, 0x69, 0xFE, 0x69, 0xFE,
    0x69, 0xFE, 0x69, 0xFE, 0x69, 0xFE, 0x69, 0xFE, 0x69, 0xFE, 0x69, 0xFE, 0x69, 0xFE, 0x69, 0xFE, 0x69, 0xFE, 0x69,
    0xFE, 0x69, 0xFE, 0x69, 0xFE, 0x69, 0xFE, 0x69, 0xFE, 0x69, 0xFE, 0x69, 0xFE, 0x69, 0xFE, 0x69, 0xFE, 0x69, 0xFE,
    0x69, 0xFE, 0x69, 0xFE, 0x69, 0xFE, 0x69, 0xFE, 0x69, 0xFE, 0x69, 0xFE, 0x69, 0xFE, 0x69, 0xFE, 0x69, 0xFE, 0x69,
    0xFE, 0x69, 0xFE, 0x69, 0xFE, 0x69, 0xFE, 0x69, 0xFE, 0x69, 0xFE, 0x69, 0xFE, 0x69, 0xFE, 0x69, 0xFE, 0x69, 0xFE,
    0x69, 0xFE, 0x69, 0xFE, 0x69, 0xFE, 0x69, 0xFE, 0x69, 0xFE, 0x69, 0xFE, 0x69, 0xFE, 0x69, 0xFE, 0x69, 0xFE, 0x69,
    0xFE, 0x60, 0x72, 0x60, 0x72, 0x60, 0x72, 0x20, 0x62, 0x20, 0x62, 0x20, 0x62, 0x20, 0x62, 0x20, 0x62, 0x20, 0x62,
    0x20, 0x62, 0x20, 0x62, 0x20, 0x62, 0x20, 0x62, 0x22, 0x8B, 0x22, 0x8B, 0x22, 0x8B, 0x22, 0x8B, 0x44, 0xB4, 0x44,
    0xB4, 0x44, 0xB4, 0x47, 0xDD, 0x47, 0xDD, 0x47, 0xDD, 0x47, 0xDD, 0x47, 0xDD, 0x47, 0xDD, 0x47, 0xDD, 0x47, 0xDD,
    0x47, 0xDD, 0x47, 0xDD, 0x47, 0xDD, 0x47, 0xDD, 0x47, 0xDD, 0x47, 0xDD, 0x47, 0xDD, 0x47, 0xDD, 0x47, 0xDD, 0x47,
    0xDD, 0x47, 0xDD, 0x47, 0xDD, 0x44, 0xB4, 0x44, 0xB4, 0x44, 0xB4, 0x22, 0x8B, 0x22, 0x8B, 0x22, 0x8B, 0x22, 0x8B,
    0x20, 0x62, 0x20, 0x62, 0x20, 0x62, 0x20, 0x62, 0x20, 0x62, 0x20, 0x62, 0x20, 0x62, 0x20, 0x62, 0x20, 0x62, 0x20,
    0x62, 0x60, 0x72, 0x60, 0x72, 0x60, 0x72, 0x69, 0xFE, 0x69, 0xFE, 0x69, 0xFE, 0x69, 0xFE, 0x69, 0xFE, 0x69, 0xFE,
    0x69, 0xFE, 0x69, 0xFE, 0x69, 0xFE, 0x69, 0xFE, 0x69, 0xFE, 0x69, 0xFE, 0x69, 0xFE, 0x69, 0xFE, 0x69, 0xFE, 0x69,
    0xFE, 0x69, 0xFE, 0x69, 0xFE, 0x69, 0xFE, 0x69, 0xFE, 0x60, 0x72, 0x60, 0x72, 0x60, 0x72, 0x20, 0x62, 0x20, 0x62,
    0x20, 0x62, 0x20, 0x62, 0x20, 0x62, 0x20, 0x62, 0x20, 0x62, 0x20, 0x62, 0x20, 0x62, 0x20, 0x62, 0x22, 0x8B, 0x22,
    0x8B, 0x22, 0x8B, 0x22, 0x8B, 0x44, 0xB4, 0x44, 0xB4, 0x44, 0xB4, 0x47, 0xDD, 0x47, 0xDD, 0x47, 0xDD, 0x47, 0xDD,
    0x47, 0xDD, 0x47, 0xDD, 0x47, 0xDD, 0x47, 0xDD, 0x47, 0xDD, 0x47, 0xDD, 0x47, 0xDD, 0x47, 0xDD, 0x47, 0xDD, 0x47,
    0xDD, 0x47, 0xDD, 0x47, 0xDD, 0x47, 0xDD, 0x47, 0xDD, 0x47, 0xDD, 0x47, 0xDD, 0x44, 0xB4, 0x44, 0xB4, 0x44, 0xB4,
    0x22, 0x8B, 0x22, 0x8B, 0x22, 0x8B, 0x22, 0x8B, 0x20, 0x62, 0x20, 0x62, 0x20, 0x62, 0x20, 0x62, 0x20, 0x62, 0x20,
    0x62, 0x20, 0x62, 0x20, 0x62, 0x20, 0x62, 0x20, 0x62, 0x60, 0x72, 0x60, 0x72, 0x60, 0x72, 0x69, 0xFE, 0x69, 0xFE,
    0x69, 0xFE, 0x69, 0xFE, 0x69, 0xFE, 0x69, 0xFE, 0x69, 0xFE, 0x69, 0xFE, 0x69, 0xFE, 0x69, 0xFE, 0x69, 0xFE, 0x69,
    0xFE, 0x69, 0xFE, 0x69, 0xFE, 0x69, 0xFE, 0x69, 0xFE, 0x69, 0xFE, 0x69, 0xFE, 0x69, 0xFE, 0x69, 0xFE, 0x69, 0xFE,
    0x69, 0xFE, 0x69, 0xFE, 0x69, 0xFE, 0x69, 0xFE, 0x69, 0xFE, 0x69, 0xFE, 0x69, 0xFE, 0x69, 0xFE, 0x69, 0xFE, 0x69,
    0xFE, 0x69, 0xFE, 0x69, 0xFE, 0x69, 0xFE, 0x69, 0xFE, 0x69, 0xFE, 0x69, 0xFE, 0x69, 0xFE, 0x69, 0xFE, 0x69, 0xFE,
    0x69, 0xFE, 0x69, 0xFE, 0x69, 0xFE, 0x69, 0xFE, 0x69, 0xFE, 0x69, 0xFE, 0x69, 0xFE, 0x69, 0xFE, 0x69, 0xFE, 0x69,
    0xFE, 0x69, 0xFE, 0x69, 0xFE, 0x69, 0xFE, 0x69, 0xFE, 0x69, 0xFE, 0x69, 0xFE, 0x69, 0xFE, 0x69, 0xFE, 0x69, 0xFE,
    0x69, 0xFE, 0x69, 0xFE, 0x69, 0xFE, 0x69, 0xFE, 0x69, 0xFE, 0x69, 0xFE, 0x69, 0xFE, 0x69, 0xFE, 0x69, 0xFE, 0x69,
    0xFE, 0x69, 0xFE, 0x69, 0xFE, 0x69, 0xFE, 0x69, 0xFE, 0x69, 0xFE, 0x69, 0xFE, 0x69, 0xFE, 0x69, 0xFE, 0x69, 0xFE,
    0x69, 0xFE, 0x69, 0xFE, 0x69, 0xFE, 0x69, 0xFE, 0x69, 0xFE, 0x69, 0xFE, 0x69, 0xFE, 0x69, 0xFE, 0x69, 0xFE, 0x69,
    0xFE, 0x69, 0xFE, 0x69, 0xFE, 0x69, 0xFE, 0x69, 0xFE, 0x69, 0xFE, 0x69, 0xFE, 0x69, 0xFE, 0x69, 0xFE, 0x69, 0xFE,
    0x69, 0xFE, 0x69, 0xFE, 0x69, 0xFE, 0x60, 0x72, 0x60, 0x72, 0x60, 0x72, 0x20, 0x62, 0x20, 0x62, 0x20, 0x62, 0x20,
    0x62, 0x20, 0x62, 0x20, 0x62, 0x20, 0x62, 0x20, 0x62, 0x20, 0x62, 0x20, 0x62, 0x22, 0x8B, 0x22, 0x8B, 0x22, 0x8B,
    0x22, 0x8B, 0x44, 0xB4, 0x44, 0xB4, 0x44, 0xB4, 0x47, 0xDD, 0x47, 0xDD, 0x47, 0xDD, 0x47, 0xDD, 0x47, 0xDD, 0x47,
    0xDD, 0x47, 0xDD, 0x47, 0xDD, 0x47, 0xDD, 0x47, 0xDD, 0x47, 0xDD, 0x47, 0xDD, 0x47, 0xDD, 0x47, 0xDD, 0x47, 0xDD,
    0x47, 0xDD, 0x47, 0xDD, 0x47, 0xDD, 0x47, 0xDD, 0x47, 0xDD, 0x44, 0xB4, 0x44, 0xB4, 0x44, 0xB4, 0x22, 0x8B, 0x22,
    0x8B, 0x22, 0x8B, 0x22, 0x8B, 0x20, 0x62, 0x20, 0x62, 0x20, 0x62, 0x20, 0x62, 0x20, 0x62, 0x20, 0x62, 0x20, 0x62,
    0x20, 0x62, 0x20, 0x62, 0x20, 0x62, 0x60, 0x72, 0x60, 0x72, 0x60, 0x72, 0x69, 0xFE, 0x69, 0xFE, 0x69, 0xFE, 0x69,
    0xFE, 0x69, 0xFE, 0x69, 0xFE, 0x69, 0xFE, 0x69, 0xFE, 0x69, 0xFE, 0x69, 0xFE, 0x69, 0xFE, 0x69, 0xFE, 0x69, 0xFE,
    0x69, 0xFE, 0x69, 0xFE, 0x69, 0xFE, 0x69, 0xFE, 0x69, 0xFE, 0x69, 0xFE, 0x69, 0xFE, 0x60, 0x72, 0x60, 0x72, 0x60,
    0x72, 0x20, 0x62, 0x20, 0x62, 0x20, 0x62, 0x20, 0x62, 0x20, 0x62, 0x20, 0x62, 0x20, 0x62, 0x20, 0x62, 0x20, 0x62,
    0x20, 0x62, 0x22, 0x8B, 0x22, 0x8B, 0x22, 0x8B, 0x22, 0x8B, 0x44, 0xB4, 0x44, 0xB4, 0x44, 0xB4, 0x47, 0xDD, 0x47,
    0xDD, 0x47, 0xDD, 0x47, 0xDD, 0x47, 0xDD, 0x47, 0xDD, 0x47, 0xDD, 0x47, 0xDD, 0x47, 0xDD, 0x47, 0xDD, 0x47, 0xDD,
    0x47, 0xDD, 0x47, 0xDD, 0x47, 0xDD, 0x47, 0xDD, 0x47, 0xDD, 0x47, 0xDD, 0x47, 0xDD, 0x47, 0xDD, 0x47, 0xDD, 0x44,
    0xB4, 0x44, 0xB4, 0x44, 0xB4, 0x22, 0x8B, 0x22, 0x8B, 0x22, 0x8B, 0x22, 0x8B, 0x20, 0x62, 0x20, 0x62, 0x20, 0x62,
    0x20, 0x62, 0x20, 0x62, 0x20, 0x62, 0x20, 0x62, 0x20, 0x62, 0x20, 0x62, 0x20, 0x62, 0x60, 0x72, 0x60, 0x72, 0x60,
    0x72, 0x69, 0xFE, 0x69, 0xFE, 0x69, 0xFE, 0x69, 0xFE, 0x69, 0xFE, 0x69, 0xFE, 0x69, 0xFE, 0x69, 0xFE, 0x69, 0xFE,
    0x69, 0xFE, 0x69, 0xFE, 0x69, 0xFE, 0x69, 0xFE, 0x69, 0xFE, 0x69, 0xFE, 0x69, 0xFE, 0x69, 0xFE, 0x69, 0xFE, 0x69,
    0xFE, 0x69, 0xFE, 0x69, 0xFE, 0x69, 0xFE, 0x69, 0xFE, 0x69, 0xFE, 0x69, 0xFE, 0x69, 0xFE, 0x69, 0xFE, 0x69, 0xFE,
    0x69, 0xFE, 0x69, 0xFE, 0x69, 0xFE, 0x69, 0xFE, 0x69, 0xFE, 0x69, 0xFE, 0x69, 0xFE, 0x69, 0xFE, 0x69, 0xFE, 0x69,
    0xFE, 0x69, 0xFE, 0x69, 0xFE, 0x69, 0xFE, 0x69, 0xFE, 0x69, 0xFE, 0x69, 0xFE, 0x69, 0xFE, 0x69, 0xFE, 0x69, 0xFE,
    0x69, 0xFE, 0x69, 0xFE, 0x69, 0xFE, 0x69, 0xFE, 0x69, 0xFE, 0x69, 0xFE, 0x69, 0xFE, 0x69, 0xFE, 0x69, 0xFE, 0x69,
    0xFE, 0x69, 0xFE, 0x69, 0xFE, 0x69, 0xFE, 0x69, 0xFE, 0x69, 0xFE, 0x69, 0xFE, 0x69, 0xFE, 0x69, 0xFE, 0x69, 0xFE,
    0x69, 0xFE, 0x69, 0xFE, 0x69, 0xFE, 0x69, 0xFE, 0x69, 0xFE, 0x69, 0xFE, 0x69, 0xFE, 0x69, 0xFE, 0x69, 0xFE, 0x69,
    0xFE, 0x69, 0xFE, 0x69, 0xFE, 0x69, 0xFE, 0x69, 0xFE, 0x69, 0xFE, 0x69, 0xFE, 0x69, 0xFE, 0x69, 0xFE, 0x69, 0xFE,
    0x69, 0xFE, 0x69, 0xFE, 0x69, 0xFE, 0x69, 0xFE, 0x69, 0xFE, 0x69, 0xFE, 0x69, 0xFE, 0x69, 0xFE, 0x69, 0xFE, 0x69,
    0xFE, 0x69, 0xFE, 0x69, 0xFE, 0x69, 0xFE, 0x69, 0xFE, 0x69, 0xFE, 0x60, 0x72, 0x60, 0x72, 0x60, 0x72, 0x20, 0x62,
    0x20, 0x62, 0x20, 0x62, 0x20, 0x62, 0x20, 0x62, 0x20, 0x62, 0x20, 0x62, 0x20, 0x62, 0x20, 0x62, 0x20, 0x62, 0x22,
    0x8B, 0x22, 0x8B, 0x22, 0x8B, 0x22, 0x8B, 0x44, 0xB4, 0x44, 0xB4, 0x44, 0xB4, 0x47, 0xDD, 0x47, 0xDD, 0x47, 0xDD,
    0x47, 0xDD, 0x47, 0xDD, 0x47, 0xDD, 0x47, 0xDD, 0x47, 0xDD, 0x47, 0xDD, 0x47, 0xDD, 0x47, 0xDD, 0x47, 0xDD, 0x47,
    0xDD, 0x47, 0xDD, 0x47, 0xDD, 0x47, 0xDD, 0x47, 0xDD, 0x47, 0xDD, 0x47, 0xDD, 0x47, 0xDD, 0x44, 0xB4, 0x44, 0xB4,
    0x44, 0xB4, 0x22, 0x8B, 0x22, 0x8B, 0x22, 0x8B, 0x22, 0x8B, 0x20, 0x62, 0x20, 0x62, 0x20, 0x62, 0x20, 0x62, 0x20,
    0x62, 0x20, 0x62, 0x20, 0x62, 0x20, 0x62, 0x20, 0x62, 0x20, 0x62, 0x60, 0x72, 0x60, 0x72, 0x60, 0x72, 0x69, 0xFE,
    0x69, 0xFE, 0x69, 0xFE, 0x69, 0xFE, 0x69, 0xFE, 0x69, 0xFE, 0x69, 0xFE, 0x69, 0xFE, 0x69, 0xFE, 0x69, 0xFE, 0x69,
    0xFE, 0x69, 0xFE, 0x69, 0xFE, 0x69, 0xFE, 0x69, 0xFE, 0x69, 0xFE, 0x69, 0xFE, 0x69, 0xFE, 0x69, 0xFE, 0x69, 0xFE,
    0x60, 0x72, 0x60, 0x72, 0x60, 0x72, 0x20, 0x62, 0x20, 0x62, 0x20, 0x62, 0x20, 0x62, 0x20, 0x62, 0x20, 0x62, 0x20,
    0x62, 0x20, 0x62, 0x20, 0x62, 0x20, 0x62, 0x22, 0x8B, 0x22, 0x8B, 0x22, 0x8B, 0x22, 0x8B, 0x44, 0xB4, 0x44, 0xB4,
    0x44, 0xB4, 0x47, 0xDD, 0x47, 0xDD, 0x47, 0xDD, 0x47, 0xDD, 0x47, 0xDD, 0x47, 0xDD, 0x47, 0xDD, 0x47, 0xDD, 0x47,
    0xDD, 0x47, 0xDD, 0x47, 0xDD, 0x47, 0xDD, 0x47, 0xDD, 0x47, 0xDD, 0x47, 0xDD, 0x47, 0xDD, 0x47, 0xDD, 0x47, 0xDD,
    0x47, 0xDD, 0x47, 0xDD, 0x44, 0xB4, 0x44, 0xB4, 0x44, 0xB4, 0x22, 0x8B, 0x22, 0x8B, 0x22, 0x8B, 0x22, 0x8B, 0x20,
    0x62, 0x20, 0x62, 0x20, 0x62, 0x20, 0x62, 0x20, 0x62, 0x20, 0x62, 0x20, 0x62, 0x20, 0x62, 0x20, 0x62, 0x20, 0x62,
    0x60, 0x72, 0x60, 0x72, 0x60, 0x72, 0x69, 0xFE, 0x69, 0xFE, 0x69, 0xFE, 0x69, 0xFE, 0x69, 0xFE, 0x69, 0xFE, 0x69,
    0xFE, 0x69, 0xFE, 0x69, 0xFE, 0x69, 0xFE, 0x69, 0xFE, 0x69, 0xFE, 0x69, 0xFE, 0x69, 0xFE, 0x69, 0xFE, 0x69, 0xFE,
    0x69, 0xFE, 0x69, 0xFE, 0x69, 0xFE, 0x69, 0xFE, 0x69, 0xFE, 0x69, 0xFE, 0x69, 0xFE, 0x69, 0xFE, 0x69, 0xFE, 0x69,
    0xFE, 0x69, 0xFE, 0x69, 0xFE, 0x69, 0xFE, 0x69, 0xFE, 0x69, 0xFE, 0x69, 0xFE, 0x69, 0xFE, 0x69, 0xFE, 0x69, 0xFE,
    0x69, 0xFE, 0x69, 0xFE, 0x69, 0xFE, 0x69, 0xFE, 0x69, 0xFE, 0x69, 0xFE, 0x69, 0xFE, 0x69, 0xFE, 0x69, 0xFE, 0x69,
    0xFE, 0x69, 0xFE, 0x69, 0xFE, 0x69, 0xFE, 0x69, 0xFE, 0x69, 0xFE, 0x69, 0xFE, 0x69, 0xFE, 0x69, 0xFE, 0x69, 0xFE,
    0x69, 0xFE, 0x69, 0xFE, 0x69, 0xFE, 0x69, 0xFE, 0x69, 0xFE, 0x69, 0xFE, 0x69, 0xFE, 0x69, 0xFE, 0x69, 0xFE, 0x69,
    0xFE, 0x69, 0xFE, 0x69, 0xFE, 0x69, 0xFE, 0x69, 0xFE, 0x69, 0xFE, 0x69, 0xFE, 0x69, 0xFE, 0x69, 0xFE, 0x69, 0xFE,
    0x69, 0xFE, 0x69, 0xFE, 0x69, 0xFE, 0x69, 0xFE, 0x69, 0xFE, 0x69, 0xFE, 0x69, 0xFE, 0x69, 0xFE, 0x69, 0xFE, 0x69,
    0xFE, 0x69, 0xFE, 0x69, 0xFE, 0x69, 0xFE, 0x69, 0xFE, 0x69, 0xFE, 0x69, 0xFE, 0x69, 0xFE, 0x69, 0xFE, 0x69, 0xFE,
    0x69, 0xFE, 0x69, 0xFE, 0x69, 0xFE, 0x69, 0xFE, 0x69, 0xFE, 0x69, 0xFE, 0x69, 0xFE, 0x69, 0xFE, 0x60, 0x72, 0x60,
    0x72, 0x60, 0x72, 0x60, 0x72, 0x60, 0x72, 0x60, 0x72, 0x60, 0x72, 0x44, 0xB4, 0x44, 0xB4, 0x44, 0xB4, 0x29, 0xF6,
    0x29, 0xF6, 0x29, 0xF6, 0x69, 0xFE, 0x69, 0xFE, 0x69, 0xFE, 0x69, 0xFE, 0x69, 0xFE, 0x69, 0xFE, 0x69, 0xFE, 0x69,
    0xFE, 0x69, 0xFE, 0x69, 0xFE, 0x69, 0xFE, 0x69, 0xFE, 0x69, 0xFE, 0x69, 0xFE, 0x69, 0xFE, 0x69, 0xFE, 0x69, 0xFE,
    0x69, 0xFE, 0x69, 0xFE, 0x69, 0xFE, 0x69, 0xFE, 0x69, 0xFE, 0x69, 0xFE, 0x69, 0xFE, 0x69, 0xFE, 0x69, 0xFE, 0x69,
    0xFE, 0x69, 0xFE, 0x69, 0xFE, 0x69, 0xFE, 0x69, 0xFE, 0x69, 0xFE, 0x69, 0xFE, 0x69, 0xFE, 0x29, 0xF6, 0x29, 0xF6,
    0x29, 0xF6, 0x44, 0xB4, 0x44, 0xB4, 0x44, 0xB4, 0x60, 0x72, 0x60, 0x72, 0x60, 0x72, 0x60, 0x72, 0x60, 0x72, 0x60,
    0x72, 0x60, 0x72, 0x69, 0xFE, 0x69, 0xFE, 0x69, 0xFE, 0x69, 0xFE, 0x69, 0xFE, 0x69, 0xFE, 0x69, 0xFE, 0x69, 0xFE,
    0x69, 0xFE, 0x69, 0xFE, 0x69, 0xFE, 0x69, 0xFE, 0x69, 0xFE, 0x69, 0xFE, 0x69, 0xFE, 0x69, 0xFE, 0x69, 0xFE, 0x69,
    0xFE, 0x69, 0xFE, 0x69, 0xFE, 0x60, 0x72, 0x60, 0x72, 0x60, 0x72, 0x60, 0x72, 0x60, 0x72, 0x60, 0x72, 0x60, 0x72,
    0x44, 0xB4, 0x44, 0xB4, 0x44, 0xB4, 0x29, 0xF6, 0x29, 0xF6, 0x29, 0xF6, 0x69, 0xFE, 0x69, 0xFE, 0x69, 0xFE, 0x69,
    0xFE, 0x69, 0xFE, 0x69, 0xFE, 0x69, 0xFE, 0x69, 0xFE, 0x69, 0xFE, 0x69, 0xFE, 0x69, 0xFE, 0x69, 0xFE, 0x69, 0xFE,
    0x69, 0xFE, 0x69, 0xFE, 0x69, 0xFE, 0x69, 0xFE, 0x69, 0xFE, 0x69, 0xFE, 0x69, 0xFE, 0x69, 0xFE, 0x69, 0xFE, 0x69,
    0xFE, 0x69, 0xFE, 0x69, 0xFE, 0x69, 0xFE, 0x69, 0xFE, 0x69, 0xFE, 0x69, 0xFE, 0x69, 0xFE, 0x69, 0xFE, 0x69, 0xFE,
    0x69, 0xFE, 0x69, 0xFE, 0x29, 0xF6, 0x29, 0xF6, 0x29, 0xF6, 0x44, 0xB4, 0x44, 0xB4, 0x44, 0xB4, 0x60, 0x72, 0x60,
    0x72, 0x60, 0x72, 0x60, 0x72, 0x60, 0x72, 0x60, 0x72, 0x60, 0x72, 0x69, 0xFE, 0x69, 0xFE, 0x69, 0xFE, 0x69, 0xFE,
    0x69, 0xFE, 0x69, 0xFE, 0x69, 0xFE, 0x69, 0xFE, 0x69, 0xFE, 0x69, 0xFE, 0x69, 0xFE, 0x69, 0xFE, 0x69, 0xFE, 0x69,
    0xFE, 0x69, 0xFE, 0x69, 0xFE, 0x69, 0xFE, 0x69, 0xFE, 0x69, 0xFE, 0x69, 0xFE, 0x69, 0xFE, 0x69, 0xFE, 0x69, 0xFE,
    0x69, 0xFE, 0x69, 0xFE, 0x69, 0xFE, 0x69, 0xFE, 0x69, 0xFE, 0x69, 0xFE, 0x69, 0xFE, 0x69, 0xFE, 0x69, 0xFE, 0x69,
    0xFE, 0x69, 0xFE, 0x69, 0xFE, 0x69, 0xFE, 0x69, 0xFE, 0x69, 0xFE, 0x69, 0xFE, 0x69, 0xFE, 0x69, 0xFE, 0x69, 0xFE,
    0x69, 0xFE, 0x69, 0xFE, 0x69, 0xFE, 0x69, 0xFE, 0x69, 0xFE, 0x69, 0xFE, 0x69, 0xFE, 0x69, 0xFE, 0x69, 0xFE, 0x69,
    0xFE, 0x69, 0xFE, 0x69, 0xFE, 0x69, 0xFE, 0x69, 0xFE, 0x69, 0xFE, 0x69, 0xFE, 0x69, 0xFE, 0x69, 0xFE, 0x69, 0xFE,
    0x69, 0xFE, 0x69, 0xFE, 0x69, 0xFE, 0x69, 0xFE, 0x69, 0xFE, 0x69, 0xFE, 0x69, 0xFE, 0x69, 0xFE, 0x69, 0xFE, 0x69,
    0xFE, 0x69, 0xFE, 0x69, 0xFE, 0x69, 0xFE, 0x69, 0xFE, 0x69, 0xFE, 0x69, 0xFE, 0x69, 0xFE, 0x69, 0xFE, 0x69, 0xFE,
    0x69, 0xFE, 0x69, 0xFE, 0x69, 0xFE, 0x69, 0xFE, 0x69, 0xFE, 0x69, 0xFE, 0x69, 0xFE, 0x69, 0xFE, 0x69, 0xFE, 0x69,
    0xFE, 0x69, 0xFE, 0x69, 0xFE, 0x69, 0xFE, 0x69, 0xFE, 0x69, 0xFE, 0x69, 0xFE, 0x69, 0xFE, 0x69, 0xFE, 0x69, 0xFE,
    0x69, 0xFE, 0x60, 0x72, 0x60, 0x72, 0x60, 0x72, 0x60, 0x72, 0x60, 0x72, 0x60, 0x72, 0x60, 0x72, 0x44, 0xB4, 0x44,
    0xB4, 0x44, 0xB4, 0x29, 0xF6, 0x29, 0xF6, 0x29, 0xF6, 0x69, 0xFE, 0x69, 0xFE, 0x69, 0xFE, 0x69, 0xFE, 0x69, 0xFE,
    0x69, 0xFE, 0x69, 0xFE, 0x69, 0xFE, 0x69, 0xFE, 0x69, 0xFE, 0x69, 0xFE, 0x69, 0xFE, 0x69, 0xFE, 0x69, 0xFE, 0x69,
    0xFE, 0x69, 0xFE, 0x69, 0xFE, 0x69, 0xFE, 0x69, 0xFE, 0x69, 0xFE, 0x69, 0xFE, 0x69, 0xFE, 0x69, 0xFE, 0x69, 0xFE,
    0x69, 0xFE, 0x69, 0xFE, 0x69, 0xFE, 0x69, 0xFE, 0x69, 0xFE, 0x69, 0xFE, 0x69, 0xFE, 0x69, 0xFE, 0x69, 0xFE, 0x69,
    0xFE, 0x29, 0xF6, 0x29, 0xF6, 0x29, 0xF6, 0x44, 0xB4, 0x44, 0xB4, 0x44, 0xB4, 0x60, 0x72, 0x60, 0x72, 0x60, 0x72,
    0x60, 0x72, 0x60, 0x72, 0x60, 0x72, 0x60, 0x72, 0x69, 0xFE, 0x69, 0xFE, 0x69, 0xFE, 0x69, 0xFE, 0x69, 0xFE, 0x69,
    0xFE, 0x69, 0xFE, 0x69, 0xFE, 0x69, 0xFE, 0x69, 0xFE, 0x69, 0xFE, 0x69, 0xFE, 0x69, 0xFE, 0x69, 0xFE, 0x69, 0xFE,
    0x69, 0xFE, 0x69, 0xFE, 0x69, 0xFE, 0x69, 0xFE, 0x69, 0xFE, 0x60, 0x72, 0x60, 0x72, 0x60, 0x72, 0x60, 0x72, 0x60,
    0x72, 0x60, 0x72, 0x60, 0x72, 0x44, 0xB4, 0x44, 0xB4, 0x44, 0xB4, 0x29, 0xF6, 0x29, 0xF6, 0x29, 0xF6, 0x69, 0xFE,
    0x69, 0xFE, 0x69, 0xFE, 0x69, 0xFE, 0x69, 0xFE, 0x69, 0xFE, 0x69, 0xFE, 0x69, 0xFE, 0x69, 0xFE, 0x69, 0xFE, 0x69,
    0xFE, 0x69, 0xFE, 0x69, 0xFE, 0x69, 0xFE, 0x69, 0xFE, 0x69, 0xFE, 0x69, 0xFE, 0x69, 0xFE, 0x69, 0xFE, 0x69, 0xFE,
    0x69, 0xFE, 0x69, 0xFE, 0x69, 0xFE, 0x69, 0xFE, 0x69, 0xFE, 0x69, 0xFE, 0x69, 0xFE, 0x69, 0xFE, 0x69, 0xFE, 0x69,
    0xFE, 0x69, 0xFE, 0x69, 0xFE, 0x69, 0xFE, 0x69, 0xFE, 0x29, 0xF6, 0x29, 0xF6, 0x29, 0xF6, 0x44, 0xB4, 0x44, 0xB4,
    0x44, 0xB4, 0x60, 0x72, 0x60, 0x72, 0x60, 0x72, 0x60, 0x72, 0x60, 0x72, 0x60, 0x72, 0x60, 0x72, 0x69, 0xFE, 0x69,
    0xFE, 0x69, 0xFE, 0x69, 0xFE, 0x69, 0xFE, 0x69, 0xFE, 0x69, 0xFE, 0x69, 0xFE, 0x69, 0xFE, 0x69, 0xFE, 0x69, 0xFE,
    0x69, 0xFE, 0x69, 0xFE, 0x69, 0xFE, 0x69, 0xFE, 0x69, 0xFE, 0x69, 0xFE, 0x69, 0xFE, 0x69, 0xFE, 0x69, 0xFE, 0x69,
    0xFE, 0x69, 0xFE, 0x69, 0xFE, 0x69, 0xFE, 0x69, 0xFE, 0x69, 0xFE, 0x69, 0xFE, 0x69, 0xFE, 0x69, 0xFE, 0x69, 0xFE,
    0x69, 0xFE, 0x69, 0xFE, 0x69, 0xFE, 0x69, 0xFE, 0x69, 0xFE, 0x69, 0xFE, 0x69, 0xFE, 0x69, 0xFE, 0x69, 0xFE, 0x69,
    0xFE, 0x69, 0xFE, 0x69, 0xFE, 0x69, 0xFE, 0x69, 0xFE, 0x69, 0xFE, 0x69, 0xFE, 0x69, 0xFE, 0x69, 0xFE, 0x69, 0xFE,
    0x69, 0xFE, 0x69, 0xFE, 0x69, 0xFE, 0x69, 0xFE, 0x69, 0xFE, 0x69, 0xFE, 0x69, 0xFE, 0x69, 0xFE, 0x69, 0xFE, 0x69,
    0xFE, 0x69, 0xFE, 0x69, 0xFE, 0x69, 0xFE, 0x69, 0xFE, 0x69, 0xFE, 0x69, 0xFE, 0x69, 0xFE, 0x69, 0xFE, 0x69, 0xFE,
    0x69, 0xFE, 0x69, 0xFE, 0x69, 0xFE, 0x69, 0xFE, 0x69, 0xFE, 0x69, 0xFE, 0x69, 0xFE, 0x69, 0xFE, 0x69, 0xFE, 0x69,
    0xFE, 0x69, 0xFE, 0x69, 0xFE, 0x69, 0xFE, 0x69, 0xFE, 0x69, 0xFE, 0x69, 0xFE, 0x69, 0xFE, 0x69, 0xFE, 0x69, 0xFE,
    0x69, 0xFE, 0x69, 0xFE, 0x69, 0xFE, 0x69, 0xFE, 0x69, 0xFE, 0x69, 0xFE, 0x69, 0xFE, 0x69, 0xFE, 0x69, 0xFE, 0x69,
    0xFE, 0x69, 0xFE, 0x69, 0xFE, 0x69, 0xFE, 0x60, 0x72, 0x60, 0x72, 0x60, 0x72, 0x60, 0x72, 0x60, 0x72, 0x60, 0x72,
    0x60, 0x72, 0x44, 0xB4, 0x44, 0xB4, 0x44, 0xB4, 0x29, 0xF6, 0x29, 0xF6, 0x29, 0xF6, 0x69, 0xFE, 0x69, 0xFE, 0x69,
    0xFE, 0x69, 0xFE, 0x69, 0xFE, 0x69, 0xFE, 0x69, 0xFE, 0x69, 0xFE, 0x69, 0xFE, 0x69, 0xFE, 0x69, 0xFE, 0x69, 0xFE,
    0x69, 0xFE, 0x69, 0xFE, 0x69, 0xFE, 0x69, 0xFE, 0x69, 0xFE, 0x69, 0xFE, 0x69, 0xFE, 0x69, 0xFE, 0x69, 0xFE, 0x69,
    0xFE, 0x69, 0xFE, 0x69, 0xFE, 0x69, 0xFE, 0x69, 0xFE, 0x69, 0xFE, 0x69, 0xFE, 0x69, 0xFE, 0x69, 0xFE, 0x69, 0xFE,
    0x69, 0xFE, 0x69, 0xFE, 0x69, 0xFE, 0x29, 0xF6, 0x29, 0xF6, 0x29, 0xF6, 0x44, 0xB4, 0x44, 0xB4, 0x44, 0xB4, 0x60,
    0x72, 0x60, 0x72, 0x60, 0x72, 0x60, 0x72, 0x60, 0x72, 0x60, 0x72, 0x60, 0x72, 0x69, 0xFE, 0x69, 0xFE, 0x69, 0xFE,
    0x69, 0xFE, 0x69, 0xFE, 0x69, 0xFE, 0x69, 0xFE, 0x69, 0xFE, 0x69, 0xFE, 0x69, 0xFE, 0x69, 0xFE, 0x69, 0xFE, 0x69,
    0xFE, 0x69, 0xFE, 0x69, 0xFE, 0x69, 0xFE, 0x69, 0xFE, 0x69, 0xFE, 0x69, 0xFE, 0x69, 0xFE, 0x60, 0x72, 0x60, 0x72,
    0x60, 0x72, 0x60, 0x72, 0x60, 0x72, 0x60, 0x72, 0x60, 0x72, 0x44, 0xB4, 0x44, 0xB4, 0x44, 0xB4, 0x29, 0xF6, 0x29,
    0xF6, 0x29, 0xF6, 0x69, 0xFE, 0x69, 0xFE, 0x69, 0xFE, 0x69, 0xFE, 0x69, 0xFE, 0x69, 0xFE, 0x69, 0xFE, 0x69, 0xFE,
    0x69, 0xFE, 0x69, 0xFE, 0x69, 0xFE, 0x69, 0xFE, 0x69, 0xFE, 0x69, 0xFE, 0x69, 0xFE, 0x69, 0xFE, 0x69, 0xFE, 0x69,
    0xFE, 0x69, 0xFE, 0x69, 0xFE, 0x69, 0xFE, 0x69, 0xFE, 0x69, 0xFE, 0x69, 0xFE, 0x69, 0xFE, 0x69, 0xFE, 0x69, 0xFE,
    0x69, 0xFE, 0x69, 0xFE, 0x69, 0xFE, 0x69, 0xFE, 0x69, 0xFE, 0x69, 0xFE, 0x69, 0xFE, 0x29, 0xF6, 0x29, 0xF6, 0x29,
    0xF6, 0x44, 0xB4, 0x44, 0xB4, 0x44, 0xB4, 0x60, 0x72, 0x60, 0x72, 0x60, 0x72, 0x60, 0x72, 0x60, 0x72, 0x60, 0x72,
    0x60, 0x72, 0x69, 0xFE, 0x69, 0xFE, 0x69, 0xFE, 0x69, 0xFE, 0x69, 0xFE, 0x69, 0xFE, 0x69, 0xFE, 0x69, 0xFE, 0x69,
    0xFE, 0x69, 0xFE, 0x69, 0xFE, 0x69, 0xFE, 0x69, 0xFE, 0x69, 0xFE, 0x69, 0xFE, 0x69, 0xFE, 0x69, 0xFE, 0x69, 0xFE,
    0x69, 0xFE, 0x69, 0xFE, 0x69, 0xFE, 0x69, 0xFE, 0x69, 0xFE, 0x69, 0xFE, 0x69, 0xFE, 0x69, 0xFE, 0x69, 0xFE, 0x69,
    0xFE, 0x69, 0xFE, 0x69, 0xFE, 0x69, 0xFE, 0x69, 0xFE, 0x69, 0xFE, 0x69, 0xFE, 0x69, 0xFE, 0x69, 0xFE, 0x69, 0xFE,
    0x69, 0xFE, 0x69, 0xFE, 0x69, 0xFE, 0x69, 0xFE, 0x69, 0xFE, 0x69, 0xFE, 0x69, 0xFE, 0x69, 0xFE, 0x69, 0xFE, 0x69,
    0xFE, 0x69, 0xFE, 0x69, 0xFE, 0x69, 0xFE, 0x69, 0xFE, 0x69, 0xFE, 0x69, 0xFE, 0x69, 0xFE, 0x69, 0xFE, 0x69, 0xFE,
    0x69, 0xFE, 0x69, 0xFE, 0x69, 0xFE, 0x69, 0xFE, 0x69, 0xFE, 0x69, 0xFE, 0x69, 0xFE, 0x69, 0xFE, 0x69, 0xFE, 0x69,
    0xFE, 0x69, 0xFE, 0x69, 0xFE, 0x69, 0xFE, 0x69, 0xFE, 0x69, 0xFE, 0x69, 0xFE, 0x69, 0xFE, 0x69, 0xFE, 0x69, 0xFE,
    0x69, 0xFE, 0x69, 0xFE, 0x69, 0xFE, 0x69, 0xFE, 0x69, 0xFE, 0x69, 0xFE, 0x69, 0xFE, 0x69, 0xFE, 0x69, 0xFE, 0x69,
    0xFE, 0x69, 0xFE, 0x69, 0xFE, 0x69, 0xFE, 0x69, 0xFE, 0x69, 0xFE, 0x69, 0xFE, 0x69, 0xFE, 0x69, 0xFE, 0x69, 0xFE,
    0x69, 0xFE, 0x69, 0xFE, 0x69, 0xFE, 0x69, 0xFE, 0x69, 0xFE, 0x69, 0xFE, 0x69, 0xFE, 0x69, 0xFE, 0x69, 0xFE, 0x69,
    0xFE, 0x69, 0xFE, 0x69, 0xFE, 0x69, 0xFE, 0x69, 0xFE, 0x69, 0xFE, 0x69, 0xFE, 0x69, 0xFE, 0x69, 0xFE, 0x69, 0xFE,
    0x69, 0xFE, 0x69, 0xFE, 0x69, 0xFE, 0x69, 0xFE, 0x69, 0xFE, 0x69, 0xFE, 0x69, 0xFE, 0x69, 0xFE, 0x69, 0xFE, 0x69,
    0xFE, 0x69, 0xFE, 0x69, 0xFE, 0x69, 0xFE, 0x69, 0xFE, 0x69, 0xFE, 0x69, 0xFE, 0x69, 0xFE, 0x69, 0xFE, 0x69, 0xFE,
    0x69, 0xFE, 0x69, 0xFE, 0x69, 0xFE, 0x69, 0xFE, 0x69, 0xFE, 0x69, 0xFE, 0x69, 0xFE, 0x69, 0xFE, 0x69, 0xFE, 0x69,
    0xFE, 0x69, 0xFE, 0x69, 0xFE, 0x69, 0xFE, 0x69, 0xFE, 0x69, 0xFE, 0x69, 0xFE, 0x69, 0xFE, 0x69, 0xFE, 0x69, 0xFE,
    0x69, 0xFE, 0x69, 0xFE, 0x69, 0xFE, 0x69, 0xFE, 0x69, 0xFE, 0x69, 0xFE, 0x69, 0xFE, 0x69, 0xFE, 0x69, 0xFE, 0x69,
    0xFE, 0x69, 0xFE, 0x69, 0xFE, 0x69, 0xFE, 0x69, 0xFE, 0x69, 0xFE, 0x69, 0xFE, 0x69, 0xFE, 0x69, 0xFE, 0x69, 0xFE,
    0x69, 0xFE, 0x69, 0xFE, 0x69, 0xFE, 0x69, 0xFE, 0x69, 0xFE, 0x69, 0xFE, 0x69, 0xFE, 0x69, 0xFE, 0x69, 0xFE, 0x69,
    0xFE, 0x69, 0xFE, 0x69, 0xFE, 0x69, 0xFE, 0x69, 0xFE, 0x69, 0xFE, 0x69, 0xFE, 0x69, 0xFE, 0x69, 0xFE, 0x69, 0xFE,
    0x69, 0xFE, 0x69, 0xFE, 0x69, 0xFE, 0x69, 0xFE, 0x69, 0xFE, 0x69, 0xFE, 0x69, 0xFE, 0x69, 0xFE, 0x69, 0xFE, 0x69,
    0xFE, 0x69, 0xFE, 0x69, 0xFE, 0x69, 0xFE, 0x69, 0xFE, 0x69, 0xFE, 0x69, 0xFE, 0x69, 0xFE, 0x69, 0xFE, 0x69, 0xFE,
    0x69, 0xFE, 0x69, 0xFE, 0x69, 0xFE, 0x69, 0xFE, 0x69, 0xFE, 0x69, 0xFE, 0x69, 0xFE, 0x69, 0xFE, 0x69, 0xFE, 0x69,
    0xFE, 0x69, 0xFE, 0x69, 0xFE, 0x69, 0xFE, 0x69, 0xFE, 0x69, 0xFE, 0x69, 0xFE, 0x69, 0xFE, 0x69, 0xFE, 0x69, 0xFE,
    0x69, 0xFE, 0x69, 0xFE, 0x69, 0xFE, 0x69, 0xFE, 0x69, 0xFE, 0x69, 0xFE, 0x69, 0xFE, 0x69, 0xFE, 0x69, 0xFE, 0x69,
    0xFE, 0x69, 0xFE, 0x69, 0xFE, 0x69, 0xFE, 0x69, 0xFE, 0x69, 0xFE, 0x69, 0xFE, 0x69, 0xFE, 0x69, 0xFE, 0x69, 0xFE,
    0x69, 0xFE, 0x69, 0xFE, 0x69, 0xFE, 0x69, 0xFE, 0x69, 0xFE, 0x69, 0xFE, 0x69, 0xFE, 0x69, 0xFE, 0x69, 0xFE, 0x69,
    0xFE, 0x69, 0xFE, 0x69, 0xFE, 0x69, 0xFE, 0x69, 0xFE, 0x69, 0xFE, 0x69, 0xFE, 0x69, 0xFE, 0x69, 0xFE, 0x69, 0xFE,
    0x69, 0xFE, 0x69, 0xFE, 0x69, 0xFE, 0x69, 0xFE, 0x69, 0xFE, 0x69, 0xFE, 0x69, 0xFE, 0x69, 0xFE, 0x69, 0xFE, 0x69,
    0xFE, 0x69, 0xFE, 0x69, 0xFE, 0x69, 0xFE, 0x69, 0xFE, 0x69, 0xFE, 0x69, 0xFE, 0x69, 0xFE, 0x69, 0xFE, 0x69, 0xFE,
    0x69, 0xFE, 0x69, 0xFE, 0x69, 0xFE, 0x69, 0xFE, 0x69, 0xFE, 0x69, 0xFE, 0x69, 0xFE, 0x69, 0xFE, 0x69, 0xFE, 0x69,
    0xFE, 0x69, 0xFE, 0x69, 0xFE, 0x69, 0xFE, 0x69, 0xFE, 0x69, 0xFE, 0x69, 0xFE, 0x69, 0xFE, 0x69, 0xFE, 0x69, 0xFE,
    0x69, 0xFE, 0x69, 0xFE, 0x69, 0xFE, 0x69, 0xFE, 0x69, 0xFE, 0x69, 0xFE, 0x69, 0xFE, 0x69, 0xFE, 0x69, 0xFE, 0x69,
    0xFE, 0x69, 0xFE, 0x69, 0xFE, 0x69, 0xFE, 0x69, 0xFE, 0x69, 0xFE, 0x69, 0xFE, 0x69, 0xFE, 0x69, 0xFE, 0x69, 0xFE,
    0x69, 0xFE, 0x69, 0xFE, 0x69, 0xFE, 0x69, 0xFE, 0x69, 0xFE, 0x69, 0xFE, 0x69, 0xFE, 0x69, 0xFE, 0x69, 0xFE, 0x69,
    0xFE, 0x69, 0xFE, 0x69, 0xFE, 0x69, 0xFE, 0x69, 0xFE, 0x69, 0xFE, 0x69, 0xFE, 0x69, 0xFE, 0x69, 0xFE, 0x69, 0xFE,
    0x69, 0xFE, 0x69, 0xFE, 0x69, 0xFE, 0x69, 0xFE, 0x69, 0xFE, 0x69, 0xFE, 0x69, 0xFE, 0x69, 0xFE, 0x69, 0xFE, 0x69,
    0xFE, 0x69, 0xFE, 0x69, 0xFE, 0x69, 0xFE, 0x69, 0xFE, 0x69, 0xFE, 0x69, 0xFE, 0x69, 0xFE, 0x69, 0xFE, 0x69, 0xFE,
    0x69, 0xFE, 0x69, 0xFE, 0x69, 0xFE, 0x69, 0xFE, 0x69, 0xFE, 0x69, 0xFE, 0x69, 0xFE, 0x69, 0xFE, 0x69, 0xFE, 0x69,
    0xFE, 0x69, 0xFE, 0x69, 0xFE, 0x69, 0xFE, 0x69, 0xFE, 0x69, 0xFE, 0x69, 0xFE, 0x69, 0xFE, 0x69, 0xFE, 0x69, 0xFE,
    0x69, 0xFE, 0x69, 0xFE, 0x69, 0xFE, 0x69, 0xFE, 0x69, 0xFE, 0x69, 0xFE, 0x69, 0xFE, 0x69, 0xFE, 0x69, 0xFE, 0x69,
    0xFE, 0x69, 0xFE, 0x69, 0xFE, 0x69, 0xFE, 0x69, 0xFE, 0x69, 0xFE, 0x69, 0xFE, 0x69, 0xFE, 0x69, 0xFE, 0x69, 0xFE,
    0x69, 0xFE, 0x69, 0xFE, 0x69, 0xFE, 0x69, 0xFE, 0x69, 0xFE, 0x69, 0xFE, 0x69, 0xFE, 0x69, 0xFE, 0x69, 0xFE, 0x69,
    0xFE, 0x69, 0xFE, 0x69, 0xFE, 0x69, 0xFE, 0x69, 0xFE, 0x69, 0xFE, 0x69, 0xFE, 0x69, 0xFE, 0x69, 0xFE, 0x69, 0xFE,
    0x69, 0xFE, 0x69, 0xFE, 0x69, 0xFE, 0x69, 0xFE, 0x69, 0xFE, 0x69, 0xFE, 0x69, 0xFE, 0x69, 0xFE, 0x69, 0xFE, 0x69,
    0xFE, 0x69, 0xFE, 0x69, 0xFE, 0x69, 0xFE, 0x69, 0xFE, 0x69, 0xFE, 0x69, 0xFE, 0x69, 0xFE, 0x69, 0xFE, 0x69, 0xFE,
    0x69, 0xFE, 0x69, 0xFE, 0x69, 0xFE, 0x69, 0xFE, 0x69, 0xFE, 0x69, 0xFE, 0x69, 0xFE, 0x69, 0xFE, 0x69, 0xFE, 0x69,
    0xFE, 0x69, 0xFE, 0x69, 0xFE, 0x69, 0xFE, 0x69, 0xFE, 0x69, 0xFE, 0x69, 0xFE, 0x69, 0xFE, 0x69, 0xFE, 0x69, 0xFE,
    0x69, 0xFE, 0x69, 0xFE, 0x69, 0xFE, 0x69, 0xFE, 0x69, 0xFE, 0x69, 0xFE, 0x69, 0xFE, 0x69, 0xFE, 0x69, 0xFE, 0x69,
    0xFE, 0x69, 0xFE, 0x69, 0xFE, 0x69, 0xFE, 0x69, 0xFE, 0x69, 0xFE, 0x69, 0xFE, 0x69, 0xFE, 0x69, 0xFE, 0x69, 0xFE,
    0x69, 0xFE, 0x69, 0xFE, 0x69, 0xFE, 0x69, 0xFE, 0x69, 0xFE, 0x69, 0xFE, 0x69, 0xFE, 0x69, 0xFE, 0x69, 0xFE, 0x69,
    0xFE, 0x69, 0xFE, 0x69, 0xFE, 0x69, 0xFE, 0x69, 0xFE, 0x69, 0xFE, 0x69, 0xFE, 0x69, 0xFE, 0x69, 0xFE, 0x69, 0xFE,
    0x69, 0xFE, 0x69, 0xFE, 0x69, 0xFE, 0x69, 0xFE, 0x69, 0xFE, 0x69, 0xFE, 0x69, 0xFE, 0x69, 0xFE, 0x69, 0xFE, 0x69,
    0xFE, 0x69, 0xFE, 0x69, 0xFE, 0x69, 0xFE, 0x69, 0xFE, 0x69, 0xFE, 0x69, 0xFE, 0x69, 0xFE, 0x69, 0xFE, 0x69, 0xFE,
    0x69, 0xFE, 0x69, 0xFE, 0x69, 0xFE, 0x69, 0xFE, 0x69, 0xFE, 0x69, 0xFE, 0x69, 0xFE, 0x69, 0xFE, 0x69, 0xFE, 0x69,
    0xFE, 0x69, 0xFE, 0x69, 0xFE, 0x69, 0xFE, 0x69, 0xFE, 0x69, 0xFE, 0x69, 0xFE, 0x69, 0xFE, 0x69, 0xFE, 0x69, 0xFE,
    0x69, 0xFE, 0x69, 0xFE, 0x69, 0xFE, 0x69, 0xFE, 0x69, 0xFE, 0x69, 0xFE, 0x69, 0xFE, 0x69, 0xFE, 0x69, 0xFE, 0x69,
    0xFE, 0x69, 0xFE, 0x69, 0xFE, 0x69, 0xFE, 0x69, 0xFE, 0x69, 0xFE, 0x69, 0xFE, 0x69, 0xFE, 0x69, 0xFE, 0x69, 0xFE,
    0x69, 0xFE, 0x69, 0xFE, 0x69, 0xFE, 0x69, 0xFE, 0x69, 0xFE, 0x69, 0xFE, 0x69, 0xFE, 0x69, 0xFE, 0x69, 0xFE, 0x69,
    0xFE, 0x69, 0xFE, 0x69, 0xFE, 0x69, 0xFE, 0x69, 0xFE, 0x69, 0xFE, 0x69, 0xFE, 0x69, 0xFE, 0x69, 0xFE, 0x69, 0xFE,
    0x69, 0xFE, 0x69, 0xFE, 0x69, 0xFE, 0x69, 0xFE, 0x69, 0xFE, 0x69, 0xFE, 0x69, 0xFE, 0x69, 0xFE, 0x69, 0xFE, 0x69,
    0xFE, 0x69, 0xFE, 0x69, 0xFE, 0x69, 0xFE, 0x69, 0xFE, 0x69, 0xFE, 0x69, 0xFE, 0x69, 0xFE, 0x69, 0xFE, 0x69, 0xFE,
    0x69, 0xFE, 0x69, 0xFE, 0x69, 0xFE, 0x69, 0xFE, 0x69, 0xFE, 0x69, 0xFE, 0x69, 0xFE, 0x69, 0xFE, 0x69, 0xFE, 0x69,
    0xFE, 0x69, 0xFE, 0x69, 0xFE, 0x69, 0xFE, 0x69, 0xFE, 0x69, 0xFE, 0x69, 0xFE, 0x69, 0xFE, 0x69, 0xFE, 0x69, 0xFE,
    0x69, 0xFE, 0x69, 0xFE, 0x69, 0xFE, 0x69, 0xFE, 0x69, 0xFE, 0x69, 0xFE, 0x69, 0xFE, 0x69, 0xFE, 0x69, 0xFE, 0x69,
    0xFE, 0x69, 0xFE, 0x69, 0xFE, 0x69, 0xFE, 0x69, 0xFE, 0x69, 0xFE, 0x69, 0xFE, 0x69, 0xFE, 0x69, 0xFE, 0x69, 0xFE,
    0x69, 0xFE, 0x69, 0xFE, 0x69, 0xFE, 0x69, 0xFE, 0x69, 0xFE, 0x69, 0xFE, 0x69, 0xFE, 0x69, 0xFE, 0x69, 0xFE, 0x69,
    0xFE, 0x69, 0xFE, 0x69, 0xFE, 0x69, 0xFE, 0x69, 0xFE, 0x69, 0xFE, 0x69, 0xFE, 0x69, 0xFE, 0x69, 0xFE, 0x69, 0xFE,
    0x69, 0xFE, 0x69, 0xFE, 0x69, 0xFE, 0x69, 0xFE, 0x69, 0xFE, 0x69, 0xFE, 0x69, 0xFE, 0x69, 0xFE, 0x69, 0xFE, 0x69,
    0xFE, 0x69, 0xFE, 0x69, 0xFE, 0x69, 0xFE, 0x69, 0xFE, 0x69, 0xFE, 0x69, 0xFE, 0x69, 0xFE, 0x69, 0xFE, 0x69, 0xFE,
    0x69, 0xFE, 0x69, 0xFE, 0x69, 0xFE, 0x69, 0xFE, 0x69, 0xFE, 0x69, 0xFE, 0x69, 0xFE, 0x69, 0xFE, 0x69, 0xFE, 0x69,
    0xFE, 0x69, 0xFE, 0x69, 0xFE, 0x69, 0xFE, 0x69, 0xFE, 0x69, 0xFE, 0x69, 0xFE, 0x69, 0xFE, 0x69, 0xFE, 0x69, 0xFE,
    0x69, 0xFE, 0x69, 0xFE, 0x69, 0xFE, 0x69, 0xFE, 0x69, 0xFE, 0x69, 0xFE, 0x69, 0xFE, 0x69, 0xFE, 0x69, 0xFE, 0x69,
    0xFE, 0x69, 0xFE, 0x69, 0xFE, 0x69, 0xFE, 0x69, 0xFE, 0x69, 0xFE, 0x69, 0xFE, 0x69, 0xFE, 0x69, 0xFE, 0x69, 0xFE,
    0x69, 0xFE, 0x69, 0xFE, 0x69, 0xFE, 0x69, 0xFE, 0x69, 0xFE, 0x69, 0xFE, 0x69, 0xFE, 0x69, 0xFE, 0x69, 0xFE, 0x69,
    0xFE, 0x69, 0xFE, 0x69, 0xFE, 0x69, 0xFE, 0x69, 0xFE, 0x69, 0xFE, 0x69, 0xFE, 0x69, 0xFE, 0x69, 0xFE, 0x69, 0xFE,
    0x69, 0xFE, 0x69, 0xFE, 0x69, 0xFE, 0x69, 0xFE, 0x69, 0xFE, 0x69, 0xFE, 0x69, 0xFE, 0x69, 0xFE, 0x69, 0xFE, 0x69,
    0xFE, 0x69, 0xFE, 0x69, 0xFE, 0x69, 0xFE, 0x69, 0xFE, 0x69, 0xFE, 0x69, 0xFE, 0x69, 0xFE, 0x69, 0xFE, 0x69, 0xFE,
    0x69, 0xFE, 0x69, 0xFE, 0x69, 0xFE, 0x69, 0xFE, 0x69, 0xFE, 0x69, 0xFE, 0x69, 0xFE, 0x69, 0xFE, 0x69, 0xFE, 0x69,
    0xFE, 0x69, 0xFE, 0x69, 0xFE, 0x69, 0xFE, 0x69, 0xFE, 0x69, 0xFE, 0x69, 0xFE, 0x69, 0xFE, 0x69, 0xFE, 0x69, 0xFE,
    0x69, 0xFE, 0x69, 0xFE, 0x69, 0xFE, 0x69, 0xFE, 0x69, 0xFE, 0x69, 0xFE, 0x69, 0xFE, 0x69, 0xFE, 0x69, 0xFE, 0x69,
    0xFE, 0x69, 0xFE, 0x69, 0xFE, 0x69, 0xFE, 0x69, 0xFE, 0x69, 0xFE, 0x69, 0xFE, 0x69, 0xFE, 0x69, 0xFE, 0x69, 0xFE,
    0x69, 0xFE, 0x69, 0xFE, 0x69, 0xFE, 0x69, 0xFE, 0x69, 0xFE, 0x69, 0xFE, 0x69, 0xFE, 0x69, 0xFE, 0x69, 0xFE, 0x69,
    0xFE, 0x69, 0xFE, 0x69, 0xFE, 0x69, 0xFE, 0x69, 0xFE, 0x69, 0xFE, 0x69, 0xFE, 0x69, 0xFE, 0x69, 0xFE, 0x69, 0xFE,
    0x69, 0xFE, 0x69, 0xFE, 0x69, 0xFE, 0x69, 0xFE, 0x69, 0xFE, 0x69, 0xFE, 0x69, 0xFE, 0x69, 0xFE, 0x69, 0xFE, 0x69,
    0xFE, 0x69, 0xFE, 0x69, 0xFE, 0x69, 0xFE, 0x69, 0xFE, 0x69, 0xFE, 0x69, 0xFE, 0x69, 0xFE, 0x69, 0xFE, 0x69, 0xFE,
    0x69, 0xFE, 0x69, 0xFE, 0x69, 0xFE, 0x69, 0xFE, 0x69, 0xFE, 0x69, 0xFE, 0x69, 0xFE, 0x69, 0xFE, 0x69, 0xFE, 0x69,
    0xFE, 0x69, 0xFE, 0x69, 0xFE, 0x69, 0xFE, 0x69, 0xFE, 0x69, 0xFE, 0x69, 0xFE, 0x69, 0xFE, 0x69, 0xFE, 0x69, 0xFE,
    0x69, 0xFE, 0x69, 0xFE, 0x69, 0xFE, 0x69, 0xFE, 0x69, 0xFE, 0x69, 0xFE, 0x69, 0xFE, 0x69, 0xFE, 0x69, 0xFE, 0x69,
    0xFE, 0x69, 0xFE, 0x69, 0xFE, 0x69, 0xFE, 0x69, 0xFE, 0x69, 0xFE, 0x69, 0xFE, 0x69, 0xFE, 0x69, 0xFE, 0x69, 0xFE,
    0x69, 0xFE, 0x69, 0xFE, 0x69, 0xFE, 0x69, 0xFE, 0x69, 0xFE, 0x69, 0xFE, 0x69, 0xFE, 0x69, 0xFE, 0x69, 0xFE, 0x69,
    0xFE, 0x69, 0xFE, 0x69, 0xFE, 0x69, 0xFE, 0x69, 0xFE, 0x69, 0xFE, 0x69, 0xFE, 0x69, 0xFE, 0x69, 0xFE, 0x69, 0xFE,
    0x69, 0xFE, 0x69, 0xFE, 0x69, 0xFE, 0x69, 0xFE, 0x69, 0xFE, 0x69, 0xFE, 0x69, 0xFE, 0x69, 0xFE, 0x69, 0xFE, 0x69,
    0xFE, 0x69, 0xFE, 0x69, 0xFE, 0x69, 0xFE, 0x69, 0xFE, 0x69, 0xFE, 0x69, 0xFE, 0x69, 0xFE, 0x69, 0xFE, 0x69, 0xFE,
    0x69, 0xFE, 0x69, 0xFE, 0x69, 0xFE, 0x69, 0xFE, 0x69, 0xFE, 0x69, 0xFE, 0x69, 0xFE, 0x69, 0xFE, 0x69, 0xFE, 0x69,
    0xFE, 0x69, 0xFE, 0x69, 0xFE, 0x69, 0xFE, 0x69, 0xFE, 0x69, 0xFE, 0x69, 0xFE, 0x69, 0xFE, 0x69, 0xFE, 0x69, 0xFE,
    0x69, 0xFE, 0x69, 0xFE, 0x69, 0xFE, 0x69, 0xFE, 0x69, 0xFE, 0x69, 0xFE, 0x69, 0xFE, 0x69, 0xFE, 0x69, 0xFE, 0x69,
    0xFE, 0x69, 0xFE, 0x69, 0xFE, 0x69, 0xFE, 0x69, 0xFE, 0x69, 0xFE, 0x69, 0xFE, 0x69, 0xFE, 0x69, 0xFE, 0x69, 0xFE,
    0x69, 0xFE, 0x69, 0xFE, 0x69, 0xFE, 0x69, 0xFE, 0x69, 0xFE, 0x69, 0xFE, 0x69, 0xFE, 0x69, 0xFE, 0x69, 0xFE, 0x69,
    0xFE, 0x69, 0xFE, 0x69, 0xFE, 0x69, 0xFE, 0x69, 0xFE, 0x69, 0xFE, 0x69, 0xFE, 0x69, 0xFE, 0x69, 0xFE, 0x69, 0xFE,
    0x69, 0xFE, 0x69, 0xFE, 0x69, 0xFE, 0x69, 0xFE, 0x69, 0xFE, 0x69, 0xFE, 0x69, 0xFE, 0x69, 0xFE, 0x69, 0xFE, 0x69,
    0xFE, 0x69, 0xFE, 0x69, 0xFE, 0x69, 0xFE, 0x69, 0xFE, 0x69, 0xFE, 0x69, 0xFE, 0x69, 0xFE, 0x69, 0xFE, 0x69, 0xFE,
    0x69, 0xFE, 0x69, 0xFE, 0x69, 0xFE, 0x69, 0xFE, 0x69, 0xFE, 0x69, 0xFE, 0x69, 0xFE, 0x69, 0xFE, 0x69, 0xFE, 0x69,
    0xFE, 0x69, 0xFE, 0x69, 0xFE, 0x69, 0xFE, 0x69, 0xFE, 0x69, 0xFE, 0x69, 0xFE, 0x69, 0xFE, 0x69, 0xFE, 0x69, 0xFE,
    0x69, 0xFE, 0x69, 0xFE, 0x69, 0xFE, 0x69, 0xFE, 0x69, 0xFE, 0x69, 0xFE, 0x69, 0xFE, 0x69, 0xFE, 0x69, 0xFE, 0x69,
    0xFE, 0x69, 0xFE, 0x69, 0xFE, 0x69, 0xFE, 0x69, 0xFE, 0x69, 0xFE, 0x69, 0xFE, 0x69, 0xFE, 0x69, 0xFE, 0x69, 0xFE,
    0x69, 0xFE, 0x69, 0xFE, 0x69, 0xFE, 0x69, 0xFE, 0x69, 0xFE, 0x69, 0xFE, 0x69, 0xFE, 0x69, 0xFE, 0x69, 0xFE, 0x69,
    0xFE, 0x69, 0xFE, 0x69, 0xFE, 0x69, 0xFE, 0x69, 0xFE, 0x69, 0xFE, 0x69, 0xFE, 0x69, 0xFE, 0x69, 0xFE, 0x69, 0xFE,
    0x69, 0xFE, 0x69, 0xFE, 0x69, 0xFE, 0x69, 0xFE, 0x69, 0xFE, 0x69, 0xFE, 0x69, 0xFE, 0x69, 0xFE, 0x69, 0xFE, 0x69,
    0xFE, 0x69, 0xFE, 0x69, 0xFE, 0x69, 0xFE, 0x69, 0xFE, 0x69, 0xFE, 0x69, 0xFE, 0x69, 0xFE, 0x69, 0xFE, 0x69, 0xFE,
    0x69, 0xFE, 0x69, 0xFE, 0x69, 0xFE, 0x69, 0xFE, 0x69, 0xFE, 0x69, 0xFE, 0x69, 0xFE, 0x69, 0xFE, 0x69, 0xFE, 0x69,
    0xFE, 0x69, 0xFE, 0x69, 0xFE, 0x69, 0xFE, 0x69, 0xFE, 0x69, 0xFE, 0x69, 0xFE, 0x69, 0xFE, 0x69, 0xFE, 0x69, 0xFE,
    0x69, 0xFE, 0x69, 0xFE, 0x69, 0xFE, 0x69, 0xFE, 0x69, 0xFE, 0x69, 0xFE, 0x69, 0xFE, 0x69, 0xFE, 0x69, 0xFE, 0x69,
    0xFE, 0x69, 0xFE, 0x69, 0xFE, 0x69, 0xFE, 0x69, 0xFE, 0x69, 0xFE, 0x69, 0xFE, 0x69, 0xFE, 0x69, 0xFE, 0x69, 0xFE,
    0x69, 0xFE, 0x69, 0xFE, 0x69, 0xFE, 0x69, 0xFE, 0x69, 0xFE, 0x69, 0xFE, 0x69, 0xFE, 0x69, 0xFE, 0x69, 0xFE, 0x69,
    0xFE, 0x69, 0xFE, 0x69, 0xFE, 0x69, 0xFE, 0x69, 0xFE, 0x69, 0xFE, 0x69, 0xFE, 0x69, 0xFE, 0x69, 0xFE, 0x69, 0xFE,
    0x69, 0xFE, 0x69, 0xFE, 0x69, 0xFE, 0x69, 0xFE, 0x69, 0xFE, 0x69, 0xFE, 0x69, 0xFE, 0x69, 0xFE, 0x69, 0xFE, 0x69,
    0xFE, 0x69, 0xFE, 0x69, 0xFE, 0x69, 0xFE, 0x69, 0xFE, 0x69, 0xFE, 0x69, 0xFE, 0x69, 0xFE, 0x69, 0xFE, 0x69, 0xFE,
    0x69, 0xFE, 0x69, 0xFE, 0x69, 0xFE, 0x69, 0xFE, 0x69, 0xFE, 0x69, 0xFE, 0x69, 0xFE, 0x69, 0xFE, 0x69, 0xFE, 0x69,
    0xFE, 0x69, 0xFE, 0x69, 0xFE, 0x69, 0xFE, 0x69, 0xFE, 0x69, 0xFE, 0x69, 0xFE, 0x69, 0xFE, 0x69, 0xFE, 0x69, 0xFE,
    0x69, 0xFE, 0x69, 0xFE, 0x69, 0xFE, 0x69, 0xFE, 0x69, 0xFE, 0x69, 0xFE, 0x69, 0xFE, 0x69, 0xFE, 0x69, 0xFE, 0x69,
    0xFE, 0x69, 0xFE, 0x69, 0xFE, 0x69, 0xFE, 0x69, 0xFE, 0x69, 0xFE, 0x69, 0xFE, 0x69, 0xFE, 0x69, 0xFE, 0x69, 0xFE,
    0x69, 0xFE, 0x69, 0xFE, 0x69, 0xFE, 0x69, 0xFE, 0x69, 0xFE, 0x69, 0xFE, 0x69, 0xFE, 0x69, 0xFE, 0x69, 0xFE, 0x69,
    0xFE, 0x69, 0xFE, 0x69, 0xFE, 0x69, 0xFE, 0x69, 0xFE, 0x69, 0xFE, 0x69, 0xFE, 0x69, 0xFE, 0x69, 0xFE, 0x69, 0xFE,
    0x69, 0xFE, 0x69, 0xFE, 0x69, 0xFE, 0x69, 0xFE, 0x69, 0xFE, 0x69, 0xFE, 0x69, 0xFE, 0x69, 0xFE, 0x69, 0xFE, 0x69,
    0xFE, 0x69, 0xFE, 0x69, 0xFE, 0x69, 0xFE, 0x69, 0xFE, 0x69, 0xFE, 0x69, 0xFE, 0x69, 0xFE, 0x69, 0xFE, 0x69, 0xFE,
    0x69, 0xFE, 0x69, 0xFE, 0x69, 0xFE, 0x69, 0xFE, 0x69, 0xFE, 0x69, 0xFE, 0x69, 0xFE, 0x69, 0xFE, 0x69, 0xFE, 0x69,
    0xFE, 0x69, 0xFE, 0x69, 0xFE, 0x69, 0xFE, 0x69, 0xFE, 0x69, 0xFE, 0x69, 0xFE, 0x69, 0xFE, 0x69, 0xFE, 0x69, 0xFE,
    0x69, 0xFE, 0x69, 0xFE, 0x69, 0xFE, 0x69, 0xFE, 0x69, 0xFE, 0x69, 0xFE, 0x69, 0xFE, 0x69, 0xFE, 0x69, 0xFE, 0x69,
    0xFE, 0x69, 0xFE, 0x69, 0xFE, 0x69, 0xFE, 0x69, 0xFE, 0x69, 0xFE, 0x69, 0xFE, 0x69, 0xFE, 0x69, 0xFE, 0x69, 0xFE,
    0x69, 0xFE, 0x69, 0xFE, 0x69, 0xFE, 0x69, 0xFE, 0x69, 0xFE, 0x69, 0xFE, 0x69, 0xFE, 0x69, 0xFE, 0x69, 0xFE, 0x69,
    0xFE, 0x69, 0xFE, 0x69, 0xFE, 0x69, 0xFE, 0x69, 0xFE, 0x69, 0xFE, 0x69, 0xFE, 0x69, 0xFE, 0x69, 0xFE, 0x69, 0xFE,
    0x69, 0xFE, 0x69, 0xFE, 0x69, 0xFE, 0x69, 0xFE, 0x69, 0xFE, 0x69, 0xFE, 0x69, 0xFE, 0x69, 0xFE, 0x69, 0xFE, 0x69,
    0xFE, 0x69, 0xFE, 0x69, 0xFE, 0x69, 0xFE, 0x69, 0xFE, 0x69, 0xFE, 0x69, 0xFE, 0x69, 0xFE, 0x69, 0xFE, 0x69, 0xFE,
    0x69, 0xFE, 0x69, 0xFE, 0x69, 0xFE, 0x69, 0xFE, 0x69, 0xFE, 0x69, 0xFE, 0x69, 0xFE, 0x69, 0xFE, 0x69, 0xFE, 0x69,
    0xFE, 0x69, 0xFE, 0x69, 0xFE, 0x69, 0xFE, 0x69, 0xFE, 0x69, 0xFE, 0x69, 0xFE, 0x69, 0xFE, 0x69, 0xFE, 0x69, 0xFE,
    0x69, 0xFE, 0x69, 0xFE, 0x69, 0xFE, 0x69, 0xFE, 0x69, 0xFE, 0x69, 0xFE, 0x69, 0xFE, 0x69, 0xFE, 0x69, 0xFE, 0x69,
    0xFE, 0x69, 0xFE, 0x69, 0xFE, 0x69, 0xFE, 0x69, 0xFE, 0x69, 0xFE, 0x69, 0xFE, 0x69, 0xFE, 0x69, 0xFE, 0x69, 0xFE,
    0x69, 0xFE, 0x69, 0xFE, 0x69, 0xFE, 0x69, 0xFE, 0x69, 0xFE, 0x69, 0xFE, 0x69, 0xFE, 0x69, 0xFE, 0x69, 0xFE, 0x69,
    0xFE, 0x69, 0xFE, 0x69, 0xFE, 0x69, 0xFE, 0x69, 0xFE, 0x69, 0xFE, 0x69, 0xFE, 0x69, 0xFE, 0x69, 0xFE, 0x69, 0xFE,
    0x69, 0xFE, 0x69, 0xFE, 0x69, 0xFE, 0x69, 0xFE, 0x69, 0xFE, 0x69, 0xFE, 0x69, 0xFE, 0x69, 0xFE, 0x69, 0xFE, 0x69,
    0xFE, 0x69, 0xFE, 0x69, 0xFE, 0x69, 0xFE, 0x69, 0xFE, 0x69, 0xFE, 0x69, 0xFE, 0x69, 0xFE, 0x69, 0xFE, 0x69, 0xFE,
    0x69, 0xFE, 0x69, 0xFE, 0x69, 0xFE, 0x69, 0xFE, 0x69, 0xFE, 0x69, 0xFE, 0x69, 0xFE, 0x69, 0xFE, 0x69, 0xFE, 0x69,
    0xFE, 0x69, 0xFE, 0x69, 0xFE, 0x69, 0xFE, 0x69, 0xFE, 0x69, 0xFE, 0x69, 0xFE, 0x69, 0xFE, 0x69, 0xFE, 0x69, 0xFE,
    0x69, 0xFE, 0x69, 0xFE, 0x69, 0xFE, 0x69, 0xFE, 0x69, 0xFE, 0x69, 0xFE, 0x69, 0xFE, 0x69, 0xFE, 0x69, 0xFE, 0x69,
    0xFE, 0x69, 0xFE, 0x69, 0xFE, 0x69, 0xFE, 0x69, 0xFE, 0x69, 0xFE, 0x69, 0xFE, 0x69, 0xFE, 0x69, 0xFE, 0x69, 0xFE,
    0x69, 0xFE, 0x69, 0xFE, 0x69, 0xFE, 0x69, 0xFE, 0x69, 0xFE, 0x69, 0xFE, 0x69, 0xFE, 0x69, 0xFE, 0x69, 0xFE, 0x69,
    0xFE, 0x69, 0xFE, 0x69, 0xFE, 0x69, 0xFE, 0x69, 0xFE, 0x69, 0xFE, 0x69, 0xFE, 0x69, 0xFE, 0x69, 0xFE, 0x69, 0xFE,
    0x69, 0xFE, 0x69, 0xFE, 0x69, 0xFE, 0x69, 0xFE, 0x69, 0xFE, 0x69, 0xFE, 0x69, 0xFE, 0x69, 0xFE, 0x69, 0xFE, 0x69,
    0xFE, 0x69, 0xFE, 0x69, 0xFE, 0x69, 0xFE, 0x69, 0xFE, 0x69, 0xFE, 0x69, 0xFE, 0x69, 0xFE, 0x69, 0xFE, 0x69, 0xFE,
    0x69, 0xFE, 0x69, 0xFE, 0x69, 0xFE, 0x69, 0xFE, 0x69, 0xFE, 0x69, 0xFE, 0x69, 0xFE, 0x69, 0xFE, 0x69, 0xFE, 0x69,
    0xFE, 0x69, 0xFE, 0x69, 0xFE, 0x69, 0xFE, 0x69, 0xFE, 0x69, 0xFE, 0x69, 0xFE, 0x69, 0xFE, 0x69, 0xFE, 0x69, 0xFE,
    0x69, 0xFE, 0x69, 0xFE, 0x69, 0xFE, 0x69, 0xFE, 0x69, 0xFE, 0x69, 0xFE, 0x69, 0xFE, 0x69, 0xFE, 0x69, 0xFE, 0x69,
    0xFE, 0x69, 0xFE, 0x69, 0xFE, 0x69, 0xFE, 0x69, 0xFE, 0x69, 0xFE, 0x69, 0xFE, 0x69, 0xFE, 0x69, 0xFE, 0x69, 0xFE,
    0x69, 0xFE, 0x69, 0xFE, 0x69, 0xFE, 0x69, 0xFE, 0x69, 0xFE, 0x69, 0xFE, 0x69, 0xFE, 0x69, 0xFE, 0x69, 0xFE, 0x69,
    0xFE, 0x69, 0xFE, 0x69, 0xFE, 0x69, 0xFE, 0x69, 0xFE, 0x69, 0xFE, 0x69, 0xFE, 0x69, 0xFE, 0x69, 0xFE, 0x69, 0xFE,
    0x69, 0xFE, 0x69, 0xFE, 0x69, 0xFE, 0x69, 0xFE, 0x69, 0xFE, 0x69, 0xFE, 0x69, 0xFE, 0x69, 0xFE, 0x69, 0xFE, 0x69,
    0xFE, 0x69, 0xFE, 0x69, 0xFE, 0x69, 0xFE, 0x69, 0xFE, 0x69, 0xFE, 0x69, 0xFE, 0x69, 0xFE, 0x69, 0xFE, 0x69, 0xFE,
    0x69, 0xFE, 0x69, 0xFE, 0x69, 0xFE, 0x69, 0xFE, 0x69, 0xFE, 0x69, 0xFE, 0x69, 0xFE, 0x69, 0xFE, 0x69, 0xFE, 0x69,
    0xFE, 0x69, 0xFE, 0x69, 0xFE, 0x69, 0xFE, 0x69, 0xFE, 0x69, 0xFE, 0x69, 0xFE, 0x69, 0xFE, 0x69, 0xFE, 0x69, 0xFE,
    0x69, 0xFE, 0x69, 0xFE, 0x69, 0xFE, 0x69, 0xFE, 0x69, 0xFE, 0x69, 0xFE, 0x69, 0xFE, 0x69, 0xFE, 0x69, 0xFE, 0x69,
    0xFE, 0x69, 0xFE, 0x69, 0xFE, 0x69, 0xFE, 0x69, 0xFE, 0x69, 0xFE, 0x69, 0xFE, 0x69, 0xFE, 0x69, 0xFE, 0x69, 0xFE,
    0x69, 0xFE, 0x69, 0xFE, 0x69, 0xFE, 0x69, 0xFE, 0x69, 0xFE, 0x69, 0xFE, 0x69, 0xFE, 0x69, 0xFE, 0x69, 0xFE, 0x69,
    0xFE, 0x69, 0xFE, 0x69, 0xFE, 0x69, 0xFE, 0x69, 0xFE, 0x69, 0xFE, 0x69, 0xFE, 0x69, 0xFE, 0x69, 0xFE, 0x69, 0xFE,
    0x69, 0xFE, 0x69, 0xFE, 0x69, 0xFE, 0x69, 0xFE, 0x69, 0xFE, 0x69, 0xFE, 0x69, 0xFE, 0x69, 0xFE, 0x69, 0xFE, 0x69,
    0xFE, 0x69, 0xFE, 0x69, 0xFE, 0x69, 0xFE, 0x69, 0xFE, 0x69, 0xFE, 0x69, 0xFE, 0x69, 0xFE, 0x69, 0xFE, 0x69, 0xFE,
    0x69, 0xFE, 0x69, 0xFE, 0x69, 0xFE, 0x69, 0xFE, 0x69, 0xFE, 0x69, 0xFE, 0x69, 0xFE, 0x69, 0xFE, 0x69, 0xFE, 0x69,
    0xFE, 0x69, 0xFE, 0x69, 0xFE, 0x69, 0xFE, 0x69, 0xFE, 0x69, 0xFE, 0x69, 0xFE, 0x69, 0xFE, 0x69, 0xFE, 0x69, 0xFE,
    0x69, 0xFE, 0x69, 0xFE, 0x69, 0xFE, 0x69, 0xFE, 0x69, 0xFE, 0x69, 0xFE, 0x69, 0xFE, 0x69, 0xFE, 0x69, 0xFE, 0x69,
    0xFE, 0x69, 0xFE, 0x69, 0xFE, 0x69, 0xFE, 0x69, 0xFE, 0x69, 0xFE, 0x69, 0xFE, 0x69, 0xFE, 0x69, 0xFE, 0x69, 0xFE,
    0x69, 0xFE, 0x69, 0xFE, 0x69, 0xFE, 0x69, 0xFE, 0x69, 0xFE, 0x69, 0xFE, 0x69, 0xFE, 0x69, 0xFE, 0x69, 0xFE, 0x69,
    0xFE, 0x69, 0xFE, 0x69, 0xFE, 0x69, 0xFE, 0x69, 0xFE, 0x69, 0xFE, 0x69, 0xFE, 0x69, 0xFE, 0x69, 0xFE, 0x69, 0xFE,
    0x69, 0xFE, 0x69, 0xFE, 0x69, 0xFE, 0x69, 0xFE, 0x69, 0xFE, 0x69, 0xFE, 0x69, 0xFE, 0x69, 0xFE, 0x69, 0xFE, 0x69,
    0xFE, 0x69, 0xFE, 0x69, 0xFE, 0x69, 0xFE, 0x69, 0xFE, 0x69, 0xFE, 0x69, 0xFE, 0x69, 0xFE, 0x69, 0xFE, 0x69, 0xFE,
    0x69, 0xFE, 0x69, 0xFE, 0x69, 0xFE, 0x69, 0xFE, 0x69, 0xFE, 0x69, 0xFE, 0x69, 0xFE, 0x69, 0xFE, 0x69, 0xFE, 0x69,
    0xFE, 0x69, 0xFE, 0x69, 0xFE, 0x69, 0xFE, 0x69, 0xFE, 0x69, 0xFE, 0x69, 0xFE, 0x69, 0xFE, 0x69, 0xFE, 0x69, 0xFE,
    0x69, 0xFE, 0x69, 0xFE, 0x69, 0xFE, 0x69, 0xFE, 0x69, 0xFE, 0x69, 0xFE, 0x69, 0xFE, 0x69, 0xFE, 0x69, 0xFE, 0x69,
    0xFE, 0x69, 0xFE, 0x69, 0xFE, 0x69, 0xFE, 0x69, 0xFE, 0x69, 0xFE, 0x69, 0xFE, 0x69, 0xFE, 0x69, 0xFE, 0x69, 0xFE,
    0x69, 0xFE, 0x69, 0xFE, 0x69, 0xFE, 0x69, 0xFE, 0x69, 0xFE, 0x69, 0xFE, 0x69, 0xFE, 0x69, 0xFE, 0x69, 0xFE, 0x69,
    0xFE, 0x69, 0xFE, 0x69, 0xFE, 0x69, 0xFE, 0x69, 0xFE, 0x69, 0xFE, 0x69, 0xFE, 0x69, 0xFE, 0x69, 0xFE, 0x69, 0xFE,
    0x69, 0xFE, 0x69, 0xFE, 0x69, 0xFE, 0x69, 0xFE, 0x69, 0xFE, 0x69, 0xFE, 0x69, 0xFE, 0x69, 0xFE, 0x69, 0xFE, 0x69,
    0xFE, 0x69, 0xFE, 0x69, 0xFE, 0x69, 0xFE, 0x69, 0xFE, 0x69, 0xFE, 0x69, 0xFE, 0x69, 0xFE, 0x69, 0xFE, 0x69, 0xFE,
    0x69, 0xFE, 0x69, 0xFE, 0x69, 0xFE, 0x69, 0xFE, 0x69, 0xFE, 0x69, 0xFE, 0x69, 0xFE, 0x69, 0xFE, 0x69, 0xFE, 0x69,
    0xFE, 0x69, 0xFE, 0x69, 0xFE, 0x69, 0xFE, 0x69, 0xFE, 0x69, 0xFE, 0x69, 0xFE, 0x69, 0xFE, 0x69, 0xFE, 0x69, 0xFE,
    0x69, 0xFE, 0x69, 0xFE, 0x69, 0xFE, 0x69, 0xFE, 0x69, 0xFE, 0x69, 0xFE, 0x69, 0xFE, 0x69, 0xFE, 0x69, 0xFE, 0x69,
    0xFE, 0x69, 0xFE, 0x69, 0xFE, 0x69, 0xFE, 0x69, 0xFE, 0x69, 0xFE, 0x69, 0xFE, 0x69, 0xFE, 0x69, 0xFE, 0x69, 0xFE,
    0x69, 0xFE, 0x69, 0xFE, 0x69, 0xFE, 0x69, 0xFE, 0x69, 0xFE, 0x69, 0xFE, 0x69, 0xFE, 0x69, 0xFE, 0x69, 0xFE, 0x69,
    0xFE, 0x69, 0xFE, 0x69, 0xFE, 0x69, 0xFE, 0x69, 0xFE, 0x69, 0xFE, 0x69, 0xFE, 0x69, 0xFE, 0x69, 0xFE, 0x69, 0xFE,
    0x69, 0xFE, 0x69, 0xFE, 0x69, 0xFE, 0x69, 0xFE, 0x69, 0xFE, 0x69, 0xFE, 0x69, 0xFE, 0x69, 0xFE, 0x69, 0xFE, 0x69,
    0xFE, 0x69, 0xFE, 0x69, 0xFE, 0x69, 0xFE, 0x69, 0xFE, 0x69, 0xFE, 0x69, 0xFE, 0x69, 0xFE, 0x69, 0xFE, 0x69, 0xFE,
    0x69, 0xFE, 0x69, 0xFE, 0x69, 0xFE, 0x69, 0xFE, 0x69, 0xFE, 0x69, 0xFE, 0x69, 0xFE, 0x69, 0xFE, 0x69, 0xFE, 0x69,
    0xFE, 0x69, 0xFE, 0x69, 0xFE, 0x69, 0xFE, 0x69, 0xFE, 0x69, 0xFE, 0x69, 0xFE, 0x69, 0xFE, 0x69, 0xFE, 0x69, 0xFE,
    0x69, 0xFE, 0x69, 0xFE, 0x69, 0xFE, 0x69, 0xFE, 0x69, 0xFE, 0x69, 0xFE, 0x69, 0xFE, 0x69, 0xFE, 0x69, 0xFE, 0x69,
    0xFE, 0x69, 0xFE, 0x69, 0xFE, 0x69, 0xFE, 0x69, 0xFE, 0x69, 0xFE, 0x69, 0xFE, 0x69, 0xFE, 0x69, 0xFE, 0x69, 0xFE,
    0x69, 0xFE, 0x69, 0xFE, 0x69, 0xFE, 0x69, 0xFE, 0x69, 0xFE, 0x69, 0xFE, 0x69, 0xFE, 0x69, 0xFE, 0x69, 0xFE, 0x69,
    0xFE, 0x69, 0xFE, 0x69, 0xFE, 0x69, 0xFE, 0x69, 0xFE, 0x69, 0xFE, 0x69, 0xFE, 0x69, 0xFE, 0x69, 0xFE, 0x69, 0xFE,
    0x69, 0xFE, 0x69, 0xFE, 0x69, 0xFE, 0x69, 0xFE, 0x69, 0xFE, 0x69, 0xFE, 0x69, 0xFE, 0x69, 0xFE, 0x69, 0xFE, 0x69,
    0xFE, 0x69, 0xFE, 0x69, 0xFE, 0x69, 0xFE, 0x69, 0xFE, 0x69, 0xFE, 0x69, 0xFE, 0x69, 0xFE, 0x69, 0xFE, 0x69, 0xFE,
    0x69, 0xFE, 0x69, 0xFE, 0x69, 0xFE, 0x69, 0xFE, 0x69, 0xFE, 0x69, 0xFE, 0x69, 0xFE, 0x69, 0xFE, 0x69, 0xFE, 0x69,
    0xFE, 0x69, 0xFE, 0x69, 0xFE, 0x69, 0xFE, 0x69, 0xFE, 0x69, 0xFE, 0x69, 0xFE, 0x69, 0xFE, 0x69, 0xFE, 0x69, 0xFE,
    0x69, 0xFE, 0x69, 0xFE, 0x69, 0xFE, 0x69, 0xFE, 0x69, 0xFE, 0x69, 0xFE, 0x69, 0xFE, 0x69, 0xFE, 0x69, 0xFE, 0x69,
    0xFE, 0x69, 0xFE, 0x69, 0xFE, 0x69, 0xFE, 0x69, 0xFE, 0x69, 0xFE, 0x69, 0xFE, 0x69, 0xFE, 0x69, 0xFE, 0x69, 0xFE,
    0x69, 0xFE, 0x69, 0xFE, 0x69, 0xFE, 0x69, 0xFE, 0x69, 0xFE, 0x69, 0xFE, 0x69, 0xFE, 0x69, 0xFE, 0x69, 0xFE, 0x69,
    0xFE, 0x69, 0xFE, 0x69, 0xFE, 0x69, 0xFE, 0x69, 0xFE, 0x69, 0xFE, 0x69, 0xFE, 0x69, 0xFE, 0x69, 0xFE, 0x69, 0xFE,
    0x69, 0xFE, 0x69, 0xFE, 0x69, 0xFE, 0x69, 0xFE, 0x69, 0xFE, 0x69, 0xFE, 0x69, 0xFE, 0x69, 0xFE, 0x69, 0xFE, 0x69,
    0xFE, 0x69, 0xFE, 0x69, 0xFE, 0x69, 0xFE, 0x69, 0xFE, 0x69, 0xFE, 0x69, 0xFE, 0x69, 0xFE, 0x69, 0xFE, 0x69, 0xFE,
    0x69, 0xFE, 0x69, 0xFE, 0x69, 0xFE, 0x69, 0xFE, 0x69, 0xFE, 0x69, 0xFE, 0x69, 0xFE, 0x69, 0xFE, 0x69, 0xFE, 0x69,
    0xFE, 0x69, 0xFE, 0x69, 0xFE, 0x69, 0xFE, 0x69, 0xFE, 0x69, 0xFE, 0x69, 0xFE, 0x69, 0xFE, 0x69, 0xFE, 0x69, 0xFE,
    0x69, 0xFE, 0x69, 0xFE, 0x69, 0xFE, 0x69, 0xFE, 0x69, 0xFE, 0x69, 0xFE, 0x69, 0xFE, 0x69, 0xFE, 0x69, 0xFE, 0x69,
    0xFE, 0x69, 0xFE, 0x69, 0xFE, 0x69, 0xFE, 0x69, 0xFE, 0x69, 0xFE, 0x69, 0xFE, 0x69, 0xFE, 0x69, 0xFE, 0x69, 0xFE,
    0x69, 0xFE, 0x69, 0xFE, 0x69, 0xFE, 0x69, 0xFE, 0x69, 0xFE, 0x69, 0xFE, 0x69, 0xFE, 0x69, 0xFE, 0x69, 0xFE, 0x69,
    0xFE, 0x69, 0xFE, 0x69, 0xFE, 0x69, 0xFE, 0x69, 0xFE, 0x69, 0xFE, 0x69, 0xFE, 0x69, 0xFE, 0x69, 0xFE, 0x69, 0xFE,
    0x69, 0xFE, 0x69, 0xFE, 0x69, 0xFE, 0x69, 0xFE, 0x69, 0xFE, 0x69, 0xFE, 0x69, 0xFE, 0x69, 0xFE, 0x69, 0xFE, 0x69,
    0xFE, 0x69, 0xFE, 0x69, 0xFE, 0x69, 0xFE, 0x69, 0xFE, 0x69, 0xFE, 0x69, 0xFE, 0x69, 0xFE, 0x69, 0xFE, 0x69, 0xFE,
    0x69, 0xFE, 0x69, 0xFE, 0x69, 0xFE, 0x69, 0xFE, 0x69, 0xFE, 0x69, 0xFE, 0x69, 0xFE, 0x69, 0xFE, 0x69, 0xFE, 0x69,
    0xFE, 0x69, 0xFE, 0x69, 0xFE, 0x69, 0xFE, 0x69, 0xFE, 0x69, 0xFE, 0x69, 0xFE, 0x69, 0xFE, 0x69, 0xFE, 0x69, 0xFE,
    0x69, 0xFE, 0x69, 0xFE, 0x69, 0xFE, 0x69, 0xFE, 0x69, 0xFE, 0x69, 0xFE, 0x69, 0xFE, 0x69, 0xFE, 0x69, 0xFE, 0x69,
    0xFE, 0x69, 0xFE, 0x69, 0xFE, 0x69, 0xFE, 0x69, 0xFE, 0x69, 0xFE, 0x69, 0xFE, 0x69, 0xFE, 0x69, 0xFE, 0x69, 0xFE,
    0x69, 0xFE, 0x69, 0xFE, 0x69, 0xFE, 0x69, 0xFE, 0x69, 0xFE, 0x69, 0xFE, 0x69, 0xFE, 0x69, 0xFE, 0x69, 0xFE, 0x69,
    0xFE, 0x69, 0xFE, 0x69, 0xFE, 0x69, 0xFE, 0x69, 0xFE, 0x69, 0xFE, 0x69, 0xFE, 0x69, 0xFE, 0x69, 0xFE, 0x69, 0xFE,
    0x69, 0xFE, 0x69, 0xFE, 0x69, 0xFE, 0x69, 0xFE, 0x69, 0xFE, 0x69, 0xFE, 0x69, 0xFE, 0x69, 0xFE, 0x69, 0xFE, 0x69,
    0xFE, 0x69, 0xFE, 0x69, 0xFE, 0x69, 0xFE, 0x69, 0xFE, 0x69, 0xFE, 0x69, 0xFE, 0x69, 0xFE, 0x69, 0xFE, 0x69, 0xFE,
    0x69, 0xFE, 0x69, 0xFE, 0x69, 0xFE, 0x69, 0xFE, 0x69, 0xFE, 0x69, 0xFE, 0x69, 0xFE, 0x69, 0xFE, 0x69, 0xFE, 0x69,
    0xFE, 0x69, 0xFE, 0x69, 0xFE, 0x69, 0xFE, 0x69, 0xFE, 0x69, 0xFE, 0x69, 0xFE, 0x69, 0xFE, 0x69, 0xFE, 0x69, 0xFE,
    0x69, 0xFE, 0x69, 0xFE, 0x69, 0xFE, 0x69, 0xFE, 0x69, 0xFE, 0x69, 0xFE, 0x69, 0xFE, 0x69, 0xFE, 0x69, 0xFE, 0x69,
    0xFE, 0x69, 0xFE, 0x69, 0xFE, 0x69, 0xFE, 0x69, 0xFE, 0x69, 0xFE, 0x69, 0xFE, 0x69, 0xFE, 0x69, 0xFE, 0x69, 0xFE,
    0x69, 0xFE, 0x69, 0xFE, 0x69, 0xFE, 0x69, 0xFE, 0x69, 0xFE, 0x69, 0xFE, 0x69, 0xFE, 0x69, 0xFE, 0x69, 0xFE, 0x69,
    0xFE, 0x69, 0xFE, 0x69, 0xFE, 0x69, 0xFE, 0x69, 0xFE, 0x69, 0xFE, 0x69, 0xFE, 0x69, 0xFE, 0x69, 0xFE, 0x69, 0xFE,
    0x69, 0xFE, 0x69, 0xFE, 0x69, 0xFE, 0x69, 0xFE, 0x69, 0xFE, 0x69, 0xFE, 0x69, 0xFE, 0x69, 0xFE, 0x69, 0xFE, 0x69,
    0xFE, 0x69, 0xFE, 0x69, 0xFE, 0x69, 0xFE, 0x69, 0xFE, 0x69, 0xFE, 0x69, 0xFE, 0x69, 0xFE, 0x69, 0xFE, 0x69, 0xFE,
    0x69, 0xFE, 0x69, 0xFE, 0x69, 0xFE, 0x69, 0xFE, 0x69, 0xFE, 0x69, 0xFE, 0x69, 0xFE, 0x69, 0xFE, 0x69, 0xFE, 0x69,
    0xFE, 0x69, 0xFE, 0x69, 0xFE, 0x69, 0xFE, 0x69, 0xFE, 0x69, 0xFE, 0x69, 0xFE, 0x69, 0xFE, 0x69, 0xFE, 0x69, 0xFE,
    0x69, 0xFE, 0x69, 0xFE, 0x69, 0xFE, 0x69, 0xFE, 0x69, 0xFE, 0x69, 0xFE, 0x69, 0xFE, 0x69, 0xFE, 0x69, 0xFE, 0x69,
    0xFE, 0x69, 0xFE, 0x69, 0xFE, 0x69, 0xFE, 0x69, 0xFE, 0x69, 0xFE, 0x69, 0xFE, 0x69, 0xFE, 0x69, 0xFE, 0x69, 0xFE,
    0x69, 0xFE, 0x69, 0xFE, 0x69, 0xFE, 0x69, 0xFE, 0x69, 0xFE, 0x69, 0xFE, 0x69, 0xFE, 0x69, 0xFE, 0x69, 0xFE, 0x69,
    0xFE, 0x69, 0xFE, 0x69, 0xFE, 0x69, 0xFE, 0x69, 0xFE, 0x69, 0xFE, 0x69, 0xFE, 0x69, 0xFE, 0x69, 0xFE, 0x69, 0xFE,
    0x69, 0xFE, 0x69, 0xFE, 0x69, 0xFE, 0x69, 0xFE, 0x69, 0xFE, 0x69, 0xFE, 0x69, 0xFE, 0x69, 0xFE, 0x69, 0xFE, 0x69,
    0xFE, 0x69, 0xFE, 0x69, 0xFE, 0x69, 0xFE, 0x69, 0xFE, 0x69, 0xFE, 0x69, 0xFE, 0x69, 0xFE, 0x69, 0xFE, 0x69, 0xFE,
    0x69, 0xFE, 0x69, 0xFE, 0x69, 0xFE, 0x69, 0xFE, 0x69, 0xFE, 0x69, 0xFE, 0x69, 0xFE, 0x69, 0xFE, 0x69, 0xFE, 0x69,
    0xFE, 0x69, 0xFE, 0x69, 0xFE, 0x69, 0xFE, 0x69, 0xFE, 0x69, 0xFE, 0x69, 0xFE, 0x69, 0xFE, 0x69, 0xFE, 0x69, 0xFE,
    0x69, 0xFE, 0x69, 0xFE, 0x69, 0xFE, 0x69, 0xFE, 0x69, 0xFE, 0x69, 0xFE, 0x69, 0xFE, 0x69, 0xFE, 0x69, 0xFE, 0x69,
    0xFE, 0x69, 0xFE, 0x69, 0xFE, 0x69, 0xFE, 0x69, 0xFE, 0x69, 0xFE, 0x69, 0xFE, 0x69, 0xFE, 0x69, 0xFE, 0x69, 0xFE,
    0x69, 0xFE, 0x69, 0xFE, 0x69, 0xFE, 0x69, 0xFE, 0x69, 0xFE, 0x69, 0xFE, 0x69, 0xFE, 0x69, 0xFE, 0x69, 0xFE, 0x69,
    0xFE, 0x69, 0xFE, 0x69, 0xFE, 0x69, 0xFE, 0x69, 0xFE, 0x69, 0xFE, 0x69, 0xFE, 0x69, 0xFE, 0x69, 0xFE, 0x69, 0xFE,
    0x69, 0xFE, 0x69, 0xFE, 0x69, 0xFE, 0x69, 0xFE, 0x69, 0xFE, 0x69, 0xFE, 0x69, 0xFE, 0x69, 0xFE, 0x69, 0xFE, 0x69,
    0xFE, 0x69, 0xFE, 0x69, 0xFE, 0x69, 0xFE, 0x69, 0xFE, 0x69, 0xFE, 0x69, 0xFE, 0x69, 0xFE, 0x69, 0xFE, 0x69, 0xFE,
    0x69, 0xFE, 0x69, 0xFE, 0x69, 0xFE, 0x69, 0xFE, 0x69, 0xFE, 0x69, 0xFE, 0x69, 0xFE, 0x69, 0xFE, 0x69, 0xFE, 0x69,
    0xFE, 0x69, 0xFE, 0x69, 0xFE, 0x69, 0xFE, 0x69, 0xFE, 0x69, 0xFE, 0x69, 0xFE, 0x69, 0xFE, 0x69, 0xFE, 0x69, 0xFE,
    0x69, 0xFE, 0x69, 0xFE, 0x69, 0xFE, 0x69, 0xFE, 0x69, 0xFE, 0x69, 0xFE, 0x69, 0xFE, 0x69, 0xFE, 0x69, 0xFE, 0x69,
    0xFE, 0x69, 0xFE, 0x69, 0xFE, 0x69, 0xFE, 0x69, 0xFE, 0x69, 0xFE, 0x69, 0xFE, 0x69, 0xFE, 0x69, 0xFE, 0x69, 0xFE,
    0x69, 0xFE, 0x69, 0xFE, 0x69, 0xFE, 0x69, 0xFE, 0x69, 0xFE, 0x69, 0xFE, 0x69, 0xFE, 0x69, 0xFE, 0x69, 0xFE, 0x69,
    0xFE, 0x69, 0xFE, 0x69, 0xFE, 0x69, 0xFE, 0x69, 0xFE, 0x69, 0xFE, 0x69, 0xFE, 0x69, 0xFE, 0x69, 0xFE, 0x69, 0xFE,
    0x69, 0xFE, 0x69, 0xFE, 0x69, 0xFE, 0x69, 0xFE, 0x69, 0xFE, 0x69, 0xFE, 0x69, 0xFE, 0x69, 0xFE, 0x69, 0xFE, 0x69,
    0xFE, 0x69, 0xFE, 0x69, 0xFE, 0x69, 0xFE, 0x69, 0xFE, 0x69, 0xFE, 0x69, 0xFE, 0x69, 0xFE, 0x69, 0xFE, 0x69, 0xFE,
    0x69, 0xFE, 0x69, 0xFE, 0x69, 0xFE, 0x69, 0xFE, 0x69, 0xFE, 0x69, 0xFE, 0x69, 0xFE, 0x69, 0xFE, 0x69, 0xFE, 0x69,
    0xFE, 0x69, 0xFE, 0x69, 0xFE, 0x69, 0xFE, 0x69, 0xFE, 0x69, 0xFE, 0x69, 0xFE, 0x69, 0xFE, 0x69, 0xFE, 0x69, 0xFE,
    0x69, 0xFE, 0x69, 0xFE, 0x69, 0xFE, 0x69, 0xFE, 0x69, 0xFE, 0x69, 0xFE, 0x69, 0xFE, 0x69, 0xFE, 0x69, 0xFE, 0x69,
    0xFE, 0x69, 0xFE, 0x69, 0xFE, 0x69, 0xFE, 0x69, 0xFE, 0x69, 0xFE, 0x69, 0xFE, 0x69, 0xFE, 0x69, 0xFE, 0x69, 0xFE,
    0x69, 0xFE, 0x69, 0xFE, 0x69, 0xFE, 0x69, 0xFE, 0x69, 0xFE, 0x69, 0xFE, 0x69, 0xFE, 0x69, 0xFE, 0x69, 0xFE, 0x69,
    0xFE, 0x69, 0xFE, 0x69, 0xFE, 0x69, 0xFE, 0x69, 0xFE, 0x69, 0xFE, 0x69, 0xFE, 0x69, 0xFE, 0x69, 0xFE, 0x69, 0xFE,
    0x69, 0xFE, 0x69, 0xFE, 0x69, 0xFE, 0x69, 0xFE, 0x69, 0xFE, 0x69, 0xFE, 0x69, 0xFE, 0x69, 0xFE, 0x69, 0xFE, 0x69,
    0xFE, 0x69, 0xFE, 0x69, 0xFE, 0x69, 0xFE, 0x69, 0xFE, 0x69, 0xFE, 0x69, 0xFE, 0x69, 0xFE, 0x69, 0xFE, 0x69, 0xFE,
    0x69, 0xFE, 0x69, 0xFE, 0x69, 0xFE, 0x69, 0xFE, 0x69, 0xFE, 0x69, 0xFE, 0x69, 0xFE, 0x69, 0xFE, 0x69, 0xFE, 0x69,
    0xFE, 0x69, 0xFE, 0x69, 0xFE, 0x69, 0xFE, 0x69, 0xFE, 0x69, 0xFE, 0x69, 0xFE, 0x69, 0xFE, 0x69, 0xFE, 0x69, 0xFE,
    0x69, 0xFE, 0x69, 0xFE, 0x69, 0xFE, 0x69, 0xFE, 0x69, 0xFE, 0x69, 0xFE, 0x69, 0xFE, 0x69, 0xFE, 0x69, 0xFE, 0x69,
    0xFE, 0x69, 0xFE, 0x69, 0xFE, 0x69, 0xFE, 0x69, 0xFE, 0x69, 0xFE, 0x69, 0xFE, 0x69, 0xFE, 0x69, 0xFE, 0x69, 0xFE,
    0x69, 0xFE, 0x69, 0xFE, 0x69, 0xFE, 0x69, 0xFE, 0x69, 0xFE, 0x69, 0xFE, 0x69, 0xFE, 0x69, 0xFE, 0x69, 0xFE, 0x69,
    0xFE, 0x69, 0xFE, 0x69, 0xFE, 0x69, 0xFE, 0x69, 0xFE, 0x69, 0xFE, 0x69, 0xFE, 0x69, 0xFE, 0x69, 0xFE, 0x69, 0xFE,
    0x69, 0xFE, 0x69, 0xFE, 0x69, 0xFE, 0x69, 0xFE, 0x69, 0xFE, 0x69, 0xFE, 0x69, 0xFE, 0x69, 0xFE, 0x69, 0xFE, 0x69,
    0xFE, 0x69, 0xFE, 0x69, 0xFE, 0x69, 0xFE, 0x69, 0xFE, 0x69, 0xFE, 0x69, 0xFE, 0x69, 0xFE, 0x69, 0xFE, 0x69, 0xFE,
    0x69, 0xFE, 0x69, 0xFE, 0x69, 0xFE, 0x69, 0xFE, 0x69, 0xFE, 0x69, 0xFE, 0x69, 0xFE, 0x69, 0xFE, 0x69, 0xFE, 0x69,
    0xFE, 0x69, 0xFE, 0x69, 0xFE, 0x69, 0xFE, 0x69, 0xFE, 0x69, 0xFE, 0x69, 0xFE, 0x69, 0xFE, 0x69, 0xFE, 0x69, 0xFE,
    0x69, 0xFE, 0x69, 0xFE, 0x69, 0xFE, 0x69, 0xFE, 0x69, 0xFE, 0x69, 0xFE, 0x69, 0xFE, 0x69, 0xFE, 0x69, 0xFE, 0x69,
    0xFE, 0x69, 0xFE, 0x69, 0xFE, 0x69, 0xFE, 0x69, 0xFE, 0x69, 0xFE, 0x69, 0xFE, 0x69, 0xFE, 0x69, 0xFE, 0x69, 0xFE,
    0x69, 0xFE, 0x69, 0xFE, 0x69, 0xFE, 0x69, 0xFE, 0x69, 0xFE, 0x69, 0xFE, 0x69, 0xFE, 0x69, 0xFE, 0x69, 0xFE, 0x69,
    0xFE, 0x69, 0xFE, 0x69, 0xFE, 0x69, 0xFE, 0x69, 0xFE, 0x69, 0xFE, 0x69, 0xFE, 0x69, 0xFE, 0x69, 0xFE, 0x69, 0xFE,
    0x69, 0xFE, 0x69, 0xFE, 0x69, 0xFE, 0x69, 0xFE, 0x69, 0xFE, 0x69, 0xFE, 0x69, 0xFE, 0x69, 0xFE, 0x69, 0xFE, 0x69,
    0xFE, 0x69, 0xFE, 0x69, 0xFE, 0x69, 0xFE, 0x69, 0xFE, 0x69, 0xFE, 0x69, 0xFE, 0x69, 0xFE, 0x69, 0xFE, 0x69, 0xFE,
    0x69, 0xFE, 0x69, 0xFE, 0x69, 0xFE, 0x69, 0xFE, 0x69, 0xFE, 0x69, 0xFE, 0x69, 0xFE, 0x69, 0xFE, 0x69, 0xFE, 0x69,
    0xFE, 0x69, 0xFE, 0x69, 0xFE, 0x69, 0xFE, 0x69, 0xFE, 0x69, 0xFE, 0x69, 0xFE, 0x69, 0xFE, 0x69, 0xFE, 0x69, 0xFE,
    0x69, 0xFE, 0x69, 0xFE, 0x69, 0xFE, 0x69, 0xFE, 0x69, 0xFE, 0x69, 0xFE, 0x69, 0xFE, 0x69, 0xFE, 0x69, 0xFE, 0x69,
    0xFE, 0x69, 0xFE, 0x69, 0xFE, 0x69, 0xFE, 0x69, 0xFE, 0x69, 0xFE, 0x69, 0xFE, 0x69, 0xFE, 0x69, 0xFE, 0x69, 0xFE,
    0x69, 0xFE, 0x69, 0xFE, 0x69, 0xFE, 0x69, 0xFE, 0x69, 0xFE, 0x69, 0xFE, 0x69, 0xFE, 0x69, 0xFE, 0x69, 0xFE, 0x69,
    0xFE, 0x69, 0xFE, 0x69, 0xFE, 0x69, 0xFE, 0x69, 0xFE, 0x69, 0xFE, 0x69, 0xFE, 0x69, 0xFE, 0x69, 0xFE, 0x69, 0xFE,
    0x69, 0xFE, 0x69, 0xFE, 0x69, 0xFE, 0x69, 0xFE, 0x69, 0xFE, 0x69, 0xFE, 0x69, 0xFE, 0x69, 0xFE, 0x69, 0xFE, 0x69,
    0xFE, 0x69, 0xFE, 0x69, 0xFE, 0x69, 0xFE, 0x69, 0xFE, 0x69, 0xFE, 0x69, 0xFE, 0x69, 0xFE, 0x69, 0xFE, 0x69, 0xFE,
    0x69, 0xFE, 0x69, 0xFE, 0x69, 0xFE, 0x69, 0xFE, 0x69, 0xFE, 0x69, 0xFE, 0x69, 0xFE, 0x69, 0xFE, 0x69, 0xFE, 0x69,
    0xFE, 0x69, 0xFE, 0x69, 0xFE, 0x69, 0xFE, 0x69, 0xFE, 0x69, 0xFE, 0x69, 0xFE, 0x69, 0xFE, 0x69, 0xFE, 0x69, 0xFE,
    0x69, 0xFE, 0x69, 0xFE, 0x69, 0xFE, 0x69, 0xFE, 0x69, 0xFE, 0x69, 0xFE, 0x69, 0xFE, 0x69, 0xFE, 0x69, 0xFE, 0x69,
    0xFE, 0x69, 0xFE, 0x69, 0xFE, 0x69, 0xFE, 0x69, 0xFE, 0x69, 0xFE, 0x69, 0xFE, 0x69, 0xFE, 0x69, 0xFE, 0x69, 0xFE,
    0x69, 0xFE, 0x69, 0xFE, 0x69, 0xFE, 0x69, 0xFE, 0x69, 0xFE, 0x69, 0xFE, 0x69, 0xFE, 0x69, 0xFE, 0x69, 0xFE, 0x69,
    0xFE, 0x69, 0xFE, 0x69, 0xFE, 0x69, 0xFE, 0x69, 0xFE, 0x69, 0xFE, 0x69, 0xFE, 0x69, 0xFE, 0x69, 0xFE, 0x69, 0xFE,
    0x69, 0xFE, 0x69, 0xFE, 0x69, 0xFE, 0x69, 0xFE, 0x69, 0xFE, 0x69, 0xFE, 0x69, 0xFE, 0x69, 0xFE, 0x69, 0xFE, 0x69,
    0xFE, 0x69, 0xFE, 0x69, 0xFE, 0x69, 0xFE, 0x69, 0xFE, 0x69, 0xFE, 0x69, 0xFE, 0x69, 0xFE, 0x69, 0xFE, 0x69, 0xFE,
    0x69, 0xFE, 0x69, 0xFE, 0x69, 0xFE, 0x69, 0xFE, 0x69, 0xFE, 0x69, 0xFE, 0x69, 0xFE, 0x69, 0xFE, 0x69, 0xFE, 0x69,
    0xFE, 0x69, 0xFE, 0x69, 0xFE, 0x69, 0xFE, 0x69, 0xFE, 0x69, 0xFE, 0x69, 0xFE, 0x69, 0xFE, 0x69, 0xFE, 0x69, 0xFE,
    0x69, 0xFE, 0x69, 0xFE, 0x69, 0xFE, 0x69, 0xFE, 0x69, 0xFE, 0x69, 0xFE, 0x69, 0xFE, 0x69, 0xFE, 0x69, 0xFE, 0x69,
    0xFE, 0x69, 0xFE, 0x69, 0xFE, 0x69, 0xFE, 0x69, 0xFE, 0x69, 0xFE, 0x69, 0xFE, 0x69, 0xFE, 0x69, 0xFE, 0x69, 0xFE,
    0x69, 0xFE, 0x69, 0xFE, 0x69, 0xFE, 0x69, 0xFE, 0x69, 0xFE, 0x69, 0xFE, 0x69, 0xFE, 0x69, 0xFE, 0x69, 0xFE, 0x69,
    0xFE, 0x69, 0xFE, 0x69, 0xFE, 0x69, 0xFE, 0x69, 0xFE, 0x69, 0xFE, 0x69, 0xFE, 0x69, 0xFE, 0x69, 0xFE, 0x69, 0xFE,
    0x69, 0xFE, 0x69, 0xFE, 0x69, 0xFE, 0x69, 0xFE, 0x69, 0xFE, 0x69, 0xFE, 0x69, 0xFE, 0x69, 0xFE, 0x69, 0xFE, 0x69,
    0xFE, 0x69, 0xFE, 0x69, 0xFE, 0x69, 0xFE, 0x69, 0xFE, 0x69, 0xFE, 0x69, 0xFE, 0x69, 0xFE, 0x69, 0xFE, 0x69, 0xFE,
    0x69, 0xFE, 0x69, 0xFE, 0x69, 0xFE, 0x69, 0xFE, 0x69, 0xFE, 0x69, 0xFE, 0x69, 0xFE, 0x69, 0xFE, 0x69, 0xFE, 0x69,
    0xFE, 0x69, 0xFE, 0x69, 0xFE, 0x69, 0xFE, 0x69, 0xFE, 0x69, 0xFE, 0x69, 0xFE, 0x69, 0xFE, 0x69, 0xFE, 0x69, 0xFE,
    0x69, 0xFE, 0x69, 0xFE, 0x69, 0xFE, 0x69, 0xFE, 0x69, 0xFE, 0x69, 0xFE, 0x69, 0xFE, 0x69, 0xFE, 0x69, 0xFE, 0x69,
    0xFE, 0x69, 0xFE, 0x69, 0xFE, 0x69, 0xFE, 0x69, 0xFE, 0x69, 0xFE, 0x69, 0xFE, 0x69, 0xFE, 0x69, 0xFE, 0x69, 0xFE,
    0x69, 0xFE, 0x69, 0xFE, 0x69, 0xFE, 0x69, 0xFE, 0x69, 0xFE, 0x69, 0xFE, 0x69, 0xFE, 0x69, 0xFE, 0x69, 0xFE, 0x69,
    0xFE, 0x69, 0xFE, 0x69, 0xFE, 0x69, 0xFE, 0x69, 0xFE, 0x69, 0xFE, 0x69, 0xFE, 0x69, 0xFE, 0x69, 0xFE, 0x69, 0xFE,
    0x69, 0xFE, 0x69, 0xFE, 0x69, 0xFE, 0x69, 0xFE, 0x69, 0xFE, 0x69, 0xFE, 0x69, 0xFE, 0x69, 0xFE, 0x69, 0xFE, 0x69,
    0xFE, 0x69, 0xFE, 0x69, 0xFE, 0x69, 0xFE, 0x69, 0xFE, 0x69, 0xFE, 0x69, 0xFE, 0x69, 0xFE, 0x69, 0xFE, 0x69, 0xFE,
    0x69, 0xFE, 0x69, 0xFE, 0x69, 0xFE, 0x69, 0xFE, 0x69, 0xFE, 0x69, 0xFE, 0x69, 0xFE, 0x69, 0xFE, 0x69, 0xFE, 0x69,
    0xFE, 0x69, 0xFE, 0x69, 0xFE, 0x69, 0xFE, 0x69, 0xFE, 0x69, 0xFE, 0x69, 0xFE, 0x69, 0xFE, 0x69, 0xFE, 0x69, 0xFE,
    0x69, 0xFE, 0x69, 0xFE, 0x69, 0xFE, 0x69, 0xFE, 0x69, 0xFE, 0x69, 0xFE, 0x69, 0xFE, 0x69, 0xFE, 0x69, 0xFE, 0x69,
    0xFE, 0x69, 0xFE, 0x69, 0xFE, 0x69, 0xFE, 0x69, 0xFE, 0x69, 0xFE, 0x69, 0xFE, 0x69, 0xFE, 0x69, 0xFE, 0x69, 0xFE,
    0x69, 0xFE, 0x69, 0xFE, 0x69, 0xFE, 0x69, 0xFE, 0x69, 0xFE, 0x69, 0xFE, 0x69, 0xFE, 0x69, 0xFE, 0x69, 0xFE, 0x69,
    0xFE, 0x69, 0xFE, 0x69, 0xFE, 0x69, 0xFE, 0x69, 0xFE, 0x69, 0xFE, 0x69, 0xFE, 0x69, 0xFE, 0x69, 0xFE, 0x69, 0xFE,
    0x69, 0xFE, 0x69, 0xFE, 0x69, 0xFE, 0x69, 0xFE, 0x69, 0xFE, 0x69, 0xFE, 0x69, 0xFE, 0x69, 0xFE, 0x69, 0xFE, 0x69,
    0xFE, 0x69, 0xFE, 0x69, 0xFE, 0x69, 0xFE, 0x69, 0xFE, 0x69, 0xFE, 0x69, 0xFE, 0x69, 0xFE, 0x69, 0xFE, 0x69, 0xFE,
    0x69, 0xFE, 0x69, 0xFE, 0x69, 0xFE, 0x69, 0xFE, 0x69, 0xFE, 0x69, 0xFE, 0x69, 0xFE, 0x69, 0xFE, 0x69, 0xFE, 0x69,
    0xFE, 0x69, 0xFE, 0x69, 0xFE, 0x69, 0xFE, 0x69, 0xFE, 0x69, 0xFE, 0x69, 0xFE, 0x69, 0xFE, 0x69, 0xFE, 0x69, 0xFE,
    0x69, 0xFE, 0x69, 0xFE, 0x69, 0xFE, 0x69, 0xFE, 0x69, 0xFE, 0x69, 0xFE, 0x69, 0xFE, 0x69, 0xFE, 0x69, 0xFE, 0x69,
    0xFE, 0x69, 0xFE, 0x69, 0xFE, 0x69, 0xFE, 0x69, 0xFE, 0x69, 0xFE, 0x69, 0xFE, 0x69, 0xFE, 0x69, 0xFE, 0x69, 0xFE,
    0x69, 0xFE, 0x69, 0xFE, 0x69, 0xFE, 0x69, 0xFE, 0x69, 0xFE, 0x69, 0xFE, 0x69, 0xFE, 0x69, 0xFE, 0x69, 0xFE, 0x69,
    0xFE, 0x69, 0xFE, 0x69, 0xFE, 0x69, 0xFE, 0x69, 0xFE, 0x69, 0xFE, 0x69, 0xFE, 0x69, 0xFE, 0x69, 0xFE, 0x69, 0xFE,
    0x69, 0xFE, 0x69, 0xFE, 0x69, 0xFE, 0x69, 0xFE, 0x69, 0xFE, 0x69, 0xFE, 0x69, 0xFE, 0x69, 0xFE, 0x69, 0xFE, 0x69,
    0xFE, 0x69, 0xFE, 0x69, 0xFE, 0x69, 0xFE, 0x69, 0xFE, 0x69, 0xFE, 0x69, 0xFE, 0x69, 0xFE, 0x69, 0xFE, 0x69, 0xFE,
    0x69, 0xFE, 0x69, 0xFE, 0x69, 0xFE, 0x69, 0xFE, 0x69, 0xFE, 0x69, 0xFE, 0x69, 0xFE, 0x69, 0xFE, 0x69, 0xFE, 0x69,
    0xFE, 0x69, 0xFE, 0x69, 0xFE, 0x69, 0xFE, 0x69, 0xFE, 0x69, 0xFE, 0x69, 0xFE, 0x69, 0xFE, 0x69, 0xFE, 0x69, 0xFE,
    0x69, 0xFE, 0x69, 0xFE, 0x69, 0xFE, 0x69, 0xFE, 0x69, 0xFE, 0x69, 0xFE, 0x69, 0xFE, 0x69, 0xFE, 0x69, 0xFE, 0x69,
    0xFE, 0x69, 0xFE, 0x69, 0xFE, 0x69, 0xFE, 0x69, 0xFE, 0x69, 0xFE, 0x69, 0xFE, 0x69, 0xFE, 0x69, 0xFE, 0x69, 0xFE,
    0x69, 0xFE, 0x69, 0xFE, 0x69, 0xFE, 0x69, 0xFE, 0x69, 0xFE, 0x69, 0xFE, 0x69, 0xFE, 0x69, 0xFE, 0x69, 0xFE, 0x69,
    0xFE, 0x69, 0xFE, 0x69, 0xFE, 0x69, 0xFE, 0x69, 0xFE, 0x69, 0xFE, 0x69, 0xFE, 0x69, 0xFE, 0x69, 0xFE, 0x69, 0xFE,
    0x69, 0xFE, 0x69, 0xFE, 0x69, 0xFE, 0x69, 0xFE, 0x69, 0xFE, 0x69, 0xFE, 0x69, 0xFE, 0x69, 0xFE, 0x69, 0xFE, 0x69,
    0xFE, 0x69, 0xFE, 0x69, 0xFE, 0x69, 0xFE, 0x69, 0xFE, 0x69, 0xFE, 0x69, 0xFE, 0x69, 0xFE, 0x69, 0xFE, 0x69, 0xFE,
    0x69, 0xFE, 0x69, 0xFE, 0x69, 0xFE, 0x69, 0xFE, 0x69, 0xFE, 0x69, 0xFE, 0x69, 0xFE, 0x69, 0xFE, 0x69, 0xFE, 0x69,
    0xFE, 0x69, 0xFE, 0x69, 0xFE, 0x69, 0xFE, 0x69, 0xFE, 0x69, 0xFE, 0x69, 0xFE, 0x69, 0xFE, 0x69, 0xFE, 0x69, 0xFE,
    0x69, 0xFE, 0x69, 0xFE, 0x69, 0xFE, 0x69, 0xFE, 0x69, 0xFE, 0x69, 0xFE, 0x69, 0xFE, 0x69, 0xFE, 0x69, 0xFE, 0x69,
    0xFE, 0x69, 0xFE, 0x69, 0xFE, 0x69, 0xFE, 0x69, 0xFE, 0x69, 0xFE, 0x69, 0xFE, 0x69, 0xFE, 0x69, 0xFE, 0x69, 0xFE,
    0x69, 0xFE, 0x69, 0xFE, 0x69, 0xFE, 0x69, 0xFE, 0x69, 0xFE, 0x69, 0xFE, 0x69, 0xFE, 0x69, 0xFE, 0x69, 0xFE, 0x69,
    0xFE, 0x69, 0xFE, 0x69, 0xFE, 0x69, 0xFE, 0x69, 0xFE, 0x69, 0xFE, 0x69, 0xFE, 0x69, 0xFE, 0x69, 0xFE, 0x69, 0xFE,
    0x69, 0xFE, 0x69, 0xFE, 0x69, 0xFE, 0x69, 0xFE, 0x69, 0xFE, 0x69, 0xFE, 0x69, 0xFE, 0x69, 0xFE, 0x69, 0xFE, 0x69,
    0xFE, 0x69, 0xFE, 0x69, 0xFE, 0x69, 0xFE, 0x69, 0xFE, 0x69, 0xFE, 0x69, 0xFE, 0x69, 0xFE, 0x69, 0xFE, 0x69, 0xFE,
    0x69, 0xFE, 0x69, 0xFE, 0x69, 0xFE, 0x69, 0xFE, 0x69, 0xFE, 0x69, 0xFE, 0x69, 0xFE, 0x69, 0xFE, 0x69, 0xFE, 0x69,
    0xFE, 0x69, 0xFE, 0x69, 0xFE, 0x69, 0xFE, 0x69, 0xFE, 0x69, 0xFE, 0x69, 0xFE, 0x69, 0xFE, 0x69, 0xFE, 0x69, 0xFE,
    0x69, 0xFE, 0x69, 0xFE, 0x69, 0xFE, 0x69, 0xFE, 0x69, 0xFE, 0x69, 0xFE, 0x69, 0xFE, 0x69, 0xFE, 0x69, 0xFE, 0x69,
    0xFE, 0x69, 0xFE, 0x69, 0xFE, 0x69, 0xFE, 0x69, 0xFE, 0x69, 0xFE, 0x69, 0xFE, 0x69, 0xFE, 0x69, 0xFE, 0x69, 0xFE,
    0x69, 0xFE, 0x69, 0xFE, 0x69, 0xFE, 0x69, 0xFE, 0x69, 0xFE, 0x69, 0xFE, 0x69, 0xFE, 0x69, 0xFE, 0x69, 0xFE, 0x69,
    0xFE, 0x69, 0xFE, 0x69, 0xFE, 0x69, 0xFE, 0x69, 0xFE, 0x69, 0xFE, 0x69, 0xFE, 0x69, 0xFE, 0x69, 0xFE, 0x69, 0xFE,
    0x69, 0xFE, 0x69, 0xFE, 0x69, 0xFE, 0x69, 0xFE, 0x69, 0xFE, 0x69, 0xFE, 0x69, 0xFE, 0x69, 0xFE, 0x69, 0xFE, 0x69,
    0xFE, 0x69, 0xFE, 0x69, 0xFE, 0x69, 0xFE, 0x69, 0xFE, 0x69, 0xFE, 0x69, 0xFE, 0x69, 0xFE, 0x69, 0xFE, 0x69, 0xFE,
    0x69, 0xFE, 0x69, 0xFE, 0x69, 0xFE, 0x69, 0xFE, 0x69, 0xFE, 0x69, 0xFE, 0x69, 0xFE, 0x69, 0xFE, 0x69, 0xFE, 0x69,
    0xFE, 0x69, 0xFE, 0x69, 0xFE, 0x69, 0xFE, 0x69, 0xFE, 0x69, 0xFE, 0x69, 0xFE, 0x69, 0xFE, 0x69, 0xFE, 0x69, 0xFE,
    0x69, 0xFE, 0x69, 0xFE, 0x69, 0xFE, 0x69, 0xFE, 0x69, 0xFE, 0x69, 0xFE, 0x69, 0xFE, 0x69, 0xFE, 0x69, 0xFE, 0x69,
    0xFE, 0x69, 0xFE, 0x69, 0xFE, 0x69, 0xFE, 0x69, 0xFE, 0x69, 0xFE, 0x69, 0xFE, 0x69, 0xFE, 0x69, 0xFE, 0x69, 0xFE,
    0x69, 0xFE, 0x69, 0xFE, 0x69, 0xFE, 0x69, 0xFE, 0x69, 0xFE, 0x69, 0xFE, 0x69, 0xFE, 0x69, 0xFE, 0x69, 0xFE, 0x69,
    0xFE, 0x69, 0xFE, 0x69, 0xFE, 0x69, 0xFE, 0x69, 0xFE, 0x69, 0xFE, 0x69, 0xFE, 0x69, 0xFE, 0x69, 0xFE, 0x69, 0xFE,
    0x69, 0xFE, 0x69, 0xFE, 0x69, 0xFE, 0x69, 0xFE, 0x69, 0xFE, 0x69, 0xFE, 0x69, 0xFE, 0x69, 0xFE, 0x69, 0xFE, 0x69,
    0xFE, 0x69, 0xFE, 0x69, 0xFE, 0x69, 0xFE, 0x69, 0xFE, 0x69, 0xFE, 0x69, 0xFE, 0x69, 0xFE, 0x69, 0xFE, 0x69, 0xFE,
    0x69, 0xFE, 0x69, 0xFE, 0x69, 0xFE, 0x69, 0xFE, 0x69, 0xFE, 0x69, 0xFE, 0x69, 0xFE, 0x69, 0xFE, 0x69, 0xFE, 0x69,
    0xFE, 0x69, 0xFE, 0x69, 0xFE, 0x69, 0xFE, 0x69, 0xFE, 0x69, 0xFE, 0x69, 0xFE, 0x69, 0xFE, 0x69, 0xFE, 0x69, 0xFE,
    0x69, 0xFE, 0x69, 0xFE, 0x69, 0xFE, 0x69, 0xFE, 0x69, 0xFE, 0x69, 0xFE, 0x69, 0xFE, 0x69, 0xFE, 0x69, 0xFE, 0x69,
    0xFE, 0x69, 0xFE, 0x69, 0xFE, 0x69, 0xFE, 0x69, 0xFE, 0x69, 0xFE, 0x69, 0xFE, 0x69, 0xFE, 0x69, 0xFE, 0x69, 0xFE,
    0x69, 0xFE, 0x69, 0xFE, 0x69, 0xFE, 0x69, 0xFE, 0x69, 0xFE, 0x69, 0xFE, 0x69, 0xFE, 0x69, 0xFE, 0x69, 0xFE, 0x69,
    0xFE, 0x69, 0xFE, 0x69, 0xFE, 0x69, 0xFE, 0x69, 0xFE, 0x69, 0xFE, 0x69, 0xFE, 0x69, 0xFE, 0x69, 0xFE, 0x69, 0xFE,
    0x69, 0xFE, 0x69, 0xFE, 0x69, 0xFE, 0x69, 0xFE, 0x69, 0xFE, 0x69, 0xFE, 0x87, 0xE5, 0x87, 0xE5, 0x87, 0xE5, 0x87,
    0xE5, 0x47, 0xDD, 0x47, 0xDD, 0x47, 0xDD, 0x69, 0xFE, 0x69, 0xFE, 0x69, 0xFE, 0x69, 0xFE, 0x69, 0xFE, 0x69, 0xFE,
    0x69, 0xFE, 0x69, 0xFE, 0x69, 0xFE, 0x69, 0xFE, 0x69, 0xFE, 0x69, 0xFE, 0x69, 0xFE, 0x69, 0xFE, 0x69, 0xFE, 0x69,
    0xFE, 0x69, 0xFE, 0x69, 0xFE, 0x69, 0xFE, 0x69, 0xFE, 0x69, 0xFE, 0x69, 0xFE, 0x69, 0xFE, 0x69, 0xFE, 0x69, 0xFE,
    0x69, 0xFE, 0x69, 0xFE, 0x69, 0xFE, 0x69, 0xFE, 0x69, 0xFE, 0x69, 0xFE, 0x69, 0xFE, 0x69, 0xFE, 0x69, 0xFE, 0x69,
    0xFE, 0x69, 0xFE, 0x69, 0xFE, 0x69, 0xFE, 0x69, 0xFE, 0x69, 0xFE, 0x69, 0xFE, 0x69, 0xFE, 0x69, 0xFE, 0x69, 0xFE,
    0x69, 0xFE, 0x69, 0xFE, 0x69, 0xFE, 0x69, 0xFE, 0x69, 0xFE, 0x69, 0xFE, 0x69, 0xFE, 0x69, 0xFE, 0x69, 0xFE, 0x69,
    0xFE, 0x69, 0xFE, 0x69, 0xFE, 0x69, 0xFE, 0x69, 0xFE, 0x69, 0xFE, 0x69, 0xFE, 0x69, 0xFE, 0x69, 0xFE, 0x69, 0xFE,
    0x69, 0xFE, 0x69, 0xFE, 0x69, 0xFE, 0x69, 0xFE, 0x69, 0xFE, 0x69, 0xFE, 0x69, 0xFE, 0x69, 0xFE, 0x69, 0xFE, 0x69,
    0xFE, 0x69, 0xFE, 0x69, 0xFE, 0x69, 0xFE, 0x69, 0xFE, 0x69, 0xFE, 0x69, 0xFE, 0x69, 0xFE, 0x69, 0xFE, 0x69, 0xFE,
    0x69, 0xFE, 0x69, 0xFE, 0x69, 0xFE, 0x69, 0xFE, 0x69, 0xFE, 0x69, 0xFE, 0x69, 0xFE, 0x69, 0xFE, 0x69, 0xFE, 0x69,
    0xFE, 0x69, 0xFE, 0x69, 0xFE, 0x69, 0xFE, 0x69, 0xFE, 0x69, 0xFE, 0x69, 0xFE, 0x69, 0xFE, 0x69, 0xFE, 0x69, 0xFE,
    0x69, 0xFE, 0x69, 0xFE, 0x69, 0xFE, 0x69, 0xFE, 0x69, 0xFE, 0x69, 0xFE, 0x69, 0xFE, 0x69, 0xFE, 0x69, 0xFE, 0x69,
    0xFE, 0x69, 0xFE, 0x69, 0xFE, 0x69, 0xFE, 0x69, 0xFE, 0x69, 0xFE, 0x69, 0xFE, 0x29, 0xF6, 0x29, 0xF6, 0x29, 0xF6,
    0x47, 0xDD, 0x47, 0xDD, 0x47, 0xDD, 0xC8, 0xED, 0xC8, 0xED, 0xC8, 0xED, 0xC8, 0xED, 0x69, 0xFE, 0x69, 0xFE, 0x69,
    0xFE, 0x69, 0xFE, 0x69, 0xFE, 0x69, 0xFE, 0x69, 0xFE, 0x69, 0xFE, 0x69, 0xFE, 0x69, 0xFE, 0x69, 0xFE, 0x69, 0xFE,
    0x69, 0xFE, 0x69, 0xFE, 0x69, 0xFE, 0x69, 0xFE, 0x69, 0xFE, 0x69, 0xFE, 0x69, 0xFE, 0x69, 0xFE, 0x69, 0xFE, 0x69,
    0xFE, 0x69, 0xFE, 0x69, 0xFE, 0x69, 0xFE, 0x69, 0xFE, 0x69, 0xFE, 0x69, 0xFE, 0x69, 0xFE, 0x69, 0xFE, 0x69, 0xFE,
    0x69, 0xFE, 0x69, 0xFE, 0x69, 0xFE, 0x69, 0xFE, 0x69, 0xFE, 0x69, 0xFE, 0x69, 0xFE, 0x69, 0xFE, 0x69, 0xFE, 0x69,
    0xFE, 0x69, 0xFE, 0x69, 0xFE, 0x69, 0xFE, 0x69, 0xFE, 0x69, 0xFE, 0x69, 0xFE, 0x69, 0xFE, 0x69, 0xFE, 0x69, 0xFE,
    0x69, 0xFE, 0x69, 0xFE, 0x69, 0xFE, 0x69, 0xFE, 0x69, 0xFE, 0x69, 0xFE, 0x69, 0xFE, 0x69, 0xFE, 0x69, 0xFE, 0x69,
    0xFE, 0x69, 0xFE, 0x69, 0xFE, 0x69, 0xFE, 0x69, 0xFE, 0x69, 0xFE, 0x69, 0xFE, 0x69, 0xFE, 0x69, 0xFE, 0x69, 0xFE,
    0x69, 0xFE, 0x69, 0xFE, 0x69, 0xFE, 0x69, 0xFE, 0x69, 0xFE, 0x69, 0xFE, 0x69, 0xFE, 0x69, 0xFE, 0x69, 0xFE, 0x69,
    0xFE, 0x69, 0xFE, 0x69, 0xFE, 0x69, 0xFE, 0x69, 0xFE, 0x69, 0xFE, 0x69, 0xFE, 0x69, 0xFE, 0x69, 0xFE, 0x69, 0xFE,
    0x69, 0xFE, 0x69, 0xFE, 0x69, 0xFE, 0x69, 0xFE, 0x69, 0xFE, 0x69, 0xFE, 0x69, 0xFE, 0x69, 0xFE, 0x69, 0xFE, 0x69,
    0xFE, 0x69, 0xFE, 0x69, 0xFE, 0x69, 0xFE, 0x69, 0xFE, 0x69, 0xFE, 0x69, 0xFE, 0x69, 0xFE, 0x69, 0xFE, 0x87, 0xE5,
    0x87, 0xE5, 0x87, 0xE5, 0x87, 0xE5, 0x47, 0xDD, 0x47, 0xDD, 0x47, 0xDD, 0x69, 0xFE, 0x69, 0xFE, 0x69, 0xFE, 0x69,
    0xFE, 0x69, 0xFE, 0x69, 0xFE, 0x69, 0xFE, 0x69, 0xFE, 0x69, 0xFE, 0x69, 0xFE, 0x69, 0xFE, 0x69, 0xFE, 0x69, 0xFE,
    0x69, 0xFE, 0x69, 0xFE, 0x69, 0xFE, 0x69, 0xFE, 0x69, 0xFE, 0x69, 0xFE, 0x69, 0xFE, 0x69, 0xFE, 0x69, 0xFE, 0x69,
    0xFE, 0x69, 0xFE, 0x69, 0xFE, 0x69, 0xFE, 0x69, 0xFE, 0x69, 0xFE, 0x69, 0xFE, 0x69, 0xFE, 0x69, 0xFE, 0x69, 0xFE,
    0x69, 0xFE, 0x69, 0xFE, 0x69, 0xFE, 0x69, 0xFE, 0x69, 0xFE, 0x69, 0xFE, 0x69, 0xFE, 0x69, 0xFE, 0x69, 0xFE, 0x69,
    0xFE, 0x69, 0xFE, 0x69, 0xFE, 0x69, 0xFE, 0x69, 0xFE, 0x69, 0xFE, 0x69, 0xFE, 0x69, 0xFE, 0x69, 0xFE, 0x69, 0xFE,
    0x69, 0xFE, 0x69, 0xFE, 0x69, 0xFE, 0x69, 0xFE, 0x69, 0xFE, 0x69, 0xFE, 0x69, 0xFE, 0x69, 0xFE, 0x69, 0xFE, 0x69,
    0xFE, 0x69, 0xFE, 0x69, 0xFE, 0x69, 0xFE, 0x69, 0xFE, 0x69, 0xFE, 0x69, 0xFE, 0x69, 0xFE, 0x69, 0xFE, 0x69, 0xFE,
    0x69, 0xFE, 0x69, 0xFE, 0x69, 0xFE, 0x69, 0xFE, 0x69, 0xFE, 0x69, 0xFE, 0x69, 0xFE, 0x69, 0xFE, 0x69, 0xFE, 0x69,
    0xFE, 0x69, 0xFE, 0x69, 0xFE, 0x69, 0xFE, 0x69, 0xFE, 0x69, 0xFE, 0x69, 0xFE, 0x69, 0xFE, 0x69, 0xFE, 0x69, 0xFE,
    0x69, 0xFE, 0x69, 0xFE, 0x69, 0xFE, 0x69, 0xFE, 0x69, 0xFE, 0x69, 0xFE, 0x69, 0xFE, 0x69, 0xFE, 0x69, 0xFE, 0x69,
    0xFE, 0x69, 0xFE, 0x69, 0xFE, 0x69, 0xFE, 0x69, 0xFE, 0x69, 0xFE, 0x69, 0xFE, 0x69, 0xFE, 0x69, 0xFE, 0x69, 0xFE,
    0x69, 0xFE, 0x69, 0xFE, 0x69, 0xFE, 0x69, 0xFE, 0x69, 0xFE, 0x69, 0xFE, 0x69, 0xFE, 0x69, 0xFE, 0x69, 0xFE, 0x29,
    0xF6, 0x29, 0xF6, 0x29, 0xF6, 0x47, 0xDD, 0x47, 0xDD, 0x47, 0xDD, 0xC8, 0xED, 0xC8, 0xED, 0xC8, 0xED, 0xC8, 0xED,
    0x69, 0xFE, 0x69, 0xFE, 0x69, 0xFE, 0x69, 0xFE, 0x69, 0xFE, 0x69, 0xFE, 0x69, 0xFE, 0x69, 0xFE, 0x69, 0xFE, 0x69,
    0xFE, 0x69, 0xFE, 0x69, 0xFE, 0x69, 0xFE, 0x69, 0xFE, 0x69, 0xFE, 0x69, 0xFE, 0x69, 0xFE, 0x69, 0xFE, 0x69, 0xFE,
    0x69, 0xFE, 0x69, 0xFE, 0x69, 0xFE, 0x69, 0xFE, 0x69, 0xFE, 0x69, 0xFE, 0x69, 0xFE, 0x69, 0xFE, 0x69, 0xFE, 0x69,
    0xFE, 0x69, 0xFE, 0x69, 0xFE, 0x69, 0xFE, 0x69, 0xFE, 0x69, 0xFE, 0x69, 0xFE, 0x69, 0xFE, 0x69, 0xFE, 0x69, 0xFE,
    0x69, 0xFE, 0x69, 0xFE, 0x69, 0xFE, 0x69, 0xFE, 0x69, 0xFE, 0x69, 0xFE, 0x69, 0xFE, 0x69, 0xFE, 0x69, 0xFE, 0x69,
    0xFE, 0x69, 0xFE, 0x69, 0xFE, 0x69, 0xFE, 0x69, 0xFE, 0x69, 0xFE, 0x69, 0xFE, 0x69, 0xFE, 0x69, 0xFE, 0x69, 0xFE,
    0x69, 0xFE, 0x69, 0xFE, 0x69, 0xFE, 0x69, 0xFE, 0x69, 0xFE, 0x69, 0xFE, 0x69, 0xFE, 0x69, 0xFE, 0x69, 0xFE, 0x69,
    0xFE, 0x69, 0xFE, 0x69, 0xFE, 0x69, 0xFE, 0x69, 0xFE, 0x69, 0xFE, 0x69, 0xFE, 0x69, 0xFE, 0x69, 0xFE, 0x69, 0xFE,
    0x69, 0xFE, 0x69, 0xFE, 0x69, 0xFE, 0x69, 0xFE, 0x69, 0xFE, 0x69, 0xFE, 0x69, 0xFE, 0x69, 0xFE, 0x69, 0xFE, 0x69,
    0xFE, 0x69, 0xFE, 0x69, 0xFE, 0x69, 0xFE, 0x69, 0xFE, 0x69, 0xFE, 0x69, 0xFE, 0x69, 0xFE, 0x69, 0xFE, 0x69, 0xFE,
    0x69, 0xFE, 0x69, 0xFE, 0x69, 0xFE, 0x69, 0xFE, 0x69, 0xFE, 0x69, 0xFE, 0x69, 0xFE, 0x69, 0xFE, 0x69, 0xFE, 0x69,
    0xFE, 0x69, 0xFE, 0x87, 0xE5, 0x87, 0xE5, 0x87, 0xE5, 0x87, 0xE5, 0x47, 0xDD, 0x47, 0xDD, 0x47, 0xDD, 0x69, 0xFE,
    0x69, 0xFE, 0x69, 0xFE, 0x69, 0xFE, 0x69, 0xFE, 0x69, 0xFE, 0x69, 0xFE, 0x69, 0xFE, 0x69, 0xFE, 0x69, 0xFE, 0x69,
    0xFE, 0x69, 0xFE, 0x69, 0xFE, 0x69, 0xFE, 0x69, 0xFE, 0x69, 0xFE, 0x69, 0xFE, 0x69, 0xFE, 0x69, 0xFE, 0x69, 0xFE,
    0x69, 0xFE, 0x69, 0xFE, 0x69, 0xFE, 0x69, 0xFE, 0x69, 0xFE, 0x69, 0xFE, 0x69, 0xFE, 0x69, 0xFE, 0x69, 0xFE, 0x69,
    0xFE, 0x69, 0xFE, 0x69, 0xFE, 0x69, 0xFE, 0x69, 0xFE, 0x69, 0xFE, 0x69, 0xFE, 0x69, 0xFE, 0x69, 0xFE, 0x69, 0xFE,
    0x69, 0xFE, 0x69, 0xFE, 0x69, 0xFE, 0x69, 0xFE, 0x69, 0xFE, 0x69, 0xFE, 0x69, 0xFE, 0x69, 0xFE, 0x69, 0xFE, 0x69,
    0xFE, 0x69, 0xFE, 0x69, 0xFE, 0x69, 0xFE, 0x69, 0xFE, 0x69, 0xFE, 0x69, 0xFE, 0x69, 0xFE, 0x69, 0xFE, 0x69, 0xFE,
    0x69, 0xFE, 0x69, 0xFE, 0x69, 0xFE, 0x69, 0xFE, 0x69, 0xFE, 0x69, 0xFE, 0x69, 0xFE, 0x69, 0xFE, 0x69, 0xFE, 0x69,
    0xFE, 0x69, 0xFE, 0x69, 0xFE, 0x69, 0xFE, 0x69, 0xFE, 0x69, 0xFE, 0x69, 0xFE, 0x69, 0xFE, 0x69, 0xFE, 0x69, 0xFE,
    0x69, 0xFE, 0x69, 0xFE, 0x69, 0xFE, 0x69, 0xFE, 0x69, 0xFE, 0x69, 0xFE, 0x69, 0xFE, 0x69, 0xFE, 0x69, 0xFE, 0x69,
    0xFE, 0x69, 0xFE, 0x69, 0xFE, 0x69, 0xFE, 0x69, 0xFE, 0x69, 0xFE, 0x69, 0xFE, 0x69, 0xFE, 0x69, 0xFE, 0x69, 0xFE,
    0x69, 0xFE, 0x69, 0xFE, 0x69, 0xFE, 0x69, 0xFE, 0x69, 0xFE, 0x69, 0xFE, 0x69, 0xFE, 0x69, 0xFE, 0x69, 0xFE, 0x69,
    0xFE, 0x69, 0xFE, 0x69, 0xFE, 0x69, 0xFE, 0x69, 0xFE, 0x69, 0xFE, 0x69, 0xFE, 0x69, 0xFE, 0x69, 0xFE, 0x69, 0xFE,
    0x69, 0xFE, 0x69, 0xFE, 0x29, 0xF6, 0x29, 0xF6, 0x29, 0xF6, 0x47, 0xDD, 0x47, 0xDD, 0x47, 0xDD, 0xC8, 0xED, 0xC8,
    0xED, 0xC8, 0xED, 0xC8, 0xED, 0x69, 0xFE, 0x69, 0xFE, 0x69, 0xFE, 0x69, 0xFE, 0x69, 0xFE, 0x69, 0xFE, 0x69, 0xFE,
    0x69, 0xFE, 0x69, 0xFE, 0x69, 0xFE, 0x69, 0xFE, 0x69, 0xFE, 0x69, 0xFE, 0x69, 0xFE, 0x69, 0xFE, 0x69, 0xFE, 0x69,
    0xFE, 0x69, 0xFE, 0x69, 0xFE, 0x69, 0xFE, 0x69, 0xFE, 0x69, 0xFE, 0x69, 0xFE, 0x69, 0xFE, 0x69, 0xFE, 0x69, 0xFE,
    0x69, 0xFE, 0x69, 0xFE, 0x69, 0xFE, 0x69, 0xFE, 0x69, 0xFE, 0x69, 0xFE, 0x69, 0xFE, 0x69, 0xFE, 0x69, 0xFE, 0x69,
    0xFE, 0x69, 0xFE, 0x69, 0xFE, 0x69, 0xFE, 0x69, 0xFE, 0x69, 0xFE, 0x69, 0xFE, 0x69, 0xFE, 0x69, 0xFE, 0x69, 0xFE,
    0x69, 0xFE, 0x69, 0xFE, 0x69, 0xFE, 0x69, 0xFE, 0x69, 0xFE, 0x69, 0xFE, 0x69, 0xFE, 0x69, 0xFE, 0x69, 0xFE, 0x69,
    0xFE, 0x69, 0xFE, 0x69, 0xFE, 0x69, 0xFE, 0x69, 0xFE, 0x69, 0xFE, 0x69, 0xFE, 0x69, 0xFE, 0x69, 0xFE, 0x69, 0xFE,
    0x69, 0xFE, 0x69, 0xFE, 0x69, 0xFE, 0x69, 0xFE, 0x69, 0xFE, 0x69, 0xFE, 0x69, 0xFE, 0x69, 0xFE, 0x69, 0xFE, 0x69,
    0xFE, 0x69, 0xFE, 0x69, 0xFE, 0x69, 0xFE, 0x69, 0xFE, 0x69, 0xFE, 0x69, 0xFE, 0x69, 0xFE, 0x69, 0xFE, 0x69, 0xFE,
    0x69, 0xFE, 0x69, 0xFE, 0x69, 0xFE, 0x69, 0xFE, 0x69, 0xFE, 0x69, 0xFE, 0x69, 0xFE, 0x69, 0xFE, 0x69, 0xFE, 0x69,
    0xFE, 0x69, 0xFE, 0x69, 0xFE, 0x69, 0xFE, 0x69, 0xFE, 0x69, 0xFE, 0x69, 0xFE, 0x69, 0xFE, 0x29, 0xF6, 0x29, 0xF6,
    0x29, 0xF6, 0xE1, 0x82, 0xE1, 0x82, 0xE1, 0x82, 0x20, 0x62, 0x20, 0x62, 0x20, 0x62, 0x20, 0x62, 0x20, 0x62, 0x20,
    0x62, 0x20, 0x62, 0x20, 0x62, 0x20, 0x62, 0x20, 0x62, 0xA1, 0x7A, 0xA1, 0x7A, 0xA1, 0x7A, 0xA1, 0x7A, 0x63, 0x93,
    0x63, 0x93, 0x63, 0x93, 0x44, 0xB4, 0x44, 0xB4, 0x44, 0xB4, 0x06, 0xCD, 0x06, 0xCD, 0x06, 0xCD, 0x06, 0xCD, 0xC8,
    0xED, 0xC8, 0xED, 0xC8, 0xED, 0x69, 0xFE, 0x69, 0xFE, 0x69, 0xFE, 0x69, 0xFE, 0x69, 0xFE, 0x69, 0xFE, 0x69, 0xFE,
    0x69, 0xFE, 0x69, 0xFE, 0x69, 0xFE, 0x69, 0xFE, 0x69, 0xFE, 0x69, 0xFE, 0x69, 0xFE, 0x69, 0xFE, 0x69, 0xFE, 0x69,
    0xFE, 0x69, 0xFE, 0x69, 0xFE, 0x69, 0xFE, 0x69, 0xFE, 0x69, 0xFE, 0x69, 0xFE, 0x69, 0xFE, 0x69, 0xFE, 0x69, 0xFE,
    0x69, 0xFE, 0x69, 0xFE, 0x69, 0xFE, 0x69, 0xFE, 0x69, 0xFE, 0x69, 0xFE, 0x69, 0xFE, 0x69, 0xFE, 0x69, 0xFE, 0x69,
    0xFE, 0x69, 0xFE, 0x69, 0xFE, 0x69, 0xFE, 0x69, 0xFE, 0x69, 0xFE, 0x69, 0xFE, 0x69, 0xFE, 0x69, 0xFE, 0x69, 0xFE,
    0x69, 0xFE, 0x69, 0xFE, 0x69, 0xFE, 0x69, 0xFE, 0x69, 0xFE, 0x69, 0xFE, 0x69, 0xFE, 0x69, 0xFE, 0x69, 0xFE, 0x69,
    0xFE, 0x69, 0xFE, 0x69, 0xFE, 0x69, 0xFE, 0x69, 0xFE, 0x69, 0xFE, 0x69, 0xFE, 0x69, 0xFE, 0x69, 0xFE, 0x69, 0xFE,
    0x69, 0xFE, 0x69, 0xFE, 0x69, 0xFE, 0x69, 0xFE, 0x69, 0xFE, 0x69, 0xFE, 0x69, 0xFE, 0x69, 0xFE, 0x69, 0xFE, 0x69,
    0xFE, 0x69, 0xFE, 0x69, 0xFE, 0x69, 0xFE, 0x69, 0xFE, 0x69, 0xFE, 0x69, 0xFE, 0xC8, 0xED, 0xC8, 0xED, 0xC8, 0xED,
    0x06, 0xCD, 0x06, 0xCD, 0x06, 0xCD, 0x06, 0xCD, 0x44, 0xB4, 0x44, 0xB4, 0x44, 0xB4, 0x63, 0x93, 0x63, 0x93, 0x63,
    0x93, 0xA1, 0x7A, 0xA1, 0x7A, 0xA1, 0x7A, 0xA1, 0x7A, 0x20, 0x62, 0x20, 0x62, 0x20, 0x62, 0x20, 0x62, 0x20, 0x62,
    0x20, 0x62, 0x20, 0x62, 0x20, 0x62, 0x20, 0x62, 0x20, 0x62, 0x22, 0x8B, 0x22, 0x8B, 0x22, 0x8B, 0x29, 0xF6, 0x29,
    0xF6, 0x29, 0xF6, 0x69, 0xFE, 0x69, 0xFE, 0x69, 0xFE, 0x69, 0xFE, 0x69, 0xFE, 0x69, 0xFE, 0x69, 0xFE, 0x69, 0xFE,
    0x69, 0xFE, 0x69, 0xFE, 0x69, 0xFE, 0x69, 0xFE, 0x69, 0xFE, 0x69, 0xFE, 0x69, 0xFE, 0x69, 0xFE, 0x69, 0xFE, 0x69,
    0xFE, 0x69, 0xFE, 0x69, 0xFE, 0x69, 0xFE, 0x69, 0xFE, 0x69, 0xFE, 0x69, 0xFE, 0x69, 0xFE, 0x69, 0xFE, 0x69, 0xFE,
    0x69, 0xFE, 0x69, 0xFE, 0x69, 0xFE, 0x69, 0xFE, 0x69, 0xFE, 0x69, 0xFE, 0x69, 0xFE, 0x69, 0xFE, 0x69, 0xFE, 0x69,
    0xFE, 0x69, 0xFE, 0x69, 0xFE, 0x69, 0xFE, 0x69, 0xFE, 0x69, 0xFE, 0x69, 0xFE, 0x69, 0xFE, 0x69, 0xFE, 0x69, 0xFE,
    0x69, 0xFE, 0x69, 0xFE, 0x69, 0xFE, 0x69, 0xFE, 0x69, 0xFE, 0x69, 0xFE, 0x69, 0xFE, 0x69, 0xFE, 0x69, 0xFE, 0x69,
    0xFE, 0x69, 0xFE, 0x69, 0xFE, 0x69, 0xFE, 0x69, 0xFE, 0x69, 0xFE, 0x69, 0xFE, 0x69, 0xFE, 0x69, 0xFE, 0x69, 0xFE,
    0x69, 0xFE, 0x69, 0xFE, 0x69, 0xFE, 0x69, 0xFE, 0x69, 0xFE, 0x69, 0xFE, 0x69, 0xFE, 0x69, 0xFE, 0x69, 0xFE, 0x69,
    0xFE, 0x69, 0xFE, 0x69, 0xFE, 0x69, 0xFE, 0x69, 0xFE, 0x69, 0xFE, 0x69, 0xFE, 0x69, 0xFE, 0x69, 0xFE, 0x69, 0xFE,
    0x69, 0xFE, 0x69, 0xFE, 0x69, 0xFE, 0x69, 0xFE, 0x69, 0xFE, 0x69, 0xFE, 0x69, 0xFE, 0x69, 0xFE, 0x69, 0xFE, 0x69,
    0xFE, 0x29, 0xF6, 0x29, 0xF6, 0x29, 0xF6, 0xE1, 0x82, 0xE1, 0x82, 0xE1, 0x82, 0x20, 0x62, 0x20, 0x62, 0x20, 0x62,
    0x20, 0x62, 0x20, 0x62, 0x20, 0x62, 0x20, 0x62, 0x20, 0x62, 0x20, 0x62, 0x20, 0x62, 0xA1, 0x7A, 0xA1, 0x7A, 0xA1,
    0x7A, 0xA1, 0x7A, 0x63, 0x93, 0x63, 0x93, 0x63, 0x93, 0x44, 0xB4, 0x44, 0xB4, 0x44, 0xB4, 0x06, 0xCD, 0x06, 0xCD,
    0x06, 0xCD, 0x06, 0xCD, 0xC8, 0xED, 0xC8, 0xED, 0xC8, 0xED, 0x69, 0xFE, 0x69, 0xFE, 0x69, 0xFE, 0x69, 0xFE, 0x69,
    0xFE, 0x69, 0xFE, 0x69, 0xFE, 0x69, 0xFE, 0x69, 0xFE, 0x69, 0xFE, 0x69, 0xFE, 0x69, 0xFE, 0x69, 0xFE, 0x69, 0xFE,
    0x69, 0xFE, 0x69, 0xFE, 0x69, 0xFE, 0x69, 0xFE, 0x69, 0xFE, 0x69, 0xFE, 0x69, 0xFE, 0x69, 0xFE, 0x69, 0xFE, 0x69,
    0xFE, 0x69, 0xFE, 0x69, 0xFE, 0x69, 0xFE, 0x69, 0xFE, 0x69, 0xFE, 0x69, 0xFE, 0x69, 0xFE, 0x69, 0xFE, 0x69, 0xFE,
    0x69, 0xFE, 0x69, 0xFE, 0x69, 0xFE, 0x69, 0xFE, 0x69, 0xFE, 0x69, 0xFE, 0x69, 0xFE, 0x69, 0xFE, 0x69, 0xFE, 0x69,
    0xFE, 0x69, 0xFE, 0x69, 0xFE, 0x69, 0xFE, 0x69, 0xFE, 0x69, 0xFE, 0x69, 0xFE, 0x69, 0xFE, 0x69, 0xFE, 0x69, 0xFE,
    0x69, 0xFE, 0x69, 0xFE, 0x69, 0xFE, 0x69, 0xFE, 0x69, 0xFE, 0x69, 0xFE, 0x69, 0xFE, 0x69, 0xFE, 0x69, 0xFE, 0x69,
    0xFE, 0x69, 0xFE, 0x69, 0xFE, 0x69, 0xFE, 0x69, 0xFE, 0x69, 0xFE, 0x69, 0xFE, 0x69, 0xFE, 0x69, 0xFE, 0x69, 0xFE,
    0x69, 0xFE, 0x69, 0xFE, 0x69, 0xFE, 0x69, 0xFE, 0x69, 0xFE, 0x69, 0xFE, 0x69, 0xFE, 0x69, 0xFE, 0x69, 0xFE, 0xC8,
    0xED, 0xC8, 0xED, 0xC8, 0xED, 0x06, 0xCD, 0x06, 0xCD, 0x06, 0xCD, 0x06, 0xCD, 0x44, 0xB4, 0x44, 0xB4, 0x44, 0xB4,
    0x63, 0x93, 0x63, 0x93, 0x63, 0x93, 0xA1, 0x7A, 0xA1, 0x7A, 0xA1, 0x7A, 0xA1, 0x7A, 0x20, 0x62, 0x20, 0x62, 0x20,
    0x62, 0x20, 0x62, 0x20, 0x62, 0x20, 0x62, 0x20, 0x62, 0x20, 0x62, 0x20, 0x62, 0x20, 0x62, 0x22, 0x8B, 0x22, 0x8B,
    0x22, 0x8B, 0x29, 0xF6, 0x29, 0xF6, 0x29, 0xF6, 0x69, 0xFE, 0x69, 0xFE, 0x69, 0xFE, 0x69, 0xFE, 0x69, 0xFE, 0x69,
    0xFE, 0x69, 0xFE, 0x69, 0xFE, 0x69, 0xFE, 0x69, 0xFE, 0x69, 0xFE, 0x69, 0xFE, 0x69, 0xFE, 0x69, 0xFE, 0x69, 0xFE,
    0x69, 0xFE, 0x69, 0xFE, 0x69, 0xFE, 0x69, 0xFE, 0x69, 0xFE, 0x69, 0xFE, 0x69, 0xFE, 0x69, 0xFE, 0x69, 0xFE, 0x69,
    0xFE, 0x69, 0xFE, 0x69, 0xFE, 0x69, 0xFE, 0x69, 0xFE, 0x69, 0xFE, 0x69, 0xFE, 0x69, 0xFE, 0x69, 0xFE, 0x69, 0xFE,
    0x69, 0xFE, 0x69, 0xFE, 0x69, 0xFE, 0x69, 0xFE, 0x69, 0xFE, 0x69, 0xFE, 0x69, 0xFE, 0x69, 0xFE, 0x69, 0xFE, 0x69,
    0xFE, 0x69, 0xFE, 0x69, 0xFE, 0x69, 0xFE, 0x69, 0xFE, 0x69, 0xFE, 0x69, 0xFE, 0x69, 0xFE, 0x69, 0xFE, 0x69, 0xFE,
    0x69, 0xFE, 0x69, 0xFE, 0x69, 0xFE, 0x69, 0xFE, 0x69, 0xFE, 0x69, 0xFE, 0x69, 0xFE, 0x69, 0xFE, 0x69, 0xFE, 0x69,
    0xFE, 0x69, 0xFE, 0x69, 0xFE, 0x69, 0xFE, 0x69, 0xFE, 0x69, 0xFE, 0x69, 0xFE, 0x69, 0xFE, 0x69, 0xFE, 0x69, 0xFE,
    0x69, 0xFE, 0x69, 0xFE, 0x69, 0xFE, 0x69, 0xFE, 0x69, 0xFE, 0x69, 0xFE, 0x69, 0xFE, 0x69, 0xFE, 0x69, 0xFE, 0x69,
    0xFE, 0x69, 0xFE, 0x69, 0xFE, 0x69, 0xFE, 0x69, 0xFE, 0x69, 0xFE, 0x69, 0xFE, 0x69, 0xFE, 0x69, 0xFE, 0x69, 0xFE,
    0x69, 0xFE, 0x69, 0xFE, 0x69, 0xFE, 0x29, 0xF6, 0x29, 0xF6, 0x29, 0xF6, 0xE1, 0x82, 0xE1, 0x82, 0xE1, 0x82, 0x20,
    0x62, 0x20, 0x62, 0x20, 0x62, 0x20, 0x62, 0x20, 0x62, 0x20, 0x62, 0x20, 0x62, 0x20, 0x62, 0x20, 0x62, 0x20, 0x62,
    0xA1, 0x7A, 0xA1, 0x7A, 0xA1, 0x7A, 0xA1, 0x7A, 0x63, 0x93, 0x63, 0x93, 0x63, 0x93, 0x44, 0xB4, 0x44, 0xB4, 0x44,
    0xB4, 0x06, 0xCD, 0x06, 0xCD, 0x06, 0xCD, 0x06, 0xCD, 0xC8, 0xED, 0xC8, 0xED, 0xC8, 0xED, 0x69, 0xFE, 0x69, 0xFE,
    0x69, 0xFE, 0x69, 0xFE, 0x69, 0xFE, 0x69, 0xFE, 0x69, 0xFE, 0x69, 0xFE, 0x69, 0xFE, 0x69, 0xFE, 0x69, 0xFE, 0x69,
    0xFE, 0x69, 0xFE, 0x69, 0xFE, 0x69, 0xFE, 0x69, 0xFE, 0x69, 0xFE, 0x69, 0xFE, 0x69, 0xFE, 0x69, 0xFE, 0x69, 0xFE,
    0x69, 0xFE, 0x69, 0xFE, 0x69, 0xFE, 0x69, 0xFE, 0x69, 0xFE, 0x69, 0xFE, 0x69, 0xFE, 0x69, 0xFE, 0x69, 0xFE, 0x69,
    0xFE, 0x69, 0xFE, 0x69, 0xFE, 0x69, 0xFE, 0x69, 0xFE, 0x69, 0xFE, 0x69, 0xFE, 0x69, 0xFE, 0x69, 0xFE, 0x69, 0xFE,
    0x69, 0xFE, 0x69, 0xFE, 0x69, 0xFE, 0x69, 0xFE, 0x69, 0xFE, 0x69, 0xFE, 0x69, 0xFE, 0x69, 0xFE, 0x69, 0xFE, 0x69,
    0xFE, 0x69, 0xFE, 0x69, 0xFE, 0x69, 0xFE, 0x69, 0xFE, 0x69, 0xFE, 0x69, 0xFE, 0x69, 0xFE, 0x69, 0xFE, 0x69, 0xFE,
    0x69, 0xFE, 0x69, 0xFE, 0x69, 0xFE, 0x69, 0xFE, 0x69, 0xFE, 0x69, 0xFE, 0x69, 0xFE, 0x69, 0xFE, 0x69, 0xFE, 0x69,
    0xFE, 0x69, 0xFE, 0x69, 0xFE, 0x69, 0xFE, 0x69, 0xFE, 0x69, 0xFE, 0x69, 0xFE, 0x69, 0xFE, 0x69, 0xFE, 0x69, 0xFE,
    0x69, 0xFE, 0x69, 0xFE, 0xC8, 0xED, 0xC8, 0xED, 0xC8, 0xED, 0x06, 0xCD, 0x06, 0xCD, 0x06, 0xCD, 0x06, 0xCD, 0x44,
    0xB4, 0x44, 0xB4, 0x44, 0xB4, 0x63, 0x93, 0x63, 0x93, 0x63, 0x93, 0xA1, 0x7A, 0xA1, 0x7A, 0xA1, 0x7A, 0xA1, 0x7A,
    0x20, 0x62, 0x20, 0x62, 0x20, 0x62, 0x20, 0x62, 0x20, 0x62, 0x20, 0x62, 0x20, 0x62, 0x20, 0x62, 0x20, 0x62, 0x20,
    0x62, 0x22, 0x8B, 0x22, 0x8B, 0x22, 0x8B, 0x29, 0xF6, 0x29, 0xF6, 0x29, 0xF6, 0x69, 0xFE, 0x69, 0xFE, 0x69, 0xFE,
    0x69, 0xFE, 0x69, 0xFE, 0x69, 0xFE, 0x69, 0xFE, 0x69, 0xFE, 0x69, 0xFE, 0x69, 0xFE, 0x69, 0xFE, 0x69, 0xFE, 0x69,
    0xFE, 0x69, 0xFE, 0x69, 0xFE, 0x69, 0xFE, 0x69, 0xFE, 0x69, 0xFE, 0x69, 0xFE, 0x69, 0xFE, 0x69, 0xFE, 0x69, 0xFE,
    0x69, 0xFE, 0x69, 0xFE, 0x69, 0xFE, 0x69, 0xFE, 0x69, 0xFE, 0x69, 0xFE, 0x69, 0xFE, 0x69, 0xFE, 0x69, 0xFE, 0x69,
    0xFE, 0x69, 0xFE, 0x69, 0xFE, 0x69, 0xFE, 0x69, 0xFE, 0x69, 0xFE, 0x69, 0xFE, 0x69, 0xFE, 0x69, 0xFE, 0x69, 0xFE,
    0x69, 0xFE, 0x69, 0xFE, 0x69, 0xFE, 0x69, 0xFE, 0x69, 0xFE, 0x69, 0xFE, 0x69, 0xFE, 0x69, 0xFE, 0x69, 0xFE, 0x69,
    0xFE, 0x69, 0xFE, 0x69, 0xFE, 0x69, 0xFE, 0x69, 0xFE, 0x69, 0xFE, 0x69, 0xFE, 0x69, 0xFE, 0x69, 0xFE, 0x69, 0xFE,
    0x69, 0xFE, 0x69, 0xFE, 0x69, 0xFE, 0x69, 0xFE, 0x69, 0xFE, 0x69, 0xFE, 0x69, 0xFE, 0x69, 0xFE, 0x69, 0xFE, 0x69,
    0xFE, 0x69, 0xFE, 0x69, 0xFE, 0x69, 0xFE, 0x69, 0xFE, 0x69, 0xFE, 0x69, 0xFE, 0x69, 0xFE, 0x69, 0xFE, 0x69, 0xFE,
    0x69, 0xFE, 0x69, 0xFE, 0x69, 0xFE, 0x69, 0xFE, 0x69, 0xFE, 0x69, 0xFE, 0x69, 0xFE, 0x69, 0xFE, 0x69, 0xFE, 0x69,
    0xFE, 0x69, 0xFE, 0x69, 0xFE, 0x69, 0xFE, 0x69, 0xFE, 0x69, 0xFE, 0xC3, 0x9B, 0xC3, 0x9B, 0xC3, 0x9B, 0x20, 0x62,
    0x20, 0x62, 0x20, 0x62, 0x20, 0x62, 0x20, 0x62, 0x20, 0x62, 0x20, 0x62, 0x20, 0x62, 0x20, 0x62, 0x20, 0x62, 0x20,
    0x62, 0x20, 0x62, 0x20, 0x62, 0x20, 0x62, 0x20, 0x62, 0x20, 0x62, 0x20, 0x62, 0x20, 0x62, 0x20, 0x62, 0x20, 0x62,
    0x20, 0x62, 0x20, 0x62, 0x20, 0x62, 0x20, 0x62, 0x20, 0x62, 0x20, 0x62, 0x20, 0x62, 0x20, 0x62, 0x20, 0x62, 0x20,
    0x62, 0x20, 0x62, 0x20, 0x62, 0x20, 0x62, 0xE1, 0x82, 0xE1, 0x82, 0xE1, 0x82, 0xE1, 0x82, 0x22, 0x8B, 0x22, 0x8B,
    0x22, 0x8B, 0x04, 0xAC, 0x04, 0xAC, 0x04, 0xAC, 0x44, 0xB4, 0x44, 0xB4, 0x44, 0xB4, 0x44, 0xB4, 0x85, 0xBC, 0x85,
    0xBC, 0x85, 0xBC, 0x47, 0xDD, 0x47, 0xDD, 0x47, 0xDD, 0x47, 0xDD, 0x47, 0xDD, 0x47, 0xDD, 0x47, 0xDD, 0x47, 0xDD,
    0x47, 0xDD, 0x47, 0xDD, 0x47, 0xDD, 0x47, 0xDD, 0x47, 0xDD, 0x47, 0xDD, 0x47, 0xDD, 0x47, 0xDD, 0x47, 0xDD, 0x47,
    0xDD, 0x47, 0xDD, 0x47, 0xDD, 0xC8, 0xED, 0xC8, 0xED, 0xC8, 0xED, 0x47, 0xDD, 0x47, 0xDD, 0x47, 0xDD, 0x47, 0xDD,
    0x47, 0xDD, 0x47, 0xDD, 0x47, 0xDD, 0x47, 0xDD, 0x47, 0xDD, 0x47, 0xDD, 0x47, 0xDD, 0x47, 0xDD, 0x47, 0xDD, 0x47,
    0xDD, 0x47, 0xDD, 0x47, 0xDD, 0x47, 0xDD, 0x85, 0xBC, 0x85, 0xBC, 0x85, 0xBC, 0x44, 0xB4, 0x44, 0xB4, 0x44, 0xB4,
    0x44, 0xB4, 0x04, 0xAC, 0x04, 0xAC, 0x04, 0xAC, 0x22, 0x8B, 0x22, 0x8B, 0x22, 0x8B, 0xE1, 0x82, 0xE1, 0x82, 0xE1,
    0x82, 0xE1, 0x82, 0x20, 0x62, 0x20, 0x62, 0x20, 0x62, 0x20, 0x62, 0x20, 0x62, 0x20, 0x62, 0x20, 0x62, 0x20, 0x62,
    0x20, 0x62, 0x20, 0x62, 0x20, 0x62, 0x20, 0x62, 0x20, 0x62, 0x20, 0x62, 0x20, 0x62, 0x20, 0x62, 0x20, 0x62, 0x20,
    0x62, 0x20, 0x62, 0x20, 0x62, 0x20, 0x62, 0x20, 0x62, 0x20, 0x62, 0x20, 0x62, 0x20, 0x62, 0x20, 0x62, 0x20, 0x62,
    0x20, 0x62, 0x20, 0x62, 0x20, 0x62, 0x20, 0x62, 0x20, 0x62, 0x20, 0x62, 0xC3, 0x9B, 0xC3, 0x9B, 0xC3, 0x9B, 0x69,
    0xFE, 0x69, 0xFE, 0x69, 0xFE, 0x69, 0xFE, 0x69, 0xFE, 0x69, 0xFE, 0x69, 0xFE, 0x69, 0xFE, 0x69, 0xFE, 0x69, 0xFE,
    0x69, 0xFE, 0x69, 0xFE, 0x69, 0xFE, 0x69, 0xFE, 0x69, 0xFE, 0x69, 0xFE, 0x69, 0xFE, 0x69, 0xFE, 0x69, 0xFE, 0x69,
    0xFE, 0x69, 0xFE, 0x69, 0xFE, 0x69, 0xFE, 0x69, 0xFE, 0x69, 0xFE, 0x69, 0xFE, 0x69, 0xFE, 0x69, 0xFE, 0x69, 0xFE,
    0x69, 0xFE, 0x69, 0xFE, 0x69, 0xFE, 0x69, 0xFE, 0x69, 0xFE, 0x69, 0xFE, 0x69, 0xFE, 0x69, 0xFE, 0x69, 0xFE, 0x69,
    0xFE, 0x69, 0xFE, 0x69, 0xFE, 0x69, 0xFE, 0x69, 0xFE, 0x69, 0xFE, 0x69, 0xFE, 0x69, 0xFE, 0x69, 0xFE, 0x69, 0xFE,
    0x69, 0xFE, 0x69, 0xFE, 0x69, 0xFE, 0x69, 0xFE, 0x69, 0xFE, 0x69, 0xFE, 0x69, 0xFE, 0x69, 0xFE, 0x69, 0xFE, 0x69,
    0xFE, 0x69, 0xFE, 0x69, 0xFE, 0x69, 0xFE, 0x69, 0xFE, 0x69, 0xFE, 0x69, 0xFE, 0x69, 0xFE, 0x69, 0xFE, 0x69, 0xFE,
    0x69, 0xFE, 0x69, 0xFE, 0x69, 0xFE, 0x69, 0xFE, 0x69, 0xFE, 0x69, 0xFE, 0x69, 0xFE, 0x69, 0xFE, 0x69, 0xFE, 0x69,
    0xFE, 0x69, 0xFE, 0x69, 0xFE, 0x69, 0xFE, 0x69, 0xFE, 0x69, 0xFE, 0x69, 0xFE, 0x69, 0xFE, 0x69, 0xFE, 0x69, 0xFE,
    0x69, 0xFE, 0x69, 0xFE, 0x69, 0xFE, 0x69, 0xFE, 0x69, 0xFE, 0x69, 0xFE, 0x69, 0xFE, 0x69, 0xFE, 0xC3, 0x9B, 0xC3,
    0x9B, 0xC3, 0x9B, 0x20, 0x62, 0x20, 0x62, 0x20, 0x62, 0x20, 0x62, 0x20, 0x62, 0x20, 0x62, 0x20, 0x62, 0x20, 0x62,
    0x20, 0x62, 0x20, 0x62, 0x20, 0x62, 0x20, 0x62, 0x20, 0x62, 0x20, 0x62, 0x20, 0x62, 0x20, 0x62, 0x20, 0x62, 0x20,
    0x62, 0x20, 0x62, 0x20, 0x62, 0x20, 0x62, 0x20, 0x62, 0x20, 0x62, 0x20, 0x62, 0x20, 0x62, 0x20, 0x62, 0x20, 0x62,
    0x20, 0x62, 0x20, 0x62, 0x20, 0x62, 0x20, 0x62, 0x20, 0x62, 0x20, 0x62, 0xE1, 0x82, 0xE1, 0x82, 0xE1, 0x82, 0xE1,
    0x82, 0x22, 0x8B, 0x22, 0x8B, 0x22, 0x8B, 0x04, 0xAC, 0x04, 0xAC, 0x04, 0xAC, 0x44, 0xB4, 0x44, 0xB4, 0x44, 0xB4,
    0x44, 0xB4, 0x85, 0xBC, 0x85, 0xBC, 0x85, 0xBC, 0x47, 0xDD, 0x47, 0xDD, 0x47, 0xDD, 0x47, 0xDD, 0x47, 0xDD, 0x47,
    0xDD, 0x47, 0xDD, 0x47, 0xDD, 0x47, 0xDD, 0x47, 0xDD, 0x47, 0xDD, 0x47, 0xDD, 0x47, 0xDD, 0x47, 0xDD, 0x47, 0xDD,
    0x47, 0xDD, 0x47, 0xDD, 0x47, 0xDD, 0x47, 0xDD, 0x47, 0xDD, 0xC8, 0xED, 0xC8, 0xED, 0xC8, 0xED, 0x47, 0xDD, 0x47,
    0xDD, 0x47, 0xDD, 0x47, 0xDD, 0x47, 0xDD, 0x47, 0xDD, 0x47, 0xDD, 0x47, 0xDD, 0x47, 0xDD, 0x47, 0xDD, 0x47, 0xDD,
    0x47, 0xDD, 0x47, 0xDD, 0x47, 0xDD, 0x47, 0xDD, 0x47, 0xDD, 0x47, 0xDD, 0x85, 0xBC, 0x85, 0xBC, 0x85, 0xBC, 0x44,
    0xB4, 0x44, 0xB4, 0x44, 0xB4, 0x44, 0xB4, 0x04, 0xAC, 0x04, 0xAC, 0x04, 0xAC, 0x22, 0x8B, 0x22, 0x8B, 0x22, 0x8B,
    0xE1, 0x82, 0xE1, 0x82, 0xE1, 0x82, 0xE1, 0x82, 0x20, 0x62, 0x20, 0x62, 0x20, 0x62, 0x20, 0x62, 0x20, 0x62, 0x20,
    0x62, 0x20, 0x62, 0x20, 0x62, 0x20, 0x62, 0x20, 0x62, 0x20, 0x62, 0x20, 0x62, 0x20, 0x62, 0x20, 0x62, 0x20, 0x62,
    0x20, 0x62, 0x20, 0x62, 0x20, 0x62, 0x20, 0x62, 0x20, 0x62, 0x20, 0x62, 0x20, 0x62, 0x20, 0x62, 0x20, 0x62, 0x20,
    0x62, 0x20, 0x62, 0x20, 0x62, 0x20, 0x62, 0x20, 0x62, 0x20, 0x62, 0x20, 0x62, 0x20, 0x62, 0x20, 0x62, 0xC3, 0x9B,
    0xC3, 0x9B, 0xC3, 0x9B, 0x69, 0xFE, 0x69, 0xFE, 0x69, 0xFE, 0x69, 0xFE, 0x69, 0xFE, 0x69, 0xFE, 0x69, 0xFE, 0x69,
    0xFE, 0x69, 0xFE, 0x69, 0xFE, 0x69, 0xFE, 0x69, 0xFE, 0x69, 0xFE, 0x69, 0xFE, 0x69, 0xFE, 0x69, 0xFE, 0x69, 0xFE,
    0x69, 0xFE, 0x69, 0xFE, 0x69, 0xFE, 0x69, 0xFE, 0x69, 0xFE, 0x69, 0xFE, 0x69, 0xFE, 0x69, 0xFE, 0x69, 0xFE, 0x69,
    0xFE, 0x69, 0xFE, 0x69, 0xFE, 0x69, 0xFE, 0x69, 0xFE, 0x69, 0xFE, 0x69, 0xFE, 0x69, 0xFE, 0x69, 0xFE, 0x69, 0xFE,
    0x69, 0xFE, 0x69, 0xFE, 0x69, 0xFE, 0x69, 0xFE, 0x69, 0xFE, 0x69, 0xFE, 0x69, 0xFE, 0x69, 0xFE, 0x69, 0xFE, 0x69,
    0xFE, 0x69, 0xFE, 0x69, 0xFE, 0x69, 0xFE, 0x69, 0xFE, 0x69, 0xFE, 0x69, 0xFE, 0x69, 0xFE, 0x69, 0xFE, 0x69, 0xFE,
    0x69, 0xFE, 0x69, 0xFE, 0x69, 0xFE, 0x69, 0xFE, 0x69, 0xFE, 0x69, 0xFE, 0x69, 0xFE, 0x69, 0xFE, 0x69, 0xFE, 0x69,
    0xFE, 0x69, 0xFE, 0x69, 0xFE, 0x69, 0xFE, 0x69, 0xFE, 0x69, 0xFE, 0x69, 0xFE, 0x69, 0xFE, 0x69, 0xFE, 0x69, 0xFE,
    0x69, 0xFE, 0x69, 0xFE, 0x69, 0xFE, 0x69, 0xFE, 0x69, 0xFE, 0x69, 0xFE, 0x69, 0xFE, 0x69, 0xFE, 0x69, 0xFE, 0x69,
    0xFE, 0x69, 0xFE, 0x69, 0xFE, 0x69, 0xFE, 0x69, 0xFE, 0x69, 0xFE, 0x69, 0xFE, 0x69, 0xFE, 0x69, 0xFE, 0x69, 0xFE,
    0x69, 0xFE, 0xC3, 0x9B, 0xC3, 0x9B, 0xC3, 0x9B, 0x20, 0x62, 0x20, 0x62, 0x20, 0x62, 0x20, 0x62, 0x20, 0x62, 0x20,
    0x62, 0x20, 0x62, 0x20, 0x62, 0x20, 0x62, 0x20, 0x62, 0x20, 0x62, 0x20, 0x62, 0x20, 0x62, 0x20, 0x62, 0x20, 0x62,
    0x20, 0x62, 0x20, 0x62, 0x20, 0x62, 0x20, 0x62, 0x20, 0x62, 0x20, 0x62, 0x20, 0x62, 0x20, 0x62, 0x20, 0x62, 0x20,
    0x62, 0x20, 0x62, 0x20, 0x62, 0x20, 0x62, 0x20, 0x62, 0x20, 0x62, 0x20, 0x62, 0x20, 0x62, 0x20, 0x62, 0xE1, 0x82,
    0xE1, 0x82, 0xE1, 0x82, 0xE1, 0x82, 0x22, 0x8B, 0x22, 0x8B, 0x22, 0x8B, 0x04, 0xAC, 0x04, 0xAC, 0x04, 0xAC, 0x44,
    0xB4, 0x44, 0xB4, 0x44, 0xB4, 0x44, 0xB4, 0x85, 0xBC, 0x85, 0xBC, 0x85, 0xBC, 0x47, 0xDD, 0x47, 0xDD, 0x47, 0xDD,
    0x47, 0xDD, 0x47, 0xDD, 0x47, 0xDD, 0x47, 0xDD, 0x47, 0xDD, 0x47, 0xDD, 0x47, 0xDD, 0x47, 0xDD, 0x47, 0xDD, 0x47,
    0xDD, 0x47, 0xDD, 0x47, 0xDD, 0x47, 0xDD, 0x47, 0xDD, 0x47, 0xDD, 0x47, 0xDD, 0x47, 0xDD, 0xC8, 0xED, 0xC8, 0xED,
    0xC8, 0xED, 0x47, 0xDD, 0x47, 0xDD, 0x47, 0xDD, 0x47, 0xDD, 0x47, 0xDD, 0x47, 0xDD, 0x47, 0xDD, 0x47, 0xDD, 0x47,
    0xDD, 0x47, 0xDD, 0x47, 0xDD, 0x47, 0xDD, 0x47, 0xDD, 0x47, 0xDD, 0x47, 0xDD, 0x47, 0xDD, 0x47, 0xDD, 0x85, 0xBC,
    0x85, 0xBC, 0x85, 0xBC, 0x44, 0xB4, 0x44, 0xB4, 0x44, 0xB4, 0x44, 0xB4, 0x04, 0xAC, 0x04, 0xAC, 0x04, 0xAC, 0x22,
    0x8B, 0x22, 0x8B, 0x22, 0x8B, 0xE1, 0x82, 0xE1, 0x82, 0xE1, 0x82, 0xE1, 0x82, 0x20, 0x62, 0x20, 0x62, 0x20, 0x62,
    0x20, 0x62, 0x20, 0x62, 0x20, 0x62, 0x20, 0x62, 0x20, 0x62, 0x20, 0x62, 0x20, 0x62, 0x20, 0x62, 0x20, 0x62, 0x20,
    0x62, 0x20, 0x62, 0x20, 0x62, 0x20, 0x62, 0x20, 0x62, 0x20, 0x62, 0x20, 0x62, 0x20, 0x62, 0x20, 0x62, 0x20, 0x62,
    0x20, 0x62, 0x20, 0x62, 0x20, 0x62, 0x20, 0x62, 0x20, 0x62, 0x20, 0x62, 0x20, 0x62, 0x20, 0x62, 0x20, 0x62, 0x20,
    0x62, 0x20, 0x62, 0xC3, 0x9B, 0xC3, 0x9B, 0xC3, 0x9B, 0x69, 0xFE, 0x69, 0xFE, 0x69, 0xFE, 0x69, 0xFE, 0x69, 0xFE,
    0x69, 0xFE, 0x69, 0xFE, 0x69, 0xFE, 0x69, 0xFE, 0x69, 0xFE, 0x69, 0xFE, 0x69, 0xFE, 0x69, 0xFE, 0x69, 0xFE, 0x69,
    0xFE, 0x69, 0xFE, 0x69, 0xFE, 0x69, 0xFE, 0x69, 0xFE, 0x69, 0xFE, 0x69, 0xFE, 0x69, 0xFE, 0x69, 0xFE, 0x69, 0xFE,
    0x69, 0xFE, 0x69, 0xFE, 0x69, 0xFE, 0x69, 0xFE, 0x69, 0xFE, 0x69, 0xFE, 0x69, 0xFE, 0x69, 0xFE, 0x69, 0xFE, 0x69,
    0xFE, 0x69, 0xFE, 0x69, 0xFE, 0x69, 0xFE, 0x69, 0xFE, 0x69, 0xFE, 0x69, 0xFE, 0x69, 0xFE, 0x69, 0xFE, 0x69, 0xFE,
    0x69, 0xFE, 0x69, 0xFE, 0x69, 0xFE, 0x69, 0xFE, 0x69, 0xFE, 0x69, 0xFE, 0x69, 0xFE, 0x69, 0xFE, 0x69, 0xFE, 0x69,
    0xFE, 0x69, 0xFE, 0x69, 0xFE, 0x69, 0xFE, 0x69, 0xFE, 0x69, 0xFE, 0x69, 0xFE, 0x69, 0xFE, 0x69, 0xFE, 0x69, 0xFE,
    0x69, 0xFE, 0x69, 0xFE, 0x69, 0xFE, 0x69, 0xFE, 0x69, 0xFE, 0x69, 0xFE, 0x69, 0xFE, 0x69, 0xFE, 0x69, 0xFE, 0x69,
    0xFE, 0x69, 0xFE, 0x69, 0xFE, 0x69, 0xFE, 0x69, 0xFE, 0x69, 0xFE, 0x69, 0xFE, 0x69, 0xFE, 0x69, 0xFE, 0x69, 0xFE,
    0x69, 0xFE, 0x69, 0xFE, 0x69, 0xFE, 0x69, 0xFE, 0x69, 0xFE, 0x69, 0xFE, 0x69, 0xFE, 0x69, 0xFE, 0x69, 0xFE, 0x69,
    0xFE, 0x69, 0xFE, 0x69, 0xFE, 0x69, 0xFE, 0xC3, 0x9B, 0xC3, 0x9B, 0xC3, 0x9B, 0x20, 0x62, 0x20, 0x62, 0x20, 0x62,
    0x20, 0x62, 0x20, 0x62, 0x20, 0x62, 0x20, 0x62, 0x20, 0x62, 0x20, 0x62, 0x20, 0x62, 0x20, 0x62, 0x20, 0x62, 0x20,
    0x62, 0x20, 0x62, 0x20, 0x62, 0x20, 0x62, 0x20, 0x62, 0x20, 0x62, 0x20, 0x62, 0x20, 0x62, 0x20, 0x62, 0x20, 0x62,
    0x20, 0x62, 0x20, 0x62, 0x20, 0x62, 0x20, 0x62, 0x20, 0x62, 0x20, 0x62, 0x20, 0x62, 0x20, 0x62, 0x20, 0x62, 0x20,
    0x62, 0x20, 0x62, 0xE1, 0x82, 0xE1, 0x82, 0xE1, 0x82, 0xE1, 0x82, 0x22, 0x8B, 0x22, 0x8B, 0x22, 0x8B, 0x04, 0xAC,
    0x04, 0xAC, 0x04, 0xAC, 0x44, 0xB4, 0x44, 0xB4, 0x44, 0xB4, 0x44, 0xB4, 0x85, 0xBC, 0x85, 0xBC, 0x85, 0xBC, 0x47,
    0xDD, 0x47, 0xDD, 0x47, 0xDD, 0x47, 0xDD, 0x47, 0xDD, 0x47, 0xDD, 0x47, 0xDD, 0x47, 0xDD, 0x47, 0xDD, 0x47, 0xDD,
    0x47, 0xDD, 0x47, 0xDD, 0x47, 0xDD, 0x47, 0xDD, 0x47, 0xDD, 0x47, 0xDD, 0x47, 0xDD, 0x47, 0xDD, 0x47, 0xDD, 0x47,
    0xDD, 0xC8, 0xED, 0xC8, 0xED, 0xC8, 0xED, 0x47, 0xDD, 0x47, 0xDD, 0x47, 0xDD, 0x47, 0xDD, 0x47, 0xDD, 0x47, 0xDD,
    0x47, 0xDD, 0x47, 0xDD, 0x47, 0xDD, 0x47, 0xDD, 0x47, 0xDD, 0x47, 0xDD, 0x47, 0xDD, 0x47, 0xDD, 0x47, 0xDD, 0x47,
    0xDD, 0x47, 0xDD, 0x85, 0xBC, 0x85, 0xBC, 0x85, 0xBC, 0x44, 0xB4, 0x44, 0xB4, 0x44, 0xB4, 0x44, 0xB4, 0x04, 0xAC,
    0x04, 0xAC, 0x04, 0xAC, 0x22, 0x8B, 0x22, 0x8B, 0x22, 0x8B, 0xE1, 0x82, 0xE1, 0x82, 0xE1, 0x82, 0xE1, 0x82, 0x20,
    0x62, 0x20, 0x62, 0x20, 0x62, 0x20, 0x62, 0x20, 0x62, 0x20, 0x62, 0x20, 0x62, 0x20, 0x62, 0x20, 0x62, 0x20, 0x62,
    0x20, 0x62, 0x20, 0x62, 0x20, 0x62, 0x20, 0x62, 0x20, 0x62, 0x20, 0x62, 0x20, 0x62, 0x20, 0x62, 0x20, 0x62, 0x20,
    0x62, 0x20, 0x62, 0x20, 0x62, 0x20, 0x62, 0x20, 0x62, 0x20, 0x62, 0x20, 0x62, 0x20, 0x62, 0x20, 0x62, 0x20, 0x62,
    0x20, 0x62, 0x20, 0x62, 0x20, 0x62, 0x20, 0x62, 0xC3, 0x9B, 0xC3, 0x9B, 0xC3, 0x9B, 0x69, 0xFE, 0x69, 0xFE, 0x69,
    0xFE, 0x69, 0xFE, 0x69, 0xFE, 0x69, 0xFE, 0x69, 0xFE, 0x69, 0xFE, 0x69, 0xFE, 0x69, 0xFE, 0x69, 0xFE, 0x69, 0xFE,
    0x69, 0xFE, 0x69, 0xFE, 0x69, 0xFE, 0x69, 0xFE, 0x69, 0xFE, 0x69, 0xFE, 0x69, 0xFE, 0x69, 0xFE, 0x69, 0xFE, 0x69,
    0xFE, 0x69, 0xFE, 0x69, 0xFE, 0x69, 0xFE, 0x69, 0xFE, 0x69, 0xFE, 0x69, 0xFE, 0x69, 0xFE, 0x69, 0xFE, 0x69, 0xFE,
    0x69, 0xFE, 0x69, 0xFE, 0x69, 0xFE, 0x69, 0xFE, 0x69, 0xFE, 0x69, 0xFE, 0x69, 0xFE, 0x69, 0xFE, 0x69, 0xFE, 0x69,
    0xFE, 0x69, 0xFE, 0x69, 0xFE, 0x69, 0xFE, 0x69, 0xFE, 0x69, 0xFE, 0x69, 0xFE, 0x69, 0xFE, 0x69, 0xFE, 0x69, 0xFE,
    0x69, 0xFE, 0x69, 0xFE, 0x69, 0xFE, 0x69, 0xFE, 0x69, 0xFE, 0x69, 0xFE, 0x69, 0xFE, 0x69, 0xFE, 0x69, 0xFE, 0x69,
    0xFE, 0x69, 0xFE, 0x69, 0xFE, 0x69, 0xFE, 0x69, 0xFE, 0x69, 0xFE, 0x69, 0xFE, 0x69, 0xFE, 0x69, 0xFE, 0x69, 0xFE,
    0x69, 0xFE, 0x69, 0xFE, 0x69, 0xFE, 0x69, 0xFE, 0x69, 0xFE, 0x69, 0xFE, 0x69, 0xFE, 0x69, 0xFE, 0x69, 0xFE, 0x69,
    0xFE, 0x69, 0xFE, 0x69, 0xFE, 0x69, 0xFE, 0x69, 0xFE, 0x69, 0xFE, 0x69, 0xFE, 0x69, 0xFE, 0x69, 0xFE, 0x69, 0xFE,
    0x69, 0xFE, 0x69, 0xFE, 0x69, 0xFE, 0x69, 0xFE, 0x69, 0xFE, 0x69, 0xFE, 0x20, 0x62, 0x20, 0x62, 0x20, 0x62, 0x20,
    0x62, 0x20, 0x62, 0x20, 0x62, 0x20, 0x62, 0x20, 0x62, 0x20, 0x62, 0x20, 0x62, 0x20, 0x62, 0x20, 0x62, 0x20, 0x62,
    0x20, 0x62, 0x20, 0x62, 0x20, 0x62, 0x20, 0x62, 0x20, 0x62, 0x20, 0x62, 0x20, 0x62, 0x20, 0x62, 0x20, 0x62, 0x20,
    0x62, 0x20, 0x62, 0x20, 0x62, 0x20, 0x62, 0x20, 0x62, 0x20, 0x62, 0x20, 0x62, 0x20, 0x62, 0x20, 0x62, 0x20, 0x62,
    0x20, 0x62, 0x20, 0x62, 0x20, 0x62, 0x20, 0x62, 0x20, 0x62, 0x20, 0x62, 0x20, 0x62, 0x20, 0x62, 0x20, 0x62, 0x20,
    0x62, 0x20, 0x62, 0x20, 0x62, 0x20, 0x62, 0x20, 0x62, 0x20, 0x62, 0x20, 0x62, 0x20, 0x62, 0x20, 0x62, 0x20, 0x62,
    0x20, 0x62, 0x20, 0x62, 0x20, 0x62, 0x20, 0x62, 0x20, 0x62, 0x20, 0x62, 0x20, 0x62, 0x20, 0x62, 0x20, 0x62, 0x20,
    0x62, 0x20, 0x62, 0x20, 0x62, 0x20, 0x62, 0x20, 0x62, 0x20, 0x62, 0x20, 0x62, 0x20, 0x62, 0x20, 0x62, 0x20, 0x62,
    0x20, 0x62, 0x20, 0x62, 0x20, 0x62, 0x20, 0x62, 0x20, 0x62, 0x20, 0x62, 0x20, 0x62, 0x20, 0x62, 0x20, 0x62, 0x20,
    0x62, 0x20, 0x62, 0x20, 0x62, 0x20, 0x62, 0x20, 0x62, 0x20, 0x62, 0x20, 0x62, 0x20, 0x62, 0x20, 0x62, 0x20, 0x62,
    0x20, 0x62, 0x20, 0x62, 0x20, 0x62, 0x20, 0x62, 0x20, 0x62, 0x20, 0x62, 0x20, 0x62, 0x20, 0x62, 0x20, 0x62, 0x20,
    0x62, 0x20, 0x62, 0x20, 0x62, 0x20, 0x62, 0x20, 0x62, 0x20, 0x62, 0x20, 0x62, 0x20, 0x62, 0x20, 0x62, 0x20, 0x62,
    0x20, 0x62, 0x20, 0x62, 0x20, 0x62, 0x20, 0x62, 0x20, 0x62, 0x20, 0x62, 0x20, 0x62, 0x20, 0x62, 0x20, 0x62, 0x20,
    0x62, 0x20, 0x62, 0x20, 0x62, 0x20, 0x62, 0x20, 0x62, 0x20, 0x62, 0x20, 0x62, 0x20, 0x62, 0x20, 0x62, 0x20, 0x62,
    0x20, 0x62, 0x20, 0x62, 0x20, 0x62, 0x20, 0x62, 0x20, 0x62, 0x20, 0x62, 0x20, 0x62, 0x20, 0x62, 0x20, 0x62, 0x20,
    0x62, 0x20, 0x62, 0x20, 0x62, 0x20, 0x62, 0x20, 0x62, 0x20, 0x62, 0x20, 0x62, 0x20, 0x62, 0x20, 0x62, 0x20, 0x62,
    0x69, 0xFE, 0x69, 0xFE, 0x69, 0xFE, 0x69, 0xFE, 0x69, 0xFE, 0x69, 0xFE, 0x69, 0xFE, 0x69, 0xFE, 0x69, 0xFE, 0x69,
    0xFE, 0x69, 0xFE, 0x69, 0xFE, 0x69, 0xFE, 0x69, 0xFE, 0x69, 0xFE, 0x69, 0xFE, 0x69, 0xFE, 0x69, 0xFE, 0x69, 0xFE,
    0x69, 0xFE, 0x69, 0xFE, 0x69, 0xFE, 0x69, 0xFE, 0x69, 0xFE, 0x69, 0xFE, 0x69, 0xFE, 0x69, 0xFE, 0x69, 0xFE, 0x69,
    0xFE, 0x69, 0xFE, 0x69, 0xFE, 0x69, 0xFE, 0x69, 0xFE, 0x69, 0xFE, 0x69, 0xFE, 0x69, 0xFE, 0x69, 0xFE, 0x69, 0xFE,
    0x69, 0xFE, 0x69, 0xFE, 0x69, 0xFE, 0x69, 0xFE, 0x69, 0xFE, 0x69, 0xFE, 0x69, 0xFE, 0x69, 0xFE, 0x69, 0xFE, 0x69,
    0xFE, 0x69, 0xFE, 0x69, 0xFE, 0x69, 0xFE, 0x69, 0xFE, 0x69, 0xFE, 0x69, 0xFE, 0x69, 0xFE, 0x69, 0xFE, 0x69, 0xFE,
    0x69, 0xFE, 0x69, 0xFE, 0x69, 0xFE, 0x69, 0xFE, 0x69, 0xFE, 0x69, 0xFE, 0x69, 0xFE, 0x69, 0xFE, 0x69, 0xFE, 0x69,
    0xFE, 0x69, 0xFE, 0x69, 0xFE, 0x69, 0xFE, 0x69, 0xFE, 0x69, 0xFE, 0x69, 0xFE, 0x69, 0xFE, 0x69, 0xFE, 0x69, 0xFE,
    0x69, 0xFE, 0x69, 0xFE, 0x69, 0xFE, 0x69, 0xFE, 0x69, 0xFE, 0x69, 0xFE, 0x69, 0xFE, 0x69, 0xFE, 0x69, 0xFE, 0x69,
    0xFE, 0x69, 0xFE, 0x69, 0xFE, 0x69, 0xFE, 0x69, 0xFE, 0x69, 0xFE, 0x69, 0xFE, 0x69, 0xFE, 0x69, 0xFE, 0x20, 0x62,
    0x20, 0x62, 0x20, 0x62, 0x20, 0x62, 0x20, 0x62, 0x20, 0x62, 0x20, 0x62, 0x20, 0x62, 0x20, 0x62, 0x20, 0x62, 0x20,
    0x62, 0x20, 0x62, 0x20, 0x62, 0x20, 0x62, 0x20, 0x62, 0x20, 0x62, 0x20, 0x62, 0x20, 0x62, 0x20, 0x62, 0x20, 0x62,
    0x20, 0x62, 0x20, 0x62, 0x20, 0x62, 0x20, 0x62, 0x20, 0x62, 0x20, 0x62, 0x20, 0x62, 0x20, 0x62, 0x20, 0x62, 0x20,
    0x62, 0x20, 0x62, 0x20, 0x62, 0x20, 0x62, 0x20, 0x62, 0x20, 0x62, 0x20, 0x62, 0x20, 0x62, 0x20, 0x62, 0x20, 0x62,
    0x20, 0x62, 0x20, 0x62, 0x20, 0x62, 0x20, 0x62, 0x20, 0x62, 0x20, 0x62, 0x20, 0x62, 0x20, 0x62, 0x20, 0x62, 0x20,
    0x62, 0x20, 0x62, 0x20, 0x62, 0x20, 0x62, 0x20, 0x62, 0x20, 0x62, 0x20, 0x62, 0x20, 0x62, 0x20, 0x62, 0x20, 0x62,
    0x20, 0x62, 0x20, 0x62, 0x20, 0x62, 0x20, 0x62, 0x20, 0x62, 0x20, 0x62, 0x20, 0x62, 0x20, 0x62, 0x20, 0x62, 0x20,
    0x62, 0x20, 0x62, 0x20, 0x62, 0x20, 0x62, 0x20, 0x62, 0x20, 0x62, 0x20, 0x62, 0x20, 0x62, 0x20, 0x62, 0x20, 0x62,
    0x20, 0x62, 0x20, 0x62, 0x20, 0x62, 0x20, 0x62, 0x20, 0x62, 0x20, 0x62, 0x20, 0x62, 0x20, 0x62, 0x20, 0x62, 0x20,
    0x62, 0x20, 0x62, 0x20, 0x62, 0x20, 0x62, 0x20, 0x62, 0x20, 0x62, 0x20, 0x62, 0x20, 0x62, 0x20, 0x62, 0x20, 0x62,
    0x20, 0x62, 0x20, 0x62, 0x20, 0x62, 0x20, 0x62, 0x20, 0x62, 0x20, 0x62, 0x20, 0x62, 0x20, 0x62, 0x20, 0x62, 0x20,
    0x62, 0x20, 0x62, 0x20, 0x62, 0x20, 0x62, 0x20, 0x62, 0x20, 0x62, 0x20, 0x62, 0x20, 0x62, 0x20, 0x62, 0x20, 0x62,
    0x20, 0x62, 0x20, 0x62, 0x20, 0x62, 0x20, 0x62, 0x20, 0x62, 0x20, 0x62, 0x20, 0x62, 0x20, 0x62, 0x20, 0x62, 0x20,
    0x62, 0x20, 0x62, 0x20, 0x62, 0x20, 0x62, 0x20, 0x62, 0x20, 0x62, 0x20, 0x62, 0x20, 0x62, 0x20, 0x62, 0x20, 0x62,
    0x20, 0x62, 0x20, 0x62, 0x20, 0x62, 0x20, 0x62, 0x20, 0x62, 0x20, 0x62, 0x20, 0x62, 0x20, 0x62, 0x20, 0x62, 0x20,
    0x62, 0x20, 0x62, 0x20, 0x62, 0x69, 0xFE, 0x69, 0xFE, 0x69, 0xFE, 0x69, 0xFE, 0x69, 0xFE, 0x69, 0xFE, 0x69, 0xFE,
    0x69, 0xFE, 0x69, 0xFE, 0x69, 0xFE, 0x69, 0xFE, 0x69, 0xFE, 0x69, 0xFE, 0x69, 0xFE, 0x69, 0xFE, 0x69, 0xFE, 0x69,
    0xFE, 0x69, 0xFE, 0x69, 0xFE, 0x69, 0xFE, 0x69, 0xFE, 0x69, 0xFE, 0x69, 0xFE, 0x69, 0xFE, 0x69, 0xFE, 0x69, 0xFE,
    0x69, 0xFE, 0x69, 0xFE, 0x69, 0xFE, 0x69, 0xFE, 0x69, 0xFE, 0x69, 0xFE, 0x69, 0xFE, 0x69, 0xFE, 0x69, 0xFE, 0x69,
    0xFE, 0x69, 0xFE, 0x69, 0xFE, 0x69, 0xFE, 0x69, 0xFE, 0x69, 0xFE, 0x69, 0xFE, 0x69, 0xFE, 0x69, 0xFE, 0x69, 0xFE,
    0x69, 0xFE, 0x69, 0xFE, 0x69, 0xFE, 0x69, 0xFE, 0x69, 0xFE, 0x69, 0xFE, 0x69, 0xFE, 0x69, 0xFE, 0x69, 0xFE, 0x69,
    0xFE, 0x69, 0xFE, 0x69, 0xFE, 0x69, 0xFE, 0x69, 0xFE, 0x69, 0xFE, 0x69, 0xFE, 0x69, 0xFE, 0x69, 0xFE, 0x69, 0xFE,
    0x69, 0xFE, 0x69, 0xFE, 0x69, 0xFE, 0x69, 0xFE, 0x69, 0xFE, 0x69, 0xFE, 0x69, 0xFE, 0x69, 0xFE, 0x69, 0xFE, 0x69,
    0xFE, 0x69, 0xFE, 0x69, 0xFE, 0x69, 0xFE, 0x69, 0xFE, 0x69, 0xFE, 0x69, 0xFE, 0x69, 0xFE, 0x69, 0xFE, 0x69, 0xFE,
    0x69, 0xFE, 0x69, 0xFE, 0x69, 0xFE, 0x69, 0xFE, 0x69, 0xFE, 0x69, 0xFE, 0x69, 0xFE, 0x69, 0xFE, 0x69, 0xFE, 0x69,
    0xFE, 0x69, 0xFE, 0x20, 0x62, 0x20, 0x62, 0x20, 0x62, 0x20, 0x62, 0x20, 0x62, 0x20, 0x62, 0x20, 0x62, 0x20, 0x62,
    0x20, 0x62, 0x20, 0x62, 0x20, 0x62, 0x20, 0x62, 0x20, 0x62, 0x20, 0x62, 0x20, 0x62, 0x20, 0x62, 0x20, 0x62, 0x20,
    0x62, 0x20, 0x62, 0x20, 0x62, 0x20, 0x62, 0x20, 0x62, 0x20, 0x62, 0x20, 0x62, 0x20, 0x62, 0x20, 0x62, 0x20, 0x62,
    0x20, 0x62, 0x20, 0x62, 0x20, 0x62, 0x20, 0x62, 0x20, 0x62, 0x20, 0x62, 0x20, 0x62, 0x20, 0x62, 0x20, 0x62, 0x20,
    0x62, 0x20, 0x62, 0x20, 0x62, 0x20, 0x62, 0x20, 0x62, 0x20, 0x62, 0x20, 0x62, 0x20, 0x62, 0x20, 0x62, 0x20, 0x62,
    0x20, 0x62, 0x20, 0x62, 0x20, 0x62, 0x20, 0x62, 0x20, 0x62, 0x20, 0x62, 0x20, 0x62, 0x20, 0x62, 0x20, 0x62, 0x20,
    0x62, 0x20, 0x62, 0x20, 0x62, 0x20, 0x62, 0x20, 0x62, 0x20, 0x62, 0x20, 0x62, 0x20, 0x62, 0x20, 0x62, 0x20, 0x62,
    0x20, 0x62, 0x20, 0x62, 0x20, 0x62, 0x20, 0x62, 0x20, 0x62, 0x20, 0x62, 0x20, 0x62, 0x20, 0x62, 0x20, 0x62, 0x20,
    0x62, 0x20, 0x62, 0x20, 0x62, 0x20, 0x62, 0x20, 0x62, 0x20, 0x62, 0x20, 0x62, 0x20, 0x62, 0x20, 0x62, 0x20, 0x62,
    0x20, 0x62, 0x20, 0x62, 0x20, 0x62, 0x20, 0x62, 0x20, 0x62, 0x20, 0x62, 0x20, 0x62, 0x20, 0x62, 0x20, 0x62, 0x20,
    0x62, 0x20, 0x62, 0x20, 0x62, 0x20, 0x62, 0x20, 0x62, 0x20, 0x62, 0x20, 0x62, 0x20, 0x62, 0x20, 0x62, 0x20, 0x62,
    0x20, 0x62, 0x20, 0x62, 0x20, 0x62, 0x20, 0x62, 0x20, 0x62, 0x20, 0x62, 0x20, 0x62, 0x20, 0x62, 0x20, 0x62, 0x20,
    0x62, 0x20, 0x62, 0x20, 0x62, 0x20, 0x62, 0x20, 0x62, 0x20, 0x62, 0x20, 0x62, 0x20, 0x62, 0x20, 0x62, 0x20, 0x62,
    0x20, 0x62, 0x20, 0x62, 0x20, 0x62, 0x20, 0x62, 0x20, 0x62, 0x20, 0x62, 0x20, 0x62, 0x20, 0x62, 0x20, 0x62, 0x20,
    0x62, 0x20, 0x62, 0x20, 0x62, 0x20, 0x62, 0x20, 0x62, 0x20, 0x62, 0x20, 0x62, 0x20, 0x62, 0x20, 0x62, 0x20, 0x62,
    0x20, 0x62, 0x20, 0x62, 0x20, 0x62, 0x20, 0x62, 0x20, 0x62, 0x69, 0xFE, 0x69, 0xFE, 0x69, 0xFE, 0x69, 0xFE, 0x69,
    0xFE, 0x69, 0xFE, 0x69, 0xFE, 0x69, 0xFE, 0x69, 0xFE, 0x69, 0xFE, 0x69, 0xFE, 0x69, 0xFE, 0x69, 0xFE, 0x69, 0xFE,
    0x69, 0xFE, 0x69, 0xFE, 0x69, 0xFE, 0x69, 0xFE, 0x69, 0xFE, 0x69, 0xFE, 0x69, 0xFE, 0x69, 0xFE, 0x69, 0xFE, 0x69,
    0xFE, 0x69, 0xFE, 0x69, 0xFE, 0x69, 0xFE, 0x69, 0xFE, 0x69, 0xFE, 0x69, 0xFE, 0x69, 0xFE, 0x69, 0xFE, 0x69, 0xFE,
    0x69, 0xFE, 0x69, 0xFE, 0x69, 0xFE, 0x69, 0xFE, 0x69, 0xFE, 0x69, 0xFE, 0x69, 0xFE, 0x69, 0xFE, 0x69, 0xFE, 0x69,
    0xFE, 0x69, 0xFE, 0x69, 0xFE, 0x69, 0xFE, 0x69, 0xFE, 0x89, 0x43, 0x89, 0x43, 0x89, 0x43, 0x69, 0xFE, 0x69, 0xFE,
    0x69, 0xFE, 0x69, 0xFE, 0x69, 0xFE, 0x69, 0xFE, 0x69, 0xFE, 0x69, 0xFE, 0x69, 0xFE, 0x69, 0xFE, 0x69, 0xFE, 0x69,
    0xFE, 0x69, 0xFE, 0x69, 0xFE, 0x69, 0xFE, 0x69, 0xFE, 0x69, 0xFE, 0x69, 0xFE, 0x69, 0xFE, 0x69, 0xFE, 0x69, 0xFE,
    0x69, 0xFE, 0x69, 0xFE, 0x69, 0xFE, 0x69, 0xFE, 0x69, 0xFE, 0x69, 0xFE, 0x69, 0xFE, 0x69, 0xFE, 0x69, 0xFE, 0x69,
    0xFE, 0x69, 0xFE, 0x69, 0xFE, 0x69, 0xFE, 0x69, 0xFE, 0x69, 0xFE, 0x69, 0xFE, 0x69, 0xFE, 0x69, 0xFE, 0x69, 0xFE,
    0x29, 0xF6, 0x29, 0xF6, 0x29, 0xF6, 0x29, 0xF6, 0x20, 0x62, 0x20, 0x62, 0x20, 0x62, 0x20, 0x62, 0x20, 0x62, 0x20,
    0x62, 0x20, 0x62, 0x20, 0x62, 0x20, 0x62, 0x20, 0x62, 0x20, 0x62, 0x20, 0x62, 0x20, 0x62, 0x20, 0x62, 0x20, 0x62,
    0x20, 0x62, 0x20, 0x62, 0x20, 0x62, 0x20, 0x62, 0x20, 0x62, 0x20, 0x62, 0x20, 0x62, 0x20, 0x62, 0x20, 0x62, 0x20,
    0x62, 0x20, 0x62, 0x20, 0x62, 0x20, 0x62, 0x20, 0x62, 0x20, 0x62, 0x20, 0x62, 0x20, 0x62, 0x20, 0x62, 0x20, 0x62,
    0x20, 0x62, 0x20, 0x62, 0x20, 0x62, 0x20, 0x62, 0x20, 0x62, 0x20, 0x62, 0x20, 0x62, 0x20, 0x62, 0x20, 0x62, 0x20,
    0x62, 0x20, 0x62, 0x20, 0x62, 0x20, 0x62, 0x20, 0x62, 0x20, 0x62, 0x20, 0x62, 0x20, 0x62, 0x20, 0x62, 0x20, 0x62,
    0x20, 0x62, 0x20, 0x62, 0x20, 0x62, 0x20, 0x62, 0x20, 0x62, 0x20, 0x62, 0x20, 0x62, 0x20, 0x62, 0x20, 0x62, 0x20,
    0x62, 0x20, 0x62, 0x20, 0x62, 0x20, 0x62, 0x20, 0x62, 0x20, 0x62, 0x20, 0x62, 0x20, 0x62, 0x20, 0x62, 0x20, 0x62,
    0x20, 0x62, 0x20, 0x62, 0x20, 0x62, 0x20, 0x62, 0x20, 0x62, 0x20, 0x62, 0x20, 0x62, 0x20, 0x62, 0x20, 0x62, 0x20,
    0x62, 0x20, 0x62, 0x20, 0x62, 0x20, 0x62, 0x20, 0x62, 0x20, 0x62, 0x20, 0x62, 0x20, 0x62, 0x20, 0x62, 0x20, 0x62,
    0x20, 0x62, 0x20, 0x62, 0x20, 0x62, 0x20, 0x62, 0x20, 0x62, 0x20, 0x62, 0x20, 0x62, 0x20, 0x62, 0x20, 0x62, 0x20,
    0x62, 0x20, 0x62, 0x20, 0x62, 0x20, 0x62, 0x20, 0x62, 0x20, 0x62, 0x20, 0x62, 0x20, 0x62, 0x20, 0x62, 0x20, 0x62,
    0x20, 0x62, 0x20, 0x62, 0x20, 0x62, 0x20, 0x62, 0x20, 0x62, 0x20, 0x62, 0x20, 0x62, 0x20, 0x62, 0x20, 0x62, 0x20,
    0x62, 0x20, 0x62, 0x20, 0x62, 0x20, 0x62, 0x20, 0x62, 0x20, 0x62, 0x20, 0x62, 0x20, 0x62, 0x20, 0x62, 0x20, 0x62,
    0x20, 0x62, 0x20, 0x62, 0x20, 0x62, 0x20, 0x62, 0x20, 0x62, 0x20, 0x62, 0x20, 0x62, 0x20, 0x62, 0x20, 0x62, 0x20,
    0x62, 0x20, 0x62, 0x20, 0x62, 0x20, 0x62, 0x20, 0x62, 0x20, 0x62, 0x20, 0x62, 0x20, 0x62, 0x69, 0xFE, 0x69, 0xFE,
    0x69, 0xFE, 0x69, 0xFE, 0x69, 0xFE, 0x69, 0xFE, 0x69, 0xFE, 0x69, 0xFE, 0x69, 0xFE, 0x69, 0xFE, 0x69, 0xFE, 0x69,
    0xFE, 0x69, 0xFE, 0x69, 0xFE, 0x69, 0xFE, 0x69, 0xFE, 0x69, 0xFE, 0x69, 0xFE, 0x69, 0xFE, 0x69, 0xFE, 0x69, 0xFE,
    0x69, 0xFE, 0x69, 0xFE, 0x69, 0xFE, 0x69, 0xFE, 0x69, 0xFE, 0x69, 0xFE, 0x69, 0xFE, 0x69, 0xFE, 0x69, 0xFE, 0x69,
    0xFE, 0x69, 0xFE, 0x69, 0xFE, 0x69, 0xFE, 0x69, 0xFE, 0x69, 0xFE, 0x69, 0xFE, 0x69, 0xFE, 0x69, 0xFE, 0x69, 0xFE,
    0x69, 0xFE, 0x69, 0xFE, 0x69, 0xFE, 0x69, 0xFE, 0x89, 0x43, 0x89, 0x43, 0x89, 0x43, 0x89, 0x43, 0x89, 0x43, 0x89,
    0x43, 0x69, 0xFE, 0x69, 0xFE, 0x69, 0xFE, 0x69, 0xFE, 0x69, 0xFE, 0x69, 0xFE, 0x69, 0xFE, 0x69, 0xFE, 0x69, 0xFE,
    0x69, 0xFE, 0x69, 0xFE, 0x69, 0xFE, 0x69, 0xFE, 0x69, 0xFE, 0x69, 0xFE, 0x69, 0xFE, 0x69, 0xFE, 0x69, 0xFE, 0x69,
    0xFE, 0x69, 0xFE, 0x69, 0xFE, 0x69, 0xFE, 0x69, 0xFE, 0x69, 0xFE, 0x69, 0xFE, 0x69, 0xFE, 0x69, 0xFE, 0x69, 0xFE,
    0x69, 0xFE, 0x69, 0xFE, 0x69, 0xFE, 0x69, 0xFE, 0x69, 0xFE, 0x69, 0xFE, 0x69, 0xFE, 0x69, 0xFE, 0x69, 0xFE, 0x69,
    0xFE, 0x69, 0xFE, 0x69, 0xFE, 0x29, 0xF6, 0x29, 0xF6, 0x29, 0xF6, 0x29, 0xF6, 0x20, 0x62, 0x20, 0x62, 0x20, 0x62,
    0x20, 0x62, 0x20, 0x62, 0x20, 0x62, 0x20, 0x62, 0x20, 0x62, 0x20, 0x62, 0x20, 0x62, 0x20, 0x62, 0x20, 0x62, 0x20,
    0x62, 0x20, 0x62, 0x20, 0x62, 0x20, 0x62, 0x20, 0x62, 0x20, 0x62, 0x20, 0x62, 0x20, 0x62, 0x20, 0x62, 0x20, 0x62,
    0x20, 0x62, 0x20, 0x62, 0x20, 0x62, 0x20, 0x62, 0x20, 0x62, 0x20, 0x62, 0x20, 0x62, 0x20, 0x62, 0x20, 0x62, 0x20,
    0x62, 0x20, 0x62, 0x20, 0x62, 0x20, 0x62, 0x20, 0x62, 0x20, 0x62, 0x20, 0x62, 0x20, 0x62, 0x20, 0x62, 0x20, 0x62,
    0x20, 0x62, 0x20, 0x62, 0x20, 0x62, 0x20, 0x62, 0x20, 0x62, 0x20, 0x62, 0x20, 0x62, 0x20, 0x62, 0x20, 0x62, 0x20,
    0x62, 0x20, 0x62, 0x20, 0x62, 0x20, 0x62, 0x20, 0x62, 0x20, 0x62, 0x20, 0x62, 0x20, 0x62, 0x20, 0x62, 0x20, 0x62,
    0x20, 0x62, 0x20, 0x62, 0x20, 0x62, 0x20, 0x62, 0x20, 0x62, 0x20, 0x62, 0x20, 0x62, 0x20, 0x62, 0x20, 0x62, 0x20,
    0x62, 0x20, 0x62, 0x20, 0x62, 0x20, 0x62, 0x20, 0x62, 0x20, 0x62, 0x20, 0x62, 0x20, 0x62, 0x20, 0x62, 0x20, 0x62,
    0x20, 0x62, 0x20, 0x62, 0x20, 0x62, 0x20, 0x62, 0x20, 0x62, 0x20, 0x62, 0x20, 0x62, 0x20, 0x62, 0x20, 0x62, 0x20,
    0x62, 0x20, 0x62, 0x20, 0x62, 0x20, 0x62, 0x20, 0x62, 0x20, 0x62, 0x20, 0x62, 0x20, 0x62, 0x20, 0x62, 0x20, 0x62,
    0x20, 0x62, 0x20, 0x62, 0x20, 0x62, 0x20, 0x62, 0x20, 0x62, 0x20, 0x62, 0x20, 0x62, 0x20, 0x62, 0x20, 0x62, 0x20,
    0x62, 0x20, 0x62, 0x20, 0x62, 0x20, 0x62, 0x20, 0x62, 0x20, 0x62, 0x20, 0x62, 0x20, 0x62, 0x20, 0x62, 0x20, 0x62,
    0x20, 0x62, 0x20, 0x62, 0x20, 0x62, 0x20, 0x62, 0x20, 0x62, 0x20, 0x62, 0x20, 0x62, 0x20, 0x62, 0x20, 0x62, 0x20,
    0x62, 0x20, 0x62, 0x20, 0x62, 0x20, 0x62, 0x20, 0x62, 0x20, 0x62, 0x20, 0x62, 0x20, 0x62, 0x20, 0x62, 0x20, 0x62,
    0x20, 0x62, 0x20, 0x62, 0x20, 0x62, 0x20, 0x62, 0x20, 0x62, 0x20, 0x62, 0x20, 0x62, 0x20, 0x62, 0x20, 0x62, 0x20,
    0x62, 0x69, 0xFE, 0x69, 0xFE, 0x69, 0xFE, 0x69, 0xFE, 0x69, 0xFE, 0x69, 0xFE, 0x69, 0xFE, 0x69, 0xFE, 0x69, 0xFE,
    0x69, 0xFE, 0x69, 0xFE, 0x69, 0xFE, 0x69, 0xFE, 0x69, 0xFE, 0x69, 0xFE, 0x69, 0xFE, 0x69, 0xFE, 0x69, 0xFE, 0x69,
    0xFE, 0x69, 0xFE, 0x69, 0xFE, 0x69, 0xFE, 0x69, 0xFE, 0x69, 0xFE, 0x69, 0xFE, 0x69, 0xFE, 0x69, 0xFE, 0x69, 0xFE,
    0x69, 0xFE, 0x69, 0xFE, 0x69, 0xFE, 0x69, 0xFE, 0x69, 0xFE, 0x69, 0xFE, 0x69, 0xFE, 0x69, 0xFE, 0x69, 0xFE, 0x69,
    0xFE, 0x69, 0xFE, 0x69, 0xFE, 0x69, 0xFE, 0x69, 0xFE, 0x69, 0xFE, 0x69, 0xFE, 0x89, 0x43, 0x89, 0x43, 0x89, 0x43,
    0x89, 0x43, 0x89, 0x43, 0x89, 0x43, 0x69, 0xFE, 0x69, 0xFE, 0x69, 0xFE, 0x69, 0xFE, 0x69, 0xFE, 0x69, 0xFE, 0x69,
    0xFE, 0x69, 0xFE, 0x69, 0xFE, 0x69, 0xFE, 0x69, 0xFE, 0x69, 0xFE, 0x69, 0xFE, 0x69, 0xFE, 0x69, 0xFE, 0x69, 0xFE,
    0x69, 0xFE, 0x69, 0xFE, 0x69, 0xFE, 0x69, 0xFE, 0x69, 0xFE, 0x69, 0xFE, 0x69, 0xFE, 0x69, 0xFE, 0x69, 0xFE, 0x69,
    0xFE, 0x69, 0xFE, 0x69, 0xFE, 0x69, 0xFE, 0x69, 0xFE, 0x69, 0xFE, 0x69, 0xFE, 0x69, 0xFE, 0x69, 0xFE, 0x69, 0xFE,
    0x69, 0xFE, 0x69, 0xFE, 0x69, 0xFE, 0x69, 0xFE, 0x69, 0xFE, 0x29, 0xF6, 0x29, 0xF6, 0x29, 0xF6, 0x29, 0xF6, 0x20,
    0x62, 0x20, 0x62, 0x20, 0x62, 0x20, 0x62, 0x20, 0x62, 0x20, 0x62, 0x20, 0x62, 0x20, 0x62, 0x20, 0x62, 0x20, 0x62,
    0x20, 0x62, 0x20, 0x62, 0x20, 0x62, 0x20, 0x62, 0x20, 0x62, 0x20, 0x62, 0x20, 0x62, 0x20, 0x62, 0x20, 0x62, 0x20,
    0x62, 0x20, 0x62, 0x20, 0x62, 0x20, 0x62, 0x20, 0x62, 0x20, 0x62, 0x20, 0x62, 0x20, 0x62, 0x20, 0x62, 0x20, 0x62,
    0x20, 0x62, 0x20, 0x62, 0x20, 0x62, 0x20, 0x62, 0x20, 0x62, 0x20, 0x62, 0x20, 0x62, 0x20, 0x62, 0x20, 0x62, 0x20,
    0x62, 0x20, 0x62, 0x20, 0x62, 0x20, 0x62, 0x20, 0x62, 0x20, 0x62, 0x20, 0x62, 0x20, 0x62, 0x20, 0x62, 0x20, 0x62,
    0x20, 0x62, 0x20, 0x62, 0x20, 0x62, 0x20, 0x62, 0x20, 0x62, 0x20, 0x62, 0x20, 0x62, 0x20, 0x62, 0x20, 0x62, 0x20,
    0x62, 0x20, 0x62, 0x20, 0x62, 0x20, 0x62, 0x20, 0x62, 0x20, 0x62, 0x20, 0x62, 0x20, 0x62, 0x20, 0x62, 0x20, 0x62,
    0x20, 0x62, 0x20, 0x62, 0x20, 0x62, 0x20, 0x62, 0x20, 0x62, 0x20, 0x62, 0x20, 0x62, 0x20, 0x62, 0x20, 0x62, 0x20,
    0x62, 0x20, 0x62, 0x20, 0x62, 0x20, 0x62, 0x20, 0x62, 0x20, 0x62, 0x20, 0x62, 0x20, 0x62, 0x20, 0x62, 0x20, 0x62,
    0x20, 0x62, 0x20, 0x62, 0x20, 0x62, 0x20, 0x62, 0x20, 0x62, 0x20, 0x62, 0x20, 0x62, 0x20, 0x62, 0x20, 0x62, 0x20,
    0x62, 0x20, 0x62, 0x20, 0x62, 0x20, 0x62, 0x20, 0x62, 0x20, 0x62, 0x20, 0x62, 0x20, 0x62, 0x20, 0x62, 0x20, 0x62,
    0x20, 0x62, 0x20, 0x62, 0x20, 0x62, 0x20, 0x62, 0x20, 0x62, 0x20, 0x62, 0x20, 0x62, 0x20, 0x62, 0x20, 0x62, 0x20,
    0x62, 0x20, 0x62, 0x20, 0x62, 0x20, 0x62, 0x20, 0x62, 0x20, 0x62, 0x20, 0x62, 0x20, 0x62, 0x20, 0x62, 0x20, 0x62,
    0x20, 0x62, 0x20, 0x62, 0x20, 0x62, 0x20, 0x62, 0x20, 0x62, 0x20, 0x62, 0x20, 0x62, 0x20, 0x62, 0x20, 0x62, 0x20,
    0x62, 0x20, 0x62, 0x20, 0x62, 0x20, 0x62, 0x20, 0x62, 0x20, 0x62, 0x20, 0x62, 0x20, 0x62, 0x20, 0x62, 0x20, 0x62,
    0x20, 0x62, 0x20, 0x62, 0x20, 0x62, 0x69, 0xFE, 0x69, 0xFE, 0x69, 0xFE, 0x69, 0xFE, 0x69, 0xFE, 0x69, 0xFE, 0x69,
    0xFE, 0x69, 0xFE, 0x69, 0xFE, 0x69, 0xFE, 0x69, 0xFE, 0x69, 0xFE, 0x69, 0xFE, 0x69, 0xFE, 0x69, 0xFE, 0x69, 0xFE,
    0x69, 0xFE, 0x69, 0xFE, 0x69, 0xFE, 0x69, 0xFE, 0x69, 0xFE, 0x69, 0xFE, 0x69, 0xFE, 0x69, 0xFE, 0x69, 0xFE, 0x69,
    0xFE, 0x69, 0xFE, 0x69, 0xFE, 0x69, 0xFE, 0x69, 0xFE, 0x69, 0xFE, 0x69, 0xFE, 0x69, 0xFE, 0x69, 0xFE, 0x69, 0xFE,
    0x69, 0xFE, 0x69, 0xFE, 0x69, 0xFE, 0x69, 0xFE, 0x69, 0xFE, 0x69, 0xFE, 0x69, 0xFE, 0x69, 0xFE, 0x69, 0xFE, 0x89,
    0x43, 0x89, 0x43, 0x89, 0x43, 0x89, 0x43, 0x89, 0x43, 0x89, 0x43, 0x69, 0xFE, 0x69, 0xFE, 0x69, 0xFE, 0x69, 0xFE,
    0x69, 0xFE, 0x69, 0xFE, 0x69, 0xFE, 0x69, 0xFE, 0x69, 0xFE, 0x69, 0xFE, 0x69, 0xFE, 0x69, 0xFE, 0x69, 0xFE, 0x69,
    0xFE, 0x69, 0xFE, 0x69, 0xFE, 0x69, 0xFE, 0x69, 0xFE, 0x69, 0xFE, 0x69, 0xFE, 0x69, 0xFE, 0x69, 0xFE, 0x69, 0xFE,
    0x69, 0xFE, 0x69, 0xFE, 0x69, 0xFE, 0x69, 0xFE, 0x69, 0xFE, 0x69, 0xFE, 0x69, 0xFE, 0x69, 0xFE, 0x69, 0xFE, 0x69,
    0xFE, 0x69, 0xFE, 0x69, 0xFE, 0x69, 0xFE, 0x69, 0xFE, 0x69, 0xFE, 0x69, 0xFE, 0x69, 0xFE, 0x29, 0xF6, 0x29, 0xF6,
    0x29, 0xF6, 0x29, 0xF6, 0x20, 0x62, 0x20, 0x62, 0x20, 0x62, 0x20, 0x62, 0x20, 0x62, 0x20, 0x62, 0x20, 0x62, 0x20,
    0x62, 0x20, 0x62, 0x20, 0x62, 0x20, 0x62, 0x20, 0x62, 0x20, 0x62, 0x5B, 0xEF, 0x5B, 0xEF, 0x5B, 0xEF, 0x97, 0xDE,
    0x97, 0xDE, 0x97, 0xDE, 0x97, 0xDE, 0x10, 0xB5, 0x10, 0xB5, 0x10, 0xB5, 0xEA, 0x93, 0xEA, 0x93, 0xEA, 0x93, 0x46,
    0x83, 0x46, 0x83, 0x46, 0x83, 0x46, 0x83, 0x20, 0x62, 0x20, 0x62, 0x20, 0x62, 0x20, 0x62, 0x20, 0x62, 0x20, 0x62,
    0x20, 0x62, 0x20, 0x62, 0x20, 0x62, 0x20, 0x62, 0x20, 0x62, 0x20, 0x62, 0x20, 0x62, 0x20, 0x62, 0x20, 0x62, 0x20,
    0x62, 0x20, 0x62, 0x20, 0x62, 0x20, 0x62, 0x20, 0x62, 0x20, 0x62, 0x20, 0x62, 0x20, 0x62, 0x20, 0x62, 0x20, 0x62,
    0x20, 0x62, 0x20, 0x62, 0x20, 0x62, 0x20, 0x62, 0x20, 0x62, 0x20, 0x62, 0x20, 0x62, 0x20, 0x62, 0x20, 0x62, 0x20,
    0x62, 0x20, 0x62, 0x20, 0x62, 0x20, 0x62, 0x20, 0x62, 0x20, 0x62, 0x20, 0x62, 0x20, 0x62, 0x20, 0x62, 0x20, 0x62,
    0x20, 0x62, 0x20, 0x62, 0x20, 0x62, 0x20, 0x62, 0x20, 0x62, 0x20, 0x62, 0x20, 0x62, 0x20, 0x62, 0x20, 0x62, 0x20,
    0x62, 0x20, 0x62, 0x20, 0x62, 0x20, 0x62, 0x20, 0x62, 0x20, 0x62, 0x20, 0x62, 0x20, 0x62, 0x20, 0x62, 0x20, 0x62,
    0x20, 0x62, 0x20, 0x62, 0x20, 0x62, 0x20, 0x62, 0x20, 0x62, 0x20, 0x62, 0x20, 0x62, 0x20, 0x62, 0x20, 0x62, 0x20,
    0x62, 0x20, 0x62, 0x20, 0x62, 0x20, 0x62, 0x20, 0x62, 0x20, 0x62, 0x20, 0x62, 0x20, 0x62, 0x20, 0x62, 0x20, 0x62,
    0x20, 0x62, 0x20, 0x62, 0x20, 0x62, 0x20, 0x62, 0xA2, 0x72, 0xA2, 0x72, 0xA2, 0x72, 0xA2, 0x72, 0xEA, 0x93, 0xEA,
    0x93, 0xEA, 0x93, 0x10, 0xB5, 0x10, 0xB5, 0x10, 0xB5, 0x97, 0xDE, 0x97, 0xDE, 0x97, 0xDE, 0x97, 0xDE, 0x5B, 0xEF,
    0x5B, 0xEF, 0x5B, 0xEF, 0x20, 0x62, 0x20, 0x62, 0x20, 0x62, 0x20, 0x62, 0x20, 0x62, 0x20, 0x62, 0x20, 0x62, 0x20,
    0x62, 0x20, 0x62, 0x20, 0x62, 0x20, 0x62, 0x20, 0x62, 0x20, 0x62, 0x69, 0xFE, 0x69, 0xFE, 0x69, 0xFE, 0x69, 0xFE,
    0x69, 0xFE, 0x69, 0xFE, 0x69, 0xFE, 0x69, 0xFE, 0x69, 0xFE, 0x69, 0xFE, 0x69, 0xFE, 0x69, 0xFE, 0x69, 0xFE, 0x69,
    0xFE, 0x69, 0xFE, 0x69, 0xFE, 0x69, 0xFE, 0x69, 0xFE, 0x69, 0xFE, 0x69, 0xFE, 0x69, 0xFE, 0x69, 0xFE, 0x69, 0xFE,
    0x69, 0xFE, 0x69, 0xFE, 0x69, 0xFE, 0x69, 0xFE, 0x69, 0xFE, 0x69, 0xFE, 0x69, 0xFE, 0x69, 0xFE, 0x69, 0xFE, 0x69,
    0xFE, 0x69, 0xFE, 0x69, 0xFE, 0x69, 0xFE, 0x69, 0xFE, 0x69, 0xFE, 0x69, 0xFE, 0x69, 0xFE, 0x69, 0xFE, 0x69, 0xFE,
    0x69, 0xFE, 0x69, 0xFE, 0x89, 0x43, 0x89, 0x43, 0x89, 0x43, 0x89, 0x43, 0x89, 0x43, 0x89, 0x43, 0x69, 0xFE, 0x69,
    0xFE, 0x69, 0xFE, 0x69, 0xFE, 0x69, 0xFE, 0x69, 0xFE, 0x69, 0xFE, 0x69, 0xFE, 0x69, 0xFE, 0x69, 0xFE, 0x69, 0xFE,
    0x69, 0xFE, 0x69, 0xFE, 0x69, 0xFE, 0x69, 0xFE, 0x69, 0xFE, 0x69, 0xFE, 0x69, 0xFE, 0x69, 0xFE, 0x69, 0xFE, 0x69,
    0xFE, 0x69, 0xFE, 0x69, 0xFE, 0x69, 0xFE, 0x69, 0xFE, 0x69, 0xFE, 0x69, 0xFE, 0x69, 0xFE, 0x69, 0xFE, 0x69, 0xFE,
    0x69, 0xFE, 0x69, 0xFE, 0x69, 0xFE, 0x69, 0xFE, 0x69, 0xFE, 0x69, 0xFE, 0x69, 0xFE, 0x69, 0xFE, 0x69, 0xFE, 0x69,
    0xFE, 0x29, 0xF6, 0x29, 0xF6, 0x29, 0xF6, 0x29, 0xF6, 0x20, 0x62, 0x20, 0x62, 0x20, 0x62, 0x20, 0x62, 0x20, 0x62,
    0x20, 0x62, 0x20, 0x62, 0x20, 0x62, 0x20, 0x62, 0x20, 0x62, 0x20, 0x62, 0x20, 0x62, 0x20, 0x62, 0x5B, 0xEF, 0x5B,
    0xEF, 0x5B, 0xEF, 0x97, 0xDE, 0x97, 0xDE, 0x97, 0xDE, 0x97, 0xDE, 0x10, 0xB5, 0x10, 0xB5, 0x10, 0xB5, 0xEA, 0x93,
    0xEA, 0x93, 0xEA, 0x93, 0x46, 0x83, 0x46, 0x83, 0x46, 0x83, 0x46, 0x83, 0x20, 0x62, 0x20, 0x62, 0x20, 0x62, 0x20,
    0x62, 0x20, 0x62, 0x20, 0x62, 0x20, 0x62, 0x20, 0x62, 0x20, 0x62, 0x20, 0x62, 0x20, 0x62, 0x20, 0x62, 0x20, 0x62,
    0x20, 0x62, 0x20, 0x62, 0x20, 0x62, 0x20, 0x62, 0x20, 0x62, 0x20, 0x62, 0x20, 0x62, 0x20, 0x62, 0x20, 0x62, 0x20,
    0x62, 0x20, 0x62, 0x20, 0x62, 0x20, 0x62, 0x20, 0x62, 0x20, 0x62, 0x20, 0x62, 0x20, 0x62, 0x20, 0x62, 0x20, 0x62,
    0x20, 0x62, 0x20, 0x62, 0x20, 0x62, 0x20, 0x62, 0x20, 0x62, 0x20, 0x62, 0x20, 0x62, 0x20, 0x62, 0x20, 0x62, 0x20,
    0x62, 0x20, 0x62, 0x20, 0x62, 0x20, 0x62, 0x20, 0x62, 0x20, 0x62, 0x20, 0x62, 0x20, 0x62, 0x20, 0x62, 0x20, 0x62,
    0x20, 0x62, 0x20, 0x62, 0x20, 0x62, 0x20, 0x62, 0x20, 0x62, 0x20, 0x62, 0x20, 0x62, 0x20, 0x62, 0x20, 0x62, 0x20,
    0x62, 0x20, 0x62, 0x20, 0x62, 0x20, 0x62, 0x20, 0x62, 0x20, 0x62, 0x20, 0x62, 0x20, 0x62, 0x20, 0x62, 0x20, 0x62,
    0x20, 0x62, 0x20, 0x62, 0x20, 0x62, 0x20, 0x62, 0x20, 0x62, 0x20, 0x62, 0x20, 0x62, 0x20, 0x62, 0x20, 0x62, 0x20,
    0x62, 0x20, 0x62, 0x20, 0x62, 0x20, 0x62, 0x20, 0x62, 0x20, 0x62, 0x20, 0x62, 0xA2, 0x72, 0xA2, 0x72, 0xA2, 0x72,
    0xA2, 0x72, 0xEA, 0x93, 0xEA, 0x93, 0xEA, 0x93, 0x10, 0xB5, 0x10, 0xB5, 0x10, 0xB5, 0x97, 0xDE, 0x97, 0xDE, 0x97,
    0xDE, 0x97, 0xDE, 0x5B, 0xEF, 0x5B, 0xEF, 0x5B, 0xEF, 0x20, 0x62, 0x20, 0x62, 0x20, 0x62, 0x20, 0x62, 0x20, 0x62,
    0x20, 0x62, 0x20, 0x62, 0x20, 0x62, 0x20, 0x62, 0x20, 0x62, 0x20, 0x62, 0x20, 0x62, 0x20, 0x62, 0x69, 0xFE, 0x69,
    0xFE, 0x69, 0xFE, 0x69, 0xFE, 0x69, 0xFE, 0x69, 0xFE, 0x69, 0xFE, 0x69, 0xFE, 0x69, 0xFE, 0x69, 0xFE, 0x69, 0xFE,
    0x69, 0xFE, 0x69, 0xFE, 0x69, 0xFE, 0x69, 0xFE, 0x69, 0xFE, 0x69, 0xFE, 0x69, 0xFE, 0x69, 0xFE, 0x69, 0xFE, 0x69,
    0xFE, 0x69, 0xFE, 0x69, 0xFE, 0x69, 0xFE, 0x69, 0xFE, 0x69, 0xFE, 0x69, 0xFE, 0x69, 0xFE, 0x69, 0xFE, 0x69, 0xFE,
    0x69, 0xFE, 0x69, 0xFE, 0x69, 0xFE, 0x69, 0xFE, 0x69, 0xFE, 0x69, 0xFE, 0x69, 0xFE, 0x69, 0xFE, 0x69, 0xFE, 0x69,
    0xFE, 0x69, 0xFE, 0x69, 0xFE, 0x69, 0xFE, 0x69, 0xFE, 0x89, 0x43, 0x89, 0x43, 0x89, 0x43, 0x89, 0x43, 0x89, 0x43,
    0x89, 0x43, 0x69, 0xFE, 0x69, 0xFE, 0x69, 0xFE, 0x69, 0xFE, 0x69, 0xFE, 0x69, 0xFE, 0x69, 0xFE, 0x69, 0xFE, 0x69,
    0xFE, 0x69, 0xFE, 0x69, 0xFE, 0x69, 0xFE, 0x69, 0xFE, 0x69, 0xFE, 0x69, 0xFE, 0x69, 0xFE, 0x69, 0xFE, 0x69, 0xFE,
    0x69, 0xFE, 0x69, 0xFE, 0x69, 0xFE, 0x69, 0xFE, 0x69, 0xFE, 0x69, 0xFE, 0x69, 0xFE, 0x69, 0xFE, 0x69, 0xFE, 0x69,
    0xFE, 0x69, 0xFE, 0x69, 0xFE, 0x69, 0xFE, 0x69, 0xFE, 0x69, 0xFE, 0x69, 0xFE, 0x69, 0xFE, 0x69, 0xFE, 0x69, 0xFE,
    0x69, 0xFE, 0x69, 0xFE, 0x69, 0xFE, 0x29, 0xF6, 0x29, 0xF6, 0x29, 0xF6, 0x29, 0xF6, 0x20, 0x62, 0x20, 0x62, 0x20,
    0x62, 0x20, 0x62, 0x20, 0x62, 0x20, 0x62, 0x20, 0x62, 0x20, 0x62, 0x20, 0x62, 0x20, 0x62, 0x20, 0x62, 0x20, 0x62,
    0x20, 0x62, 0x5B, 0xEF, 0x5B, 0xEF, 0x5B, 0xEF, 0x97, 0xDE, 0x97, 0xDE, 0x97, 0xDE, 0x97, 0xDE, 0x10, 0xB5, 0x10,
    0xB5, 0x10, 0xB5, 0xEA, 0x93, 0xEA, 0x93, 0xEA, 0x93, 0x46, 0x83, 0x46, 0x83, 0x46, 0x83, 0x46, 0x83, 0x20, 0x62,
    0x20, 0x62, 0x20, 0x62, 0x20, 0x62, 0x20, 0x62, 0x20, 0x62, 0x20, 0x62, 0x20, 0x62, 0x20, 0x62, 0x20, 0x62, 0x20,
    0x62, 0x20, 0x62, 0x20, 0x62, 0x20, 0x62, 0x20, 0x62, 0x20, 0x62, 0x20, 0x62, 0x20, 0x62, 0x20, 0x62, 0x20, 0x62,
    0x20, 0x62, 0x20, 0x62, 0x20, 0x62, 0x20, 0x62, 0x20, 0x62, 0x20, 0x62, 0x20, 0x62, 0x20, 0x62, 0x20, 0x62, 0x20,
    0x62, 0x20, 0x62, 0x20, 0x62, 0x20, 0x62, 0x20, 0x62, 0x20, 0x62, 0x20, 0x62, 0x20, 0x62, 0x20, 0x62, 0x20, 0x62,
    0x20, 0x62, 0x20, 0x62, 0x20, 0x62, 0x20, 0x62, 0x20, 0x62, 0x20, 0x62, 0x20, 0x62, 0x20, 0x62, 0x20, 0x62, 0x20,
    0x62, 0x20, 0x62, 0x20, 0x62, 0x20, 0x62, 0x20, 0x62, 0x20, 0x62, 0x20, 0x62, 0x20, 0x62, 0x20, 0x62, 0x20, 0x62,
    0x20, 0x62, 0x20, 0x62, 0x20, 0x62, 0x20, 0x62, 0x20, 0x62, 0x20, 0x62, 0x20, 0x62, 0x20, 0x62, 0x20, 0x62, 0x20,
    0x62, 0x20, 0x62, 0x20, 0x62, 0x20, 0x62, 0x20, 0x62, 0x20, 0x62, 0x20, 0x62, 0x20, 0x62, 0x20, 0x62, 0x20, 0x62,
    0x20, 0x62, 0x20, 0x62, 0x20, 0x62, 0x20, 0x62, 0x20, 0x62, 0x20, 0x62, 0x20, 0x62, 0x20, 0x62, 0x20, 0x62, 0xA2,
    0x72, 0xA2, 0x72, 0xA2, 0x72, 0xA2, 0x72, 0xEA, 0x93, 0xEA, 0x93, 0xEA, 0x93, 0x10, 0xB5, 0x10, 0xB5, 0x10, 0xB5,
    0x97, 0xDE, 0x97, 0xDE, 0x97, 0xDE, 0x97, 0xDE, 0x5B, 0xEF, 0x5B, 0xEF, 0x5B, 0xEF, 0x20, 0x62, 0x20, 0x62, 0x20,
    0x62, 0x20, 0x62, 0x20, 0x62, 0x20, 0x62, 0x20, 0x62, 0x20, 0x62, 0x20, 0x62, 0x20, 0x62, 0x20, 0x62, 0x20, 0x62,
    0x20, 0x62, 0x69, 0xFE, 0x69, 0xFE, 0x69, 0xFE, 0x69, 0xFE, 0x69, 0xFE, 0x69, 0xFE, 0x69, 0xFE, 0x69, 0xFE, 0x69,
    0xFE, 0x69, 0xFE, 0x69, 0xFE, 0x69, 0xFE, 0x69, 0xFE, 0x69, 0xFE, 0x69, 0xFE, 0x69, 0xFE, 0x69, 0xFE, 0x69, 0xFE,
    0x69, 0xFE, 0x69, 0xFE, 0x69, 0xFE, 0x69, 0xFE, 0x69, 0xFE, 0x69, 0xFE, 0x69, 0xFE, 0x69, 0xFE, 0x69, 0xFE, 0x69,
    0xFE, 0x69, 0xFE, 0x69, 0xFE, 0x69, 0xFE, 0x69, 0xFE, 0x69, 0xFE, 0x69, 0xFE, 0x69, 0xFE, 0x69, 0xFE, 0x69, 0xFE,
    0x69, 0xFE, 0x69, 0xFE, 0x69, 0xFE, 0x69, 0xFE, 0x69, 0xFE, 0x69, 0xFE, 0x69, 0xFE, 0x89, 0x43, 0x89, 0x43, 0x89,
    0x43, 0x89, 0x43, 0x89, 0x43, 0x89, 0x43, 0x69, 0xFE, 0x69, 0xFE, 0x69, 0xFE, 0x69, 0xFE, 0x69, 0xFE, 0x69, 0xFE,
    0x69, 0xFE, 0x69, 0xFE, 0x69, 0xFE, 0x69, 0xFE, 0x69, 0xFE, 0x69, 0xFE, 0x69, 0xFE, 0x69, 0xFE, 0x69, 0xFE, 0x69,
    0xFE, 0x69, 0xFE, 0x69, 0xFE, 0x69, 0xFE, 0x69, 0xFE, 0x69, 0xFE, 0x69, 0xFE, 0x69, 0xFE, 0x69, 0xFE, 0x69, 0xFE,
    0x69, 0xFE, 0x69, 0xFE, 0x69, 0xFE, 0x69, 0xFE, 0x69, 0xFE, 0x69, 0xFE, 0x69, 0xFE, 0x69, 0xFE, 0x69, 0xFE, 0x69,
    0xFE, 0x69, 0xFE, 0x69, 0xFE, 0x69, 0xFE, 0x69, 0xFE, 0x69, 0xFE, 0x29, 0xF6, 0x29, 0xF6, 0x29, 0xF6, 0x29, 0xF6,
    0x20, 0x62, 0x20, 0x62, 0x20, 0x62, 0x20, 0x62, 0x20, 0x62, 0x20, 0x62, 0x20, 0x62, 0x20, 0x62, 0x20, 0x62, 0x20,
    0x62, 0x20, 0x62, 0x20, 0x62, 0x20, 0x62, 0x5B, 0xEF, 0x5B, 0xEF, 0x5B, 0xEF, 0x97, 0xDE, 0x97, 0xDE, 0x97, 0xDE,
    0x97, 0xDE, 0x10, 0xB5, 0x10, 0xB5, 0x10, 0xB5, 0xEA, 0x93, 0xEA, 0x93, 0xEA, 0x93, 0x46, 0x83, 0x46, 0x83, 0x46,
    0x83, 0x46, 0x83, 0x20, 0x62, 0x20, 0x62, 0x20, 0x62, 0x20, 0x62, 0x20, 0x62, 0x20, 0x62, 0x20, 0x62, 0x20, 0x62,
    0x20, 0x62, 0x20, 0x62, 0x20, 0x62, 0x20, 0x62, 0x20, 0x62, 0x20, 0x62, 0x20, 0x62, 0x20, 0x62, 0x20, 0x62, 0x20,
    0x62, 0x20, 0x62, 0x20, 0x62, 0x20, 0x62, 0x20, 0x62, 0x20, 0x62, 0x20, 0x62, 0x20, 0x62, 0x20, 0x62, 0x20, 0x62,
    0x20, 0x62, 0x20, 0x62, 0x20, 0x62, 0x20, 0x62, 0x20, 0x62, 0x20, 0x62, 0x20, 0x62, 0x20, 0x62, 0x20, 0x62, 0x20,
    0x62, 0x20, 0x62, 0x20, 0x62, 0x20, 0x62, 0x20, 0x62, 0x20, 0x62, 0x20, 0x62, 0x20, 0x62, 0x20, 0x62, 0x20, 0x62,
    0x20, 0x62, 0x20, 0x62, 0x20, 0x62, 0x20, 0x62, 0x20, 0x62, 0x20, 0x62, 0x20, 0x62, 0x20, 0x62, 0x20, 0x62, 0x20,
    0x62, 0x20, 0x62, 0x20, 0x62, 0x20, 0x62, 0x20, 0x62, 0x20, 0x62, 0x20, 0x62, 0x20, 0x62, 0x20, 0x62, 0x20, 0x62,
    0x20, 0x62, 0x20, 0x62, 0x20, 0x62, 0x20, 0x62, 0x20, 0x62, 0x20, 0x62, 0x20, 0x62, 0x20, 0x62, 0x20, 0x62, 0x20,
    0x62, 0x20, 0x62, 0x20, 0x62, 0x20, 0x62, 0x20, 0x62, 0x20, 0x62, 0x20, 0x62, 0x20, 0x62, 0x20, 0x62, 0x20, 0x62,
    0x20, 0x62, 0x20, 0x62, 0xA2, 0x72, 0xA2, 0x72, 0xA2, 0x72, 0xA2, 0x72, 0xEA, 0x93, 0xEA, 0x93, 0xEA, 0x93, 0x10,
    0xB5, 0x10, 0xB5, 0x10, 0xB5, 0x97, 0xDE, 0x97, 0xDE, 0x97, 0xDE, 0x97, 0xDE, 0x5B, 0xEF, 0x5B, 0xEF, 0x5B, 0xEF,
    0x20, 0x62, 0x20, 0x62, 0x20, 0x62, 0x20, 0x62, 0x20, 0x62, 0x20, 0x62, 0x20, 0x62, 0x20, 0x62, 0x20, 0x62, 0x20,
    0x62, 0x20, 0x62, 0x20, 0x62, 0x20, 0x62, 0x69, 0xFE, 0x69, 0xFE, 0x69, 0xFE, 0x69, 0xFE, 0x69, 0xFE, 0x69, 0xFE,
    0x69, 0xFE, 0x69, 0xFE, 0x69, 0xFE, 0x69, 0xFE, 0x69, 0xFE, 0x69, 0xFE, 0x69, 0xFE, 0x69, 0xFE, 0x69, 0xFE, 0x69,
    0xFE, 0x69, 0xFE, 0x69, 0xFE, 0x69, 0xFE, 0x69, 0xFE, 0x69, 0xFE, 0x69, 0xFE, 0x69, 0xFE, 0x69, 0xFE, 0x69, 0xFE,
    0x69, 0xFE, 0x69, 0xFE, 0x69, 0xFE, 0x69, 0xFE, 0x69, 0xFE, 0x69, 0xFE, 0x69, 0xFE, 0x69, 0xFE, 0x69, 0xFE, 0x69,
    0xFE, 0x69, 0xFE, 0x69, 0xFE, 0x69, 0xFE, 0x69, 0xFE, 0x69, 0xFE, 0x69, 0xFE, 0x69, 0xFE, 0x69, 0xFE, 0x69, 0xFE,
    0x89, 0x43, 0x89, 0x43, 0x89, 0x43, 0x89, 0x43, 0x89, 0x43, 0x89, 0x43, 0x69, 0xFE, 0x69, 0xFE, 0x69, 0xFE, 0x69,
    0xFE, 0x69, 0xFE, 0x69, 0xFE, 0x69, 0xFE, 0x69, 0xFE, 0x69, 0xFE, 0x69, 0xFE, 0x69, 0xFE, 0x69, 0xFE, 0x69, 0xFE,
    0x69, 0xFE, 0x69, 0xFE, 0x69, 0xFE, 0x69, 0xFE, 0x69, 0xFE, 0x69, 0xFE, 0x69, 0xFE, 0x69, 0xFE, 0x69, 0xFE, 0x69,
    0xFE, 0x69, 0xFE, 0x69, 0xFE, 0x69, 0xFE, 0x69, 0xFE, 0x69, 0xFE, 0x69, 0xFE, 0x69, 0xFE, 0x69, 0xFE, 0x69, 0xFE,
    0x69, 0xFE, 0x69, 0xFE, 0x69, 0xFE, 0x69, 0xFE, 0x69, 0xFE, 0x69, 0xFE, 0x69, 0xFE, 0x69, 0xFE, 0x69, 0xFE, 0x69,
    0xFE, 0x69, 0xFE, 0x69, 0xFE, 0x20, 0x62, 0x20, 0x62, 0x20, 0x62, 0x20, 0x62, 0x20, 0x62, 0x20, 0x62, 0x20, 0x62,
    0x20, 0x62, 0x20, 0x62, 0x20, 0x62, 0x20, 0x62, 0x20, 0x62, 0x20, 0x62, 0x46, 0x83, 0x46, 0x83, 0x46, 0x83, 0x9D,
    0xF7, 0x9D, 0xF7, 0x9D, 0xF7, 0x9D, 0xF7, 0xFF, 0xFF, 0xFF, 0xFF, 0xFF, 0xFF, 0xFF, 0xFF, 0xFF, 0xFF, 0xFF, 0xFF,
    0xFF, 0xFF, 0xFF, 0xFF, 0xFF, 0xFF, 0xFF, 0xFF, 0xFF, 0xFF, 0xFF, 0xFF, 0xFF, 0xFF, 0xF9, 0xE6, 0xF9, 0xE6, 0xF9,
    0xE6, 0x97, 0xDE, 0x97, 0xDE, 0x97, 0xDE, 0x97, 0xDE, 0x71, 0xBD, 0x71, 0xBD, 0x71, 0xBD, 0x10, 0xB5, 0x10, 0xB5,
    0x10, 0xB5, 0x10, 0xB5, 0x10, 0xB5, 0x10, 0xB5, 0x10, 0xB5, 0xA8, 0x8B, 0xA8, 0x8B, 0xA8, 0x8B, 0xA8, 0x8B, 0xA8,
    0x8B, 0xA8, 0x8B, 0xA8, 0x8B, 0xA8, 0x8B, 0xA8, 0x8B, 0xA8, 0x8B, 0xA8, 0x8B, 0xA8, 0x8B, 0xA8, 0x8B, 0xA8, 0x8B,
    0xA8, 0x8B, 0xA8, 0x8B, 0xA8, 0x8B, 0xA8, 0x8B, 0xA8, 0x8B, 0xA8, 0x8B, 0x46, 0x83, 0x46, 0x83, 0x46, 0x83, 0xA8,
    0x8B, 0xA8, 0x8B, 0xA8, 0x8B, 0xA8, 0x8B, 0xA8, 0x8B, 0xA8, 0x8B, 0xA8, 0x8B, 0xA8, 0x8B, 0xA8, 0x8B, 0xA8, 0x8B,
    0xA8, 0x8B, 0xA8, 0x8B, 0xA8, 0x8B, 0xA8, 0x8B, 0xA8, 0x8B, 0xA8, 0x8B, 0xA8, 0x8B, 0xA8, 0x8B, 0xA8, 0x8B, 0xA8,
    0x8B, 0xA8, 0x8B, 0xA8, 0x8B, 0xA8, 0x8B, 0x10, 0xB5, 0x10, 0xB5, 0x10, 0xB5, 0x10, 0xB5, 0x10, 0xB5, 0x10, 0xB5,
    0x10, 0xB5, 0x71, 0xBD, 0x71, 0xBD, 0x71, 0xBD, 0x97, 0xDE, 0x97, 0xDE, 0x97, 0xDE, 0x97, 0xDE, 0xF9, 0xE6, 0xF9,
    0xE6, 0xF9, 0xE6, 0xFF, 0xFF, 0xFF, 0xFF, 0xFF, 0xFF, 0xFF, 0xFF, 0xFF, 0xFF, 0xFF, 0xFF, 0xFF, 0xFF, 0xFF, 0xFF,
    0xFF, 0xFF, 0xFF, 0xFF, 0xFF, 0xFF, 0xFF, 0xFF, 0xFF, 0xFF, 0x9D, 0xF7, 0x9D, 0xF7, 0x9D, 0xF7, 0x9D, 0xF7, 0x46,
    0x83, 0x46, 0x83, 0x46, 0x83, 0x20, 0x62, 0x20, 0x62, 0x20, 0x62, 0x20, 0x62, 0x20, 0x62, 0x20, 0x62, 0x20, 0x62,
    0x20, 0x62, 0x20, 0x62, 0x20, 0x62, 0x20, 0x62, 0x20, 0x62, 0x20, 0x62, 0x69, 0xFE, 0x69, 0xFE, 0x69, 0xFE, 0x69,
    0xFE, 0x69, 0xFE, 0x69, 0xFE, 0x69, 0xFE, 0x69, 0xFE, 0x69, 0xFE, 0x69, 0xFE, 0x69, 0xFE, 0x69, 0xFE, 0x69, 0xFE,
    0x69, 0xFE, 0x69, 0xFE, 0x69, 0xFE, 0x69, 0xFE, 0x69, 0xFE, 0x69, 0xFE, 0x69, 0xFE, 0x69, 0xFE, 0x69, 0xFE, 0x69,
    0xFE, 0x69, 0xFE, 0x69, 0xFE, 0x69, 0xFE, 0x69, 0xFE, 0x69, 0xFE, 0x69, 0xFE, 0x69, 0xFE, 0x69, 0xFE, 0x69, 0xFE,
    0x69, 0xFE, 0x69, 0xFE, 0x69, 0xFE, 0x69, 0xFE, 0x69, 0xFE, 0x69, 0xFE, 0x69, 0xFE, 0x69, 0xFE, 0x69, 0xFE, 0x69,
    0xFE, 0x69, 0xFE, 0x69, 0xFE, 0x89, 0x43, 0x89, 0x43, 0x89, 0x43, 0x89, 0x43, 0x89, 0x43, 0x89, 0x43, 0x69, 0xFE,
    0x69, 0xFE, 0x69, 0xFE, 0x69, 0xFE, 0x69, 0xFE, 0x69, 0xFE, 0x69, 0xFE, 0x69, 0xFE, 0x69, 0xFE, 0x69, 0xFE, 0x69,
    0xFE, 0x69, 0xFE, 0x69, 0xFE, 0x69, 0xFE, 0x69, 0xFE, 0x69, 0xFE, 0x69, 0xFE, 0x69, 0xFE, 0x69, 0xFE, 0x69, 0xFE,
    0x69, 0xFE, 0x69, 0xFE, 0x69, 0xFE, 0x69, 0xFE, 0x69, 0xFE, 0x69, 0xFE, 0x69, 0xFE, 0x69, 0xFE, 0x69, 0xFE, 0x69,
    0xFE, 0x69, 0xFE, 0x69, 0xFE, 0x69, 0xFE, 0x69, 0xFE, 0x69, 0xFE, 0x69, 0xFE, 0x69, 0xFE, 0x69, 0xFE, 0x69, 0xFE,
    0x69, 0xFE, 0x69, 0xFE, 0x69, 0xFE, 0x69, 0xFE, 0x69, 0xFE, 0x20, 0x62, 0x20, 0x62, 0x20, 0x62, 0x20, 0x62, 0x20,
    0x62, 0x20, 0x62, 0x20, 0x62, 0x20, 0x62, 0x20, 0x62, 0x20, 0x62, 0x20, 0x62, 0x20, 0x62, 0x20, 0x62, 0x46, 0x83,
    0x46, 0x83, 0x46, 0x83, 0x9D, 0xF7, 0x9D, 0xF7, 0x9D, 0xF7, 0x9D, 0xF7, 0xFF, 0xFF, 0xFF, 0xFF, 0xFF, 0xFF, 0xFF,
    0xFF, 0xFF, 0xFF, 0xFF, 0xFF, 0xFF, 0xFF, 0xFF, 0xFF, 0xFF, 0xFF, 0xFF, 0xFF, 0xFF, 0xFF, 0xFF, 0xFF, 0xFF, 0xFF,
    0xF9, 0xE6, 0xF9, 0xE6, 0xF9, 0xE6, 0x97, 0xDE, 0x97, 0xDE, 0x97, 0xDE, 0x97, 0xDE, 0x71, 0xBD, 0x71, 0xBD, 0x71,
    0xBD, 0x10, 0xB5, 0x10, 0xB5, 0x10, 0xB5, 0x10, 0xB5, 0x10, 0xB5, 0x10, 0xB5, 0x10, 0xB5, 0xA8, 0x8B, 0xA8, 0x8B,
    0xA8, 0x8B, 0xA8, 0x8B, 0xA8, 0x8B, 0xA8, 0x8B, 0xA8, 0x8B, 0xA8, 0x8B, 0xA8, 0x8B, 0xA8, 0x8B, 0xA8, 0x8B, 0xA8,
    0x8B, 0xA8, 0x8B, 0xA8, 0x8B, 0xA8, 0x8B, 0xA8, 0x8B, 0xA8, 0x8B, 0xA8, 0x8B, 0xA8, 0x8B, 0xA8, 0x8B, 0x46, 0x83,
    0x46, 0x83, 0x46, 0x83, 0xA8, 0x8B, 0xA8, 0x8B, 0xA8, 0x8B, 0xA8, 0x8B, 0xA8, 0x8B, 0xA8, 0x8B, 0xA8, 0x8B, 0xA8,
    0x8B, 0xA8, 0x8B, 0xA8, 0x8B, 0xA8, 0x8B, 0xA8, 0x8B, 0xA8, 0x8B, 0xA8, 0x8B, 0xA8, 0x8B, 0xA8, 0x8B, 0xA8, 0x8B,
    0xA8, 0x8B, 0xA8, 0x8B, 0xA8, 0x8B, 0xA8, 0x8B, 0xA8, 0x8B, 0xA8, 0x8B, 0x10, 0xB5, 0x10, 0xB5, 0x10, 0xB5, 0x10,
    0xB5, 0x10, 0xB5, 0x10, 0xB5, 0x10, 0xB5, 0x71, 0xBD, 0x71, 0xBD, 0x71, 0xBD, 0x97, 0xDE, 0x97, 0xDE, 0x97, 0xDE,
    0x97, 0xDE, 0xF9, 0xE6, 0xF9, 0xE6, 0xF9, 0xE6, 0xFF, 0xFF, 0xFF, 0xFF, 0xFF, 0xFF, 0xFF, 0xFF, 0xFF, 0xFF, 0xFF,
    0xFF, 0xFF, 0xFF, 0xFF, 0xFF, 0xFF, 0xFF, 0xFF, 0xFF, 0xFF, 0xFF, 0xFF, 0xFF, 0xFF, 0xFF, 0x9D, 0xF7, 0x9D, 0xF7,
    0x9D, 0xF7, 0x9D, 0xF7, 0x46, 0x83, 0x46, 0x83, 0x46, 0x83, 0x20, 0x62, 0x20, 0x62, 0x20, 0x62, 0x20, 0x62, 0x20,
    0x62, 0x20, 0x62, 0x20, 0x62, 0x20, 0x62, 0x20, 0x62, 0x20, 0x62, 0x20, 0x62, 0x20, 0x62, 0x20, 0x62, 0x69, 0xFE,
    0x69, 0xFE, 0x69, 0xFE, 0x69, 0xFE, 0x69, 0xFE, 0x69, 0xFE, 0x69, 0xFE, 0x69, 0xFE, 0x69, 0xFE, 0x69, 0xFE, 0x69,
    0xFE, 0x69, 0xFE, 0x69, 0xFE, 0x69, 0xFE, 0x69, 0xFE, 0x69, 0xFE, 0x69, 0xFE, 0x69, 0xFE, 0x69, 0xFE, 0x69, 0xFE,
    0x69, 0xFE, 0x69, 0xFE, 0x69, 0xFE, 0x69, 0xFE, 0x69, 0xFE, 0x69, 0xFE, 0x69, 0xFE, 0x69, 0xFE, 0x69, 0xFE, 0x69,
    0xFE, 0x69, 0xFE, 0x69, 0xFE, 0x69, 0xFE, 0x69, 0xFE, 0x69, 0xFE, 0x69, 0xFE, 0x69, 0xFE, 0x69, 0xFE, 0x69, 0xFE,
    0x69, 0xFE, 0x69, 0xFE, 0x69, 0xFE, 0x69, 0xFE, 0x69, 0xFE, 0x89, 0x43, 0x89, 0x43, 0x89, 0x43, 0x89, 0x43, 0x89,
    0x43, 0x89, 0x43, 0x69, 0xFE, 0x69, 0xFE, 0x69, 0xFE, 0x69, 0xFE, 0x69, 0xFE, 0x69, 0xFE, 0x69, 0xFE, 0x69, 0xFE,
    0x69, 0xFE, 0x69, 0xFE, 0x69, 0xFE, 0x69, 0xFE, 0x69, 0xFE, 0x69, 0xFE, 0x69, 0xFE, 0x69, 0xFE, 0x69, 0xFE, 0x69,
    0xFE, 0x69, 0xFE, 0x69, 0xFE, 0x69, 0xFE, 0x69, 0xFE, 0x69, 0xFE, 0x69, 0xFE, 0x69, 0xFE, 0x69, 0xFE, 0x69, 0xFE,
    0x69, 0xFE, 0x69, 0xFE, 0x69, 0xFE, 0x69, 0xFE, 0x69, 0xFE, 0x69, 0xFE, 0x69, 0xFE, 0x69, 0xFE, 0x69, 0xFE, 0x69,
    0xFE, 0x69, 0xFE, 0x69, 0xFE, 0x69, 0xFE, 0x69, 0xFE, 0x69, 0xFE, 0x69, 0xFE, 0x69, 0xFE, 0x20, 0x62, 0x20, 0x62,
    0x20, 0x62, 0x20, 0x62, 0x20, 0x62, 0x20, 0x62, 0x20, 0x62, 0x20, 0x62, 0x20, 0x62, 0x20, 0x62, 0x20, 0x62, 0x20,
    0x62, 0x20, 0x62, 0x46, 0x83, 0x46, 0x83, 0x46, 0x83, 0x9D, 0xF7, 0x9D, 0xF7, 0x9D, 0xF7, 0x9D, 0xF7, 0xFF, 0xFF,
    0xFF, 0xFF, 0xFF, 0xFF, 0xFF, 0xFF, 0xFF, 0xFF, 0xFF, 0xFF, 0xFF, 0xFF, 0xFF, 0xFF, 0xFF, 0xFF, 0xFF, 0xFF, 0xFF,
    0xFF, 0xFF, 0xFF, 0xFF, 0xFF, 0xF9, 0xE6, 0xF9, 0xE6, 0xF9, 0xE6, 0x97, 0xDE, 0x97, 0xDE, 0x97, 0xDE, 0x97, 0xDE,
    0x71, 0xBD, 0x71, 0xBD, 0x71, 0xBD, 0x10, 0xB5, 0x10, 0xB5, 0x10, 0xB5, 0x10, 0xB5, 0x10, 0xB5, 0x10, 0xB5, 0x10,
    0xB5, 0xA8, 0x8B, 0xA8, 0x8B, 0xA8, 0x8B, 0xA8, 0x8B, 0xA8, 0x8B, 0xA8, 0x8B, 0xA8, 0x8B, 0xA8, 0x8B, 0xA8, 0x8B,
    0xA8, 0x8B, 0xA8, 0x8B, 0xA8, 0x8B, 0xA8, 0x8B, 0xA8, 0x8B, 0xA8, 0x8B, 0xA8, 0x8B, 0xA8, 0x8B, 0xA8, 0x8B, 0xA8,
    0x8B, 0xA8, 0x8B, 0x46, 0x83, 0x46, 0x83, 0x46, 0x83, 0xA8, 0x8B, 0xA8, 0x8B, 0xA8, 0x8B, 0xA8, 0x8B, 0xA8, 0x8B,
    0xA8, 0x8B, 0xA8, 0x8B, 0xA8, 0x8B, 0xA8, 0x8B, 0xA8, 0x8B, 0xA8, 0x8B, 0xA8, 0x8B, 0xA8, 0x8B, 0xA8, 0x8B, 0xA8,
    0x8B, 0xA8, 0x8B, 0xA8, 0x8B, 0xA8, 0x8B, 0xA8, 0x8B, 0xA8, 0x8B, 0xA8, 0x8B, 0xA8, 0x8B, 0xA8, 0x8B, 0x10, 0xB5,
    0x10, 0xB5, 0x10, 0xB5, 0x10, 0xB5, 0x10, 0xB5, 0x10, 0xB5, 0x10, 0xB5, 0x71, 0xBD, 0x71, 0xBD, 0x71, 0xBD, 0x97,
    0xDE, 0x97, 0xDE, 0x97, 0xDE, 0x97, 0xDE, 0xF9, 0xE6, 0xF9, 0xE6, 0xF9, 0xE6, 0xFF, 0xFF, 0xFF, 0xFF, 0xFF, 0xFF,
    0xFF, 0xFF, 0xFF, 0xFF, 0xFF, 0xFF, 0xFF, 0xFF, 0xFF, 0xFF, 0xFF, 0xFF, 0xFF, 0xFF, 0xFF, 0xFF, 0xFF, 0xFF, 0xFF,
    0xFF, 0x9D, 0xF7, 0x9D, 0xF7, 0x9D, 0xF7, 0x9D, 0xF7, 0x46, 0x83, 0x46, 0x83, 0x46, 0x83, 0x20, 0x62, 0x20, 0x62,
    0x20, 0x62, 0x20, 0x62, 0x20, 0x62, 0x20, 0x62, 0x20, 0x62, 0x20, 0x62, 0x20, 0x62, 0x20, 0x62, 0x20, 0x62, 0x20,
    0x62, 0x20, 0x62, 0x69, 0xFE, 0x69, 0xFE, 0x69, 0xFE, 0x69, 0xFE, 0x69, 0xFE, 0x69, 0xFE, 0x69, 0xFE, 0x69, 0xFE,
    0x69, 0xFE, 0x69, 0xFE, 0x69, 0xFE, 0x69, 0xFE, 0x69, 0xFE, 0x69, 0xFE, 0x69, 0xFE, 0x69, 0xFE, 0x69, 0xFE, 0x69,
    0xFE, 0x69, 0xFE, 0x69, 0xFE, 0x69, 0xFE, 0x69, 0xFE, 0x69, 0xFE, 0x69, 0xFE, 0x69, 0xFE, 0x69, 0xFE, 0x69, 0xFE,
    0x69, 0xFE, 0x69, 0xFE, 0x69, 0xFE, 0x69, 0xFE, 0x69, 0xFE, 0x69, 0xFE, 0x69, 0xFE, 0x69, 0xFE, 0x69, 0xFE, 0x69,
    0xFE, 0x69, 0xFE, 0x69, 0xFE, 0x69, 0xFE, 0x69, 0xFE, 0x69, 0xFE, 0x69, 0xFE, 0x69, 0xFE, 0x89, 0x43, 0x89, 0x43,
    0x89, 0x43, 0x89, 0x43, 0x89, 0x43, 0x89, 0x43, 0x89, 0x43, 0x89, 0x43, 0x89, 0x43, 0x89, 0x43, 0x69, 0xFE, 0x69,
    0xFE, 0x69, 0xFE, 0x69, 0xFE, 0x69, 0xFE, 0x69, 0xFE, 0x69, 0xFE, 0x69, 0xFE, 0x69, 0xFE, 0x69, 0xFE, 0x69, 0xFE,
    0x69, 0xFE, 0x69, 0xFE, 0x69, 0xFE, 0x69, 0xFE, 0x69, 0xFE, 0x69, 0xFE, 0x69, 0xFE, 0x69, 0xFE, 0x69, 0xFE, 0x69,
    0xFE, 0x69, 0xFE, 0x69, 0xFE, 0x69, 0xFE, 0x69, 0xFE, 0x69, 0xFE, 0x69, 0xFE, 0x69, 0xFE, 0x69, 0xFE, 0x69, 0xFE,
    0x69, 0xFE, 0x69, 0xFE, 0x69, 0xFE, 0x69, 0xFE, 0x69, 0xFE, 0x69, 0xFE, 0x69, 0xFE, 0x69, 0xFE, 0x69, 0xFE, 0x69,
    0xFE, 0xA1, 0x7A, 0xA1, 0x7A, 0xA1, 0x7A, 0x20, 0x62, 0x20, 0x62, 0x20, 0x62, 0x20, 0x62, 0x20, 0x62, 0x20, 0x62,
    0x20, 0x62, 0x20, 0x62, 0x20, 0x62, 0x20, 0x62, 0x20, 0x62, 0x20, 0x62, 0x20, 0x62, 0x4C, 0x9C, 0x4C, 0x9C, 0x4C,
    0x9C, 0x4C, 0x9C, 0xFF, 0xFF, 0xFF, 0xFF, 0xFF, 0xFF, 0xFF, 0xFF, 0xFF, 0xFF, 0xFF, 0xFF, 0xFF, 0xFF, 0xFF, 0xFF,
    0xFF, 0xFF, 0xFF, 0xFF, 0xFF, 0xFF, 0xFF, 0xFF, 0xFF, 0xFF, 0xFF, 0xFF, 0xFF, 0xFF, 0xFF, 0xFF, 0xFF, 0xFF, 0xFF,
    0xFF, 0xFF, 0xFF, 0xFF, 0xFF, 0xFF, 0xFF, 0xFF, 0xFF, 0xFF, 0xFF, 0xFF, 0xFF, 0xFF, 0xFF, 0xFF, 0xFF, 0xFF, 0xFF,
    0xFF, 0xFF, 0xFF, 0xFF, 0xFF, 0xFF, 0xFF, 0xFF, 0xFF, 0xFF, 0xFF, 0xFF, 0xFF, 0xFF, 0xFF, 0xFF, 0xFF, 0xFF, 0xFF,
    0xFF, 0xFF, 0xFF, 0xFF, 0xFF, 0xFF, 0xFF, 0xFF, 0xFF, 0xFF, 0xFF, 0xFF, 0xFF, 0xFF, 0xFF, 0xFF, 0xFF, 0xFF, 0xFF,
    0xFF, 0xFF, 0xFF, 0xFF, 0xFF, 0xFF, 0xFF, 0xFF, 0xFF, 0xFF, 0xFF, 0xFF, 0xFF, 0xFF, 0xFF, 0xFF, 0xFF, 0xFF, 0xFF,
    0xFF, 0xFF, 0xFF, 0xFF, 0xFF, 0xFF, 0xFF, 0xFF, 0xFF, 0xFF, 0xFF, 0xFF, 0xFF, 0xFF, 0xFF, 0xFF, 0xFF, 0xFF, 0xFF,
    0xFF, 0xFF, 0xFF, 0xFF, 0xFF, 0xFF, 0xFF, 0xFF, 0xFF, 0xFF, 0xFF, 0xFF, 0xFF, 0xFF, 0xFF, 0xFF, 0xFF, 0xFF, 0xFF,
    0xFF, 0xFF, 0xFF, 0xFF, 0xFF, 0xFF, 0xFF, 0xFF, 0xFF, 0xFF, 0xFF, 0xFF, 0xFF, 0xFF, 0xFF, 0xFF, 0xFF, 0xFF, 0xFF,
    0xFF, 0xFF, 0xFF, 0xFF, 0xFF, 0xFF, 0xFF, 0xFF, 0xFF, 0xFF, 0xFF, 0xFF, 0xFF, 0xFF, 0xFF, 0xFF, 0xFF, 0xFF, 0xFF,
    0xFF, 0xFF, 0xFF, 0xFF, 0xFF, 0xFF, 0xFF, 0xFF, 0xFF, 0xFF, 0xFF, 0xFF, 0xFF, 0xFF, 0xFF, 0xFF, 0xFF, 0xFF, 0xFF,
    0xFF, 0xFF, 0xFF, 0xFF, 0xFF, 0xFF, 0x4C, 0x9C, 0x4C, 0x9C, 0x4C, 0x9C, 0x4C, 0x9C, 0x20, 0x62, 0x20, 0x62, 0x20,
    0x62, 0x20, 0x62, 0x20, 0x62, 0x20, 0x62, 0x20, 0x62, 0x20, 0x62, 0x20, 0x62, 0x20, 0x62, 0x20, 0x62, 0x20, 0x62,
    0x20, 0x62, 0xA1, 0x7A, 0xA1, 0x7A, 0xA1, 0x7A, 0x69, 0xFE, 0x69, 0xFE, 0x69, 0xFE, 0x69, 0xFE, 0x69, 0xFE, 0x69,
    0xFE, 0x69, 0xFE, 0x69, 0xFE, 0x69, 0xFE, 0x69, 0xFE, 0x69, 0xFE, 0x69, 0xFE, 0x69, 0xFE, 0x69, 0xFE, 0x69, 0xFE,
    0x69, 0xFE, 0x69, 0xFE, 0x69, 0xFE, 0x69, 0xFE, 0x69, 0xFE, 0x69, 0xFE, 0x69, 0xFE, 0x69, 0xFE, 0x69, 0xFE, 0x69,
    0xFE, 0x69, 0xFE, 0x69, 0xFE, 0x69, 0xFE, 0x69, 0xFE, 0x69, 0xFE, 0x69, 0xFE, 0x69, 0xFE, 0x69, 0xFE, 0x69, 0xFE,
    0x69, 0xFE, 0x69, 0xFE, 0x69, 0xFE, 0x69, 0xFE, 0x69, 0xFE, 0x69, 0xFE, 0x89, 0x43, 0x89, 0x43, 0x89, 0x43, 0x89,
    0x43, 0x89, 0x43, 0x89, 0x43, 0x89, 0x43, 0x89, 0x43, 0x89, 0x43, 0x89, 0x43, 0x89, 0x43, 0x89, 0x43, 0x89, 0x43,
    0x89, 0x43, 0x69, 0xFE, 0x69, 0xFE, 0x69, 0xFE, 0x69, 0xFE, 0x69, 0xFE, 0x69, 0xFE, 0x69, 0xFE, 0x69, 0xFE, 0x69,
    0xFE, 0x69, 0xFE, 0x69, 0xFE, 0x69, 0xFE, 0x69, 0xFE, 0x69, 0xFE, 0x69, 0xFE, 0x69, 0xFE, 0x69, 0xFE, 0x69, 0xFE,
    0x69, 0xFE, 0x69, 0xFE, 0x69, 0xFE, 0x69, 0xFE, 0x69, 0xFE, 0x69, 0xFE, 0x69, 0xFE, 0x69, 0xFE, 0x69, 0xFE, 0x69,
    0xFE, 0x69, 0xFE, 0x69, 0xFE, 0x69, 0xFE, 0x69, 0xFE, 0x69, 0xFE, 0x69, 0xFE, 0x69, 0xFE, 0x69, 0xFE, 0x69, 0xFE,
    0x69, 0xFE, 0x69, 0xFE, 0x69, 0xFE, 0xA1, 0x7A, 0xA1, 0x7A, 0xA1, 0x7A, 0x20, 0x62, 0x20, 0x62, 0x20, 0x62, 0x20,
    0x62, 0x20, 0x62, 0x20, 0x62, 0x20, 0x62, 0x20, 0x62, 0x20, 0x62, 0x20, 0x62, 0x20, 0x62, 0x20, 0x62, 0x20, 0x62,
    0x4C, 0x9C, 0x4C, 0x9C, 0x4C, 0x9C, 0x4C, 0x9C, 0xFF, 0xFF, 0xFF, 0xFF, 0xFF, 0xFF, 0xFF, 0xFF, 0xFF, 0xFF, 0xFF,
    0xFF, 0xFF, 0xFF, 0xFF, 0xFF, 0xFF, 0xFF, 0xFF, 0xFF, 0xFF, 0xFF, 0xFF, 0xFF, 0xFF, 0xFF, 0xFF, 0xFF, 0xFF, 0xFF,
    0xFF, 0xFF, 0xFF, 0xFF, 0xFF, 0xFF, 0xFF, 0xFF, 0xFF, 0xFF, 0xFF, 0xFF, 0xFF, 0xFF, 0xFF, 0xFF, 0xFF, 0xFF, 0xFF,
    0xFF, 0xFF, 0xFF, 0xFF, 0xFF, 0xFF, 0xFF, 0xFF, 0xFF, 0xFF, 0xFF, 0xFF, 0xFF, 0xFF, 0xFF, 0xFF, 0xFF, 0xFF, 0xFF,
    0xFF, 0xFF, 0xFF, 0xFF, 0xFF, 0xFF, 0xFF, 0xFF, 0xFF, 0xFF, 0xFF, 0xFF, 0xFF, 0xFF, 0xFF, 0xFF, 0xFF, 0xFF, 0xFF,
    0xFF, 0xFF, 0xFF, 0xFF, 0xFF, 0xFF, 0xFF, 0xFF, 0xFF, 0xFF, 0xFF, 0xFF, 0xFF, 0xFF, 0xFF, 0xFF, 0xFF, 0xFF, 0xFF,
    0xFF, 0xFF, 0xFF, 0xFF, 0xFF, 0xFF, 0xFF, 0xFF, 0xFF, 0xFF, 0xFF, 0xFF, 0xFF, 0xFF, 0xFF, 0xFF, 0xFF, 0xFF, 0xFF,
    0xFF, 0xFF, 0xFF, 0xFF, 0xFF, 0xFF, 0xFF, 0xFF, 0xFF, 0xFF, 0xFF, 0xFF, 0xFF, 0xFF, 0xFF, 0xFF, 0xFF, 0xFF, 0xFF,
    0xFF, 0xFF, 0xFF, 0xFF, 0xFF, 0xFF, 0xFF, 0xFF, 0xFF, 0xFF, 0xFF, 0xFF, 0xFF, 0xFF, 0xFF, 0xFF, 0xFF, 0xFF, 0xFF,
    0xFF, 0xFF, 0xFF, 0xFF, 0xFF, 0xFF, 0xFF, 0xFF, 0xFF, 0xFF, 0xFF, 0xFF, 0xFF, 0xFF, 0xFF, 0xFF, 0xFF, 0xFF, 0xFF,
    0xFF, 0xFF, 0xFF, 0xFF, 0xFF, 0xFF, 0xFF, 0xFF, 0xFF, 0xFF, 0xFF, 0xFF, 0xFF, 0xFF, 0xFF, 0xFF, 0xFF, 0xFF, 0xFF,
    0xFF, 0xFF, 0xFF, 0xFF, 0xFF, 0xFF, 0xFF, 0xFF, 0xFF, 0xFF, 0xFF, 0x4C, 0x9C, 0x4C, 0x9C, 0x4C, 0x9C, 0x4C, 0x9C,
    0x20, 0x62, 0x20, 0x62, 0x20, 0x62, 0x20, 0x62, 0x20, 0x62, 0x20, 0x62, 0x20, 0x62, 0x20, 0x62, 0x20, 0x62, 0x20,
    0x62, 0x20, 0x62, 0x20, 0x62, 0x20, 0x62, 0xA1, 0x7A, 0xA1, 0x7A, 0xA1, 0x7A, 0x69, 0xFE, 0x69, 0xFE, 0x69, 0xFE,
    0x69, 0xFE, 0x69, 0xFE, 0x69, 0xFE, 0x69, 0xFE, 0x69, 0xFE, 0x69, 0xFE, 0x69, 0xFE, 0x69, 0xFE, 0x69, 0xFE, 0x69,
    0xFE, 0x69, 0xFE, 0x69, 0xFE, 0x69, 0xFE, 0x69, 0xFE, 0x69, 0xFE, 0x69, 0xFE, 0x69, 0xFE, 0x69, 0xFE, 0x69, 0xFE,
    0x69, 0xFE, 0x69, 0xFE, 0x69, 0xFE, 0x69, 0xFE, 0x69, 0xFE, 0x69, 0xFE, 0x69, 0xFE, 0x69, 0xFE, 0x69, 0xFE, 0x69,
    0xFE, 0x69, 0xFE, 0x69, 0xFE, 0x69, 0xFE, 0x69, 0xFE, 0x69, 0xFE, 0x69, 0xFE, 0x69, 0xFE, 0x69, 0xFE, 0x89, 0x43,
    0x89, 0x43, 0x89, 0x43, 0x89, 0x43, 0x89, 0x43, 0x89, 0x43, 0x89, 0x43, 0x89, 0x43, 0x89, 0x43, 0x89, 0x43, 0x89,
    0x43, 0x89, 0x43, 0x89, 0x43, 0x89, 0x43, 0x69, 0xFE, 0x69, 0xFE, 0x69, 0xFE, 0x69, 0xFE, 0x69, 0xFE, 0x69, 0xFE,
    0x69, 0xFE, 0x69, 0xFE, 0x69, 0xFE, 0x69, 0xFE, 0x69, 0xFE, 0x69, 0xFE, 0x69, 0xFE, 0x69, 0xFE, 0x69, 0xFE, 0x69,
    0xFE, 0x69, 0xFE, 0x69, 0xFE, 0x69, 0xFE, 0x69, 0xFE, 0x69, 0xFE, 0x69, 0xFE, 0x69, 0xFE, 0x69, 0xFE, 0x69, 0xFE,
    0x69, 0xFE, 0x69, 0xFE, 0x69, 0xFE, 0x69, 0xFE, 0x69, 0xFE, 0x69, 0xFE, 0x69, 0xFE, 0x69, 0xFE, 0x69, 0xFE, 0x69,
    0xFE, 0x69, 0xFE, 0x69, 0xFE, 0x69, 0xFE, 0x69, 0xFE, 0x69, 0xFE, 0xA1, 0x7A, 0xA1, 0x7A, 0xA1, 0x7A, 0x20, 0x62,
    0x20, 0x62, 0x20, 0x62, 0x20, 0x62, 0x20, 0x62, 0x20, 0x62, 0x20, 0x62, 0x20, 0x62, 0x20, 0x62, 0x20, 0x62, 0x20,
    0x62, 0x20, 0x62, 0x20, 0x62, 0x4C, 0x9C, 0x4C, 0x9C, 0x4C, 0x9C, 0x4C, 0x9C, 0xFF, 0xFF, 0xFF, 0xFF, 0xFF, 0xFF,
    0xFF, 0xFF, 0xFF, 0xFF, 0xFF, 0xFF, 0xFF, 0xFF, 0xFF, 0xFF, 0xFF, 0xFF, 0xFF, 0xFF, 0xFF, 0xFF, 0xFF, 0xFF, 0xFF,
    0xFF, 0xFF, 0xFF, 0xFF, 0xFF, 0xFF, 0xFF, 0xFF, 0xFF, 0xFF, 0xFF, 0xFF, 0xFF, 0xFF, 0xFF, 0xFF, 0xFF, 0xFF, 0xFF,
    0xFF, 0xFF, 0xFF, 0xFF, 0xFF, 0xFF, 0xFF, 0xFF, 0xFF, 0xFF, 0xFF, 0xFF, 0xFF, 0xFF, 0xFF, 0xFF, 0xFF, 0xFF, 0xFF,
    0xFF, 0xFF, 0xFF, 0xFF, 0xFF, 0xFF, 0xFF, 0xFF, 0xFF, 0xFF, 0xFF, 0xFF, 0xFF, 0xFF, 0xFF, 0xFF, 0xFF, 0xFF, 0xFF,
    0xFF, 0xFF, 0xFF, 0xFF, 0xFF, 0xFF, 0xFF, 0xFF, 0xFF, 0xFF, 0xFF, 0xFF, 0xFF, 0xFF, 0xFF, 0xFF, 0xFF, 0xFF, 0xFF,
    0xFF, 0xFF, 0xFF, 0xFF, 0xFF, 0xFF, 0xFF, 0xFF, 0xFF, 0xFF, 0xFF, 0xFF, 0xFF, 0xFF, 0xFF, 0xFF, 0xFF, 0xFF, 0xFF,
    0xFF, 0xFF, 0xFF, 0xFF, 0xFF, 0xFF, 0xFF, 0xFF, 0xFF, 0xFF, 0xFF, 0xFF, 0xFF, 0xFF, 0xFF, 0xFF, 0xFF, 0xFF, 0xFF,
    0xFF, 0xFF, 0xFF, 0xFF, 0xFF, 0xFF, 0xFF, 0xFF, 0xFF, 0xFF, 0xFF, 0xFF, 0xFF, 0xFF, 0xFF, 0xFF, 0xFF, 0xFF, 0xFF,
    0xFF, 0xFF, 0xFF, 0xFF, 0xFF, 0xFF, 0xFF, 0xFF, 0xFF, 0xFF, 0xFF, 0xFF, 0xFF, 0xFF, 0xFF, 0xFF, 0xFF, 0xFF, 0xFF,
    0xFF, 0xFF, 0xFF, 0xFF, 0xFF, 0xFF, 0xFF, 0xFF, 0xFF, 0xFF, 0xFF, 0xFF, 0xFF, 0xFF, 0xFF, 0xFF, 0xFF, 0xFF, 0xFF,
    0xFF, 0xFF, 0xFF, 0xFF, 0xFF, 0xFF, 0xFF, 0xFF, 0xFF, 0xFF, 0xFF, 0xFF, 0xFF, 0xFF, 0xFF, 0xFF, 0x4C, 0x9C, 0x4C,
    0x9C, 0x4C, 0x9C, 0x4C, 0x9C, 0x20, 0x62, 0x20, 0x62, 0x20, 0x62, 0x20, 0x62, 0x20, 0x62, 0x20, 0x62, 0x20, 0x62,
    0x20, 0x62, 0x20, 0x62, 0x20, 0x62, 0x20, 0x62, 0x20, 0x62, 0x20, 0x62, 0xA1, 0x7A, 0xA1, 0x7A, 0xA1, 0x7A, 0x69,
    0xFE, 0x69, 0xFE, 0x69, 0xFE, 0x69, 0xFE, 0x69, 0xFE, 0x69, 0xFE, 0x69, 0xFE, 0x69, 0xFE, 0x69, 0xFE, 0x69, 0xFE,
    0x69, 0xFE, 0x69, 0xFE, 0x69, 0xFE, 0x69, 0xFE, 0x69, 0xFE, 0x69, 0xFE, 0x69, 0xFE, 0x69, 0xFE, 0x69, 0xFE, 0x69,
    0xFE, 0x69, 0xFE, 0x69, 0xFE, 0x69, 0xFE, 0x69, 0xFE, 0x69, 0xFE, 0x69, 0xFE, 0x69, 0xFE, 0x69, 0xFE, 0x69, 0xFE,
    0x69, 0xFE, 0x69, 0xFE, 0x69, 0xFE, 0x69, 0xFE, 0x69, 0xFE, 0x69, 0xFE, 0x69, 0xFE, 0x69, 0xFE, 0x69, 0xFE, 0x69,
    0xFE, 0x69, 0xFE, 0x89, 0x43, 0x89, 0x43, 0x89, 0x43, 0x89, 0x43, 0x89, 0x43, 0x89, 0x43, 0x89, 0x43, 0x89, 0x43,
    0x89, 0x43, 0x89, 0x43, 0x89, 0x43, 0x89, 0x43, 0x89, 0x43, 0x89, 0x43, 0x69, 0xFE, 0x69, 0xFE, 0x69, 0xFE, 0x69,
    0xFE, 0x69, 0xFE, 0x69, 0xFE, 0x69, 0xFE, 0x69, 0xFE, 0x69, 0xFE, 0x69, 0xFE, 0x69, 0xFE, 0x69, 0xFE, 0x69, 0xFE,
    0x69, 0xFE, 0x69, 0xFE, 0x69, 0xFE, 0x69, 0xFE, 0x69, 0xFE, 0x69, 0xFE, 0x69, 0xFE, 0x69, 0xFE, 0x69, 0xFE, 0x69,
    0xFE, 0x69, 0xFE, 0x69, 0xFE, 0x69, 0xFE, 0x69, 0xFE, 0x69, 0xFE, 0x69, 0xFE, 0x69, 0xFE, 0x69, 0xFE, 0x69, 0xFE,
    0x69, 0xFE, 0x69, 0xFE, 0x69, 0xFE, 0x69, 0xFE, 0x69, 0xFE, 0x69, 0xFE, 0x69, 0xFE, 0x69, 0xFE, 0xC3, 0x9B, 0xC3,
    0x9B, 0xC3, 0x9B, 0x20, 0x62, 0x20, 0x62, 0x20, 0x62, 0x20, 0x62, 0x20, 0x62, 0x20, 0x62, 0x20, 0x62, 0x20, 0x62,
    0x20, 0x62, 0x20, 0x62, 0x20, 0x62, 0x20, 0x62, 0x20, 0x62, 0x20, 0x62, 0x20, 0x62, 0x20, 0x62, 0x20, 0x62, 0x46,
    0x83, 0x46, 0x83, 0x46, 0x83, 0x9D, 0xF7, 0x9D, 0xF7, 0x9D, 0xF7, 0xFF, 0xFF, 0xFF, 0xFF, 0xFF, 0xFF, 0xFF, 0xFF,
    0xFF, 0xFF, 0xFF, 0xFF, 0xFF, 0xFF, 0xFF, 0xFF, 0xFF, 0xFF, 0xFF, 0xFF, 0xFF, 0xFF, 0xFF, 0xFF, 0xFF, 0xFF, 0xFF,
    0xFF, 0xFF, 0xFF, 0xFF, 0xFF, 0xFF, 0xFF, 0xFF, 0xFF, 0xFF, 0xFF, 0xFF, 0xFF, 0xFF, 0xFF, 0xFF, 0xFF, 0xFF, 0xFF,
    0xFF, 0xFF, 0xFF, 0xFF, 0xFF, 0xFF, 0xFF, 0xFF, 0xFF, 0xFF, 0xFF, 0xFF, 0xFF, 0xFF, 0xFF, 0xFF, 0xFF, 0xFF, 0xFF,
    0xFF, 0xFF, 0xFF, 0xFF, 0xFF, 0xFF, 0xFF, 0xFF, 0xFF, 0xFF, 0xFF, 0xFF, 0xFF, 0xFF, 0xFF, 0xFF, 0xFF, 0xFF, 0xFF,
    0xFF, 0xFF, 0xFF, 0xFF, 0xFF, 0xFF, 0xFF, 0xFF, 0xFF, 0xFF, 0xFF, 0xFF, 0xFF, 0xFF, 0xFF, 0xFF, 0xFF, 0xFF, 0xFF,
    0xFF, 0xFF, 0xFF, 0xFF, 0xFF, 0xFF, 0xFF, 0xFF, 0xFF, 0xFF, 0xFF, 0xFF, 0xFF, 0xFF, 0xFF, 0xFF, 0xFF, 0xFF, 0xFF,
    0xFF, 0xFF, 0xFF, 0xFF, 0xFF, 0xFF, 0xFF, 0xFF, 0xFF, 0xFF, 0xFF, 0xFF, 0xFF, 0xFF, 0xFF, 0xFF, 0xFF, 0xFF, 0xFF,
    0xFF, 0xFF, 0xFF, 0xFF, 0xFF, 0xFF, 0xFF, 0xFF, 0xFF, 0xFF, 0xFF, 0xFF, 0xFF, 0xFF, 0xFF, 0xFF, 0xFF, 0xFF, 0xFF,
    0xFF, 0xFF, 0xFF, 0xFF, 0xFF, 0xFF, 0xFF, 0xFF, 0xFF, 0xFF, 0xFF, 0xFF, 0xFF, 0xFF, 0xFF, 0xFF, 0xFF, 0xFF, 0xFF,
    0xFF, 0xFF, 0xFF, 0xFF, 0xFF, 0xFF, 0xFF, 0xFF, 0xFF, 0x9D, 0xF7, 0x9D, 0xF7, 0x9D, 0xF7, 0x46, 0x83, 0x46, 0x83,
    0x46, 0x83, 0x20, 0x62, 0x20, 0x62, 0x20, 0x62, 0x20, 0x62, 0x20, 0x62, 0x20, 0x62, 0x20, 0x62, 0x20, 0x62, 0x20,
    0x62, 0x20, 0x62, 0x20, 0x62, 0x20, 0x62, 0x20, 0x62, 0x20, 0x62, 0x20, 0x62, 0x20, 0x62, 0x20, 0x62, 0xC3, 0x9B,
    0xC3, 0x9B, 0xC3, 0x9B, 0x69, 0xFE, 0x69, 0xFE, 0x69, 0xFE, 0x69, 0xFE, 0x69, 0xFE, 0x69, 0xFE, 0x69, 0xFE, 0x69,
    0xFE, 0x69, 0xFE, 0x69, 0xFE, 0x69, 0xFE, 0x69, 0xFE, 0x69, 0xFE, 0x69, 0xFE, 0x69, 0xFE, 0x69, 0xFE, 0x69, 0xFE,
    0x69, 0xFE, 0x69, 0xFE, 0x69, 0xFE, 0x69, 0xFE, 0x69, 0xFE, 0x69, 0xFE, 0x69, 0xFE, 0x69, 0xFE, 0x69, 0xFE, 0x69,
    0xFE, 0x69, 0xFE, 0x69, 0xFE, 0x69, 0xFE, 0x69, 0xFE, 0x69, 0xFE, 0x69, 0xFE, 0x69, 0xFE, 0x69, 0xFE, 0x69, 0xFE,
    0x69, 0xFE, 0x69, 0xFE, 0x69, 0xFE, 0x69, 0xFE, 0x89, 0x43, 0x89, 0x43, 0x89, 0x43, 0x89, 0x43, 0x89, 0x43, 0x89,
    0x43, 0x89, 0x43, 0x89, 0x43, 0x89, 0x43, 0x89, 0x43, 0x89, 0x43, 0x89, 0x43, 0x89, 0x43, 0x89, 0x43, 0x69, 0xFE,
    0x69, 0xFE, 0x69, 0xFE, 0x69, 0xFE, 0x69, 0xFE, 0x69, 0xFE, 0x69, 0xFE, 0x69, 0xFE, 0x69, 0xFE, 0x69, 0xFE, 0x69,
    0xFE, 0x69, 0xFE, 0x69, 0xFE, 0x69, 0xFE, 0x69, 0xFE, 0x69, 0xFE, 0x69, 0xFE, 0x69, 0xFE, 0x69, 0xFE, 0x69, 0xFE,
    0x69, 0xFE, 0x69, 0xFE, 0x69, 0xFE, 0x69, 0xFE, 0x69, 0xFE, 0x69, 0xFE, 0x69, 0xFE, 0x69, 0xFE, 0x69, 0xFE, 0x69,
    0xFE, 0x69, 0xFE, 0x69, 0xFE, 0x69, 0xFE, 0x69, 0xFE, 0x69, 0xFE, 0x69, 0xFE, 0x69, 0xFE, 0x69, 0xFE, 0x69, 0xFE,
    0x69, 0xFE, 0xC3, 0x9B, 0xC3, 0x9B, 0xC3, 0x9B, 0x20, 0x62, 0x20, 0x62, 0x20, 0x62, 0x20, 0x62, 0x20, 0x62, 0x20,
    0x62, 0x20, 0x62, 0x20, 0x62, 0x20, 0x62, 0x20, 0x62, 0x20, 0x62, 0x20, 0x62, 0x20, 0x62, 0x20, 0x62, 0x20, 0x62,
    0x20, 0x62, 0x20, 0x62, 0x46, 0x83, 0x46, 0x83, 0x46, 0x83, 0x9D, 0xF7, 0x9D, 0xF7, 0x9D, 0xF7, 0xFF, 0xFF, 0xFF,
    0xFF, 0xFF, 0xFF, 0xFF, 0xFF, 0xFF, 0xFF, 0xFF, 0xFF, 0xFF, 0xFF, 0xFF, 0xFF, 0xFF, 0xFF, 0xFF, 0xFF, 0xFF, 0xFF,
    0xFF, 0xFF, 0xFF, 0xFF, 0xFF, 0xFF, 0xFF, 0xFF, 0xFF, 0xFF, 0xFF, 0xFF, 0xFF, 0xFF, 0xFF, 0xFF, 0xFF, 0xFF, 0xFF,
    0xFF, 0xFF, 0xFF, 0xFF, 0xFF, 0xFF, 0xFF, 0xFF, 0xFF, 0xFF, 0xFF, 0xFF, 0xFF, 0xFF, 0xFF, 0xFF, 0xFF, 0xFF, 0xFF,
    0xFF, 0xFF, 0xFF, 0xFF, 0xFF, 0xFF, 0xFF, 0xFF, 0xFF, 0xFF, 0xFF, 0xFF, 0xFF, 0xFF, 0xFF, 0xFF, 0xFF, 0xFF, 0xFF,
    0xFF, 0xFF, 0xFF, 0xFF, 0xFF, 0xFF, 0xFF, 0xFF, 0xFF, 0xFF, 0xFF, 0xFF, 0xFF, 0xFF, 0xFF, 0xFF, 0xFF, 0xFF, 0xFF,
    0xFF, 0xFF, 0xFF, 0xFF, 0xFF, 0xFF, 0xFF, 0xFF, 0xFF, 0xFF, 0xFF, 0xFF, 0xFF, 0xFF, 0xFF, 0xFF, 0xFF, 0xFF, 0xFF,
    0xFF, 0xFF, 0xFF, 0xFF, 0xFF, 0xFF, 0xFF, 0xFF, 0xFF, 0xFF, 0xFF, 0xFF, 0xFF, 0xFF, 0xFF, 0xFF, 0xFF, 0xFF, 0xFF,
    0xFF, 0xFF, 0xFF, 0xFF, 0xFF, 0xFF, 0xFF, 0xFF, 0xFF, 0xFF, 0xFF, 0xFF, 0xFF, 0xFF, 0xFF, 0xFF, 0xFF, 0xFF, 0xFF,
    0xFF, 0xFF, 0xFF, 0xFF, 0xFF, 0xFF, 0xFF, 0xFF, 0xFF, 0xFF, 0xFF, 0xFF, 0xFF, 0xFF, 0xFF, 0xFF, 0xFF, 0xFF, 0xFF,
    0xFF, 0xFF, 0xFF, 0xFF, 0xFF, 0xFF, 0xFF, 0xFF, 0xFF, 0xFF, 0xFF, 0xFF, 0xFF, 0xFF, 0x9D, 0xF7, 0x9D, 0xF7, 0x9D,
    0xF7, 0x46, 0x83, 0x46, 0x83, 0x46, 0x83, 0x20, 0x62, 0x20, 0x62, 0x20, 0x62, 0x20, 0x62, 0x20, 0x62, 0x20, 0x62,
    0x20, 0x62, 0x20, 0x62, 0x20, 0x62, 0x20, 0x62, 0x20, 0x62, 0x20, 0x62, 0x20, 0x62, 0x20, 0x62, 0x20, 0x62, 0x20,
    0x62, 0x20, 0x62, 0xC3, 0x9B, 0xC3, 0x9B, 0xC3, 0x9B, 0x69, 0xFE, 0x69, 0xFE, 0x69, 0xFE, 0x69, 0xFE, 0x69, 0xFE,
    0x69, 0xFE, 0x69, 0xFE, 0x69, 0xFE, 0x69, 0xFE, 0x69, 0xFE, 0x69, 0xFE, 0x69, 0xFE, 0x69, 0xFE, 0x69, 0xFE, 0x69,
    0xFE, 0x69, 0xFE, 0x69, 0xFE, 0x69, 0xFE, 0x69, 0xFE, 0x69, 0xFE, 0x69, 0xFE, 0x69, 0xFE, 0x69, 0xFE, 0x69, 0xFE,
    0x69, 0xFE, 0x69, 0xFE, 0x69, 0xFE, 0x69, 0xFE, 0x69, 0xFE, 0x69, 0xFE, 0x69, 0xFE, 0x69, 0xFE, 0x69, 0xFE, 0x69,
    0xFE, 0x69, 0xFE, 0x69, 0xFE, 0x69, 0xFE, 0x69, 0xFE, 0x69, 0xFE, 0x69, 0xFE, 0x89, 0x43, 0x89, 0x43, 0x89, 0x43,
    0x89, 0x43, 0x89, 0x43, 0x89, 0x43, 0x89, 0x43, 0x89, 0x43, 0x89, 0x43, 0x89, 0x43, 0x89, 0x43, 0x89, 0x43, 0x89,
    0x43, 0x89, 0x43, 0x69, 0xFE, 0x69, 0xFE, 0x69, 0xFE, 0x69, 0xFE, 0x69, 0xFE, 0x69, 0xFE, 0x69, 0xFE, 0x69, 0xFE,
    0x69, 0xFE, 0x69, 0xFE, 0x69, 0xFE, 0x69, 0xFE, 0x69, 0xFE, 0x69, 0xFE, 0x69, 0xFE, 0x69, 0xFE, 0x69, 0xFE, 0x69,
    0xFE, 0x69, 0xFE, 0x69, 0xFE, 0x69, 0xFE, 0x69, 0xFE, 0x69, 0xFE, 0x69, 0xFE, 0x69, 0xFE, 0x69, 0xFE, 0x69, 0xFE,
    0x69, 0xFE, 0x69, 0xFE, 0x69, 0xFE, 0x69, 0xFE, 0x69, 0xFE, 0x69, 0xFE, 0x69, 0xFE, 0x69, 0xFE, 0x69, 0xFE, 0x69,
    0xFE, 0x69, 0xFE, 0x69, 0xFE, 0x69, 0xFE, 0xC3, 0x9B, 0xC3, 0x9B, 0xC3, 0x9B, 0x20, 0x62, 0x20, 0x62, 0x20, 0x62,
    0x20, 0x62, 0x20, 0x62, 0x20, 0x62, 0x20, 0x62, 0x20, 0x62, 0x20, 0x62, 0x20, 0x62, 0x20, 0x62, 0x20, 0x62, 0x20,
    0x62, 0x20, 0x62, 0x20, 0x62, 0x20, 0x62, 0x20, 0x62, 0x46, 0x83, 0x46, 0x83, 0x46, 0x83, 0x9D, 0xF7, 0x9D, 0xF7,
    0x9D, 0xF7, 0xFF, 0xFF, 0xFF, 0xFF, 0xFF, 0xFF, 0xFF, 0xFF, 0xFF, 0xFF, 0xFF, 0xFF, 0xFF, 0xFF, 0xFF, 0xFF, 0xFF,
    0xFF, 0xFF, 0xFF, 0xFF, 0xFF, 0xFF, 0xFF, 0xFF, 0xFF, 0xFF, 0xFF, 0xFF, 0xFF, 0xFF, 0xFF, 0xFF, 0xFF, 0xFF, 0xFF,
    0xFF, 0xFF, 0xFF, 0xFF, 0xFF, 0xFF, 0xFF, 0xFF, 0xFF, 0xFF, 0xFF, 0xFF, 0xFF, 0xFF, 0xFF, 0xFF, 0xFF, 0xFF, 0xFF,
    0xFF, 0xFF, 0xFF, 0xFF, 0xFF, 0xFF, 0xFF, 0xFF, 0xFF, 0xFF, 0xFF, 0xFF, 0xFF, 0xFF, 0xFF, 0xFF, 0xFF, 0xFF, 0xFF,
    0xFF, 0xFF, 0xFF, 0xFF, 0xFF, 0xFF, 0xFF, 0xFF, 0xFF, 0xFF, 0xFF, 0xFF, 0xFF, 0xFF, 0xFF, 0xFF, 0xFF, 0xFF, 0xFF,
    0xFF, 0xFF, 0xFF, 0xFF, 0xFF, 0xFF, 0xFF, 0xFF, 0xFF, 0xFF, 0xFF, 0xFF, 0xFF, 0xFF, 0xFF, 0xFF, 0xFF, 0xFF, 0xFF,
    0xFF, 0xFF, 0xFF, 0xFF, 0xFF, 0xFF, 0xFF, 0xFF, 0xFF, 0xFF, 0xFF, 0xFF, 0xFF, 0xFF, 0xFF, 0xFF, 0xFF, 0xFF, 0xFF,
    0xFF, 0xFF, 0xFF, 0xFF, 0xFF, 0xFF, 0xFF, 0xFF, 0xFF, 0xFF, 0xFF, 0xFF, 0xFF, 0xFF, 0xFF, 0xFF, 0xFF, 0xFF, 0xFF,
    0xFF, 0xFF, 0xFF, 0xFF, 0xFF, 0xFF, 0xFF, 0xFF, 0xFF, 0xFF, 0xFF, 0xFF, 0xFF, 0xFF, 0xFF, 0xFF, 0xFF, 0xFF, 0xFF,
    0xFF, 0xFF, 0xFF, 0xFF, 0xFF, 0xFF, 0xFF, 0xFF, 0xFF, 0xFF, 0xFF, 0xFF, 0xFF, 0xFF, 0xFF, 0xFF, 0xFF, 0xFF, 0xFF,
    0x9D, 0xF7, 0x9D, 0xF7, 0x9D, 0xF7, 0x46, 0x83, 0x46, 0x83, 0x46, 0x83, 0x20, 0x62, 0x20, 0x62, 0x20, 0x62, 0x20,
    0x62, 0x20, 0x62, 0x20, 0x62, 0x20, 0x62, 0x20, 0x62, 0x20, 0x62, 0x20, 0x62, 0x20, 0x62, 0x20, 0x62, 0x20, 0x62,
    0x20, 0x62, 0x20, 0x62, 0x20, 0x62, 0x20, 0x62, 0xC3, 0x9B, 0xC3, 0x9B, 0xC3, 0x9B, 0x69, 0xFE, 0x69, 0xFE, 0x69,
    0xFE, 0x69, 0xFE, 0x69, 0xFE, 0x69, 0xFE, 0x69, 0xFE, 0x69, 0xFE, 0x69, 0xFE, 0x69, 0xFE, 0x69, 0xFE, 0x69, 0xFE,
    0x69, 0xFE, 0x69, 0xFE, 0x69, 0xFE, 0x69, 0xFE, 0x69, 0xFE, 0x69, 0xFE, 0x69, 0xFE, 0x69, 0xFE, 0x69, 0xFE, 0x69,
    0xFE, 0x69, 0xFE, 0x69, 0xFE, 0x69, 0xFE, 0x69, 0xFE, 0x69, 0xFE, 0x69, 0xFE, 0x69, 0xFE, 0x69, 0xFE, 0x69, 0xFE,
    0x69, 0xFE, 0x69, 0xFE, 0x69, 0xFE, 0x69, 0xFE, 0x69, 0xFE, 0x69, 0xFE, 0x69, 0xFE, 0x69, 0xFE, 0x69, 0xFE, 0x89,
    0x43, 0x89, 0x43, 0x89, 0x43, 0x89, 0x43, 0x89, 0x43, 0x89, 0x43, 0x89, 0x43, 0x89, 0x43, 0x89, 0x43, 0x89, 0x43,
    0x89, 0x43, 0x89, 0x43, 0x89, 0x43, 0x89, 0x43, 0x69, 0xFE, 0x69, 0xFE, 0x69, 0xFE, 0x69, 0xFE, 0x69, 0xFE, 0x69,
    0xFE, 0x69, 0xFE, 0x69, 0xFE, 0x69, 0xFE, 0x69, 0xFE, 0x69, 0xFE, 0x69, 0xFE, 0x69, 0xFE, 0x69, 0xFE, 0x69, 0xFE,
    0x69, 0xFE, 0x69, 0xFE, 0x69, 0xFE, 0x69, 0xFE, 0x69, 0xFE, 0x69, 0xFE, 0x69, 0xFE, 0x69, 0xFE, 0x69, 0xFE, 0x69,
    0xFE, 0x69, 0xFE, 0x69, 0xFE, 0x69, 0xFE, 0x69, 0xFE, 0x69, 0xFE, 0x69, 0xFE, 0x69, 0xFE, 0x69, 0xFE, 0x69, 0xFE,
    0x69, 0xFE, 0x69, 0xFE, 0x69, 0xFE, 0x69, 0xFE, 0x69, 0xFE, 0x69, 0xFE, 0xC3, 0x9B, 0xC3, 0x9B, 0xC3, 0x9B, 0x20,
    0x62, 0x20, 0x62, 0x20, 0x62, 0x20, 0x62, 0x20, 0x62, 0x20, 0x62, 0x20, 0x62, 0x20, 0x62, 0x20, 0x62, 0x20, 0x62,
    0x20, 0x62, 0x20, 0x62, 0x20, 0x62, 0x20, 0x62, 0x20, 0x62, 0x20, 0x62, 0x20, 0x62, 0x46, 0x83, 0x46, 0x83, 0x46,
    0x83, 0x9D, 0xF7, 0x9D, 0xF7, 0x9D, 0xF7, 0xFF, 0xFF, 0xFF, 0xFF, 0xFF, 0xFF, 0xFF, 0xFF, 0xFF, 0xFF, 0xFF, 0xFF,
    0xFF, 0xFF, 0xFF, 0xFF, 0xFF, 0xFF, 0xFF, 0xFF, 0xFF, 0xFF, 0xFF, 0xFF, 0xFF, 0xFF, 0xFF, 0xFF, 0xFF, 0xFF, 0xFF,
    0xFF, 0xFF, 0xFF, 0xFF, 0xFF, 0xFF, 0xFF, 0xFF, 0xFF, 0xFF, 0xFF, 0xFF, 0xFF, 0xFF, 0xFF, 0xFF, 0xFF, 0xFF, 0xFF,
    0xFF, 0xFF, 0xFF, 0xFF, 0xFF, 0xFF, 0xFF, 0xFF, 0xFF, 0xFF, 0xFF, 0xFF, 0xFF, 0xFF, 0xFF, 0xFF, 0xFF, 0xFF, 0xFF,
    0xFF, 0xFF, 0xFF, 0xFF, 0xFF, 0xFF, 0xFF, 0xFF, 0xFF, 0xFF, 0xFF, 0xFF, 0xFF, 0xFF, 0xFF, 0xFF, 0xFF, 0xFF, 0xFF,
    0xFF, 0xFF, 0xFF, 0xFF, 0xFF, 0xFF, 0xFF, 0xFF, 0xFF, 0xFF, 0xFF, 0xFF, 0xFF, 0xFF, 0xFF, 0xFF, 0xFF, 0xFF, 0xFF,
    0xFF, 0xFF, 0xFF, 0xFF, 0xFF, 0xFF, 0xFF, 0xFF, 0xFF, 0xFF, 0xFF, 0xFF, 0xFF, 0xFF, 0xFF, 0xFF, 0xFF, 0xFF, 0xFF,
    0xFF, 0xFF, 0xFF, 0xFF, 0xFF, 0xFF, 0xFF, 0xFF, 0xFF, 0xFF, 0xFF, 0xFF, 0xFF, 0xFF, 0xFF, 0xFF, 0xFF, 0xFF, 0xFF,
    0xFF, 0xFF, 0xFF, 0xFF, 0xFF, 0xFF, 0xFF, 0xFF, 0xFF, 0xFF, 0xFF, 0xFF, 0xFF, 0xFF, 0xFF, 0xFF, 0xFF, 0xFF, 0xFF,
    0xFF, 0xFF, 0xFF, 0xFF, 0xFF, 0xFF, 0xFF, 0xFF, 0xFF, 0xFF, 0xFF, 0xFF, 0xFF, 0xFF, 0xFF, 0xFF, 0xFF, 0xFF, 0xFF,
    0xFF, 0xFF, 0xFF, 0xFF, 0xFF, 0x9D, 0xF7, 0x9D, 0xF7, 0x9D, 0xF7, 0x46, 0x83, 0x46, 0x83, 0x46, 0x83, 0x20, 0x62,
    0x20, 0x62, 0x20, 0x62, 0x20, 0x62, 0x20, 0x62, 0x20, 0x62, 0x20, 0x62, 0x20, 0x62, 0x20, 0x62, 0x20, 0x62, 0x20,
    0x62, 0x20, 0x62, 0x20, 0x62, 0x20, 0x62, 0x20, 0x62, 0x20, 0x62, 0x20, 0x62, 0xC3, 0x9B, 0xC3, 0x9B, 0xC3, 0x9B,
    0x69, 0xFE, 0x69, 0xFE, 0x69, 0xFE, 0x69, 0xFE, 0x69, 0xFE, 0x69, 0xFE, 0x69, 0xFE, 0x69, 0xFE, 0x69, 0xFE, 0x69,
    0xFE, 0x69, 0xFE, 0x69, 0xFE, 0x69, 0xFE, 0x69, 0xFE, 0x69, 0xFE, 0x69, 0xFE, 0x69, 0xFE, 0x69, 0xFE, 0x69, 0xFE,
    0x69, 0xFE, 0x69, 0xFE, 0x69, 0xFE, 0x69, 0xFE, 0x69, 0xFE, 0x69, 0xFE, 0x69, 0xFE, 0x69, 0xFE, 0x69, 0xFE, 0x69,
    0xFE, 0x69, 0xFE, 0x69, 0xFE, 0x69, 0xFE, 0x69, 0xFE, 0x69, 0xFE, 0x69, 0xFE, 0x69, 0xFE, 0x69, 0xFE, 0x69, 0xFE,
    0x69, 0xFE, 0x69, 0xFE, 0x89, 0x43, 0x89, 0x43, 0x89, 0x43, 0x89, 0x43, 0x89, 0x43, 0x89, 0x43, 0x89, 0x43, 0x89,
    0x43, 0x89, 0x43, 0x89, 0x43, 0x89, 0x43, 0x89, 0x43, 0x89, 0x43, 0x89, 0x43, 0x69, 0xFE, 0x69, 0xFE, 0x69, 0xFE,
    0x69, 0xFE, 0x69, 0xFE, 0x69, 0xFE, 0x69, 0xFE, 0x69, 0xFE, 0x69, 0xFE, 0x69, 0xFE, 0x69, 0xFE, 0x69, 0xFE, 0x69,
    0xFE, 0x69, 0xFE, 0x69, 0xFE, 0x69, 0xFE, 0x69, 0xFE, 0x69, 0xFE, 0x69, 0xFE, 0x69, 0xFE, 0x69, 0xFE, 0x69, 0xFE,
    0x69, 0xFE, 0x69, 0xFE, 0x69, 0xFE, 0x69, 0xFE, 0x69, 0xFE, 0x69, 0xFE, 0x69, 0xFE, 0x69, 0xFE, 0x69, 0xFE, 0x69,
    0xFE, 0x69, 0xFE, 0x69, 0xFE, 0x69, 0xFE, 0x69, 0xFE, 0x69, 0xFE, 0x69, 0xFE, 0x69, 0xFE, 0x69, 0xFE, 0x06, 0xCD,
    0x06, 0xCD, 0x06, 0xCD, 0x20, 0x62, 0x20, 0x62, 0x20, 0x62, 0x20, 0x62, 0x20, 0x62, 0x20, 0x62, 0x20, 0x62, 0x20,
    0x62, 0x20, 0x62, 0x20, 0x62, 0x20, 0x62, 0x20, 0x62, 0x20, 0x62, 0x20, 0x62, 0x20, 0x62, 0x20, 0x62, 0x20, 0x62,
    0x20, 0x62, 0x20, 0x62, 0x20, 0x62, 0xA2, 0x72, 0xA2, 0x72, 0xA2, 0x72, 0x97, 0xDE, 0x97, 0xDE, 0x97, 0xDE, 0x97,
    0xDE, 0xFF, 0xFF, 0xFF, 0xFF, 0xFF, 0xFF, 0xFF, 0xFF, 0xFF, 0xFF, 0xFF, 0xFF, 0xFF, 0xFF, 0xFF, 0xFF, 0xFF, 0xFF,
    0xFF, 0xFF, 0xFF, 0xFF, 0xFF, 0xFF, 0xFF, 0xFF, 0xFF, 0xFF, 0xFF, 0xFF, 0xFF, 0xFF, 0xFF, 0xFF, 0xFF, 0xFF, 0xFF,
    0xFF, 0xFF, 0xFF, 0xFF, 0xFF, 0xFF, 0xFF, 0xFF, 0xFF, 0xFF, 0xFF, 0xFF, 0xFF, 0xFF, 0xFF, 0xFF, 0xFF, 0xFF, 0xFF,
    0xFF, 0xFF, 0xFF, 0xFF, 0xFF, 0xFF, 0xFF, 0xFF, 0xFF, 0xFF, 0xFF, 0xFF, 0xFF, 0xFF, 0xFF, 0xFF, 0xFF, 0xFF, 0xFF,
    0xFF, 0xFF, 0xFF, 0xFF, 0xFF, 0xFF, 0xFF, 0xFF, 0xFF, 0xFF, 0xFF, 0xFF, 0xFF, 0xFF, 0xFF, 0xFF, 0xFF, 0xFF, 0xFF,
    0xFF, 0xFF, 0xFF, 0xFF, 0xFF, 0xFF, 0xFF, 0xFF, 0xFF, 0xFF, 0xFF, 0xFF, 0xFF, 0xFF, 0xFF, 0xFF, 0xFF, 0xFF, 0xFF,
    0xFF, 0xFF, 0xFF, 0xFF, 0xFF, 0xFF, 0xFF, 0xFF, 0xFF, 0xFF, 0xFF, 0xFF, 0xFF, 0xFF, 0xFF, 0xFF, 0xFF, 0xFF, 0xFF,
    0xFF, 0xFF, 0xFF, 0xFF, 0xFF, 0xFF, 0xFF, 0xFF, 0xFF, 0xFF, 0xFF, 0xFF, 0xFF, 0xFF, 0xFF, 0xFF, 0xFF, 0xFF, 0xFF,
    0xFF, 0xFF, 0xFF, 0xFF, 0xFF, 0xFF, 0xFF, 0xFF, 0xFF, 0xFF, 0xFF, 0xFF, 0xFF, 0xFF, 0xFF, 0xFF, 0xFF, 0xFF, 0xFF,
    0xFF, 0xFF, 0x97, 0xDE, 0x97, 0xDE, 0x97, 0xDE, 0x97, 0xDE, 0xA2, 0x72, 0xA2, 0x72, 0xA2, 0x72, 0x20, 0x62, 0x20,
    0x62, 0x20, 0x62, 0x20, 0x62, 0x20, 0x62, 0x20, 0x62, 0x20, 0x62, 0x20, 0x62, 0x20, 0x62, 0x20, 0x62, 0x20, 0x62,
    0x20, 0x62, 0x20, 0x62, 0x20, 0x62, 0x20, 0x62, 0x20, 0x62, 0x20, 0x62, 0x20, 0x62, 0x20, 0x62, 0x20, 0x62, 0x06,
    0xCD, 0x06, 0xCD, 0x06, 0xCD, 0x69, 0xFE, 0x69, 0xFE, 0x69, 0xFE, 0x69, 0xFE, 0x69, 0xFE, 0x69, 0xFE, 0x69, 0xFE,
    0x69, 0xFE, 0x69, 0xFE, 0x69, 0xFE, 0x69, 0xFE, 0x69, 0xFE, 0x69, 0xFE, 0x69, 0xFE, 0x69, 0xFE, 0x69, 0xFE, 0x69,
    0xFE, 0x69, 0xFE, 0x69, 0xFE, 0x69, 0xFE, 0x69, 0xFE, 0x69, 0xFE, 0x69, 0xFE, 0x69, 0xFE, 0x69, 0xFE, 0x69, 0xFE,
    0x69, 0xFE, 0x69, 0xFE, 0x69, 0xFE, 0x69, 0xFE, 0x69, 0xFE, 0x69, 0xFE, 0x69, 0xFE, 0x69, 0xFE, 0x69, 0xFE, 0x69,
    0xFE, 0x69, 0xFE, 0x69, 0xFE, 0x69, 0xFE, 0x69, 0xFE, 0x89, 0x43, 0x89, 0x43, 0x89, 0x43, 0x89, 0x43, 0x89, 0x43,
    0x89, 0x43, 0x89, 0x43, 0x89, 0x43, 0x89, 0x43, 0x89, 0x43, 0x89, 0x43, 0x89, 0x43, 0x89, 0x43, 0x89, 0x43, 0x69,
    0xFE, 0x69, 0xFE, 0x69, 0xFE, 0x69, 0xFE, 0x69, 0xFE, 0x69, 0xFE, 0x69, 0xFE, 0x69, 0xFE, 0x69, 0xFE, 0x69, 0xFE,
    0x69, 0xFE, 0x69, 0xFE, 0x69, 0xFE, 0x69, 0xFE, 0x69, 0xFE, 0x69, 0xFE, 0x69, 0xFE, 0x69, 0xFE, 0x69, 0xFE, 0x69,
    0xFE, 0x69, 0xFE, 0x69, 0xFE, 0x69, 0xFE, 0x69, 0xFE, 0x69, 0xFE, 0x69, 0xFE, 0x69, 0xFE, 0x69, 0xFE, 0x69, 0xFE,
    0x69, 0xFE, 0x69, 0xFE, 0x69, 0xFE, 0x69, 0xFE, 0x69, 0xFE, 0x69, 0xFE, 0x69, 0xFE, 0x69, 0xFE, 0x69, 0xFE, 0x69,
    0xFE, 0x69, 0xFE, 0x06, 0xCD, 0x06, 0xCD, 0x06, 0xCD, 0x20, 0x62, 0x20, 0x62, 0x20, 0x62, 0x20, 0x62, 0x20, 0x62,
    0x20, 0x62, 0x20, 0x62, 0x20, 0x62, 0x20, 0x62, 0x20, 0x62, 0x20, 0x62, 0x20, 0x62, 0x20, 0x62, 0x20, 0x62, 0x20,
    0x62, 0x20, 0x62, 0x20, 0x62, 0x20, 0x62, 0x20, 0x62, 0x20, 0x62, 0xA2, 0x72, 0xA2, 0x72, 0xA2, 0x72, 0x97, 0xDE,
    0x97, 0xDE, 0x97, 0xDE, 0x97, 0xDE, 0xFF, 0xFF, 0xFF, 0xFF, 0xFF, 0xFF, 0xFF, 0xFF, 0xFF, 0xFF, 0xFF, 0xFF, 0xFF,
    0xFF, 0xFF, 0xFF, 0xFF, 0xFF, 0xFF, 0xFF, 0xFF, 0xFF, 0xFF, 0xFF, 0xFF, 0xFF, 0xFF, 0xFF, 0xFF, 0xFF, 0xFF, 0xFF,
    0xFF, 0xFF, 0xFF, 0xFF, 0xFF, 0xFF, 0xFF, 0xFF, 0xFF, 0xFF, 0xFF, 0xFF, 0xFF, 0xFF, 0xFF, 0xFF, 0xFF, 0xFF, 0xFF,
    0xFF, 0xFF, 0xFF, 0xFF, 0xFF, 0xFF, 0xFF, 0xFF, 0xFF, 0xFF, 0xFF, 0xFF, 0xFF, 0xFF, 0xFF, 0xFF, 0xFF, 0xFF, 0xFF,
    0xFF, 0xFF, 0xFF, 0xFF, 0xFF, 0xFF, 0xFF, 0xFF, 0xFF, 0xFF, 0xFF, 0xFF, 0xFF, 0xFF, 0xFF, 0xFF, 0xFF, 0xFF, 0xFF,
    0xFF, 0xFF, 0xFF, 0xFF, 0xFF, 0xFF, 0xFF, 0xFF, 0xFF, 0xFF, 0xFF, 0xFF, 0xFF, 0xFF, 0xFF, 0xFF, 0xFF, 0xFF, 0xFF,
    0xFF, 0xFF, 0xFF, 0xFF, 0xFF, 0xFF, 0xFF, 0xFF, 0xFF, 0xFF, 0xFF, 0xFF, 0xFF, 0xFF, 0xFF, 0xFF, 0xFF, 0xFF, 0xFF,
    0xFF, 0xFF, 0xFF, 0xFF, 0xFF, 0xFF, 0xFF, 0xFF, 0xFF, 0xFF, 0xFF, 0xFF, 0xFF, 0xFF, 0xFF, 0xFF, 0xFF, 0xFF, 0xFF,
    0xFF, 0xFF, 0xFF, 0xFF, 0xFF, 0xFF, 0xFF, 0xFF, 0xFF, 0xFF, 0xFF, 0xFF, 0xFF, 0xFF, 0xFF, 0xFF, 0xFF, 0xFF, 0xFF,
    0xFF, 0xFF, 0xFF, 0xFF, 0xFF, 0xFF, 0xFF, 0x97, 0xDE, 0x97, 0xDE, 0x97, 0xDE, 0x97, 0xDE, 0xA2, 0x72, 0xA2, 0x72,
    0xA2, 0x72, 0x20, 0x62, 0x20, 0x62, 0x20, 0x62, 0x20, 0x62, 0x20, 0x62, 0x20, 0x62, 0x20, 0x62, 0x20, 0x62, 0x20,
    0x62, 0x20, 0x62, 0x20, 0x62, 0x20, 0x62, 0x20, 0x62, 0x20, 0x62, 0x20, 0x62, 0x20, 0x62, 0x20, 0x62, 0x20, 0x62,
    0x20, 0x62, 0x20, 0x62, 0x06, 0xCD, 0x06, 0xCD, 0x06, 0xCD, 0x69, 0xFE, 0x69, 0xFE, 0x69, 0xFE, 0x69, 0xFE, 0x69,
    0xFE, 0x69, 0xFE, 0x69, 0xFE, 0x69, 0xFE, 0x69, 0xFE, 0x69, 0xFE, 0x69, 0xFE, 0x69, 0xFE, 0x69, 0xFE, 0x69, 0xFE,
    0x69, 0xFE, 0x69, 0xFE, 0x69, 0xFE, 0x69, 0xFE, 0x69, 0xFE, 0x69, 0xFE, 0x69, 0xFE, 0x69, 0xFE, 0x69, 0xFE, 0x69,
    0xFE, 0x69, 0xFE, 0x69, 0xFE, 0x69, 0xFE, 0x69, 0xFE, 0x69, 0xFE, 0x69, 0xFE, 0x69, 0xFE, 0x69, 0xFE, 0x69, 0xFE,
    0x69, 0xFE, 0x69, 0xFE, 0x69, 0xFE, 0x69, 0xFE, 0x69, 0xFE, 0x69, 0xFE, 0x69, 0xFE, 0x89, 0x43, 0x89, 0x43, 0x89,
    0x43, 0x89, 0x43, 0x89, 0x43, 0x89, 0x43, 0x89, 0x43, 0x89, 0x43, 0x89, 0x43, 0x89, 0x43, 0x89, 0x43, 0x89, 0x43,
    0x89, 0x43, 0x89, 0x43, 0x69, 0xFE, 0x69, 0xFE, 0x69, 0xFE, 0x69, 0xFE, 0x69, 0xFE, 0x69, 0xFE, 0x69, 0xFE, 0x69,
    0xFE, 0x69, 0xFE, 0x69, 0xFE, 0x69, 0xFE, 0x69, 0xFE, 0x69, 0xFE, 0x69, 0xFE, 0x69, 0xFE, 0x69, 0xFE, 0x69, 0xFE,
    0x69, 0xFE, 0x69, 0xFE, 0x69, 0xFE, 0x69, 0xFE, 0x69, 0xFE, 0x69, 0xFE, 0x69, 0xFE, 0x69, 0xFE, 0x69, 0xFE, 0x69,
    0xFE, 0x69, 0xFE, 0x69, 0xFE, 0x69, 0xFE, 0x69, 0xFE, 0x69, 0xFE, 0x69, 0xFE, 0x69, 0xFE, 0x69, 0xFE, 0x69, 0xFE,
    0x69, 0xFE, 0x69, 0xFE, 0x69, 0xFE, 0x69, 0xFE, 0x06, 0xCD, 0x06, 0xCD, 0x06, 0xCD, 0x20, 0x62, 0x20, 0x62, 0x20,
    0x62, 0x20, 0x62, 0x20, 0x62, 0x20, 0x62, 0x20, 0x62, 0x20, 0x62, 0x20, 0x62, 0x20, 0x62, 0x20, 0x62, 0x20, 0x62,
    0x20, 0x62, 0x20, 0x62, 0x20, 0x62, 0x20, 0x62, 0x20, 0x62, 0x20, 0x62, 0x20, 0x62, 0x20, 0x62, 0xA2, 0x72, 0xA2,
    0x72, 0xA2, 0x72, 0x97, 0xDE, 0x97, 0xDE, 0x97, 0xDE, 0x97, 0xDE, 0xFF, 0xFF, 0xFF, 0xFF, 0xFF, 0xFF, 0xFF, 0xFF,
    0xFF, 0xFF, 0xFF, 0xFF, 0xFF, 0xFF, 0xFF, 0xFF, 0xFF, 0xFF, 0xFF, 0xFF, 0xFF, 0xFF, 0xFF, 0xFF, 0xFF, 0xFF, 0xFF,
    0xFF, 0xFF, 0xFF, 0xFF, 0xFF, 0xFF, 0xFF, 0xFF, 0xFF, 0xFF, 0xFF, 0xFF, 0xFF, 0xFF, 0xFF, 0xFF, 0xFF, 0xFF, 0xFF,
    0xFF, 0xFF, 0xFF, 0xFF, 0xFF, 0xFF, 0xFF, 0xFF, 0xFF, 0xFF, 0xFF, 0xFF, 0xFF, 0xFF, 0xFF, 0xFF, 0xFF, 0xFF, 0xFF,
    0xFF, 0xFF, 0xFF, 0xFF, 0xFF, 0xFF, 0xFF, 0xFF, 0xFF, 0xFF, 0xFF, 0xFF, 0xFF, 0xFF, 0xFF, 0xFF, 0xFF, 0xFF, 0xFF,
    0xFF, 0xFF, 0xFF, 0xFF, 0xFF, 0xFF, 0xFF, 0xFF, 0xFF, 0xFF, 0xFF, 0xFF, 0xFF, 0xFF, 0xFF, 0xFF, 0xFF, 0xFF, 0xFF,
    0xFF, 0xFF, 0xFF, 0xFF, 0xFF, 0xFF, 0xFF, 0xFF, 0xFF, 0xFF, 0xFF, 0xFF, 0xFF, 0xFF, 0xFF, 0xFF, 0xFF, 0xFF, 0xFF,
    0xFF, 0xFF, 0xFF, 0xFF, 0xFF, 0xFF, 0xFF, 0xFF, 0xFF, 0xFF, 0xFF, 0xFF, 0xFF, 0xFF, 0xFF, 0xFF, 0xFF, 0xFF, 0xFF,
    0xFF, 0xFF, 0xFF, 0xFF, 0xFF, 0xFF, 0xFF, 0xFF, 0xFF, 0xFF, 0xFF, 0xFF, 0xFF, 0xFF, 0xFF, 0xFF, 0xFF, 0xFF, 0xFF,
    0xFF, 0xFF, 0xFF, 0xFF, 0xFF, 0xFF, 0xFF, 0xFF, 0xFF, 0xFF, 0xFF, 0xFF, 0x97, 0xDE, 0x97, 0xDE, 0x97, 0xDE, 0x97,
    0xDE, 0xA2, 0x72, 0xA2, 0x72, 0xA2, 0x72, 0x20, 0x62, 0x20, 0x62, 0x20, 0x62, 0x20, 0x62, 0x20, 0x62, 0x20, 0x62,
    0x20, 0x62, 0x20, 0x62, 0x20, 0x62, 0x20, 0x62, 0x20, 0x62, 0x20, 0x62, 0x20, 0x62, 0x20, 0x62, 0x20, 0x62, 0x20,
    0x62, 0x20, 0x62, 0x20, 0x62, 0x20, 0x62, 0x20, 0x62, 0x06, 0xCD, 0x06, 0xCD, 0x06, 0xCD, 0x69, 0xFE, 0x69, 0xFE,
    0x69, 0xFE, 0x69, 0xFE, 0x69, 0xFE, 0x69, 0xFE, 0x69, 0xFE, 0x69, 0xFE, 0x69, 0xFE, 0x69, 0xFE, 0x69, 0xFE, 0x69,
    0xFE, 0x69, 0xFE, 0x69, 0xFE, 0x69, 0xFE, 0x69, 0xFE, 0x69, 0xFE, 0x69, 0xFE, 0x69, 0xFE, 0x69, 0xFE, 0x69, 0xFE,
    0x69, 0xFE, 0x69, 0xFE, 0x69, 0xFE, 0x69, 0xFE, 0x69, 0xFE, 0x69, 0xFE, 0x69, 0xFE, 0x69, 0xFE, 0x69, 0xFE, 0x69,
    0xFE, 0x69, 0xFE, 0x69, 0xFE, 0x69, 0xFE, 0x69, 0xFE, 0x69, 0xFE, 0x69, 0xFE, 0x69, 0xFE, 0x69, 0xFE, 0x69, 0xFE,
    0x89, 0x43, 0x89, 0x43, 0x89, 0x43, 0x89, 0x43, 0x89, 0x43, 0x89, 0x43, 0x89, 0x43, 0x89, 0x43, 0x89, 0x43, 0x89,
    0x43, 0x89, 0x43, 0x89, 0x43, 0x89, 0x43, 0x89, 0x43, 0x89, 0x43, 0x89, 0x43, 0x89, 0x43, 0x69, 0xFE, 0x69, 0xFE,
    0x69, 0xFE, 0x69, 0xFE, 0x69, 0xFE, 0x69, 0xFE, 0x69, 0xFE, 0x69, 0xFE, 0x69, 0xFE, 0x69, 0xFE, 0x69, 0xFE, 0x69,
    0xFE, 0x69, 0xFE, 0x69, 0xFE, 0x69, 0xFE, 0x69, 0xFE, 0x69, 0xFE, 0x69, 0xFE, 0x69, 0xFE, 0x69, 0xFE, 0x69, 0xFE,
    0x69, 0xFE, 0x69, 0xFE, 0x69, 0xFE, 0x69, 0xFE, 0x69, 0xFE, 0x69, 0xFE, 0x69, 0xFE, 0x69, 0xFE, 0x69, 0xFE, 0x69,
    0xFE, 0x69, 0xFE, 0x69, 0xFE, 0x69, 0xFE, 0x69, 0xFE, 0x69, 0xFE, 0x69, 0xFE, 0x69, 0xFE, 0x69, 0xFE, 0x69, 0xFE,
    0xA1, 0x7A, 0xA1, 0x7A, 0xA1, 0x7A, 0x20, 0x62, 0x20, 0x62, 0x20, 0x62, 0x20, 0x62, 0x20, 0x62, 0x20, 0x62, 0x20,
    0x62, 0x20, 0x62, 0x20, 0x62, 0x20, 0x62, 0x20, 0x62, 0x20, 0x62, 0x20, 0x62, 0x20, 0x62, 0x20, 0x62, 0x20, 0x62,
    0x20, 0x62, 0x20, 0x62, 0x20, 0x62, 0x20, 0x62, 0x20, 0x62, 0x20, 0x62, 0x20, 0x62, 0x20, 0x62, 0xEA, 0x93, 0xEA,
    0x93, 0xEA, 0x93, 0x5B, 0xEF, 0x5B, 0xEF, 0x5B, 0xEF, 0xFF, 0xFF, 0xFF, 0xFF, 0xFF, 0xFF, 0xFF, 0xFF, 0xFF, 0xFF,
    0xFF, 0xFF, 0xFF, 0xFF, 0xFF, 0xFF, 0xFF, 0xFF, 0xFF, 0xFF, 0xFF, 0xFF, 0xFF, 0xFF, 0xFF, 0xFF, 0xFF, 0xFF, 0xFF,
    0xFF, 0xFF, 0xFF, 0xFF, 0xFF, 0xFF, 0xFF, 0xFF, 0xFF, 0xFF, 0xFF, 0xFF, 0xFF, 0xFF, 0xFF, 0xFF, 0xFF, 0xFF, 0xFF,
    0xFF, 0xFF, 0xFF, 0xFF, 0xFF, 0xFF, 0xFF, 0xFF, 0xFF, 0xFF, 0xFF, 0xFF, 0xFF, 0xFF, 0xFF, 0xFF, 0xFF, 0xFF, 0xFF,
    0xFF, 0xFF, 0xFF, 0xFF, 0xFF, 0xFF, 0xFF, 0xFF, 0xFF, 0xFF, 0xFF, 0xFF, 0xFF, 0xFF, 0xFF, 0xFF, 0xFF, 0xFF, 0xFF,
    0xFF, 0xFF, 0xFF, 0xFF, 0xFF, 0xFF, 0xFF, 0xFF, 0xFF, 0xFF, 0xFF, 0xFF, 0xFF, 0xFF, 0xFF, 0xFF, 0xFF, 0xFF, 0xFF,
    0xFF, 0xFF, 0xFF, 0xFF, 0xFF, 0xFF, 0xFF, 0xFF, 0xFF, 0xFF, 0xFF, 0xFF, 0xFF, 0xFF, 0xFF, 0xFF, 0xFF, 0xFF, 0xFF,
    0xFF, 0xFF, 0xFF, 0xFF, 0xFF, 0xFF, 0xFF, 0xFF, 0xFF, 0xFF, 0xFF, 0xFF, 0xFF, 0xFF, 0xFF, 0xFF, 0xFF, 0xFF, 0xFF,
    0xFF, 0xFF, 0xFF, 0xFF, 0xFF, 0x5B, 0xEF, 0x5B, 0xEF, 0x5B, 0xEF, 0xEA, 0x93, 0xEA, 0x93, 0xEA, 0x93, 0x20, 0x62,
    0x20, 0x62, 0x20, 0x62, 0x20, 0x62, 0x20, 0x62, 0x20, 0x62, 0x20, 0x62, 0x20, 0x62, 0x20, 0x62, 0x20, 0x62, 0x20,
    0x62, 0x20, 0x62, 0x20, 0x62, 0x20, 0x62, 0x20, 0x62, 0x20, 0x62, 0x20, 0x62, 0x20, 0x62, 0x20, 0x62, 0x20, 0x62,
    0x20, 0x62, 0x20, 0x62, 0x20, 0x62, 0x20, 0x62, 0xA1, 0x7A, 0xA1, 0x7A, 0xA1, 0x7A, 0x69, 0xFE, 0x69, 0xFE, 0x69,
    0xFE, 0x69, 0xFE, 0x69, 0xFE, 0x69, 0xFE, 0x69, 0xFE, 0x69, 0xFE, 0x69, 0xFE, 0x69, 0xFE, 0x69, 0xFE, 0x69, 0xFE,
    0x69, 0xFE, 0x69, 0xFE, 0x69, 0xFE, 0x69, 0xFE, 0x69, 0xFE, 0x69, 0xFE, 0x69, 0xFE, 0x69, 0xFE, 0x69, 0xFE, 0x69,
    0xFE, 0x69, 0xFE, 0x69, 0xFE, 0x69, 0xFE, 0x69, 0xFE, 0x69, 0xFE, 0x69, 0xFE, 0x69, 0xFE, 0x69, 0xFE, 0x69, 0xFE,
    0x69, 0xFE, 0x69, 0xFE, 0x69, 0xFE, 0x69, 0xFE, 0x69, 0xFE, 0x69, 0xFE, 0x69, 0xFE, 0x69, 0xFE, 0x69, 0xFE, 0x89,
    0x43, 0x89, 0x43, 0x89, 0x43, 0x89, 0x43, 0x89, 0x43, 0x89, 0x43, 0x89, 0x43, 0x89, 0x43, 0x89, 0x43, 0x89, 0x43,
    0x89, 0x43, 0x89, 0x43, 0x89, 0x43, 0x89, 0x43, 0x89, 0x43, 0x89, 0x43, 0x89, 0x43, 0x89, 0x43, 0x89, 0x43, 0x89,
    0x43, 0x69, 0xFE, 0x69, 0xFE, 0x69, 0xFE, 0x69, 0xFE, 0x69, 0xFE, 0x69, 0xFE, 0x69, 0xFE, 0x69, 0xFE, 0x69, 0xFE,
    0x69, 0xFE, 0x69, 0xFE, 0x69, 0xFE, 0x69, 0xFE, 0x69, 0xFE, 0x69, 0xFE, 0x69, 0xFE, 0x69, 0xFE, 0x69, 0xFE, 0x69,
    0xFE, 0x69, 0xFE, 0x69, 0xFE, 0x69, 0xFE, 0x69, 0xFE, 0x69, 0xFE, 0x69, 0xFE, 0x69, 0xFE, 0x69, 0xFE, 0x69, 0xFE,
    0x69, 0xFE, 0x69, 0xFE, 0x69, 0xFE, 0x69, 0xFE, 0x69, 0xFE, 0x69, 0xFE, 0x69, 0xFE, 0x69, 0xFE, 0x69, 0xFE, 0x69,
    0xFE, 0x69, 0xFE, 0x69, 0xFE, 0xA1, 0x7A, 0xA1, 0x7A, 0xA1, 0x7A, 0x20, 0x62, 0x20, 0x62, 0x20, 0x62, 0x20, 0x62,
    0x20, 0x62, 0x20, 0x62, 0x20, 0x62, 0x20, 0x62, 0x20, 0x62, 0x20, 0x62, 0x20, 0x62, 0x20, 0x62, 0x20, 0x62, 0x20,
    0x62, 0x20, 0x62, 0x20, 0x62, 0x20, 0x62, 0x20, 0x62, 0x20, 0x62, 0x20, 0x62, 0x20, 0x62, 0x20, 0x62, 0x20, 0x62,
    0x20, 0x62, 0xEA, 0x93, 0xEA, 0x93, 0xEA, 0x93, 0x5B, 0xEF, 0x5B, 0xEF, 0x5B, 0xEF, 0xFF, 0xFF, 0xFF, 0xFF, 0xFF,
    0xFF, 0xFF, 0xFF, 0xFF, 0xFF, 0xFF, 0xFF, 0xFF, 0xFF, 0xFF, 0xFF, 0xFF, 0xFF, 0xFF, 0xFF, 0xFF, 0xFF, 0xFF, 0xFF,
    0xFF, 0xFF, 0xFF, 0xFF, 0xFF, 0xFF, 0xFF, 0xFF, 0xFF, 0xFF, 0xFF, 0xFF, 0xFF, 0xFF, 0xFF, 0xFF, 0xFF, 0xFF, 0xFF,
    0xFF, 0xFF, 0xFF, 0xFF, 0xFF, 0xFF, 0xFF, 0xFF, 0xFF, 0xFF, 0xFF, 0xFF, 0xFF, 0xFF, 0xFF, 0xFF, 0xFF, 0xFF, 0xFF,
    0xFF, 0xFF, 0xFF, 0xFF, 0xFF, 0xFF, 0xFF, 0xFF, 0xFF, 0xFF, 0xFF, 0xFF, 0xFF, 0xFF, 0xFF, 0xFF, 0xFF, 0xFF, 0xFF,
    0xFF, 0xFF, 0xFF, 0xFF, 0xFF, 0xFF, 0xFF, 0xFF, 0xFF, 0xFF, 0xFF, 0xFF, 0xFF, 0xFF, 0xFF, 0xFF, 0xFF, 0xFF, 0xFF,
    0xFF, 0xFF, 0xFF, 0xFF, 0xFF, 0xFF, 0xFF, 0xFF, 0xFF, 0xFF, 0xFF, 0xFF, 0xFF, 0xFF, 0xFF, 0xFF, 0xFF, 0xFF, 0xFF,
    0xFF, 0xFF, 0xFF, 0xFF, 0xFF, 0xFF, 0xFF, 0xFF, 0xFF, 0xFF, 0xFF, 0xFF, 0xFF, 0xFF, 0xFF, 0xFF, 0xFF, 0xFF, 0xFF,
    0xFF, 0xFF, 0xFF, 0xFF, 0xFF, 0xFF, 0xFF, 0xFF, 0xFF, 0xFF, 0x5B, 0xEF, 0x5B, 0xEF, 0x5B, 0xEF, 0xEA, 0x93, 0xEA,
    0x93, 0xEA, 0x93, 0x20, 0x62, 0x20, 0x62, 0x20, 0x62, 0x20, 0x62, 0x20, 0x62, 0x20, 0x62, 0x20, 0x62, 0x20, 0x62,
    0x20, 0x62, 0x20, 0x62, 0x20, 0x62, 0x20, 0x62, 0x20, 0x62, 0x20, 0x62, 0x20, 0x62, 0x20, 0x62, 0x20, 0x62, 0x20,
    0x62, 0x20, 0x62, 0x20, 0x62, 0x20, 0x62, 0x20, 0x62, 0x20, 0x62, 0x20, 0x62, 0xA1, 0x7A, 0xA1, 0x7A, 0xA1, 0x7A,
    0x69, 0xFE, 0x69, 0xFE, 0x69, 0xFE, 0x69, 0xFE, 0x69, 0xFE, 0x69, 0xFE, 0x69, 0xFE, 0x69, 0xFE, 0x69, 0xFE, 0x69,
    0xFE, 0x69, 0xFE, 0x69, 0xFE, 0x69, 0xFE, 0x69, 0xFE, 0x69, 0xFE, 0x69, 0xFE, 0x69, 0xFE, 0x69, 0xFE, 0x69, 0xFE,
    0x69, 0xFE, 0x69, 0xFE, 0x69, 0xFE, 0x69, 0xFE, 0x69, 0xFE, 0x69, 0xFE, 0x69, 0xFE, 0x69, 0xFE, 0x69, 0xFE, 0x69,
    0xFE, 0x69, 0xFE, 0x69, 0xFE, 0x69, 0xFE, 0x69, 0xFE, 0x69, 0xFE, 0x69, 0xFE, 0x69, 0xFE, 0x69, 0xFE, 0x69, 0xFE,
    0x69, 0xFE, 0x69, 0xFE, 0x89, 0x43, 0x89, 0x43, 0x89, 0x43, 0x89, 0x43, 0x89, 0x43, 0x89, 0x43, 0x89, 0x43, 0x89,
    0x43, 0x89, 0x43, 0x89, 0x43, 0x89, 0x43, 0x89, 0x43, 0x89, 0x43, 0x89, 0x43, 0x89, 0x43, 0x89, 0x43, 0x89, 0x43,
    0x89, 0x43, 0x89, 0x43, 0x89, 0x43, 0x69, 0xFE, 0x69, 0xFE, 0x69, 0xFE, 0x69, 0xFE, 0x69, 0xFE, 0x69, 0xFE, 0x69,
    0xFE, 0x69, 0xFE, 0x69, 0xFE, 0x69, 0xFE, 0x69, 0xFE, 0x69, 0xFE, 0x69, 0xFE, 0x69, 0xFE, 0x69, 0xFE, 0x69, 0xFE,
    0x69, 0xFE, 0x69, 0xFE, 0x69, 0xFE, 0x69, 0xFE, 0x69, 0xFE, 0x69, 0xFE, 0x69, 0xFE, 0x69, 0xFE, 0x69, 0xFE, 0x69,
    0xFE, 0x69, 0xFE, 0x69, 0xFE, 0x69, 0xFE, 0x69, 0xFE, 0x69, 0xFE, 0x69, 0xFE, 0x69, 0xFE, 0x69, 0xFE, 0x69, 0xFE,
    0x69, 0xFE, 0x69, 0xFE, 0x69, 0xFE, 0x69, 0xFE, 0x69, 0xFE, 0xA1, 0x7A, 0xA1, 0x7A, 0xA1, 0x7A, 0x20, 0x62, 0x20,
    0x62, 0x20, 0x62, 0x20, 0x62, 0x20, 0x62, 0x20, 0x62, 0x20, 0x62, 0x20, 0x62, 0x20, 0x62, 0x20, 0x62, 0x20, 0x62,
    0x20, 0x62, 0x20, 0x62, 0x20, 0x62, 0x20, 0x62, 0x20, 0x62, 0x20, 0x62, 0x20, 0x62, 0x20, 0x62, 0x20, 0x62, 0x20,
    0x62, 0x20, 0x62, 0x20, 0x62, 0x20, 0x62, 0xEA, 0x93, 0xEA, 0x93, 0xEA, 0x93, 0x5B, 0xEF, 0x5B, 0xEF, 0x5B, 0xEF,
    0xFF, 0xFF, 0xFF, 0xFF, 0xFF, 0xFF, 0xFF, 0xFF, 0xFF, 0xFF, 0xFF, 0xFF, 0xFF, 0xFF, 0xFF, 0xFF, 0xFF, 0xFF, 0xFF,
    0xFF, 0xFF, 0xFF, 0xFF, 0xFF, 0xFF, 0xFF, 0xFF, 0xFF, 0xFF, 0xFF, 0xFF, 0xFF, 0xFF, 0xFF, 0xFF, 0xFF, 0xFF, 0xFF,
    0xFF, 0xFF, 0xFF, 0xFF, 0xFF, 0xFF, 0xFF, 0xFF, 0xFF, 0xFF, 0xFF, 0xFF, 0xFF, 0xFF, 0xFF, 0xFF, 0xFF, 0xFF, 0xFF,
    0xFF, 0xFF, 0xFF, 0xFF, 0xFF, 0xFF, 0xFF, 0xFF, 0xFF, 0xFF, 0xFF, 0xFF, 0xFF, 0xFF, 0xFF, 0xFF, 0xFF, 0xFF, 0xFF,
    0xFF, 0xFF, 0xFF, 0xFF, 0xFF, 0xFF, 0xFF, 0xFF, 0xFF, 0xFF, 0xFF, 0xFF, 0xFF, 0xFF, 0xFF, 0xFF, 0xFF, 0xFF, 0xFF,
    0xFF, 0xFF, 0xFF, 0xFF, 0xFF, 0xFF, 0xFF, 0xFF, 0xFF, 0xFF, 0xFF, 0xFF, 0xFF, 0xFF, 0xFF, 0xFF, 0xFF, 0xFF, 0xFF,
    0xFF, 0xFF, 0xFF, 0xFF, 0xFF, 0xFF, 0xFF, 0xFF, 0xFF, 0xFF, 0xFF, 0xFF, 0xFF, 0xFF, 0xFF, 0xFF, 0xFF, 0xFF, 0xFF,
    0xFF, 0xFF, 0xFF, 0xFF, 0xFF, 0xFF, 0xFF, 0xFF, 0xFF, 0xFF, 0xFF, 0xFF, 0xFF, 0xFF, 0xFF, 0x5B, 0xEF, 0x5B, 0xEF,
    0x5B, 0xEF, 0xEA, 0x93, 0xEA, 0x93, 0xEA, 0x93, 0x20, 0x62, 0x20, 0x62, 0x20, 0x62, 0x20, 0x62, 0x20, 0x62, 0x20,
    0x62, 0x20, 0x62, 0x20, 0x62, 0x20, 0x62, 0x20, 0x62, 0x20, 0x62, 0x20, 0x62, 0x20, 0x62, 0x20, 0x62, 0x20, 0x62,
    0x20, 0x62, 0x20, 0x62, 0x20, 0x62, 0x20, 0x62, 0x20, 0x62, 0x20, 0x62, 0x20, 0x62, 0x20, 0x62, 0x20, 0x62, 0xA1,
    0x7A, 0xA1, 0x7A, 0xA1, 0x7A, 0x69, 0xFE, 0x69, 0xFE, 0x69, 0xFE, 0x69, 0xFE, 0x69, 0xFE, 0x69, 0xFE, 0x69, 0xFE,
    0x69, 0xFE, 0x69, 0xFE, 0x69, 0xFE, 0x69, 0xFE, 0x69, 0xFE, 0x69, 0xFE, 0x69, 0xFE, 0x69, 0xFE, 0x69, 0xFE, 0x69,
    0xFE, 0x69, 0xFE, 0x69, 0xFE, 0x69, 0xFE, 0x69, 0xFE, 0x69, 0xFE, 0x69, 0xFE, 0x69, 0xFE, 0x69, 0xFE, 0x69, 0xFE,
    0x69, 0xFE, 0x69, 0xFE, 0x69, 0xFE, 0x69, 0xFE, 0x69, 0xFE, 0x69, 0xFE, 0x69, 0xFE, 0x69, 0xFE, 0x69, 0xFE, 0x69,
    0xFE, 0x69, 0xFE, 0x69, 0xFE, 0x69, 0xFE, 0x69, 0xFE, 0x89, 0x43, 0x89, 0x43, 0x89, 0x43, 0x89, 0x43, 0x89, 0x43,
    0x89, 0x43, 0x89, 0x43, 0x89, 0x43, 0x89, 0x43, 0x89, 0x43, 0x89, 0x43, 0x89, 0x43, 0x89, 0x43, 0x89, 0x43, 0x89,
    0x43, 0x89, 0x43, 0x89, 0x43, 0x89, 0x43, 0x89, 0x43, 0x89, 0x43, 0x69, 0xFE, 0x69, 0xFE, 0x69, 0xFE, 0x69, 0xFE,
    0x69, 0xFE, 0x69, 0xFE, 0x69, 0xFE, 0x69, 0xFE, 0x69, 0xFE, 0x69, 0xFE, 0x69, 0xFE, 0x69, 0xFE, 0x69, 0xFE, 0x69,
    0xFE, 0x69, 0xFE, 0x69, 0xFE, 0x69, 0xFE, 0x69, 0xFE, 0x69, 0xFE, 0x69, 0xFE, 0x69, 0xFE, 0x69, 0xFE, 0x69, 0xFE,
    0x69, 0xFE, 0x69, 0xFE, 0x69, 0xFE, 0x69, 0xFE, 0x69, 0xFE, 0x69, 0xFE, 0x69, 0xFE, 0x69, 0xFE, 0x69, 0xFE, 0x69,
    0xFE, 0x69, 0xFE, 0x69, 0xFE, 0x69, 0xFE, 0x69, 0xFE, 0x69, 0xFE, 0x69, 0xFE, 0x69, 0xFE, 0xC6, 0xC4, 0xC6, 0xC4,
    0xC6, 0xC4, 0x20, 0x62, 0x20, 0x62, 0x20, 0x62, 0x20, 0x62, 0x20, 0x62, 0x20, 0x62, 0x20, 0x62, 0x20, 0x62, 0x20,
    0x62, 0x20, 0x62, 0x20, 0x62, 0x20, 0x62, 0x20, 0x62, 0x20, 0x62, 0x20, 0x62, 0x20, 0x62, 0x20, 0x62, 0x20, 0x62,
    0x20, 0x62, 0x20, 0x62, 0x20, 0x62, 0x20, 0x62, 0x20, 0x62, 0x20, 0x62, 0x20, 0x62, 0x20, 0x62, 0x20, 0x62, 0x20,
    0x62, 0x20, 0x62, 0x20, 0x62, 0xA8, 0x8B, 0xA8, 0x8B, 0xA8, 0x8B, 0xA8, 0x8B, 0xD3, 0xC5, 0xD3, 0xC5, 0xD3, 0xC5,
    0x9D, 0xF7, 0x9D, 0xF7, 0x9D, 0xF7, 0xFF, 0xFF, 0xFF, 0xFF, 0xFF, 0xFF, 0xFF, 0xFF, 0xFF, 0xFF, 0xFF, 0xFF, 0xFF,
    0xFF, 0xFF, 0xFF, 0xFF, 0xFF, 0xFF, 0xFF, 0xFF, 0xFF, 0xFF, 0xFF, 0xFF, 0xFF, 0xFF, 0xFF, 0xFF, 0xFF, 0xFF, 0xFF,
    0xFF, 0xFF, 0xFF, 0xFF, 0xFF, 0xFF, 0xFF, 0xFF, 0xFF, 0xFF, 0xFF, 0xFF, 0xFF, 0xFF, 0xFF, 0xFF, 0xFF, 0xFF, 0xFF,
    0xFF, 0xFF, 0xFF, 0xFF, 0xFF, 0xFF, 0xFF, 0xFF, 0xFF, 0xFF, 0xFF, 0xFF, 0xFF, 0xFF, 0xFF, 0xFF, 0xFF, 0xFF, 0xFF,
    0xFF, 0xFF, 0xFF, 0xFF, 0xFF, 0xFF, 0xFF, 0xFF, 0xFF, 0xFF, 0xFF, 0xFF, 0xFF, 0xFF, 0xFF, 0xFF, 0xFF, 0xFF, 0xFF,
    0xFF, 0xFF, 0xFF, 0xFF, 0xFF, 0xFF, 0xFF, 0xFF, 0xFF, 0xFF, 0xFF, 0xFF, 0xFF, 0xFF, 0xFF, 0xFF, 0xFF, 0xFF, 0xFF,
    0x9D, 0xF7, 0x9D, 0xF7, 0x9D, 0xF7, 0xD3, 0xC5, 0xD3, 0xC5, 0xD3, 0xC5, 0xA8, 0x8B, 0xA8, 0x8B, 0xA8, 0x8B, 0xA8,
    0x8B, 0x20, 0x62, 0x20, 0x62, 0x20, 0x62, 0x20, 0x62, 0x20, 0x62, 0x20, 0x62, 0x20, 0x62, 0x20, 0x62, 0x20, 0x62,
    0x20, 0x62, 0x20, 0x62, 0x20, 0x62, 0x20, 0x62, 0x20, 0x62, 0x20, 0x62, 0x20, 0x62, 0x20, 0x62, 0x20, 0x62, 0x20,
    0x62, 0x20, 0x62, 0x20, 0x62, 0x20, 0x62, 0x20, 0x62, 0x20, 0x62, 0x20, 0x62, 0x20, 0x62, 0x20, 0x62, 0x20, 0x62,
    0x20, 0x62, 0x20, 0x62, 0xC6, 0xC4, 0xC6, 0xC4, 0xC6, 0xC4, 0x69, 0xFE, 0x69, 0xFE, 0x69, 0xFE, 0x69, 0xFE, 0x69,
    0xFE, 0x69, 0xFE, 0x69, 0xFE, 0x69, 0xFE, 0x69, 0xFE, 0x69, 0xFE, 0x69, 0xFE, 0x69, 0xFE, 0x69, 0xFE, 0x69, 0xFE,
    0x69, 0xFE, 0x69, 0xFE, 0x69, 0xFE, 0x69, 0xFE, 0x69, 0xFE, 0x69, 0xFE, 0x69, 0xFE, 0x69, 0xFE, 0x69, 0xFE, 0x69,
    0xFE, 0x69, 0xFE, 0x69, 0xFE, 0x69, 0xFE, 0x69, 0xFE, 0x69, 0xFE, 0x69, 0xFE, 0x69, 0xFE, 0x69, 0xFE, 0x69, 0xFE,
    0x69, 0xFE, 0x69, 0xFE, 0x69, 0xFE, 0x69, 0xFE, 0x69, 0xFE, 0x69, 0xFE, 0x69, 0xFE, 0x89, 0x43, 0x89, 0x43, 0x89,
    0x43, 0x89, 0x43, 0x89, 0x43, 0x89, 0x43, 0x89, 0x43, 0x89, 0x43, 0x89, 0x43, 0x89, 0x43, 0x89, 0x43, 0x89, 0x43,
    0x89, 0x43, 0x89, 0x43, 0x89, 0x43, 0x89, 0x43, 0x89, 0x43, 0x89, 0x43, 0x89, 0x43, 0x89, 0x43, 0x69, 0xFE, 0x69,
    0xFE, 0x69, 0xFE, 0x69, 0xFE, 0x69, 0xFE, 0x69, 0xFE, 0x69, 0xFE, 0x69, 0xFE, 0x69, 0xFE, 0x69, 0xFE, 0x69, 0xFE,
    0x69, 0xFE, 0x69, 0xFE, 0x69, 0xFE, 0x69, 0xFE, 0x69, 0xFE, 0x69, 0xFE, 0x69, 0xFE, 0x69, 0xFE, 0x69, 0xFE, 0x69,
    0xFE, 0x69, 0xFE, 0x69, 0xFE, 0x69, 0xFE, 0x69, 0xFE, 0x69, 0xFE, 0x69, 0xFE, 0x69, 0xFE, 0x69, 0xFE, 0x69, 0xFE,
    0x69, 0xFE, 0x69, 0xFE, 0x69, 0xFE, 0x69, 0xFE, 0x69, 0xFE, 0x69, 0xFE, 0x69, 0xFE, 0x69, 0xFE, 0x69, 0xFE, 0x69,
    0xFE, 0xC6, 0xC4, 0xC6, 0xC4, 0xC6, 0xC4, 0x20, 0x62, 0x20, 0x62, 0x20, 0x62, 0x20, 0x62, 0x20, 0x62, 0x20, 0x62,
    0x20, 0x62, 0x20, 0x62, 0x20, 0x62, 0x20, 0x62, 0x20, 0x62, 0x20, 0x62, 0x20, 0x62, 0x20, 0x62, 0x20, 0x62, 0x20,
    0x62, 0x20, 0x62, 0x20, 0x62, 0x20, 0x62, 0x20, 0x62, 0x20, 0x62, 0x20, 0x62, 0x20, 0x62, 0x20, 0x62, 0x20, 0x62,
    0x20, 0x62, 0x20, 0x62, 0x20, 0x62, 0x20, 0x62, 0x20, 0x62, 0xA8, 0x8B, 0xA8, 0x8B, 0xA8, 0x8B, 0xA8, 0x8B, 0xD3,
    0xC5, 0xD3, 0xC5, 0xD3, 0xC5, 0x9D, 0xF7, 0x9D, 0xF7, 0x9D, 0xF7, 0xFF, 0xFF, 0xFF, 0xFF, 0xFF, 0xFF, 0xFF, 0xFF,
    0xFF, 0xFF, 0xFF, 0xFF, 0xFF, 0xFF, 0xFF, 0xFF, 0xFF, 0xFF, 0xFF, 0xFF, 0xFF, 0xFF, 0xFF, 0xFF, 0xFF, 0xFF, 0xFF,
    0xFF, 0xFF, 0xFF, 0xFF, 0xFF, 0xFF, 0xFF, 0xFF, 0xFF, 0xFF, 0xFF, 0xFF, 0xFF, 0xFF, 0xFF, 0xFF, 0xFF, 0xFF, 0xFF,
    0xFF, 0xFF, 0xFF, 0xFF, 0xFF, 0xFF, 0xFF, 0xFF, 0xFF, 0xFF, 0xFF, 0xFF, 0xFF, 0xFF, 0xFF, 0xFF, 0xFF, 0xFF, 0xFF,
    0xFF, 0xFF, 0xFF, 0xFF, 0xFF, 0xFF, 0xFF, 0xFF, 0xFF, 0xFF, 0xFF, 0xFF, 0xFF, 0xFF, 0xFF, 0xFF, 0xFF, 0xFF, 0xFF,
    0xFF, 0xFF, 0xFF, 0xFF, 0xFF, 0xFF, 0xFF, 0xFF, 0xFF, 0xFF, 0xFF, 0xFF, 0xFF, 0xFF, 0xFF, 0xFF, 0xFF, 0xFF, 0xFF,
    0xFF, 0xFF, 0xFF, 0xFF, 0xFF, 0x9D, 0xF7, 0x9D, 0xF7, 0x9D, 0xF7, 0xD3, 0xC5, 0xD3, 0xC5, 0xD3, 0xC5, 0xA8, 0x8B,
    0xA8, 0x8B, 0xA8, 0x8B, 0xA8, 0x8B, 0x20, 0x62, 0x20, 0x62, 0x20, 0x62, 0x20, 0x62, 0x20, 0x62, 0x20, 0x62, 0x20,
    0x62, 0x20, 0x62, 0x20, 0x62, 0x20, 0x62, 0x20, 0x62, 0x20, 0x62, 0x20, 0x62, 0x20, 0x62, 0x20, 0x62, 0x20, 0x62,
    0x20, 0x62, 0x20, 0x62, 0x20, 0x62, 0x20, 0x62, 0x20, 0x62, 0x20, 0x62, 0x20, 0x62, 0x20, 0x62, 0x20, 0x62, 0x20,
    0x62, 0x20, 0x62, 0x20, 0x62, 0x20, 0x62, 0x20, 0x62, 0xC6, 0xC4, 0xC6, 0xC4, 0xC6, 0xC4, 0x69, 0xFE, 0x69, 0xFE,
    0x69, 0xFE, 0x69, 0xFE, 0x69, 0xFE, 0x69, 0xFE, 0x69, 0xFE, 0x69, 0xFE, 0x69, 0xFE, 0x69, 0xFE, 0x69, 0xFE, 0x69,
    0xFE, 0x69, 0xFE, 0x69, 0xFE, 0x69, 0xFE, 0x69, 0xFE, 0x69, 0xFE, 0x69, 0xFE, 0x69, 0xFE, 0x69, 0xFE, 0x69, 0xFE,
    0x69, 0xFE, 0x69, 0xFE, 0x69, 0xFE, 0x69, 0xFE, 0x69, 0xFE, 0x69, 0xFE, 0x69, 0xFE, 0x69, 0xFE, 0x69, 0xFE, 0x69,
    0xFE, 0x69, 0xFE, 0x69, 0xFE, 0x69, 0xFE, 0x69, 0xFE, 0x69, 0xFE, 0x69, 0xFE, 0x69, 0xFE, 0x69, 0xFE, 0x69, 0xFE,
    0x89, 0x43, 0x89, 0x43, 0x89, 0x43, 0x89, 0x43, 0x89, 0x43, 0x89, 0x43, 0x89, 0x43, 0x89, 0x43, 0x89, 0x43, 0x89,
    0x43, 0x89, 0x43, 0x89, 0x43, 0x89, 0x43, 0x89, 0x43, 0x89, 0x43, 0x89, 0x43, 0x89, 0x43, 0x89, 0x43, 0x89, 0x43,
    0x89, 0x43, 0x69, 0xFE, 0x69, 0xFE, 0x69, 0xFE, 0x69, 0xFE, 0x69, 0xFE, 0x69, 0xFE, 0x69, 0xFE, 0x69, 0xFE, 0x69,
    0xFE, 0x69, 0xFE, 0x69, 0xFE, 0x69, 0xFE, 0x69, 0xFE, 0x69, 0xFE, 0x69, 0xFE, 0x69, 0xFE, 0x69, 0xFE, 0x69, 0xFE,
    0x69, 0xFE, 0x69, 0xFE, 0x69, 0xFE, 0x69, 0xFE, 0x69, 0xFE, 0x69, 0xFE, 0x69, 0xFE, 0x69, 0xFE, 0x69, 0xFE, 0x69,
    0xFE, 0x69, 0xFE, 0x69, 0xFE, 0x69, 0xFE, 0x69, 0xFE, 0x69, 0xFE, 0x69, 0xFE, 0x69, 0xFE, 0x69, 0xFE, 0x69, 0xFE,
    0x69, 0xFE, 0x69, 0xFE, 0x69, 0xFE, 0xC6, 0xC4, 0xC6, 0xC4, 0xC6, 0xC4, 0x20, 0x62, 0x20, 0x62, 0x20, 0x62, 0x20,
    0x62, 0x20, 0x62, 0x20, 0x62, 0x20, 0x62, 0x20, 0x62, 0x20, 0x62, 0x20, 0x62, 0x20, 0x62, 0x20, 0x62, 0x20, 0x62,
    0x20, 0x62, 0x20, 0x62, 0x20, 0x62, 0x20, 0x62, 0x20, 0x62, 0x20, 0x62, 0x20, 0x62, 0x20, 0x62, 0x20, 0x62, 0x20,
    0x62, 0x20, 0x62, 0x20, 0x62, 0x20, 0x62, 0x20, 0x62, 0x20, 0x62, 0x20, 0x62, 0x20, 0x62, 0xA8, 0x8B, 0xA8, 0x8B,
    0xA8, 0x8B, 0xA8, 0x8B, 0xD3, 0xC5, 0xD3, 0xC5, 0xD3, 0xC5, 0x9D, 0xF7, 0x9D, 0xF7, 0x9D, 0xF7, 0xFF, 0xFF, 0xFF,
    0xFF, 0xFF, 0xFF, 0xFF, 0xFF, 0xFF, 0xFF, 0xFF, 0xFF, 0xFF, 0xFF, 0xFF, 0xFF, 0xFF, 0xFF, 0xFF, 0xFF, 0xFF, 0xFF,
    0xFF, 0xFF, 0xFF, 0xFF, 0xFF, 0xFF, 0xFF, 0xFF, 0xFF, 0xFF, 0xFF, 0xFF, 0xFF, 0xFF, 0xFF, 0xFF, 0xFF, 0xFF, 0xFF,
    0xFF, 0xFF, 0xFF, 0xFF, 0xFF, 0xFF, 0xFF, 0xFF, 0xFF, 0xFF, 0xFF, 0xFF, 0xFF, 0xFF, 0xFF, 0xFF, 0xFF, 0xFF, 0xFF,
    0xFF, 0xFF, 0xFF, 0xFF, 0xFF, 0xFF, 0xFF, 0xFF, 0xFF, 0xFF, 0xFF, 0xFF, 0xFF, 0xFF, 0xFF, 0xFF, 0xFF, 0xFF, 0xFF,
    0xFF, 0xFF, 0xFF, 0xFF, 0xFF, 0xFF, 0xFF, 0xFF, 0xFF, 0xFF, 0xFF, 0xFF, 0xFF, 0xFF, 0xFF, 0xFF, 0xFF, 0xFF, 0xFF,
    0xFF, 0xFF, 0xFF, 0xFF, 0xFF, 0xFF, 0xFF, 0xFF, 0xFF, 0xFF, 0x9D, 0xF7, 0x9D, 0xF7, 0x9D, 0xF7, 0xD3, 0xC5, 0xD3,
    0xC5, 0xD3, 0xC5, 0xA8, 0x8B, 0xA8, 0x8B, 0xA8, 0x8B, 0xA8, 0x8B, 0x20, 0x62, 0x20, 0x62, 0x20, 0x62, 0x20, 0x62,
    0x20, 0x62, 0x20, 0x62, 0x20, 0x62, 0x20, 0x62, 0x20, 0x62, 0x20, 0x62, 0x20, 0x62, 0x20, 0x62, 0x20, 0x62, 0x20,
    0x62, 0x20, 0x62, 0x20, 0x62, 0x20, 0x62, 0x20, 0x62, 0x20, 0x62, 0x20, 0x62, 0x20, 0x62, 0x20, 0x62, 0x20, 0x62,
    0x20, 0x62, 0x20, 0x62, 0x20, 0x62, 0x20, 0x62, 0x20, 0x62, 0x20, 0x62, 0x20, 0x62, 0xC6, 0xC4, 0xC6, 0xC4, 0xC6,
    0xC4, 0x69, 0xFE, 0x69, 0xFE, 0x69, 0xFE, 0x69, 0xFE, 0x69, 0xFE, 0x69, 0xFE, 0x69, 0xFE, 0x69, 0xFE, 0x69, 0xFE,
    0x69, 0xFE, 0x69, 0xFE, 0x69, 0xFE, 0x69, 0xFE, 0x69, 0xFE, 0x69, 0xFE, 0x69, 0xFE, 0x69, 0xFE, 0x69, 0xFE, 0x69,
    0xFE, 0x69, 0xFE, 0x69, 0xFE, 0x69, 0xFE, 0x69, 0xFE, 0x69, 0xFE, 0x69, 0xFE, 0x69, 0xFE, 0x69, 0xFE, 0x69, 0xFE,
    0x69, 0xFE, 0x69, 0xFE, 0x69, 0xFE, 0x69, 0xFE, 0x69, 0xFE, 0x69, 0xFE, 0x69, 0xFE, 0x69, 0xFE, 0x69, 0xFE, 0x69,
    0xFE, 0x69, 0xFE, 0x69, 0xFE, 0x89, 0x43, 0x89, 0x43, 0x89, 0x43, 0x89, 0x43, 0x89, 0x43, 0x89, 0x43, 0x89, 0x43,
    0x89, 0x43, 0x89, 0x43, 0x89, 0x43, 0x89, 0x43, 0x89, 0x43, 0x89, 0x43, 0x89, 0x43, 0x89, 0x43, 0x89, 0x43, 0x89,
    0x43, 0x89, 0x43, 0x89, 0x43, 0x89, 0x43, 0x69, 0xFE, 0x69, 0xFE, 0x69, 0xFE, 0x69, 0xFE, 0x69, 0xFE, 0x69, 0xFE,
    0x69, 0xFE, 0x69, 0xFE, 0x69, 0xFE, 0x69, 0xFE, 0x69, 0xFE, 0x69, 0xFE, 0x69, 0xFE, 0x69, 0xFE, 0x69, 0xFE, 0x69,
    0xFE, 0x69, 0xFE, 0x69, 0xFE, 0x69, 0xFE, 0x69, 0xFE, 0x69, 0xFE, 0x69, 0xFE, 0x69, 0xFE, 0x69, 0xFE, 0x69, 0xFE,
    0x69, 0xFE, 0x69, 0xFE, 0x69, 0xFE, 0x69, 0xFE, 0x69, 0xFE, 0x69, 0xFE, 0x69, 0xFE, 0x69, 0xFE, 0x69, 0xFE, 0x69,
    0xFE, 0x69, 0xFE, 0x69, 0xFE, 0x69, 0xFE, 0x69, 0xFE, 0x69, 0xFE, 0xC6, 0xC4, 0xC6, 0xC4, 0xC6, 0xC4, 0x20, 0x62,
    0x20, 0x62, 0x20, 0x62, 0x20, 0x62, 0x20, 0x62, 0x20, 0x62, 0x20, 0x62, 0x20, 0x62, 0x20, 0x62, 0x20, 0x62, 0x20,
    0x62, 0x20, 0x62, 0x20, 0x62, 0x20, 0x62, 0x20, 0x62, 0x20, 0x62, 0x20, 0x62, 0x20, 0x62, 0x20, 0x62, 0x20, 0x62,
    0x20, 0x62, 0x20, 0x62, 0x20, 0x62, 0x20, 0x62, 0x20, 0x62, 0x20, 0x62, 0x20, 0x62, 0x20, 0x62, 0x20, 0x62, 0x20,
    0x62, 0xA8, 0x8B, 0xA8, 0x8B, 0xA8, 0x8B, 0xA8, 0x8B, 0xD3, 0xC5, 0xD3, 0xC5, 0xD3, 0xC5, 0x9D, 0xF7, 0x9D, 0xF7,
    0x9D, 0xF7, 0xFF, 0xFF, 0xFF, 0xFF, 0xFF, 0xFF, 0xFF, 0xFF, 0xFF, 0xFF, 0xFF, 0xFF, 0xFF, 0xFF, 0xFF, 0xFF, 0xFF,
    0xFF, 0xFF, 0xFF, 0xFF, 0xFF, 0xFF, 0xFF, 0xFF, 0xFF, 0xFF, 0xFF, 0xFF, 0xFF, 0xFF, 0xFF, 0xFF, 0xFF, 0xFF, 0xFF,
    0xFF, 0xFF, 0xFF, 0xFF, 0xFF, 0xFF, 0xFF, 0xFF, 0xFF, 0xFF, 0xFF, 0xFF, 0xFF, 0xFF, 0xFF, 0xFF, 0xFF, 0xFF, 0xFF,
    0xFF, 0xFF, 0xFF, 0xFF, 0xFF, 0xFF, 0xFF, 0xFF, 0xFF, 0xFF, 0xFF, 0xFF, 0xFF, 0xFF, 0xFF, 0xFF, 0xFF, 0xFF, 0xFF,
    0xFF, 0xFF, 0xFF, 0xFF, 0xFF, 0xFF, 0xFF, 0xFF, 0xFF, 0xFF, 0xFF, 0xFF, 0xFF, 0xFF, 0xFF, 0xFF, 0xFF, 0xFF, 0xFF,
    0xFF, 0xFF, 0xFF, 0xFF, 0xFF, 0xFF, 0xFF, 0xFF, 0xFF, 0xFF, 0xFF, 0xFF, 0xFF, 0xFF, 0xFF, 0x9D, 0xF7, 0x9D, 0xF7,
    0x9D, 0xF7, 0xD3, 0xC5, 0xD3, 0xC5, 0xD3, 0xC5, 0xA8, 0x8B, 0xA8, 0x8B, 0xA8, 0x8B, 0xA8, 0x8B, 0x20, 0x62, 0x20,
    0x62, 0x20, 0x62, 0x20, 0x62, 0x20, 0x62, 0x20, 0x62, 0x20, 0x62, 0x20, 0x62, 0x20, 0x62, 0x20, 0x62, 0x20, 0x62,
    0x20, 0x62, 0x20, 0x62, 0x20, 0x62, 0x20, 0x62, 0x20, 0x62, 0x20, 0x62, 0x20, 0x62, 0x20, 0x62, 0x20, 0x62, 0x20,
    0x62, 0x20, 0x62, 0x20, 0x62, 0x20, 0x62, 0x20, 0x62, 0x20, 0x62, 0x20, 0x62, 0x20, 0x62, 0x20, 0x62, 0x20, 0x62,
    0xC6, 0xC4, 0xC6, 0xC4, 0xC6, 0xC4, 0x69, 0xFE, 0x69, 0xFE, 0x69, 0xFE, 0x69, 0xFE, 0x69, 0xFE, 0x69, 0xFE, 0x69,
    0xFE, 0x69, 0xFE, 0x69, 0xFE, 0x69, 0xFE, 0x69, 0xFE, 0x69, 0xFE, 0x69, 0xFE, 0x69, 0xFE, 0x69, 0xFE, 0x69, 0xFE,
    0x69, 0xFE, 0x69, 0xFE, 0x69, 0xFE, 0x69, 0xFE, 0x69, 0xFE, 0x69, 0xFE, 0x69, 0xFE, 0x69, 0xFE, 0x69, 0xFE, 0x69,
    0xFE, 0x69, 0xFE, 0x69, 0xFE, 0x69, 0xFE, 0x69, 0xFE, 0x69, 0xFE, 0x69, 0xFE, 0x69, 0xFE, 0x69, 0xFE, 0x69, 0xFE,
    0x69, 0xFE, 0x69, 0xFE, 0x69, 0xFE, 0x69, 0xFE, 0x69, 0xFE, 0x89, 0x43, 0x89, 0x43, 0x89, 0x43, 0x89, 0x43, 0x89,
    0x43, 0x89, 0x43, 0x89, 0x43, 0x89, 0x43, 0x89, 0x43, 0x89, 0x43, 0x89, 0x43, 0x89, 0x43, 0x89, 0x43, 0x89, 0x43,
    0x89, 0x43, 0x89, 0x43, 0x89, 0x43, 0x89, 0x43, 0x89, 0x43, 0x89, 0x43, 0x89, 0x43, 0x89, 0x43, 0x89, 0x43, 0x69,
    0xFE, 0x69, 0xFE, 0x69, 0xFE, 0x69, 0xFE, 0x69, 0xFE, 0x69, 0xFE, 0x69, 0xFE, 0x69, 0xFE, 0x69, 0xFE, 0x69, 0xFE,
    0x69, 0xFE, 0x69, 0xFE, 0x69, 0xFE, 0x69, 0xFE, 0x69, 0xFE, 0x69, 0xFE, 0x69, 0xFE, 0x69, 0xFE, 0x69, 0xFE, 0x69,
    0xFE, 0x69, 0xFE, 0x69, 0xFE, 0x69, 0xFE, 0x69, 0xFE, 0x69, 0xFE, 0x69, 0xFE, 0x69, 0xFE, 0x69, 0xFE, 0x69, 0xFE,
    0x69, 0xFE, 0x69, 0xFE, 0x69, 0xFE, 0x69, 0xFE, 0x69, 0xFE, 0x69, 0xFE, 0x69, 0xFE, 0x69, 0xFE, 0x69, 0xFE, 0x69,
    0xFE, 0x69, 0xFE, 0xE1, 0x82, 0xE1, 0x82, 0xE1, 0x82, 0xE1, 0x82, 0x20, 0x62, 0x20, 0x62, 0x20, 0x62, 0x20, 0x62,
    0x20, 0x62, 0x20, 0x62, 0x20, 0x62, 0x20, 0x62, 0x20, 0x62, 0x20, 0x62, 0x20, 0x62, 0x20, 0x62, 0x20, 0x62, 0x20,
    0x62, 0x20, 0x62, 0x20, 0x62, 0x20, 0x62, 0x20, 0x62, 0x20, 0x62, 0x20, 0x62, 0x20, 0x62, 0x20, 0x62, 0x20, 0x62,
    0x20, 0x62, 0x20, 0x62, 0x20, 0x62, 0x20, 0x62, 0x20, 0x62, 0x20, 0x62, 0x20, 0x62, 0x20, 0x62, 0x20, 0x62, 0x20,
    0x62, 0x20, 0x62, 0x20, 0x62, 0x20, 0x62, 0xA8, 0x8B, 0xA8, 0x8B, 0xA8, 0x8B, 0xA8, 0x8B, 0x10, 0xB5, 0x10, 0xB5,
    0x10, 0xB5, 0x35, 0xCE, 0x35, 0xCE, 0x35, 0xCE, 0xF9, 0xE6, 0xF9, 0xE6, 0xF9, 0xE6, 0xF9, 0xE6, 0xFF, 0xFF, 0xFF,
    0xFF, 0xFF, 0xFF, 0xFF, 0xFF, 0xFF, 0xFF, 0xFF, 0xFF, 0xFF, 0xFF, 0xFF, 0xFF, 0xFF, 0xFF, 0xFF, 0xFF, 0xFF, 0xFF,
    0xFF, 0xFF, 0xFF, 0xFF, 0xFF, 0xFF, 0xFF, 0xFF, 0xFF, 0xFF, 0xFF, 0xFF, 0xFF, 0xFF, 0xFF, 0xFF, 0xFF, 0xFF, 0xFF,
    0xFF, 0xFF, 0xFF, 0xFF, 0xFF, 0xFF, 0xFF, 0xFF, 0xFF, 0xFF, 0xFF, 0xF9, 0xE6, 0xF9, 0xE6, 0xF9, 0xE6, 0xF9, 0xE6,
    0x35, 0xCE, 0x35, 0xCE, 0x35, 0xCE, 0x10, 0xB5, 0x10, 0xB5, 0x10, 0xB5, 0xA8, 0x8B, 0xA8, 0x8B, 0xA8, 0x8B, 0xA8,
    0x8B, 0x20, 0x62, 0x20, 0x62, 0x20, 0x62, 0x20, 0x62, 0x20, 0x62, 0x20, 0x62, 0x20, 0x62, 0x20, 0x62, 0x20, 0x62,
    0x20, 0x62, 0x20, 0x62, 0x20, 0x62, 0x20, 0x62, 0x20, 0x62, 0x20, 0x62, 0x20, 0x62, 0x20, 0x62, 0x20, 0x62, 0x20,
    0x62, 0x20, 0x62, 0x20, 0x62, 0x20, 0x62, 0x20, 0x62, 0x20, 0x62, 0x20, 0x62, 0x20, 0x62, 0x20, 0x62, 0x20, 0x62,
    0x20, 0x62, 0x20, 0x62, 0x20, 0x62, 0x20, 0x62, 0x20, 0x62, 0x20, 0x62, 0x20, 0x62, 0x20, 0x62, 0xE1, 0x82, 0xE1,
    0x82, 0xE1, 0x82, 0xE1, 0x82, 0x69, 0xFE, 0x69, 0xFE, 0x69, 0xFE, 0x69, 0xFE, 0x69, 0xFE, 0x69, 0xFE, 0x69, 0xFE,
    0x69, 0xFE, 0x69, 0xFE, 0x69, 0xFE, 0x69, 0xFE, 0x69, 0xFE, 0x69, 0xFE, 0x69, 0xFE, 0x69, 0xFE, 0x69, 0xFE, 0x69,
    0xFE, 0x69, 0xFE, 0x69, 0xFE, 0x69, 0xFE, 0x69, 0xFE, 0x69, 0xFE, 0x69, 0xFE, 0x69, 0xFE, 0x69, 0xFE, 0x69, 0xFE,
    0x69, 0xFE, 0x69, 0xFE, 0x69, 0xFE, 0x69, 0xFE, 0x69, 0xFE, 0x69, 0xFE, 0x69, 0xFE, 0x69, 0xFE, 0x69, 0xFE, 0x69,
    0xFE, 0x69, 0xFE, 0x69, 0xFE, 0x69, 0xFE, 0x69, 0xFE, 0x89, 0x43, 0x89, 0x43, 0x89, 0x43, 0x89, 0x43, 0x89, 0x43,
    0x89, 0x43, 0x89, 0x43, 0x89, 0x43, 0x89, 0x43, 0x89, 0x43, 0x89, 0x43, 0x89, 0x43, 0x89, 0x43, 0x89, 0x43, 0x89,
    0x43, 0x89, 0x43, 0x89, 0x43, 0x89, 0x43, 0x89, 0x43, 0x89, 0x43, 0x89, 0x43, 0x89, 0x43, 0x89, 0x43, 0x89, 0x43,
    0x89, 0x43, 0x89, 0x43, 0x69, 0xFE, 0x69, 0xFE, 0x69, 0xFE, 0x69, 0xFE, 0x69, 0xFE, 0x69, 0xFE, 0x69, 0xFE, 0x69,
    0xFE, 0x69, 0xFE, 0x69, 0xFE, 0x69, 0xFE, 0x69, 0xFE, 0x69, 0xFE, 0x69, 0xFE, 0x69, 0xFE, 0x69, 0xFE, 0x69, 0xFE,
    0x69, 0xFE, 0x69, 0xFE, 0x69, 0xFE, 0x69, 0xFE, 0x69, 0xFE, 0x69, 0xFE, 0x69, 0xFE, 0x69, 0xFE, 0x69, 0xFE, 0x69,
    0xFE, 0x69, 0xFE, 0x69, 0xFE, 0x69, 0xFE, 0x69, 0xFE, 0x69, 0xFE, 0x69, 0xFE, 0x69, 0xFE, 0x69, 0xFE, 0x69, 0xFE,
    0x69, 0xFE, 0x69, 0xFE, 0x69, 0xFE, 0x69, 0xFE, 0xE1, 0x82, 0xE1, 0x82, 0xE1, 0x82, 0xE1, 0x82, 0x20, 0x62, 0x20,
    0x62, 0x20, 0x62, 0x20, 0x62, 0x20, 0x62, 0x20, 0x62, 0x20, 0x62, 0x20, 0x62, 0x20, 0x62, 0x20, 0x62, 0x20, 0x62,
    0x20, 0x62, 0x20, 0x62, 0x20, 0x62, 0x20, 0x62, 0x20, 0x62, 0x20, 0x62, 0x20, 0x62, 0x20, 0x62, 0x20, 0x62, 0x20,
    0x62, 0x20, 0x62, 0x20, 0x62, 0x20, 0x62, 0x20, 0x62, 0x20, 0x62, 0x20, 0x62, 0x20, 0x62, 0x20, 0x62, 0x20, 0x62,
    0x20, 0x62, 0x20, 0x62, 0x20, 0x62, 0x20, 0x62, 0x20, 0x62, 0x20, 0x62, 0xA8, 0x8B, 0xA8, 0x8B, 0xA8, 0x8B, 0xA8,
    0x8B, 0x10, 0xB5, 0x10, 0xB5, 0x10, 0xB5, 0x35, 0xCE, 0x35, 0xCE, 0x35, 0xCE, 0xF9, 0xE6, 0xF9, 0xE6, 0xF9, 0xE6,
    0xF9, 0xE6, 0xFF, 0xFF, 0xFF, 0xFF, 0xFF, 0xFF, 0xFF, 0xFF, 0xFF, 0xFF, 0xFF, 0xFF, 0xFF, 0xFF, 0xFF, 0xFF, 0xFF,
    0xFF, 0xFF, 0xFF, 0xFF, 0xFF, 0xFF, 0xFF, 0xFF, 0xFF, 0xFF, 0xFF, 0xFF, 0xFF, 0xFF, 0xFF, 0xFF, 0xFF, 0xFF, 0xFF,
    0xFF, 0xFF, 0xFF, 0xFF, 0xFF, 0xFF, 0xFF, 0xFF, 0xFF, 0xFF, 0xFF, 0xFF, 0xFF, 0xFF, 0xFF, 0xFF, 0xF9, 0xE6, 0xF9,
    0xE6, 0xF9, 0xE6, 0xF9, 0xE6, 0x35, 0xCE, 0x35, 0xCE, 0x35, 0xCE, 0x10, 0xB5, 0x10, 0xB5, 0x10, 0xB5, 0xA8, 0x8B,
    0xA8, 0x8B, 0xA8, 0x8B, 0xA8, 0x8B, 0x20, 0x62, 0x20, 0x62, 0x20, 0x62, 0x20, 0x62, 0x20, 0x62, 0x20, 0x62, 0x20,
    0x62, 0x20, 0x62, 0x20, 0x62, 0x20, 0x62, 0x20, 0x62, 0x20, 0x62, 0x20, 0x62, 0x20, 0x62, 0x20, 0x62, 0x20, 0x62,
    0x20, 0x62, 0x20, 0x62, 0x20, 0x62, 0x20, 0x62, 0x20, 0x62, 0x20, 0x62, 0x20, 0x62, 0x20, 0x62, 0x20, 0x62, 0x20,
    0x62, 0x20, 0x62, 0x20, 0x62, 0x20, 0x62, 0x20, 0x62, 0x20, 0x62, 0x20, 0x62, 0x20, 0x62, 0x20, 0x62, 0x20, 0x62,
    0x20, 0x62, 0xE1, 0x82, 0xE1, 0x82, 0xE1, 0x82, 0xE1, 0x82, 0x69, 0xFE, 0x69, 0xFE, 0x69, 0xFE, 0x69, 0xFE, 0x69,
    0xFE, 0x69, 0xFE, 0x69, 0xFE, 0x69, 0xFE, 0x69, 0xFE, 0x69, 0xFE, 0x69, 0xFE, 0x69, 0xFE, 0x69, 0xFE, 0x69, 0xFE,
    0x69, 0xFE, 0x69, 0xFE, 0x69, 0xFE, 0x69, 0xFE, 0x69, 0xFE, 0x69, 0xFE, 0x69, 0xFE, 0x69, 0xFE, 0x69, 0xFE, 0x69,
    0xFE, 0x69, 0xFE, 0x69, 0xFE, 0x69, 0xFE, 0x69, 0xFE, 0x69, 0xFE, 0x69, 0xFE, 0x69, 0xFE, 0x69, 0xFE, 0x69, 0xFE,
    0x69, 0xFE, 0x69, 0xFE, 0x69, 0xFE, 0x69, 0xFE, 0x69, 0xFE, 0x69, 0xFE, 0x69, 0xFE, 0x89, 0x43, 0x89, 0x43, 0x89,
    0x43, 0x89, 0x43, 0x89, 0x43, 0x89, 0x43, 0x89, 0x43, 0x89, 0x43, 0x89, 0x43, 0x89, 0x43, 0x89, 0x43, 0x89, 0x43,
    0x89, 0x43, 0x89, 0x43, 0x89, 0x43, 0x89, 0x43, 0x89, 0x43, 0x89, 0x43, 0x89, 0x43, 0x89, 0x43, 0x89, 0x43, 0x89,
    0x43, 0x89, 0x43, 0x89, 0x43, 0x89, 0x43, 0x89, 0x43, 0x69, 0xFE, 0x69, 0xFE, 0x69, 0xFE, 0x69, 0xFE, 0x69, 0xFE,
    0x69, 0xFE, 0x69, 0xFE, 0x69, 0xFE, 0x69, 0xFE, 0x69, 0xFE, 0x69, 0xFE, 0x69, 0xFE, 0x69, 0xFE, 0x69, 0xFE, 0x69,
    0xFE, 0x69, 0xFE, 0x69, 0xFE, 0x69, 0xFE, 0x69, 0xFE, 0x69, 0xFE, 0x69, 0xFE, 0x69, 0xFE, 0x69, 0xFE, 0x69, 0xFE,
    0x69, 0xFE, 0x69, 0xFE, 0x69, 0xFE, 0x69, 0xFE, 0x69, 0xFE, 0x69, 0xFE, 0x69, 0xFE, 0x69, 0xFE, 0x69, 0xFE, 0x69,
    0xFE, 0x69, 0xFE, 0x69, 0xFE, 0x69, 0xFE, 0x69, 0xFE, 0x69, 0xFE, 0x69, 0xFE, 0xE1, 0x82, 0xE1, 0x82, 0xE1, 0x82,
    0xE1, 0x82, 0x20, 0x62, 0x20, 0x62, 0x20, 0x62, 0x20, 0x62, 0x20, 0x62, 0x20, 0x62, 0x20, 0x62, 0x20, 0x62, 0x20,
    0x62, 0x20, 0x62, 0x20, 0x62, 0x20, 0x62, 0x20, 0x62, 0x20, 0x62, 0x20, 0x62, 0x20, 0x62, 0x20, 0x62, 0x20, 0x62,
    0x20, 0x62, 0x20, 0x62, 0x20, 0x62, 0x20, 0x62, 0x20, 0x62, 0x20, 0x62, 0x20, 0x62, 0x20, 0x62, 0x20, 0x62, 0x20,
    0x62, 0x20, 0x62, 0x20, 0x62, 0x20, 0x62, 0x20, 0x62, 0x20, 0x62, 0x20, 0x62, 0x20, 0x62, 0x20, 0x62, 0xA8, 0x8B,
    0xA8, 0x8B, 0xA8, 0x8B, 0xA8, 0x8B, 0x10, 0xB5, 0x10, 0xB5, 0x10, 0xB5, 0x35, 0xCE, 0x35, 0xCE, 0x35, 0xCE, 0xF9,
    0xE6, 0xF9, 0xE6, 0xF9, 0xE6, 0xF9, 0xE6, 0xFF, 0xFF, 0xFF, 0xFF, 0xFF, 0xFF, 0xFF, 0xFF, 0xFF, 0xFF, 0xFF, 0xFF,
    0xFF, 0xFF, 0xFF, 0xFF, 0xFF, 0xFF, 0xFF, 0xFF, 0xFF, 0xFF, 0xFF, 0xFF, 0xFF, 0xFF, 0xFF, 0xFF, 0xFF, 0xFF, 0xFF,
    0xFF, 0xFF, 0xFF, 0xFF, 0xFF, 0xFF, 0xFF, 0xFF, 0xFF, 0xFF, 0xFF, 0xFF, 0xFF, 0xFF, 0xFF, 0xFF, 0xFF, 0xFF, 0xFF,
    0xFF, 0xFF, 0xF9, 0xE6, 0xF9, 0xE6, 0xF9, 0xE6, 0xF9, 0xE6, 0x35, 0xCE, 0x35, 0xCE, 0x35, 0xCE, 0x10, 0xB5, 0x10,
    0xB5, 0x10, 0xB5, 0xA8, 0x8B, 0xA8, 0x8B, 0xA8, 0x8B, 0xA8, 0x8B, 0x20, 0x62, 0x20, 0x62, 0x20, 0x62, 0x20, 0x62,
    0x20, 0x62, 0x20, 0x62, 0x20, 0x62, 0x20, 0x62, 0x20, 0x62, 0x20, 0x62, 0x20, 0x62, 0x20, 0x62, 0x20, 0x62, 0x20,
    0x62, 0x20, 0x62, 0x20, 0x62, 0x20, 0x62, 0x20, 0x62, 0x20, 0x62, 0x20, 0x62, 0x20, 0x62, 0x20, 0x62, 0x20, 0x62,
    0x20, 0x62, 0x20, 0x62, 0x20, 0x62, 0x20, 0x62, 0x20, 0x62, 0x20, 0x62, 0x20, 0x62, 0x20, 0x62, 0x20, 0x62, 0x20,
    0x62, 0x20, 0x62, 0x20, 0x62, 0x20, 0x62, 0xE1, 0x82, 0xE1, 0x82, 0xE1, 0x82, 0xE1, 0x82, 0x69, 0xFE, 0x69, 0xFE,
    0x69, 0xFE, 0x69, 0xFE, 0x69, 0xFE, 0x69, 0xFE, 0x69, 0xFE, 0x69, 0xFE, 0x69, 0xFE, 0x69, 0xFE, 0x69, 0xFE, 0x69,
    0xFE, 0x69, 0xFE, 0x69, 0xFE, 0x69, 0xFE, 0x69, 0xFE, 0x69, 0xFE, 0x69, 0xFE, 0x69, 0xFE, 0x69, 0xFE, 0x69, 0xFE,
    0x69, 0xFE, 0x69, 0xFE, 0x69, 0xFE, 0x69, 0xFE, 0x69, 0xFE, 0x69, 0xFE, 0x69, 0xFE, 0x69, 0xFE, 0x69, 0xFE, 0x69,
    0xFE, 0x69, 0xFE, 0x69, 0xFE, 0x69, 0xFE, 0x69, 0xFE, 0x69, 0xFE, 0x69, 0xFE, 0x69, 0xFE, 0x69, 0xFE, 0x69, 0xFE,
    0x89, 0x43, 0x89, 0x43, 0x89, 0x43, 0x89, 0x43, 0x89, 0x43, 0x89, 0x43, 0x89, 0x43, 0x89, 0x43, 0x89, 0x43, 0x89,
    0x43, 0x89, 0x43, 0x89, 0x43, 0x89, 0x43, 0x89, 0x43, 0x89, 0x43, 0x89, 0x43, 0x89, 0x43, 0x89, 0x43, 0x89, 0x43,
    0x89, 0x43, 0x89, 0x43, 0x89, 0x43, 0x89, 0x43, 0x89, 0x43, 0x89, 0x43, 0x89, 0x43, 0x69, 0xFE, 0x69, 0xFE, 0x69,
    0xFE, 0x69, 0xFE, 0x69, 0xFE, 0x69, 0xFE, 0x69, 0xFE, 0x69, 0xFE, 0x69, 0xFE, 0x69, 0xFE, 0x69, 0xFE, 0x69, 0xFE,
    0x69, 0xFE, 0x69, 0xFE, 0x69, 0xFE, 0x69, 0xFE, 0x69, 0xFE, 0x69, 0xFE, 0x69, 0xFE, 0x69, 0xFE, 0x69, 0xFE, 0x69,
    0xFE, 0x69, 0xFE, 0x69, 0xFE, 0x69, 0xFE, 0x69, 0xFE, 0x69, 0xFE, 0x69, 0xFE, 0x69, 0xFE, 0x69, 0xFE, 0x69, 0xFE,
    0x69, 0xFE, 0x69, 0xFE, 0x69, 0xFE, 0x69, 0xFE, 0x69, 0xFE, 0x69, 0xFE, 0x69, 0xFE, 0x69, 0xFE, 0x69, 0xFE, 0x87,
    0xE5, 0x87, 0xE5, 0x87, 0xE5, 0x87, 0xE5, 0x20, 0x62, 0x20, 0x62, 0x20, 0x62, 0x20, 0x62, 0x20, 0x62, 0x20, 0x62,
    0x20, 0x62, 0x20, 0x62, 0x20, 0x62, 0x20, 0x62, 0x20, 0x62, 0x20, 0x62, 0x20, 0x62, 0x20, 0x62, 0x20, 0x62, 0x20,
    0x62, 0x20, 0x62, 0x20, 0x62, 0x20, 0x62, 0x20, 0x62, 0x20, 0x62, 0x20, 0x62, 0x20, 0x62, 0x20, 0x62, 0x20, 0x62,
    0x20, 0x62, 0x20, 0x62, 0x20, 0x62, 0x20, 0x62, 0x20, 0x62, 0x20, 0x62, 0x20, 0x62, 0x20, 0x62, 0x20, 0x62, 0x20,
    0x62, 0x20, 0x62, 0x20, 0x62, 0x20, 0x62, 0x20, 0x62, 0x20, 0x62, 0x20, 0x62, 0x20, 0x62, 0x20, 0x62, 0x20, 0x62,
    0x20, 0x62, 0x20, 0x62, 0x20, 0x62, 0x20, 0x62, 0x20, 0x62, 0x20, 0x62, 0x20, 0x62, 0x20, 0x62, 0x20, 0x62, 0x20,
    0x62, 0x20, 0x62, 0x20, 0x62, 0x20, 0x62, 0x20, 0x62, 0x20, 0x62, 0x20, 0x62, 0x20, 0x62, 0x20, 0x62, 0x20, 0x62,
    0x20, 0x62, 0x20, 0x62, 0x20, 0x62, 0x20, 0x62, 0x20, 0x62, 0x20, 0x62, 0x20, 0x62, 0x20, 0x62, 0x20, 0x62, 0x20,
    0x62, 0x20, 0x62, 0x20, 0x62, 0x20, 0x62, 0x20, 0x62, 0x20, 0x62, 0x20, 0x62, 0x20, 0x62, 0x20, 0x62, 0x20, 0x62,
    0x20, 0x62, 0x20, 0x62, 0x20, 0x62, 0x20, 0x62, 0x20, 0x62, 0x20, 0x62, 0x20, 0x62, 0x20, 0x62, 0x20, 0x62, 0x20,
    0x62, 0x20, 0x62, 0x20, 0x62, 0x20, 0x62, 0x20, 0x62, 0x20, 0x62, 0x20, 0x62, 0x20, 0x62, 0x20, 0x62, 0x20, 0x62,
    0x20, 0x62, 0x20, 0x62, 0x20, 0x62, 0x20, 0x62, 0x20, 0x62, 0x20, 0x62, 0x20, 0x62, 0x20, 0x62, 0x20, 0x62, 0x20,
    0x62, 0x20, 0x62, 0x20, 0x62, 0x20, 0x62, 0x20, 0x62, 0x20, 0x62, 0x20, 0x62, 0x20, 0x62, 0x20, 0x62, 0x20, 0x62,
    0x20, 0x62, 0x20, 0x62, 0x20, 0x62, 0x20, 0x62, 0x20, 0x62, 0x20, 0x62, 0x87, 0xE5, 0x87, 0xE5, 0x87, 0xE5, 0x87,
    0xE5, 0x69, 0xFE, 0x69, 0xFE, 0x69, 0xFE, 0x69, 0xFE, 0x69, 0xFE, 0x69, 0xFE, 0x69, 0xFE, 0x69, 0xFE, 0x69, 0xFE,
    0x69, 0xFE, 0x69, 0xFE, 0x69, 0xFE, 0x69, 0xFE, 0x69, 0xFE, 0x69, 0xFE, 0x69, 0xFE, 0x69, 0xFE, 0x69, 0xFE, 0x69,
    0xFE, 0x69, 0xFE, 0x69, 0xFE, 0x69, 0xFE, 0x69, 0xFE, 0x69, 0xFE, 0x69, 0xFE, 0x69, 0xFE, 0x69, 0xFE, 0x69, 0xFE,
    0x69, 0xFE, 0x69, 0xFE, 0x69, 0xFE, 0x69, 0xFE, 0x69, 0xFE, 0x69, 0xFE, 0x69, 0xFE, 0x69, 0xFE, 0x69, 0xFE, 0x69,
    0xFE, 0x69, 0xFE, 0x69, 0xFE, 0x89, 0x43, 0x89, 0x43, 0x89, 0x43, 0x89, 0x43, 0x89, 0x43, 0x89, 0x43, 0x89, 0x43,
    0x89, 0x43, 0x89, 0x43, 0x89, 0x43, 0x89, 0x43, 0x89, 0x43, 0x89, 0x43, 0x89, 0x43, 0x89, 0x43, 0x89, 0x43, 0x89,
    0x43, 0x89, 0x43, 0x89, 0x43, 0x89, 0x43, 0x89, 0x43, 0x89, 0x43, 0x89, 0x43, 0x89, 0x43, 0x89, 0x43, 0x89, 0x43,
    0x69, 0xFE, 0x69, 0xFE, 0x69, 0xFE, 0x69, 0xFE, 0x69, 0xFE, 0x69, 0xFE, 0x69, 0xFE, 0x69, 0xFE, 0x69, 0xFE, 0x69,
    0xFE, 0x69, 0xFE, 0x69, 0xFE, 0x69, 0xFE, 0x69, 0xFE, 0x69, 0xFE, 0x69, 0xFE, 0x69, 0xFE, 0x69, 0xFE, 0x69, 0xFE,
    0x69, 0xFE, 0x69, 0xFE, 0x69, 0xFE, 0x69, 0xFE, 0x69, 0xFE, 0x69, 0xFE, 0x69, 0xFE, 0x69, 0xFE, 0x69, 0xFE, 0x69,
    0xFE, 0x69, 0xFE, 0x69, 0xFE, 0x69, 0xFE, 0x69, 0xFE, 0x69, 0xFE, 0x69, 0xFE, 0x69, 0xFE, 0x69, 0xFE, 0x69, 0xFE,
    0x69, 0xFE, 0x69, 0xFE, 0x87, 0xE5, 0x87, 0xE5, 0x87, 0xE5, 0x87, 0xE5, 0x20, 0x62, 0x20, 0x62, 0x20, 0x62, 0x20,
    0x62, 0x20, 0x62, 0x20, 0x62, 0x20, 0x62, 0x20, 0x62, 0x20, 0x62, 0x20, 0x62, 0x20, 0x62, 0x20, 0x62, 0x20, 0x62,
    0x20, 0x62, 0x20, 0x62, 0x20, 0x62, 0x20, 0x62, 0x20, 0x62, 0x20, 0x62, 0x20, 0x62, 0x20, 0x62, 0x20, 0x62, 0x20,
    0x62, 0x20, 0x62, 0x20, 0x62, 0x20, 0x62, 0x20, 0x62, 0x20, 0x62, 0x20, 0x62, 0x20, 0x62, 0x20, 0x62, 0x20, 0x62,
    0x20, 0x62, 0x20, 0x62, 0x20, 0x62, 0x20, 0x62, 0x20, 0x62, 0x20, 0x62, 0x20, 0x62, 0x20, 0x62, 0x20, 0x62, 0x20,
    0x62, 0x20, 0x62, 0x20, 0x62, 0x20, 0x62, 0x20, 0x62, 0x20, 0x62, 0x20, 0x62, 0x20, 0x62, 0x20, 0x62, 0x20, 0x62,
    0x20, 0x62, 0x20, 0x62, 0x20, 0x62, 0x20, 0x62, 0x20, 0x62, 0x20, 0x62, 0x20, 0x62, 0x20, 0x62, 0x20, 0x62, 0x20,
    0x62, 0x20, 0x62, 0x20, 0x62, 0x20, 0x62, 0x20, 0x62, 0x20, 0x62, 0x20, 0x62, 0x20, 0x62, 0x20, 0x62, 0x20, 0x62,
    0x20, 0x62, 0x20, 0x62, 0x20, 0x62, 0x20, 0x62, 0x20, 0x62, 0x20, 0x62, 0x20, 0x62, 0x20, 0x62, 0x20, 0x62, 0x20,
    0x62, 0x20, 0x62, 0x20, 0x62, 0x20, 0x62, 0x20, 0x62, 0x20, 0x62, 0x20, 0x62, 0x20, 0x62, 0x20, 0x62, 0x20, 0x62,
    0x20, 0x62, 0x20, 0x62, 0x20, 0x62, 0x20, 0x62, 0x20, 0x62, 0x20, 0x62, 0x20, 0x62, 0x20, 0x62, 0x20, 0x62, 0x20,
    0x62, 0x20, 0x62, 0x20, 0x62, 0x20, 0x62, 0x20, 0x62, 0x20, 0x62, 0x20, 0x62, 0x20, 0x62, 0x20, 0x62, 0x20, 0x62,
    0x20, 0x62, 0x20, 0x62, 0x20, 0x62, 0x20, 0x62, 0x20, 0x62, 0x20, 0x62, 0x20, 0x62, 0x20, 0x62, 0x20, 0x62, 0x20,
    0x62, 0x20, 0x62, 0x20, 0x62, 0x20, 0x62, 0x20, 0x62, 0x20, 0x62, 0x20, 0x62, 0x20, 0x62, 0x20, 0x62, 0x87, 0xE5,
    0x87, 0xE5, 0x87, 0xE5, 0x87, 0xE5, 0x69, 0xFE, 0x69, 0xFE, 0x69, 0xFE, 0x69, 0xFE, 0x69, 0xFE, 0x69, 0xFE, 0x69,
    0xFE, 0x69, 0xFE, 0x69, 0xFE, 0x69, 0xFE, 0x69, 0xFE, 0x69, 0xFE, 0x69, 0xFE, 0x69, 0xFE, 0x69, 0xFE, 0x69, 0xFE,
    0x69, 0xFE, 0x69, 0xFE, 0x69, 0xFE, 0x69, 0xFE, 0x69, 0xFE, 0x69, 0xFE, 0x69, 0xFE, 0x69, 0xFE, 0x69, 0xFE, 0x69,
    0xFE, 0x69, 0xFE, 0x69, 0xFE, 0x69, 0xFE, 0x69, 0xFE, 0x69, 0xFE, 0x69, 0xFE, 0x69, 0xFE, 0x69, 0xFE, 0x69, 0xFE,
    0x69, 0xFE, 0x69, 0xFE, 0x69, 0xFE, 0x69, 0xFE, 0x69, 0xFE, 0x89, 0x43, 0x89, 0x43, 0x89, 0x43, 0x89, 0x43, 0x89,
    0x43, 0x89, 0x43, 0x89, 0x43, 0x89, 0x43, 0x89, 0x43, 0x89, 0x43, 0x89, 0x43, 0x89, 0x43, 0x89, 0x43, 0x89, 0x43,
    0x89, 0x43, 0x89, 0x43, 0x89, 0x43, 0x89, 0x43, 0x89, 0x43, 0x89, 0x43, 0x89, 0x43, 0x89, 0x43, 0x89, 0x43, 0x89,
    0x43, 0x89, 0x43, 0x89, 0x43, 0x69, 0xFE, 0x69, 0xFE, 0x69, 0xFE, 0x69, 0xFE, 0x69, 0xFE, 0x69, 0xFE, 0x69, 0xFE,
    0x69, 0xFE, 0x69, 0xFE, 0x69, 0xFE, 0x69, 0xFE, 0x69, 0xFE, 0x69, 0xFE, 0x69, 0xFE, 0x69, 0xFE, 0x69, 0xFE, 0x69,
    0xFE, 0x69, 0xFE, 0x69, 0xFE, 0x69, 0xFE, 0x69, 0xFE, 0x69, 0xFE, 0x69, 0xFE, 0x69, 0xFE, 0x69, 0xFE, 0x69, 0xFE,
    0x69, 0xFE, 0x69, 0xFE, 0x69, 0xFE, 0x69, 0xFE, 0x69, 0xFE, 0x69, 0xFE, 0x69, 0xFE, 0x69, 0xFE, 0x69, 0xFE, 0x69,
    0xFE, 0x69, 0xFE, 0x69, 0xFE, 0x69, 0xFE, 0x69, 0xFE, 0x87, 0xE5, 0x87, 0xE5, 0x87, 0xE5, 0x87, 0xE5, 0x20, 0x62,
    0x20, 0x62, 0x20, 0x62, 0x20, 0x62, 0x20, 0x62, 0x20, 0x62, 0x20, 0x62, 0x20, 0x62, 0x20, 0x62, 0x20, 0x62, 0x20,
    0x62, 0x20, 0x62, 0x20, 0x62, 0x20, 0x62, 0x20, 0x62, 0x20, 0x62, 0x20, 0x62, 0x20, 0x62, 0x20, 0x62, 0x20, 0x62,
    0x20, 0x62, 0x20, 0x62, 0x20, 0x62, 0x20, 0x62, 0x20, 0x62, 0x20, 0x62, 0x20, 0x62, 0x20, 0x62, 0x20, 0x62, 0x20,
    0x62, 0x20, 0x62, 0x20, 0x62, 0x20, 0x62, 0x20, 0x62, 0x20, 0x62, 0x20, 0x62, 0x20, 0x62, 0x20, 0x62, 0x20, 0x62,
    0x20, 0x62, 0x20, 0x62, 0x20, 0x62, 0x20, 0x62, 0x20, 0x62, 0x20, 0x62, 0x20, 0x62, 0x20, 0x62, 0x20, 0x62, 0x20,
    0x62, 0x20, 0x62, 0x20, 0x62, 0x20, 0x62, 0x20, 0x62, 0x20, 0x62, 0x20, 0x62, 0x20, 0x62, 0x20, 0x62, 0x20, 0x62,
    0x20, 0x62, 0x20, 0x62, 0x20, 0x62, 0x20, 0x62, 0x20, 0x62, 0x20, 0x62, 0x20, 0x62, 0x20, 0x62, 0x20, 0x62, 0x20,
    0x62, 0x20, 0x62, 0x20, 0x62, 0x20, 0x62, 0x20, 0x62, 0x20, 0x62, 0x20, 0x62, 0x20, 0x62, 0x20, 0x62, 0x20, 0x62,
    0x20, 0x62, 0x20, 0x62, 0x20, 0x62, 0x20, 0x62, 0x20, 0x62, 0x20, 0x62, 0x20, 0x62, 0x20, 0x62, 0x20, 0x62, 0x20,
    0x62, 0x20, 0x62, 0x20, 0x62, 0x20, 0x62, 0x20, 0x62, 0x20, 0x62, 0x20, 0x62, 0x20, 0x62, 0x20, 0x62, 0x20, 0x62,
    0x20, 0x62, 0x20, 0x62, 0x20, 0x62, 0x20, 0x62, 0x20, 0x62, 0x20, 0x62, 0x20, 0x62, 0x20, 0x62, 0x20, 0x62, 0x20,
    0x62, 0x20, 0x62, 0x20, 0x62, 0x20, 0x62, 0x20, 0x62, 0x20, 0x62, 0x20, 0x62, 0x20, 0x62, 0x20, 0x62, 0x20, 0x62,
    0x20, 0x62, 0x20, 0x62, 0x20, 0x62, 0x20, 0x62, 0x20, 0x62, 0x20, 0x62, 0x20, 0x62, 0x20, 0x62, 0x20, 0x62, 0x20,
    0x62, 0x20, 0x62, 0x87, 0xE5, 0x87, 0xE5, 0x87, 0xE5, 0x87, 0xE5, 0x69, 0xFE, 0x69, 0xFE, 0x69, 0xFE, 0x69, 0xFE,
    0x69, 0xFE, 0x69, 0xFE, 0x69, 0xFE, 0x69, 0xFE, 0x69, 0xFE, 0x69, 0xFE, 0x69, 0xFE, 0x69, 0xFE, 0x69, 0xFE, 0x69,
    0xFE, 0x69, 0xFE, 0x69, 0xFE, 0x69, 0xFE, 0x69, 0xFE, 0x69, 0xFE, 0x69, 0xFE, 0x69, 0xFE, 0x69, 0xFE, 0x69, 0xFE,
    0x69, 0xFE, 0x69, 0xFE, 0x69, 0xFE, 0x69, 0xFE, 0x69, 0xFE, 0x69, 0xFE, 0x69, 0xFE, 0x69, 0xFE, 0x69, 0xFE, 0x69,
    0xFE, 0x69, 0xFE, 0x69, 0xFE, 0x69, 0xFE, 0x69, 0xFE, 0x69, 0xFE, 0x69, 0xFE, 0x69, 0xFE, 0x89, 0x43, 0x89, 0x43,
    0x89, 0x43, 0x89, 0x43, 0x89, 0x43, 0x89, 0x43, 0x89, 0x43, 0x89, 0x43, 0x89, 0x43, 0x89, 0x43, 0x89, 0x43, 0x89,
    0x43, 0x89, 0x43, 0x89, 0x43, 0x89, 0x43, 0x89, 0x43, 0x89, 0x43, 0x89, 0x43, 0x89, 0x43, 0x89, 0x43, 0x89, 0x43,
    0x89, 0x43, 0x89, 0x43, 0x89, 0x43, 0x89, 0x43, 0x89, 0x43, 0x89, 0x43, 0x89, 0x43, 0x89, 0x43, 0x89, 0x43, 0x69,
    0xFE, 0x69, 0xFE, 0x69, 0xFE, 0x69, 0xFE, 0x69, 0xFE, 0x69, 0xFE, 0x69, 0xFE, 0x69, 0xFE, 0x69, 0xFE, 0x69, 0xFE,
    0x69, 0xFE, 0x69, 0xFE, 0x69, 0xFE, 0x69, 0xFE, 0x69, 0xFE, 0x69, 0xFE, 0x69, 0xFE, 0x69, 0xFE, 0x69, 0xFE, 0x69,
    0xFE, 0x69, 0xFE, 0x69, 0xFE, 0x69, 0xFE, 0x69, 0xFE, 0x69, 0xFE, 0x69, 0xFE, 0x69, 0xFE, 0x69, 0xFE, 0x69, 0xFE,
    0x69, 0xFE, 0x69, 0xFE, 0x69, 0xFE, 0x69, 0xFE, 0x69, 0xFE, 0x69, 0xFE, 0x69, 0xFE, 0x69, 0xFE, 0x69, 0xFE, 0x69,
    0xFE, 0x69, 0xFE, 0xC6, 0xC4, 0xC6, 0xC4, 0xC6, 0xC4, 0x20, 0x62, 0x20, 0x62, 0x20, 0x62, 0x20, 0x62, 0x20, 0x62,
    0x20, 0x62, 0x20, 0x62, 0x20, 0x62, 0x20, 0x62, 0x20, 0x62, 0x20, 0x62, 0x20, 0x62, 0x20, 0x62, 0x20, 0x62, 0x20,
    0x62, 0x20, 0x62, 0x20, 0x62, 0x20, 0x62, 0x20, 0x62, 0x20, 0x62, 0x20, 0x62, 0x20, 0x62, 0x20, 0x62, 0x20, 0x62,
    0x20, 0x62, 0x20, 0x62, 0x20, 0x62, 0x20, 0x62, 0x20, 0x62, 0x20, 0x62, 0x20, 0x62, 0x20, 0x62, 0x20, 0x62, 0x20,
    0x62, 0x20, 0x62, 0x20, 0x62, 0x20, 0x62, 0x20, 0x62, 0x20, 0x62, 0x20, 0x62, 0x20, 0x62, 0x20, 0x62, 0x20, 0x62,
    0x20, 0x62, 0x20, 0x62, 0x20, 0x62, 0x20, 0x62, 0x20, 0x62, 0x20, 0x62, 0x20, 0x62, 0x20, 0x62, 0x20, 0x62, 0x20,
    0x62, 0x20, 0x62, 0x20, 0x62, 0x20, 0x62, 0x20, 0x62, 0x20, 0x62, 0x20, 0x62, 0x20, 0x62, 0x20, 0x62, 0x20, 0x62,
    0x20, 0x62, 0x20, 0x62, 0x20, 0x62, 0x20, 0x62, 0x20, 0x62, 0x20, 0x62, 0x20, 0x62, 0x20, 0x62, 0x20, 0x62, 0x20,
    0x62, 0x20, 0x62, 0x20, 0x62, 0x20, 0x62, 0x20, 0x62, 0x20, 0x62, 0x20, 0x62, 0x20, 0x62, 0x20, 0x62, 0x20, 0x62,
    0x20, 0x62, 0x20, 0x62, 0x20, 0x62, 0x20, 0x62, 0x20, 0x62, 0x20, 0x62, 0x20, 0x62, 0x20, 0x62, 0x20, 0x62, 0x20,
    0x62, 0x20, 0x62, 0x20, 0x62, 0x20, 0x62, 0x20, 0x62, 0x20, 0x62, 0x20, 0x62, 0x20, 0x62, 0x20, 0x62, 0x20, 0x62,
    0x20, 0x62, 0x20, 0x62, 0x20, 0x62, 0x20, 0x62, 0x20, 0x62, 0x20, 0x62, 0x20, 0x62, 0x20, 0x62, 0x20, 0x62, 0x20,
    0x62, 0x20, 0x62, 0x20, 0x62, 0x20, 0x62, 0x20, 0x62, 0x20, 0x62, 0x20, 0x62, 0x20, 0x62, 0x20, 0x62, 0x20, 0x62,
    0x20, 0x62, 0xC6, 0xC4, 0xC6, 0xC4, 0xC6, 0xC4, 0x69, 0xFE, 0x69, 0xFE, 0x69, 0xFE, 0x69, 0xFE, 0x69, 0xFE, 0x69,
    0xFE, 0x69, 0xFE, 0x69, 0xFE, 0x69, 0xFE, 0x69, 0xFE, 0x69, 0xFE, 0x69, 0xFE, 0x69, 0xFE, 0x69, 0xFE, 0x69, 0xFE,
    0x69, 0xFE, 0x69, 0xFE, 0x69, 0xFE, 0x69, 0xFE, 0x69, 0xFE, 0x69, 0xFE, 0x69, 0xFE, 0x69, 0xFE, 0x69, 0xFE, 0x69,
    0xFE, 0x69, 0xFE, 0x69, 0xFE, 0x69, 0xFE, 0x69, 0xFE, 0x69, 0xFE, 0x69, 0xFE, 0x69, 0xFE, 0x69, 0xFE, 0x69, 0xFE,
    0x69, 0xFE, 0x69, 0xFE, 0x69, 0xFE, 0x69, 0xFE, 0x69, 0xFE, 0x69, 0xFE, 0x89, 0x43, 0x89, 0x43, 0x89, 0x43, 0x89,
    0x43, 0x89, 0x43, 0x89, 0x43, 0x89, 0x43, 0x89, 0x43, 0x89, 0x43, 0x89, 0x43, 0x89, 0x43, 0x89, 0x43, 0x89, 0x43,
    0x89, 0x43, 0x89, 0x43, 0x89, 0x43, 0x89, 0x43, 0x89, 0x43, 0x89, 0x43, 0x89, 0x43, 0x89, 0x43, 0x89, 0x43, 0x89,
    0x43, 0x89, 0x43, 0x89, 0x43, 0x89, 0x43, 0x89, 0x43, 0x89, 0x43, 0x89, 0x43, 0x89, 0x43, 0x89, 0x43, 0x89, 0x43,
    0x89, 0x43, 0x89, 0x43, 0x69, 0xFE, 0x69, 0xFE, 0x69, 0xFE, 0x69, 0xFE, 0x69, 0xFE, 0x69, 0xFE, 0x69, 0xFE, 0x69,
    0xFE, 0x69, 0xFE, 0x69, 0xFE, 0x69, 0xFE, 0x69, 0xFE, 0x69, 0xFE, 0x69, 0xFE, 0x69, 0xFE, 0x69, 0xFE, 0x69, 0xFE,
    0x69, 0xFE, 0x69, 0xFE, 0x69, 0xFE, 0x69, 0xFE, 0x69, 0xFE, 0x69, 0xFE, 0x69, 0xFE, 0x69, 0xFE, 0x69, 0xFE, 0x69,
    0xFE, 0x69, 0xFE, 0x69, 0xFE, 0x69, 0xFE, 0x69, 0xFE, 0x69, 0xFE, 0x69, 0xFE, 0x69, 0xFE, 0x69, 0xFE, 0x69, 0xFE,
    0x69, 0xFE, 0x69, 0xFE, 0x69, 0xFE, 0x69, 0xFE, 0xC6, 0xC4, 0xC6, 0xC4, 0xC6, 0xC4, 0x20, 0x62, 0x20, 0x62, 0x20,
    0x62, 0x20, 0x62, 0x20, 0x62, 0x20, 0x62, 0x20, 0x62, 0x20, 0x62, 0x20, 0x62, 0x20, 0x62, 0x20, 0x62, 0x20, 0x62,
    0x20, 0x62, 0x20, 0x62, 0x20, 0x62, 0x20, 0x62, 0x20, 0x62, 0x20, 0x62, 0x20, 0x62, 0x20, 0x62, 0x20, 0x62, 0x20,
    0x62, 0x20, 0x62, 0x20, 0x62, 0x20, 0x62, 0x20, 0x62, 0x20, 0x62, 0x20, 0x62, 0x20, 0x62, 0x20, 0x62, 0x20, 0x62,
    0x20, 0x62, 0x20, 0x62, 0x20, 0x62, 0x20, 0x62, 0x20, 0x62, 0x20, 0x62, 0x20, 0x62, 0x20, 0x62, 0x20, 0x62, 0x20,
    0x62, 0x20, 0x62, 0x20, 0x62, 0x20, 0x62, 0x20, 0x62, 0x20, 0x62, 0x20, 0x62, 0x20, 0x62, 0x20, 0x62, 0x20, 0x62,
    0x20, 0x62, 0x20, 0x62, 0x20, 0x62, 0x20, 0x62, 0x20, 0x62, 0x20, 0x62, 0x20, 0x62, 0x20, 0x62, 0x20, 0x62, 0x20,
    0x62, 0x20, 0x62, 0x20, 0x62, 0x20, 0x62, 0x20, 0x62, 0x20, 0x62, 0x20, 0x62, 0x20, 0x62, 0x20, 0x62, 0x20, 0x62,
    0x20, 0x62, 0x20, 0x62, 0x20, 0x62, 0x20, 0x62, 0x20, 0x62, 0x20, 0x62, 0x20, 0x62, 0x20, 0x62, 0x20, 0x62, 0x20,
    0x62, 0x20, 0x62, 0x20, 0x62, 0x20, 0x62, 0x20, 0x62, 0x20, 0x62, 0x20, 0x62, 0x20, 0x62, 0x20, 0x62, 0x20, 0x62,
    0x20, 0x62, 0x20, 0x62, 0x20, 0x62, 0x20, 0x62, 0x20, 0x62, 0x20, 0x62, 0x20, 0x62, 0x20, 0x62, 0x20, 0x62, 0x20,
    0x62, 0x20, 0x62, 0x20, 0x62, 0x20, 0x62, 0x20, 0x62, 0x20, 0x62, 0x20, 0x62, 0x20, 0x62, 0x20, 0x62, 0x20, 0x62,
    0x20, 0x62, 0x20, 0x62, 0x20, 0x62, 0x20, 0x62, 0x20, 0x62, 0x20, 0x62, 0x20, 0x62, 0x20, 0x62, 0x20, 0x62, 0x20,
    0x62, 0x20, 0x62, 0x20, 0x62, 0x20, 0x62, 0xC6, 0xC4, 0xC6, 0xC4, 0xC6, 0xC4, 0x69, 0xFE, 0x69, 0xFE, 0x69, 0xFE,
    0x69, 0xFE, 0x69, 0xFE, 0x69, 0xFE, 0x69, 0xFE, 0x69, 0xFE, 0x69, 0xFE, 0x69, 0xFE, 0x69, 0xFE, 0x69, 0xFE, 0x69,
    0xFE, 0x69, 0xFE, 0x69, 0xFE, 0x69, 0xFE, 0x69, 0xFE, 0x69, 0xFE, 0x69, 0xFE, 0x69, 0xFE, 0x69, 0xFE, 0x69, 0xFE,
    0x69, 0xFE, 0x69, 0xFE, 0x69, 0xFE, 0x69, 0xFE, 0x69, 0xFE, 0x69, 0xFE, 0x69, 0xFE, 0x69, 0xFE, 0x69, 0xFE, 0x69,
    0xFE, 0x69, 0xFE, 0x69, 0xFE, 0x69, 0xFE, 0x69, 0xFE, 0x69, 0xFE, 0x69, 0xFE, 0x69, 0xFE, 0x69, 0xFE, 0x89, 0x43,
    0x89, 0x43, 0x89, 0x43, 0x89, 0x43, 0x89, 0x43, 0x89, 0x43, 0x89, 0x43, 0x89, 0x43, 0x89, 0x43, 0x89, 0x43, 0x89,
    0x43, 0x89, 0x43, 0x89, 0x43, 0x89, 0x43, 0x89, 0x43, 0x89, 0x43, 0x89, 0x43, 0x89, 0x43, 0x89, 0x43, 0x89, 0x43,
    0x89, 0x43, 0x89, 0x43, 0x89, 0x43, 0x89, 0x43, 0x89, 0x43, 0x89, 0x43, 0x89, 0x43, 0x89, 0x43, 0x89, 0x43, 0x89,
    0x43, 0x89, 0x43, 0x89, 0x43, 0x89, 0x43, 0x89, 0x43, 0x69, 0xFE, 0x69, 0xFE, 0x69, 0xFE, 0x69, 0xFE, 0x69, 0xFE,
    0x69, 0xFE, 0x69, 0xFE, 0x69, 0xFE, 0x69, 0xFE, 0x69, 0xFE, 0x69, 0xFE, 0x69, 0xFE, 0x69, 0xFE, 0x69, 0xFE, 0x69,
    0xFE, 0x69, 0xFE, 0x69, 0xFE, 0x69, 0xFE, 0x69, 0xFE, 0x69, 0xFE, 0x69, 0xFE, 0x69, 0xFE, 0x69, 0xFE, 0x69, 0xFE,
    0x69, 0xFE, 0x69, 0xFE, 0x69, 0xFE, 0x69, 0xFE, 0x69, 0xFE, 0x69, 0xFE, 0x69, 0xFE, 0x69, 0xFE, 0x69, 0xFE, 0x69,
    0xFE, 0x69, 0xFE, 0x69, 0xFE, 0x69, 0xFE, 0x69, 0xFE, 0x69, 0xFE, 0x69, 0xFE, 0xC6, 0xC4, 0xC6, 0xC4, 0xC6, 0xC4,
    0x20, 0x62, 0x20, 0x62, 0x20, 0x62, 0x20, 0x62, 0x20, 0x62, 0x20, 0x62, 0x20, 0x62, 0x20, 0x62, 0x20, 0x62, 0x20,
    0x62, 0x20, 0x62, 0x20, 0x62, 0x20, 0x62, 0x20, 0x62, 0x20, 0x62, 0x20, 0x62, 0x20, 0x62, 0x20, 0x62, 0x20, 0x62,
    0x20, 0x62, 0x20, 0x62, 0x20, 0x62, 0x20, 0x62, 0x20, 0x62, 0x20, 0x62, 0x20, 0x62, 0x20, 0x62, 0x20, 0x62, 0x20,
    0x62, 0x20, 0x62, 0x20, 0x62, 0x20, 0x62, 0x20, 0x62, 0x20, 0x62, 0x20, 0x62, 0x20, 0x62, 0x20, 0x62, 0x20, 0x62,
    0x20, 0x62, 0x20, 0x62, 0x20, 0x62, 0x20, 0x62, 0x20, 0x62, 0x20, 0x62, 0x20, 0x62, 0x20, 0x62, 0x20, 0x62, 0x20,
    0x62, 0x20, 0x62, 0x20, 0x62, 0x20, 0x62, 0x20, 0x62, 0x20, 0x62, 0x20, 0x62, 0x20, 0x62, 0x20, 0x62, 0x20, 0x62,
    0x20, 0x62, 0x20, 0x62, 0x20, 0x62, 0x20, 0x62, 0x20, 0x62, 0x20, 0x62, 0x20, 0x62, 0x20, 0x62, 0x20, 0x62, 0x20,
    0x62, 0x20, 0x62, 0x20, 0x62, 0x20, 0x62, 0x20, 0x62, 0x20, 0x62, 0x20, 0x62, 0x20, 0x62, 0x20, 0x62, 0x20, 0x62,
    0x20, 0x62, 0x20, 0x62, 0x20, 0x62, 0x20, 0x62, 0x20, 0x62, 0x20, 0x62, 0x20, 0x62, 0x20, 0x62, 0x20, 0x62, 0x20,
    0x62, 0x20, 0x62, 0x20, 0x62, 0x20, 0x62, 0x20, 0x62, 0x20, 0x62, 0x20, 0x62, 0x20, 0x62, 0x20, 0x62, 0x20, 0x62,
    0x20, 0x62, 0x20, 0x62, 0x20, 0x62, 0x20, 0x62, 0x20, 0x62, 0x20, 0x62, 0x20, 0x62, 0x20, 0x62, 0x20, 0x62, 0x20,
    0x62, 0x20, 0x62, 0x20, 0x62, 0x20, 0x62, 0x20, 0x62, 0x20, 0x62, 0x20, 0x62, 0x20, 0x62, 0x20, 0x62, 0x20, 0x62,
    0x20, 0x62, 0x20, 0x62, 0x20, 0x62, 0x20, 0x62, 0x20, 0x62, 0x20, 0x62, 0xC6, 0xC4, 0xC6, 0xC4, 0xC6, 0xC4, 0x69,
    0xFE, 0x69, 0xFE, 0x69, 0xFE, 0x69, 0xFE, 0x69, 0xFE, 0x69, 0xFE, 0x69, 0xFE, 0x69, 0xFE, 0x69, 0xFE, 0x69, 0xFE,
    0x69, 0xFE, 0x69, 0xFE, 0x69, 0xFE, 0x69, 0xFE, 0x69, 0xFE, 0x69, 0xFE, 0x69, 0xFE, 0x69, 0xFE, 0x69, 0xFE, 0x69,
    0xFE, 0x69, 0xFE, 0x69, 0xFE, 0x69, 0xFE, 0x69, 0xFE, 0x69, 0xFE, 0x69, 0xFE, 0x69, 0xFE, 0x69, 0xFE, 0x69, 0xFE,
    0x69, 0xFE, 0x69, 0xFE, 0x69, 0xFE, 0x69, 0xFE, 0x69, 0xFE, 0x69, 0xFE, 0x69, 0xFE, 0x69, 0xFE, 0x69, 0xFE, 0x69,
    0xFE, 0x69, 0xFE, 0x89, 0x43, 0x89, 0x43, 0x89, 0x43, 0x89, 0x43, 0x89, 0x43, 0x89, 0x43, 0x89, 0x43, 0x89, 0x43,
    0x89, 0x43, 0x89, 0x43, 0x89, 0x43, 0x89, 0x43, 0x89, 0x43, 0x89, 0x43, 0x89, 0x43, 0x89, 0x43, 0x89, 0x43, 0x89,
    0x43, 0x89, 0x43, 0x89, 0x43, 0x89, 0x43, 0x89, 0x43, 0x89, 0x43, 0x89, 0x43, 0x89, 0x43, 0x89, 0x43, 0x89, 0x43,
    0x89, 0x43, 0x89, 0x43, 0x89, 0x43, 0x89, 0x43, 0x89, 0x43, 0x89, 0x43, 0x89, 0x43, 0x69, 0xFE, 0x69, 0xFE, 0x69,
    0xFE, 0x69, 0xFE, 0x69, 0xFE, 0x69, 0xFE, 0x69, 0xFE, 0x69, 0xFE, 0x69, 0xFE, 0x69, 0xFE, 0x69, 0xFE, 0x69, 0xFE,
    0x69, 0xFE, 0x69, 0xFE, 0x69, 0xFE, 0x69, 0xFE, 0x69, 0xFE, 0x69, 0xFE, 0x69, 0xFE, 0x69, 0xFE, 0x69, 0xFE, 0x69,
    0xFE, 0x69, 0xFE, 0x69, 0xFE, 0x69, 0xFE, 0x69, 0xFE, 0x69, 0xFE, 0x69, 0xFE, 0x69, 0xFE, 0x69, 0xFE, 0x69, 0xFE,
    0x69, 0xFE, 0x69, 0xFE, 0x69, 0xFE, 0x69, 0xFE, 0x69, 0xFE, 0x69, 0xFE, 0x69, 0xFE, 0x69, 0xFE, 0x69, 0xFE, 0xC6,
    0xC4, 0xC6, 0xC4, 0xC6, 0xC4, 0x20, 0x62, 0x20, 0x62, 0x20, 0x62, 0x20, 0x62, 0x20, 0x62, 0x20, 0x62, 0x20, 0x62,
    0x20, 0x62, 0x20, 0x62, 0x20, 0x62, 0x20, 0x62, 0x20, 0x62, 0x20, 0x62, 0x20, 0x62, 0x20, 0x62, 0x20, 0x62, 0x20,
    0x62, 0x20, 0x62, 0x20, 0x62, 0x20, 0x62, 0x20, 0x62, 0x20, 0x62, 0x20, 0x62, 0x20, 0x62, 0x20, 0x62, 0x20, 0x62,
    0x20, 0x62, 0x20, 0x62, 0x20, 0x62, 0x20, 0x62, 0x20, 0x62, 0x20, 0x62, 0x20, 0x62, 0x20, 0x62, 0x20, 0x62, 0x20,
    0x62, 0x20, 0x62, 0x20, 0x62, 0x20, 0x62, 0x20, 0x62, 0x20, 0x62, 0x20, 0x62, 0x20, 0x62, 0x20, 0x62, 0x20, 0x62,
    0x20, 0x62, 0x20, 0x62, 0x20, 0x62, 0x20, 0x62, 0x20, 0x62, 0x20, 0x62, 0x20, 0x62, 0x20, 0x62, 0x20, 0x62, 0x20,
    0x62, 0x20, 0x62, 0x20, 0x62, 0x20, 0x62, 0x20, 0x62, 0x20, 0x62, 0x20, 0x62, 0x20, 0x62, 0x20, 0x62, 0x20, 0x62,
    0x20, 0x62, 0x20, 0x62, 0x20, 0x62, 0x20, 0x62, 0x20, 0x62, 0x20, 0x62, 0x20, 0x62, 0x20, 0x62, 0x20, 0x62, 0x20,
    0x62, 0x20, 0x62, 0x20, 0x62, 0x20, 0x62, 0x20, 0x62, 0x20, 0x62, 0x20, 0x62, 0x20, 0x62, 0x20, 0x62, 0x20, 0x62,
    0x20, 0x62, 0x20, 0x62, 0x20, 0x62, 0x20, 0x62, 0x20, 0x62, 0x20, 0x62, 0x20, 0x62, 0x20, 0x62, 0x20, 0x62, 0x20,
    0x62, 0x20, 0x62, 0x20, 0x62, 0x20, 0x62, 0x20, 0x62, 0x20, 0x62, 0x20, 0x62, 0x20, 0x62, 0x20, 0x62, 0x20, 0x62,
    0x20, 0x62, 0x20, 0x62, 0x20, 0x62, 0x20, 0x62, 0x20, 0x62, 0x20, 0x62, 0x20, 0x62, 0x20, 0x62, 0x20, 0x62, 0x20,
    0x62, 0x20, 0x62, 0x20, 0x62, 0x20, 0x62, 0x20, 0x62, 0x20, 0x62, 0x20, 0x62, 0x20, 0x62, 0x20, 0x62, 0xC6, 0xC4,
    0xC6, 0xC4, 0xC6, 0xC4, 0x69, 0xFE, 0x69, 0xFE, 0x69, 0xFE, 0x69, 0xFE, 0x69, 0xFE, 0x69, 0xFE, 0x69, 0xFE, 0x69,
    0xFE, 0x69, 0xFE, 0x69, 0xFE, 0x69, 0xFE, 0x69, 0xFE, 0x69, 0xFE, 0x69, 0xFE, 0x69, 0xFE, 0x69, 0xFE, 0x69, 0xFE,
    0x69, 0xFE, 0x69, 0xFE, 0x69, 0xFE, 0x69, 0xFE, 0x69, 0xFE, 0x69, 0xFE, 0x69, 0xFE, 0x69, 0xFE, 0x69, 0xFE, 0x69,
    0xFE, 0x69, 0xFE, 0x69, 0xFE, 0x69, 0xFE, 0x69, 0xFE, 0x69, 0xFE, 0x69, 0xFE, 0x69, 0xFE, 0x69, 0xFE, 0x69, 0xFE,
    0x69, 0xFE, 0x69, 0xFE, 0x69, 0xFE, 0x69, 0xFE, 0x89, 0x43, 0x89, 0x43, 0x89, 0x43, 0x89, 0x43, 0x89, 0x43, 0x89,
    0x43, 0x89, 0x43, 0x89, 0x43, 0x89, 0x43, 0x89, 0x43, 0x89, 0x43, 0x89, 0x43, 0x89, 0x43, 0x89, 0x43, 0x89, 0x43,
    0x89, 0x43, 0x89, 0x43, 0x89, 0x43, 0x89, 0x43, 0x89, 0x43, 0x89, 0x43, 0x89, 0x43, 0x89, 0x43, 0x89, 0x43, 0x89,
    0x43, 0x89, 0x43, 0x89, 0x43, 0x89, 0x43, 0x89, 0x43, 0x89, 0x43, 0x89, 0x43, 0x89, 0x43, 0x89, 0x43, 0x89, 0x43,
    0x89, 0x43, 0x89, 0x43, 0x89, 0x43, 0x69, 0xFE, 0x69, 0xFE, 0x69, 0xFE, 0x69, 0xFE, 0x69, 0xFE, 0x69, 0xFE, 0x69,
    0xFE, 0x69, 0xFE, 0x69, 0xFE, 0x69, 0xFE, 0x69, 0xFE, 0x69, 0xFE, 0x69, 0xFE, 0x69, 0xFE, 0x69, 0xFE, 0x69, 0xFE,
    0x69, 0xFE, 0x69, 0xFE, 0x69, 0xFE, 0x69, 0xFE, 0x69, 0xFE, 0x69, 0xFE, 0x69, 0xFE, 0x69, 0xFE, 0x69, 0xFE, 0x69,
    0xFE, 0x69, 0xFE, 0x69, 0xFE, 0x69, 0xFE, 0x69, 0xFE, 0x69, 0xFE, 0x69, 0xFE, 0x69, 0xFE, 0x69, 0xFE, 0x69, 0xFE,
    0x69, 0xFE, 0x69, 0xFE, 0x69, 0xFE, 0x69, 0xFE, 0x69, 0xFE, 0xC3, 0x9B, 0xC3, 0x9B, 0xC3, 0x9B, 0x20, 0x62, 0x20,
    0x62, 0x20, 0x62, 0x20, 0x62, 0x20, 0x62, 0x20, 0x62, 0x20, 0x62, 0x20, 0x62, 0x20, 0x62, 0x20, 0x62, 0x20, 0x62,
    0x20, 0x62, 0x20, 0x62, 0x20, 0x62, 0x20, 0x62, 0x20, 0x62, 0x20, 0x62, 0x20, 0x62, 0x20, 0x62, 0x20, 0x62, 0x20,
    0x62, 0x20, 0x62, 0x20, 0x62, 0x20, 0x62, 0x20, 0x62, 0x20, 0x62, 0x20, 0x62, 0x20, 0x62, 0x20, 0x62, 0x20, 0x62,
    0x20, 0x62, 0x20, 0x62, 0x20, 0x62, 0x20, 0x62, 0x20, 0x62, 0x20, 0x62, 0x20, 0x62, 0x20, 0x62, 0x20, 0x62, 0x20,
    0x62, 0x20, 0x62, 0x20, 0x62, 0x20, 0x62, 0x20, 0x62, 0x20, 0x62, 0x20, 0x62, 0x20, 0x62, 0x20, 0x62, 0x20, 0x62,
    0x20, 0x62, 0x20, 0x62, 0x20, 0x62, 0x20, 0x62, 0x20, 0x62, 0x20, 0x62, 0x20, 0x62, 0x20, 0x62, 0x20, 0x62, 0x20,
    0x62, 0x20, 0x62, 0x20, 0x62, 0x20, 0x62, 0x20, 0x62, 0x20, 0x62, 0x20, 0x62, 0x20, 0x62, 0x20, 0x62, 0x20, 0x62,
    0x20, 0x62, 0x20, 0x62, 0x20, 0x62, 0x20, 0x62, 0x20, 0x62, 0x20, 0x62, 0x20, 0x62, 0x20, 0x62, 0x20, 0x62, 0x20,
    0x62, 0x20, 0x62, 0x20, 0x62, 0x20, 0x62, 0x20, 0x62, 0x20, 0x62, 0x20, 0x62, 0x20, 0x62, 0x20, 0x62, 0x20, 0x62,
    0x20, 0x62, 0x20, 0x62, 0x20, 0x62, 0x20, 0x62, 0x20, 0x62, 0x20, 0x62, 0x20, 0x62, 0x20, 0x62, 0x20, 0x62, 0x20,
    0x62, 0x20, 0x62, 0x20, 0x62, 0x20, 0x62, 0x20, 0x62, 0x20, 0x62, 0x20, 0x62, 0x20, 0x62, 0x20, 0x62, 0x20, 0x62,
    0x20, 0x62, 0x20, 0x62, 0x20, 0x62, 0x20, 0x62, 0x20, 0x62, 0x20, 0x62, 0x20, 0x62, 0x20, 0x62, 0xC3, 0x9B, 0xC3,
    0x9B, 0xC3, 0x9B, 0x69, 0xFE, 0x69, 0xFE, 0x69, 0xFE, 0x69, 0xFE, 0x69, 0xFE, 0x69, 0xFE, 0x69, 0xFE, 0x69, 0xFE,
    0x69, 0xFE, 0x69, 0xFE, 0x69, 0xFE, 0x69, 0xFE, 0x69, 0xFE, 0x69, 0xFE, 0x69, 0xFE, 0x69, 0xFE, 0x69, 0xFE, 0x69,
    0xFE, 0x69, 0xFE, 0x69, 0xFE, 0x69, 0xFE, 0x69, 0xFE, 0x69, 0xFE, 0x69, 0xFE, 0x69, 0xFE, 0x69, 0xFE, 0x69, 0xFE,
    0x69, 0xFE, 0x69, 0xFE, 0x69, 0xFE, 0x69, 0xFE, 0x69, 0xFE, 0x69, 0xFE, 0x69, 0xFE, 0x69, 0xFE, 0x69, 0xFE, 0x69,
    0xFE, 0x69, 0xFE, 0x69, 0xFE, 0x69, 0xFE, 0x89, 0x43, 0x89, 0x43, 0x89, 0x43, 0x89, 0x43, 0x89, 0x43, 0x89, 0x43,
    0x89, 0x43, 0x89, 0x43, 0x89, 0x43, 0x89, 0x43, 0x89, 0x43, 0x89, 0x43, 0x89, 0x43, 0x89, 0x43, 0x89, 0x43, 0x89,
    0x43, 0x89, 0x43, 0x89, 0x43, 0x89, 0x43, 0x89, 0x43, 0x89, 0x43, 0x89, 0x43, 0x89, 0x43, 0x89, 0x43, 0x89, 0x43,
    0x89, 0x43, 0x89, 0x43, 0x89, 0x43, 0x89, 0x43, 0x89, 0x43, 0x89, 0x43, 0x89, 0x43, 0x89, 0x43, 0x89, 0x43, 0x89,
    0x43, 0x89, 0x43, 0x89, 0x43, 0x89, 0x43, 0x89, 0x43, 0x89, 0x43, 0x69, 0xFE, 0x69, 0xFE, 0x69, 0xFE, 0x69, 0xFE,
    0x69, 0xFE, 0x69, 0xFE, 0x69, 0xFE, 0x69, 0xFE, 0x69, 0xFE, 0x69, 0xFE, 0x69, 0xFE, 0x69, 0xFE, 0x69, 0xFE, 0x69,
    0xFE, 0x69, 0xFE, 0x69, 0xFE, 0x69, 0xFE, 0x69, 0xFE, 0x69, 0xFE, 0x69, 0xFE, 0x69, 0xFE, 0x69, 0xFE, 0x69, 0xFE,
    0x69, 0xFE, 0x69, 0xFE, 0x69, 0xFE, 0x69, 0xFE, 0x69, 0xFE, 0x69, 0xFE, 0x69, 0xFE, 0x69, 0xFE, 0x69, 0xFE, 0x69,
    0xFE, 0x69, 0xFE, 0x69, 0xFE, 0x69, 0xFE, 0x69, 0xFE, 0x69, 0xFE, 0x69, 0xFE, 0x69, 0xFE, 0xC3, 0x9B, 0xC3, 0x9B,
    0xC3, 0x9B, 0x20, 0x62, 0x20, 0x62, 0x20, 0x62, 0x20, 0x62, 0x20, 0x62, 0x20, 0x62, 0x20, 0x62, 0x20, 0x62, 0x20,
    0x62, 0x20, 0x62, 0x20, 0x62, 0x20, 0x62, 0x20, 0x62, 0x20, 0x62, 0x20, 0x62, 0x20, 0x62, 0x20, 0x62, 0x20, 0x62,
    0x20, 0x62, 0x20, 0x62, 0x20, 0x62, 0x20, 0x62, 0x20, 0x62, 0x20, 0x62, 0x20, 0x62, 0x20, 0x62, 0x20, 0x62, 0x20,
    0x62, 0x20, 0x62, 0x20, 0x62, 0x20, 0x62, 0x20, 0x62, 0x20, 0x62, 0x20, 0x62, 0x20, 0x62, 0x20, 0x62, 0x20, 0x62,
    0x20, 0x62, 0x20, 0x62, 0x20, 0x62, 0x20, 0x62, 0x20, 0x62, 0x20, 0x62, 0x20, 0x62, 0x20, 0x62, 0x20, 0x62, 0x20,
    0x62, 0x20, 0x62, 0x20, 0x62, 0x20, 0x62, 0x20, 0x62, 0x20, 0x62, 0x20, 0x62, 0x20, 0x62, 0x20, 0x62, 0x20, 0x62,
    0x20, 0x62, 0x20, 0x62, 0x20, 0x62, 0x20, 0x62, 0x20, 0x62, 0x20, 0x62, 0x20, 0x62, 0x20, 0x62, 0x20, 0x62, 0x20,
    0x62, 0x20, 0x62, 0x20, 0x62, 0x20, 0x62, 0x20, 0x62, 0x20, 0x62, 0x20, 0x62, 0x20, 0x62, 0x20, 0x62, 0x20, 0x62,
    0x20, 0x62, 0x20, 0x62, 0x20, 0x62, 0x20, 0x62, 0x20, 0x62, 0x20, 0x62, 0x20, 0x62, 0x20, 0x62, 0x20, 0x62, 0x20,
    0x62, 0x20, 0x62, 0x20, 0x62, 0x20, 0x62, 0x20, 0x62, 0x20, 0x62, 0x20, 0x62, 0x20, 0x62, 0x20, 0x62, 0x20, 0x62,
    0x20, 0x62, 0x20, 0x62, 0x20, 0x62, 0x20, 0x62, 0x20, 0x62, 0x20, 0x62, 0x20, 0x62, 0x20, 0x62, 0x20, 0x62, 0x20,
    0x62, 0x20, 0x62, 0x20, 0x62, 0x20, 0x62, 0x20, 0x62, 0x20, 0x62, 0x20, 0x62, 0x20, 0x62, 0x20, 0x62, 0x20, 0x62,
    0x20, 0x62, 0xC3, 0x9B, 0xC3, 0x9B, 0xC3, 0x9B, 0x69, 0xFE, 0x69, 0xFE, 0x69, 0xFE, 0x69, 0xFE, 0x69, 0xFE, 0x69,
    0xFE, 0x69, 0xFE, 0x69, 0xFE, 0x69, 0xFE, 0x69, 0xFE, 0x69, 0xFE, 0x69, 0xFE, 0x69, 0xFE, 0x69, 0xFE, 0x69, 0xFE,
    0x69, 0xFE, 0x69, 0xFE, 0x69, 0xFE, 0x69, 0xFE, 0x69, 0xFE, 0x69, 0xFE, 0x69, 0xFE, 0x69, 0xFE, 0x69, 0xFE, 0x69,
    0xFE, 0x69, 0xFE, 0x69, 0xFE, 0x69, 0xFE, 0x69, 0xFE, 0x69, 0xFE, 0x69, 0xFE, 0x69, 0xFE, 0x69, 0xFE, 0x69, 0xFE,
    0x69, 0xFE, 0x69, 0xFE, 0x69, 0xFE, 0x69, 0xFE, 0x69, 0xFE, 0x69, 0xFE, 0x89, 0x43, 0x89, 0x43, 0x89, 0x43, 0x89,
    0x43, 0x89, 0x43, 0x89, 0x43, 0x89, 0x43, 0x89, 0x43, 0x89, 0x43, 0x89, 0x43, 0x89, 0x43, 0x89, 0x43, 0x89, 0x43,
    0x89, 0x43, 0x89, 0x43, 0x89, 0x43, 0x89, 0x43, 0x89, 0x43, 0x89, 0x43, 0x89, 0x43, 0x89, 0x43, 0x89, 0x43, 0x89,
    0x43, 0x89, 0x43, 0x89, 0x43, 0x89, 0x43, 0x89, 0x43, 0x89, 0x43, 0x89, 0x43, 0x89, 0x43, 0x89, 0x43, 0x89, 0x43,
    0x89, 0x43, 0x89, 0x43, 0x89, 0x43, 0x89, 0x43, 0x89, 0x43, 0x89, 0x43, 0x89, 0x43, 0x89, 0x43, 0x69, 0xFE, 0x69,
    0xFE, 0x69, 0xFE, 0x69, 0xFE, 0x69, 0xFE, 0x69, 0xFE, 0x69, 0xFE, 0x69, 0xFE, 0x69, 0xFE, 0x69, 0xFE, 0x69, 0xFE,
    0x69, 0xFE, 0x69, 0xFE, 0x69, 0xFE, 0x69, 0xFE, 0x69, 0xFE, 0x69, 0xFE, 0x69, 0xFE, 0x69, 0xFE, 0x69, 0xFE, 0x69,
    0xFE, 0x69, 0xFE, 0x69, 0xFE, 0x69, 0xFE, 0x69, 0xFE, 0x69, 0xFE, 0x69, 0xFE, 0x69, 0xFE, 0x69, 0xFE, 0x69, 0xFE,
    0x69, 0xFE, 0x69, 0xFE, 0x69, 0xFE, 0x69, 0xFE, 0x69, 0xFE, 0x69, 0xFE, 0x69, 0xFE, 0x69, 0xFE, 0x69, 0xFE, 0x69,
    0xFE, 0xC3, 0x9B, 0xC3, 0x9B, 0xC3, 0x9B, 0x20, 0x62, 0x20, 0x62, 0x20, 0x62, 0x20, 0x62, 0x20, 0x62, 0x20, 0x62,
    0x20, 0x62, 0x20, 0x62, 0x20, 0x62, 0x20, 0x62, 0x20, 0x62, 0x20, 0x62, 0x20, 0x62, 0x20, 0x62, 0x20, 0x62, 0x20,
    0x62, 0x20, 0x62, 0x20, 0x62, 0x20, 0x62, 0x20, 0x62, 0x20, 0x62, 0x20, 0x62, 0x20, 0x62, 0x20, 0x62, 0x20, 0x62,
    0x20, 0x62, 0x20, 0x62, 0x20, 0x62, 0x20, 0x62, 0x20, 0x62, 0x20, 0x62, 0x20, 0x62, 0x20, 0x62, 0x20, 0x62, 0x20,
    0x62, 0x20, 0x62, 0x20, 0x62, 0x20, 0x62, 0x20, 0x62, 0x20, 0x62, 0x20, 0x62, 0x20, 0x62, 0x20, 0x62, 0x20, 0x62,
    0x20, 0x62, 0x20, 0x62, 0x20, 0x62, 0x20, 0x62, 0x20, 0x62, 0x20, 0x62, 0x20, 0x62, 0x20, 0x62, 0x20, 0x62, 0x20,
    0x62, 0x20, 0x62, 0x20, 0x62, 0x20, 0x62, 0x20, 0x62, 0x20, 0x62, 0x20, 0x62, 0x20, 0x62, 0x20, 0x62, 0x20, 0x62,
    0x20, 0x62, 0x20, 0x62, 0x20, 0x62, 0x20, 0x62, 0x20, 0x62, 0x20, 0x62, 0x20, 0x62, 0x20, 0x62, 0x20, 0x62, 0x20,
    0x62, 0x20, 0x62, 0x20, 0x62, 0x20, 0x62, 0x20, 0x62, 0x20, 0x62, 0x20, 0x62, 0x20, 0x62, 0x20, 0x62, 0x20, 0x62,
    0x20, 0x62, 0x20, 0x62, 0x20, 0x62, 0x20, 0x62, 0x20, 0x62, 0x20, 0x62, 0x20, 0x62, 0x20, 0x62, 0x20, 0x62, 0x20,
    0x62, 0x20, 0x62, 0x20, 0x62, 0x20, 0x62, 0x20, 0x62, 0x20, 0x62, 0x20, 0x62, 0x20, 0x62, 0x20, 0x62, 0x20, 0x62,
    0x20, 0x62, 0x20, 0x62, 0x20, 0x62, 0x20, 0x62, 0x20, 0x62, 0x20, 0x62, 0x20, 0x62, 0x20, 0x62, 0x20, 0x62, 0x20,
    0x62, 0x20, 0x62, 0x20, 0x62, 0x20, 0x62, 0xC3, 0x9B, 0xC3, 0x9B, 0xC3, 0x9B, 0x69, 0xFE, 0x69, 0xFE, 0x69, 0xFE,
    0x69, 0xFE, 0x69, 0xFE, 0x69, 0xFE, 0x69, 0xFE, 0x69, 0xFE, 0x69, 0xFE, 0x69, 0xFE, 0x69, 0xFE, 0x69, 0xFE, 0x69,
    0xFE, 0x69, 0xFE, 0x69, 0xFE, 0x69, 0xFE, 0x69, 0xFE, 0x69, 0xFE, 0x69, 0xFE, 0x69, 0xFE, 0x69, 0xFE, 0x69, 0xFE,
    0x69, 0xFE, 0x69, 0xFE, 0x69, 0xFE, 0x69, 0xFE, 0x69, 0xFE, 0x69, 0xFE, 0x69, 0xFE, 0x69, 0xFE, 0x69, 0xFE, 0x69,
    0xFE, 0x69, 0xFE, 0x69, 0xFE, 0x69, 0xFE, 0x69, 0xFE, 0x69, 0xFE, 0x69, 0xFE, 0x69, 0xFE, 0x69, 0xFE, 0x89, 0x43,
    0x89, 0x43, 0x89, 0x43, 0x89, 0x43, 0x89, 0x43, 0x89, 0x43, 0x89, 0x43, 0x89, 0x43, 0x89, 0x43, 0x89, 0x43, 0x89,
    0x43, 0x89, 0x43, 0x89, 0x43, 0x89, 0x43, 0x89, 0x43, 0x89, 0x43, 0x89, 0x43, 0x89, 0x43, 0x89, 0x43, 0x89, 0x43,
    0x89, 0x43, 0x89, 0x43, 0x89, 0x43, 0x89, 0x43, 0x89, 0x43, 0x89, 0x43, 0x89, 0x43, 0x89, 0x43, 0x89, 0x43, 0x89,
    0x43, 0x89, 0x43, 0x89, 0x43, 0x89, 0x43, 0x89, 0x43, 0x89, 0x43, 0x89, 0x43, 0x89, 0x43, 0x89, 0x43, 0x89, 0x43,
    0x89, 0x43, 0x69, 0xFE, 0x69, 0xFE, 0x69, 0xFE, 0x69, 0xFE, 0x69, 0xFE, 0x69, 0xFE, 0x69, 0xFE, 0x69, 0xFE, 0x69,
    0xFE, 0x69, 0xFE, 0x69, 0xFE, 0x69, 0xFE, 0x69, 0xFE, 0x69, 0xFE, 0x69, 0xFE, 0x69, 0xFE, 0x69, 0xFE, 0x69, 0xFE,
    0x69, 0xFE, 0x69, 0xFE, 0x69, 0xFE, 0x69, 0xFE, 0x69, 0xFE, 0x69, 0xFE, 0x69, 0xFE, 0x69, 0xFE, 0x69, 0xFE, 0x69,
    0xFE, 0x69, 0xFE, 0x69, 0xFE, 0x69, 0xFE, 0x69, 0xFE, 0x69, 0xFE, 0x69, 0xFE, 0x69, 0xFE, 0x69, 0xFE, 0x69, 0xFE,
    0x69, 0xFE, 0x69, 0xFE, 0x69, 0xFE, 0x69, 0xFE, 0x69, 0xFE, 0x69, 0xFE, 0xC3, 0x9B, 0xC3, 0x9B, 0xC3, 0x9B, 0xC3,
    0x9B, 0x20, 0x62, 0x20, 0x62, 0x20, 0x62, 0x20, 0x62, 0x20, 0x62, 0x20, 0x62, 0x20, 0x62, 0x20, 0x62, 0x20, 0x62,
    0x20, 0x62, 0x20, 0x62, 0x20, 0x62, 0x20, 0x62, 0x20, 0x62, 0x20, 0x62, 0x20, 0x62, 0x20, 0x62, 0x20, 0x62, 0x20,
    0x62, 0x20, 0x62, 0x20, 0x62, 0x20, 0x62, 0x20, 0x62, 0x20, 0x62, 0x20, 0x62, 0x20, 0x62, 0x20, 0x62, 0x20, 0x62,
    0x20, 0x62, 0x20, 0x62, 0x20, 0x62, 0x20, 0x62, 0x20, 0x62, 0x20, 0x62, 0x20, 0x62, 0x20, 0x62, 0x20, 0x62, 0x20,
    0x62, 0x20, 0x62, 0x20, 0x62, 0x20, 0x62, 0x20, 0x62, 0x20, 0x62, 0x20, 0x62, 0x20, 0x62, 0x20, 0x62, 0x20, 0x62,
    0x20, 0x62, 0x20, 0x62, 0x20, 0x62, 0x20, 0x62, 0x20, 0x62, 0x20, 0x62, 0x20, 0x62, 0x20, 0x62, 0x20, 0x62, 0x20,
    0x62, 0x20, 0x62, 0x20, 0x62, 0x20, 0x62, 0x20, 0x62, 0x20, 0x62, 0x20, 0x62, 0x20, 0x62, 0x20, 0x62, 0x20, 0x62,
    0x20, 0x62, 0x20, 0x62, 0x20, 0x62, 0x20, 0x62, 0x20, 0x62, 0x20, 0x62, 0x20, 0x62, 0x20, 0x62, 0x20, 0x62, 0x20,
    0x62, 0x20, 0x62, 0x20, 0x62, 0x20, 0x62, 0x20, 0x62, 0x20, 0x62, 0x20, 0x62, 0x20, 0x62, 0x20, 0x62, 0x20, 0x62,
    0x20, 0x62, 0x20, 0x62, 0x20, 0x62, 0x20, 0x62, 0x20, 0x62, 0x20, 0x62, 0x20, 0x62, 0x20, 0x62, 0x20, 0x62, 0x20,
    0x62, 0x20, 0x62, 0x20, 0x62, 0x20, 0x62, 0x20, 0x62, 0x20, 0x62, 0x20, 0x62, 0x20, 0x62, 0x20, 0x62, 0x20, 0x62,
    0x20, 0x62, 0x20, 0x62, 0xC3, 0x9B, 0xC3, 0x9B, 0xC3, 0x9B, 0xC3, 0x9B, 0x69, 0xFE, 0x69, 0xFE, 0x69, 0xFE, 0x69,
    0xFE, 0x69, 0xFE, 0x69, 0xFE, 0x69, 0xFE, 0x69, 0xFE, 0x69, 0xFE, 0x69, 0xFE, 0x69, 0xFE, 0x69, 0xFE, 0x69, 0xFE,
    0x69, 0xFE, 0x69, 0xFE, 0x69, 0xFE, 0x69, 0xFE, 0x69, 0xFE, 0x69, 0xFE, 0x69, 0xFE, 0x69, 0xFE, 0x69, 0xFE, 0x69,
    0xFE, 0x69, 0xFE, 0x69, 0xFE, 0x69, 0xFE, 0x69, 0xFE, 0x69, 0xFE, 0x69, 0xFE, 0x69, 0xFE, 0x69, 0xFE, 0x69, 0xFE,
    0x69, 0xFE, 0x69, 0xFE, 0x69, 0xFE, 0x69, 0xFE, 0x69, 0xFE, 0x69, 0xFE, 0x69, 0xFE, 0x69, 0xFE, 0x69, 0xFE, 0x69,
    0xFE, 0x69, 0xFE, 0x89, 0x43, 0x89, 0x43, 0x89, 0x43, 0x89, 0x43, 0x89, 0x43, 0x89, 0x43, 0x89, 0x43, 0x89, 0x43,
    0x89, 0x43, 0x89, 0x43, 0x89, 0x43, 0x89, 0x43, 0x89, 0x43, 0x89, 0x43, 0x89, 0x43, 0x89, 0x43, 0x89, 0x43, 0x89,
    0x43, 0x89, 0x43, 0x89, 0x43, 0x89, 0x43, 0x89, 0x43, 0x89, 0x43, 0x89, 0x43, 0x89, 0x43, 0x89, 0x43, 0x89, 0x43,
    0x89, 0x43, 0x89, 0x43, 0x89, 0x43, 0x89, 0x43, 0x89, 0x43, 0x89, 0x43, 0x89, 0x43, 0x89, 0x43, 0x89, 0x43, 0x89,
    0x43, 0x89, 0x43, 0x89, 0x43, 0x89, 0x43, 0x69, 0xFE, 0x69, 0xFE, 0x69, 0xFE, 0x69, 0xFE, 0x69, 0xFE, 0x69, 0xFE,
    0x69, 0xFE, 0x69, 0xFE, 0x69, 0xFE, 0x69, 0xFE, 0x69, 0xFE, 0x69, 0xFE, 0x69, 0xFE, 0x69, 0xFE, 0x69, 0xFE, 0x69,
    0xFE, 0x69, 0xFE, 0x69, 0xFE, 0x69, 0xFE, 0x69, 0xFE, 0x69, 0xFE, 0x69, 0xFE, 0x69, 0xFE, 0x69, 0xFE, 0x69, 0xFE,
    0x69, 0xFE, 0x69, 0xFE, 0x69, 0xFE, 0x69, 0xFE, 0x69, 0xFE, 0x69, 0xFE, 0x69, 0xFE, 0x69, 0xFE, 0x69, 0xFE, 0x69,
    0xFE, 0x69, 0xFE, 0x69, 0xFE, 0x69, 0xFE, 0x69, 0xFE, 0x69, 0xFE, 0x69, 0xFE, 0x69, 0xFE, 0x69, 0xFE, 0xC3, 0x9B,
    0xC3, 0x9B, 0xC3, 0x9B, 0xC3, 0x9B, 0x20, 0x62, 0x20, 0x62, 0x20, 0x62, 0x20, 0x62, 0x20, 0x62, 0x20, 0x62, 0x20,
    0x62, 0x20, 0x62, 0x20, 0x62, 0x20, 0x62, 0x20, 0x62, 0x20, 0x62, 0x20, 0x62, 0x20, 0x62, 0x20, 0x62, 0x20, 0x62,
    0x20, 0x62, 0x20, 0x62, 0x20, 0x62, 0x20, 0x62, 0x20, 0x62, 0x20, 0x62, 0x20, 0x62, 0x20, 0x62, 0x20, 0x62, 0x20,
    0x62, 0x20, 0x62, 0x20, 0x62, 0x20, 0x62, 0x20, 0x62, 0x20, 0x62, 0x20, 0x62, 0x20, 0x62, 0x20, 0x62, 0x20, 0x62,
    0x20, 0x62, 0x20, 0x62, 0x20, 0x62, 0x20, 0x62, 0x20, 0x62, 0x20, 0x62, 0x20, 0x62, 0x20, 0x62, 0x20, 0x62, 0x20,
    0x62, 0x20, 0x62, 0x20, 0x62, 0x20, 0x62, 0x20, 0x62, 0x20, 0x62, 0x20, 0x62, 0x20, 0x62, 0x20, 0x62, 0x20, 0x62,
    0x20, 0x62, 0x20, 0x62, 0x20, 0x62, 0x20, 0x62, 0x20, 0x62, 0x20, 0x62, 0x20, 0x62, 0x20, 0x62, 0x20, 0x62, 0x20,
    0x62, 0x20, 0x62, 0x20, 0x62, 0x20, 0x62, 0x20, 0x62, 0x20, 0x62, 0x20, 0x62, 0x20, 0x62, 0x20, 0x62, 0x20, 0x62,
    0x20, 0x62, 0x20, 0x62, 0x20, 0x62, 0x20, 0x62, 0x20, 0x62, 0x20, 0x62, 0x20, 0x62, 0x20, 0x62, 0x20, 0x62, 0x20,
    0x62, 0x20, 0x62, 0x20, 0x62, 0x20, 0x62, 0x20, 0x62, 0x20, 0x62, 0x20, 0x62, 0x20, 0x62, 0x20, 0x62, 0x20, 0x62,
    0x20, 0x62, 0x20, 0x62, 0x20, 0x62, 0x20, 0x62, 0x20, 0x62, 0x20, 0x62, 0x20, 0x62, 0x20, 0x62, 0x20, 0x62, 0x20,
    0x62, 0x20, 0x62, 0x20, 0x62, 0x20, 0x62, 0x20, 0x62, 0xC3, 0x9B, 0xC3, 0x9B, 0xC3, 0x9B, 0xC3, 0x9B, 0x69, 0xFE,
    0x69, 0xFE, 0x69, 0xFE, 0x69, 0xFE, 0x69, 0xFE, 0x69, 0xFE, 0x69, 0xFE, 0x69, 0xFE, 0x69, 0xFE, 0x69, 0xFE, 0x69,
    0xFE, 0x69, 0xFE, 0x69, 0xFE, 0x69, 0xFE, 0x69, 0xFE, 0x69, 0xFE, 0x69, 0xFE, 0x69, 0xFE, 0x69, 0xFE, 0x69, 0xFE,
    0x69, 0xFE, 0x69, 0xFE, 0x69, 0xFE, 0x69, 0xFE, 0x69, 0xFE, 0x69, 0xFE, 0x69, 0xFE, 0x69, 0xFE, 0x69, 0xFE, 0x69,
    0xFE, 0x69, 0xFE, 0x69, 0xFE, 0x69, 0xFE, 0x69, 0xFE, 0x69, 0xFE, 0x69, 0xFE, 0x69, 0xFE, 0x69, 0xFE, 0x69, 0xFE,
    0x69, 0xFE, 0x69, 0xFE, 0x69, 0xFE, 0x69, 0xFE, 0x89, 0x43, 0x89, 0x43, 0x89, 0x43, 0x89, 0x43, 0x89, 0x43, 0x89,
    0x43, 0x89, 0x43, 0x89, 0x43, 0x89, 0x43, 0x89, 0x43, 0x89, 0x43, 0x89, 0x43, 0x89, 0x43, 0x89, 0x43, 0x89, 0x43,
    0x89, 0x43, 0x89, 0x43, 0x89, 0x43, 0x89, 0x43, 0x89, 0x43, 0x89, 0x43, 0x89, 0x43, 0x89, 0x43, 0x89, 0x43, 0x89,
    0x43, 0x89, 0x43, 0x89, 0x43, 0x89, 0x43, 0x89, 0x43, 0x89, 0x43, 0x89, 0x43, 0x89, 0x43, 0x89, 0x43, 0x89, 0x43,
    0x89, 0x43, 0x89, 0x43, 0x89, 0x43, 0x89, 0x43, 0x89, 0x43, 0x89, 0x43, 0x69, 0xFE, 0x69, 0xFE, 0x69, 0xFE, 0x69,
    0xFE, 0x69, 0xFE, 0x69, 0xFE, 0x69, 0xFE, 0x69, 0xFE, 0x69, 0xFE, 0x69, 0xFE, 0x69, 0xFE, 0x69, 0xFE, 0x69, 0xFE,
    0x69, 0xFE, 0x69, 0xFE, 0x69, 0xFE, 0x69, 0xFE, 0x69, 0xFE, 0x69, 0xFE, 0x69, 0xFE, 0x69, 0xFE, 0x69, 0xFE, 0x69,
    0xFE, 0x69, 0xFE, 0x69, 0xFE, 0x69, 0xFE, 0x69, 0xFE, 0x69, 0xFE, 0x69, 0xFE, 0x69, 0xFE, 0x69, 0xFE, 0x69, 0xFE,
    0x69, 0xFE, 0x69, 0xFE, 0x69, 0xFE, 0x69, 0xFE, 0x69, 0xFE, 0x69, 0xFE, 0x69, 0xFE, 0x69, 0xFE, 0x69, 0xFE, 0x69,
    0xFE, 0x69, 0xFE, 0xC3, 0x9B, 0xC3, 0x9B, 0xC3, 0x9B, 0xC3, 0x9B, 0x20, 0x62, 0x20, 0x62, 0x20, 0x62, 0x20, 0x62,
    0x20, 0x62, 0x20, 0x62, 0x20, 0x62, 0x20, 0x62, 0x20, 0x62, 0x20, 0x62, 0x20, 0x62, 0x20, 0x62, 0x20, 0x62, 0x20,
    0x62, 0x20, 0x62, 0x20, 0x62, 0x20, 0x62, 0x20, 0x62, 0x20, 0x62, 0x20, 0x62, 0x20, 0x62, 0x20, 0x62, 0x20, 0x62,
    0x20, 0x62, 0x20, 0x62, 0x20, 0x62, 0x20, 0x62, 0x20, 0x62, 0x20, 0x62, 0x20, 0x62, 0x20, 0x62, 0x20, 0x62, 0x20,
    0x62, 0x20, 0x62, 0x20, 0x62, 0x20, 0x62, 0x20, 0x62, 0x20, 0x62, 0x20, 0x62, 0x20, 0x62, 0x20, 0x62, 0x20, 0x62,
    0x20, 0x62, 0x20, 0x62, 0x20, 0x62, 0x20, 0x62, 0x20, 0x62, 0x20, 0x62, 0x20, 0x62, 0x20, 0x62, 0x20, 0x62, 0x20,
    0x62, 0x20, 0x62, 0x20, 0x62, 0x20, 0x62, 0x20, 0x62, 0x20, 0x62, 0x20, 0x62, 0x20, 0x62, 0x20, 0x62, 0x20, 0x62,
    0x20, 0x62, 0x20, 0x62, 0x20, 0x62, 0x20, 0x62, 0x20, 0x62, 0x20, 0x62, 0x20, 0x62, 0x20, 0x62, 0x20, 0x62, 0x20,
    0x62, 0x20, 0x62, 0x20, 0x62, 0x20, 0x62, 0x20, 0x62, 0x20, 0x62, 0x20, 0x62, 0x20, 0x62, 0x20, 0x62, 0x20, 0x62,
    0x20, 0x62, 0x20, 0x62, 0x20, 0x62, 0x20, 0x62, 0x20, 0x62, 0x20, 0x62, 0x20, 0x62, 0x20, 0x62, 0x20, 0x62, 0x20,
    0x62, 0x20, 0x62, 0x20, 0x62, 0x20, 0x62, 0x20, 0x62, 0x20, 0x62, 0x20, 0x62, 0x20, 0x62, 0x20, 0x62, 0x20, 0x62,
    0x20, 0x62, 0x20, 0x62, 0x20, 0x62, 0x20, 0x62, 0x20, 0x62, 0x20, 0x62, 0x20, 0x62, 0xC3, 0x9B, 0xC3, 0x9B, 0xC3,
    0x9B, 0xC3, 0x9B, 0x69, 0xFE, 0x69, 0xFE, 0x69, 0xFE, 0x69, 0xFE, 0x69, 0xFE, 0x69, 0xFE, 0x69, 0xFE, 0x69, 0xFE,
    0x69, 0xFE, 0x69, 0xFE, 0x69, 0xFE, 0x69, 0xFE, 0x69, 0xFE, 0x69, 0xFE, 0x69, 0xFE, 0x69, 0xFE, 0x69, 0xFE, 0x69,
    0xFE, 0x69, 0xFE, 0x69, 0xFE, 0x69, 0xFE, 0x69, 0xFE, 0x69, 0xFE, 0x69, 0xFE, 0x69, 0xFE, 0x69, 0xFE, 0x69, 0xFE,
    0x69, 0xFE, 0x69, 0xFE, 0x69, 0xFE, 0x69, 0xFE, 0x69, 0xFE, 0x69, 0xFE, 0x69, 0xFE, 0x69, 0xFE, 0x69, 0xFE, 0x69,
    0xFE, 0x69, 0xFE, 0x69, 0xFE, 0x69, 0xFE, 0x69, 0xFE, 0x69, 0xFE, 0x69, 0xFE, 0x89, 0x43, 0x89, 0x43, 0x89, 0x43,
    0x89, 0x43, 0x89, 0x43, 0x89, 0x43, 0x89, 0x43, 0x89, 0x43, 0x89, 0x43, 0x89, 0x43, 0x89, 0x43, 0x89, 0x43, 0x89,
    0x43, 0x89, 0x43, 0x89, 0x43, 0x89, 0x43, 0x89, 0x43, 0x89, 0x43, 0x89, 0x43, 0x89, 0x43, 0x89, 0x43, 0x89, 0x43,
    0x89, 0x43, 0x89, 0x43, 0x89, 0x43, 0x89, 0x43, 0x89, 0x43, 0x89, 0x43, 0x89, 0x43, 0x89, 0x43, 0x89, 0x43, 0x89,
    0x43, 0x89, 0x43, 0x89, 0x43, 0x89, 0x43, 0x89, 0x43, 0x89, 0x43, 0x89, 0x43, 0x89, 0x43, 0x89, 0x43, 0x89, 0x43,
    0x89, 0x43, 0x89, 0x43, 0x69, 0xFE, 0x69, 0xFE, 0x69, 0xFE, 0x69, 0xFE, 0x69, 0xFE, 0x69, 0xFE, 0x69, 0xFE, 0x69,
    0xFE, 0x69, 0xFE, 0x69, 0xFE, 0x69, 0xFE, 0x69, 0xFE, 0x69, 0xFE, 0x69, 0xFE, 0x69, 0xFE, 0x69, 0xFE, 0x69, 0xFE,
    0x69, 0xFE, 0x69, 0xFE, 0x69, 0xFE, 0x69, 0xFE, 0x69, 0xFE, 0x69, 0xFE, 0x69, 0xFE, 0x69, 0xFE, 0x69, 0xFE, 0x69,
    0xFE, 0x69, 0xFE, 0x69, 0xFE, 0x69, 0xFE, 0x69, 0xFE, 0x69, 0xFE, 0x69, 0xFE, 0x69, 0xFE, 0x69, 0xFE, 0x69, 0xFE,
    0x69, 0xFE, 0x69, 0xFE, 0x69, 0xFE, 0x69, 0xFE, 0x69, 0xFE, 0x69, 0xFE, 0x69, 0xFE, 0x69, 0xFE, 0x44, 0xB4, 0x44,
    0xB4, 0x44, 0xB4, 0x20, 0x62, 0x20, 0x62, 0x20, 0x62, 0x20, 0x62, 0x20, 0x62, 0x20, 0x62, 0x20, 0x62, 0x20, 0x62,
    0x20, 0x62, 0x20, 0x62, 0x20, 0x62, 0x20, 0x62, 0x20, 0x62, 0x20, 0x62, 0x20, 0x62, 0x20, 0x62, 0x20, 0x62, 0x20,
    0x62, 0x20, 0x62, 0x20, 0x62, 0x20, 0x62, 0x20, 0x62, 0x20, 0x62, 0x20, 0x62, 0x20, 0x62, 0x20, 0x62, 0x20, 0x62,
    0x20, 0x62, 0x20, 0x62, 0x20, 0x62, 0x20, 0x62, 0x20, 0x62, 0x20, 0x62, 0x20, 0x62, 0x20, 0x62, 0x20, 0x62, 0x20,
    0x62, 0x20, 0x62, 0x20, 0x62, 0x20, 0x62, 0x20, 0x62, 0x20, 0x62, 0x20, 0x62, 0x20, 0x62, 0x20, 0x62, 0x20, 0x62,
    0x20, 0x62, 0x20, 0x62, 0x20, 0x62, 0x20, 0x62, 0x20, 0x62, 0x20, 0x62, 0x20, 0x62, 0x20, 0x62, 0x20, 0x62, 0x20,
    0x62, 0x20, 0x62, 0x20, 0x62, 0x20, 0x62, 0x20, 0x62, 0x20, 0x62, 0x20, 0x62, 0x20, 0x62, 0x20, 0x62, 0x20, 0x62,
    0x20, 0x62, 0x20, 0x62, 0x20, 0x62, 0x20, 0x62, 0x20, 0x62, 0x20, 0x62, 0x20, 0x62, 0x20, 0x62, 0x20, 0x62, 0x20,
    0x62, 0x20, 0x62, 0x20, 0x62, 0x20, 0x62, 0x20, 0x62, 0x20, 0x62, 0x20, 0x62, 0x20, 0x62, 0x20, 0x62, 0x20, 0x62,
    0x20, 0x62, 0x20, 0x62, 0x20, 0x62, 0x20, 0x62, 0x20, 0x62, 0x20, 0x62, 0x20, 0x62, 0x20, 0x62, 0x20, 0x62, 0x20,
    0x62, 0x20, 0x62, 0x20, 0x62, 0x20, 0x62, 0x20, 0x62, 0x20, 0x62, 0x20, 0x62, 0x44, 0xB4, 0x44, 0xB4, 0x44, 0xB4,
    0x69, 0xFE, 0x69, 0xFE, 0x69, 0xFE, 0x69, 0xFE, 0x69, 0xFE, 0x69, 0xFE, 0x69, 0xFE, 0x69, 0xFE, 0x69, 0xFE, 0x69,
    0xFE, 0x69, 0xFE, 0x69, 0xFE, 0x69, 0xFE, 0x69, 0xFE, 0x69, 0xFE, 0x69, 0xFE, 0x69, 0xFE, 0x69, 0xFE, 0x69, 0xFE,
    0x69, 0xFE, 0x69, 0xFE, 0x69, 0xFE, 0x69, 0xFE, 0x69, 0xFE, 0x69, 0xFE, 0x69, 0xFE, 0x69, 0xFE, 0x69, 0xFE, 0x69,
    0xFE, 0x69, 0xFE, 0x69, 0xFE, 0x69, 0xFE, 0x69, 0xFE, 0x69, 0xFE, 0x69, 0xFE, 0x69, 0xFE, 0x69, 0xFE, 0x69, 0xFE,
    0x69, 0xFE, 0x69, 0xFE, 0x69, 0xFE, 0x69, 0xFE, 0x69, 0xFE, 0x69, 0xFE, 0x89, 0x43, 0x89, 0x43, 0x89, 0x43, 0x89,
    0x43, 0x89, 0x43, 0x89, 0x43, 0x89, 0x43, 0x89, 0x43, 0x89, 0x43, 0x89, 0x43, 0x89, 0x43, 0x89, 0x43, 0x89, 0x43,
    0x89, 0x43, 0x89, 0x43, 0x89, 0x43, 0x89, 0x43, 0x89, 0x43, 0x89, 0x43, 0x89, 0x43, 0x89, 0x43, 0x89, 0x43, 0x89,
    0x43, 0x89, 0x43, 0x89, 0x43, 0x89, 0x43, 0x89, 0x43, 0x89, 0x43, 0x89, 0x43, 0x89, 0x43, 0x89, 0x43, 0x89, 0x43,
    0x89, 0x43, 0x89, 0x43, 0x89, 0x43, 0x89, 0x43, 0x89, 0x43, 0x89, 0x43, 0x89, 0x43, 0x89, 0x43, 0x89, 0x43, 0x89,
    0x43, 0x89, 0x43, 0x89, 0x43, 0x89, 0x43, 0x89, 0x43, 0x69, 0xFE, 0x69, 0xFE, 0x69, 0xFE, 0x69, 0xFE, 0x69, 0xFE,
    0x69, 0xFE, 0x69, 0xFE, 0x69, 0xFE, 0x69, 0xFE, 0x69, 0xFE, 0x69, 0xFE, 0x69, 0xFE, 0x69, 0xFE, 0x69, 0xFE, 0x69,
    0xFE, 0x69, 0xFE, 0x69, 0xFE, 0x69, 0xFE, 0x69, 0xFE, 0x69, 0xFE, 0x69, 0xFE, 0x69, 0xFE, 0x69, 0xFE, 0x69, 0xFE,
    0x69, 0xFE, 0x69, 0xFE, 0x69, 0xFE, 0x69, 0xFE, 0x69, 0xFE, 0x69, 0xFE, 0x69, 0xFE, 0x69, 0xFE, 0x69, 0xFE, 0x69,
    0xFE, 0x69, 0xFE, 0x69, 0xFE, 0x69, 0xFE, 0x69, 0xFE, 0x69, 0xFE, 0x69, 0xFE, 0x69, 0xFE, 0x69, 0xFE, 0x69, 0xFE,
    0x69, 0xFE, 0x44, 0xB4, 0x44, 0xB4, 0x44, 0xB4, 0x20, 0x62, 0x20, 0x62, 0x20, 0x62, 0x20, 0x62, 0x20, 0x62, 0x20,
    0x62, 0x20, 0x62, 0x20, 0x62, 0x20, 0x62, 0x20, 0x62, 0x20, 0x62, 0x20, 0x62, 0x20, 0x62, 0x20, 0x62, 0x20, 0x62,
    0x20, 0x62, 0x20, 0x62, 0x20, 0x62, 0x20, 0x62, 0x20, 0x62, 0x20, 0x62, 0x20, 0x62, 0x20, 0x62, 0x20, 0x62, 0x20,
    0x62, 0x20, 0x62, 0x20, 0x62, 0x20, 0x62, 0x20, 0x62, 0x20, 0x62, 0x20, 0x62, 0x20, 0x62, 0x20, 0x62, 0x20, 0x62,
    0x20, 0x62, 0x20, 0x62, 0x20, 0x62, 0x20, 0x62, 0x20, 0x62, 0x20, 0x62, 0x20, 0x62, 0x20, 0x62, 0x20, 0x62, 0x20,
    0x62, 0x20, 0x62, 0x20, 0x62, 0x20, 0x62, 0x20, 0x62, 0x20, 0x62, 0x20, 0x62, 0x20, 0x62, 0x20, 0x62, 0x20, 0x62,
    0x20, 0x62, 0x20, 0x62, 0x20, 0x62, 0x20, 0x62, 0x20, 0x62, 0x20, 0x62, 0x20, 0x62, 0x20, 0x62, 0x20, 0x62, 0x20,
    0x62, 0x20, 0x62, 0x20, 0x62, 0x20, 0x62, 0x20, 0x62, 0x20, 0x62, 0x20, 0x62, 0x20, 0x62, 0x20, 0x62, 0x20, 0x62,
    0x20, 0x62, 0x20, 0x62, 0x20, 0x62, 0x20, 0x62, 0x20, 0x62, 0x20, 0x62, 0x20, 0x62, 0x20, 0x62, 0x20, 0x62, 0x20,
    0x62, 0x20, 0x62, 0x20, 0x62, 0x20, 0x62, 0x20, 0x62, 0x20, 0x62, 0x20, 0x62, 0x20, 0x62, 0x20, 0x62, 0x20, 0x62,
    0x20, 0x62, 0x20, 0x62, 0x20, 0x62, 0x20, 0x62, 0x20, 0x62, 0x20, 0x62, 0x20, 0x62, 0x20, 0x62, 0x20, 0x62, 0x44,
    0xB4, 0x44, 0xB4, 0x44, 0xB4, 0x69, 0xFE, 0x69, 0xFE, 0x69, 0xFE, 0x69, 0xFE, 0x69, 0xFE, 0x69, 0xFE, 0x69, 0xFE,
    0x69, 0xFE, 0x69, 0xFE, 0x69, 0xFE, 0x69, 0xFE, 0x69, 0xFE, 0x69, 0xFE, 0x69, 0xFE, 0x69, 0xFE, 0x69, 0xFE, 0x69,
    0xFE, 0x69, 0xFE, 0x69, 0xFE, 0x69, 0xFE, 0x69, 0xFE, 0x69, 0xFE, 0x69, 0xFE, 0x69, 0xFE, 0x69, 0xFE, 0x69, 0xFE,
    0x69, 0xFE, 0x69, 0xFE, 0x69, 0xFE, 0x69, 0xFE, 0x69, 0xFE, 0x69, 0xFE, 0x69, 0xFE, 0x69, 0xFE, 0x69, 0xFE, 0x69,
    0xFE, 0x69, 0xFE, 0x69, 0xFE, 0x69, 0xFE, 0x69, 0xFE, 0x69, 0xFE, 0x69, 0xFE, 0x69, 0xFE, 0x69, 0xFE, 0x89, 0x43,
    0x89, 0x43, 0x89, 0x43, 0x89, 0x43, 0x89, 0x43, 0x89, 0x43, 0x89, 0x43, 0x89, 0x43, 0x89, 0x43, 0x89, 0x43, 0x89,
    0x43, 0x89, 0x43, 0x89, 0x43, 0x89, 0x43, 0x89, 0x43, 0x89, 0x43, 0x89, 0x43, 0x89, 0x43, 0x89, 0x43, 0x89, 0x43,
    0x89, 0x43, 0x89, 0x43, 0x89, 0x43, 0x89, 0x43, 0x89, 0x43, 0x89, 0x43, 0x89, 0x43, 0x89, 0x43, 0x89, 0x43, 0x89,
    0x43, 0x89, 0x43, 0x89, 0x43, 0x89, 0x43, 0x89, 0x43, 0x89, 0x43, 0x89, 0x43, 0x89, 0x43, 0x89, 0x43, 0x89, 0x43,
    0x89, 0x43, 0x89, 0x43, 0x89, 0x43, 0x89, 0x43, 0x89, 0x43, 0x89, 0x43, 0x89, 0x43, 0x69, 0xFE, 0x69, 0xFE, 0x69,
    0xFE, 0x69, 0xFE, 0x69, 0xFE, 0x69, 0xFE, 0x69, 0xFE, 0x69, 0xFE, 0x69, 0xFE, 0x69, 0xFE, 0x69, 0xFE, 0x69, 0xFE,
    0x69, 0xFE, 0x69, 0xFE, 0x69, 0xFE, 0x69, 0xFE, 0x69, 0xFE, 0x69, 0xFE, 0x69, 0xFE, 0x69, 0xFE, 0x69, 0xFE, 0x69,
    0xFE, 0x69, 0xFE, 0x69, 0xFE, 0x69, 0xFE, 0x69, 0xFE, 0x69, 0xFE, 0x69, 0xFE, 0x69, 0xFE, 0x69, 0xFE, 0x69, 0xFE,
    0x69, 0xFE, 0x69, 0xFE, 0x69, 0xFE, 0x69, 0xFE, 0x69, 0xFE, 0x69, 0xFE, 0x69, 0xFE, 0x69, 0xFE, 0x69, 0xFE, 0x69,
    0xFE, 0x69, 0xFE, 0x69, 0xFE, 0x69, 0xFE, 0x44, 0xB4, 0x44, 0xB4, 0x44, 0xB4, 0x20, 0x62, 0x20, 0x62, 0x20, 0x62,
    0x20, 0x62, 0x20, 0x62, 0x20, 0x62, 0x20, 0x62, 0x20, 0x62, 0x20, 0x62, 0x20, 0x62, 0x20, 0x62, 0x20, 0x62, 0x20,
    0x62, 0x20, 0x62, 0x20, 0x62, 0x20, 0x62, 0x20, 0x62, 0x20, 0x62, 0x20, 0x62, 0x20, 0x62, 0x20, 0x62, 0x20, 0x62,
    0x20, 0x62, 0x20, 0x62, 0x20, 0x62, 0x20, 0x62, 0x20, 0x62, 0x20, 0x62, 0x20, 0x62, 0x20, 0x62, 0x20, 0x62, 0x20,
    0x62, 0x20, 0x62, 0x20, 0x62, 0x20, 0x62, 0x20, 0x62, 0x20, 0x62, 0x20, 0x62, 0x20, 0x62, 0x20, 0x62, 0x20, 0x62,
    0x20, 0x62, 0x20, 0x62, 0x20, 0x62, 0x20, 0x62, 0x20, 0x62, 0x20, 0x62, 0x20, 0x62, 0x20, 0x62, 0x20, 0x62, 0x20,
    0x62, 0x20, 0x62, 0x20, 0x62, 0x20, 0x62, 0x20, 0x62, 0x20, 0x62, 0x20, 0x62, 0x20, 0x62, 0x20, 0x62, 0x20, 0x62,
    0x20, 0x62, 0x20, 0x62, 0x20, 0x62, 0x20, 0x62, 0x20, 0x62, 0x20, 0x62, 0x20, 0x62, 0x20, 0x62, 0x20, 0x62, 0x20,
    0x62, 0x20, 0x62, 0x20, 0x62, 0x20, 0x62, 0x20, 0x62, 0x20, 0x62, 0x20, 0x62, 0x20, 0x62, 0x20, 0x62, 0x20, 0x62,
    0x20, 0x62, 0x20, 0x62, 0x20, 0x62, 0x20, 0x62, 0x20, 0x62, 0x20, 0x62, 0x20, 0x62, 0x20, 0x62, 0x20, 0x62, 0x20,
    0x62, 0x20, 0x62, 0x20, 0x62, 0x20, 0x62, 0x20, 0x62, 0x20, 0x62, 0x20, 0x62, 0x20, 0x62, 0x20, 0x62, 0x20, 0x62,
    0x20, 0x62, 0x20, 0x62, 0x44, 0xB4, 0x44, 0xB4, 0x44, 0xB4, 0x69, 0xFE, 0x69, 0xFE, 0x69, 0xFE, 0x69, 0xFE, 0x69,
    0xFE, 0x69, 0xFE, 0x69, 0xFE, 0x69, 0xFE, 0x69, 0xFE, 0x69, 0xFE, 0x69, 0xFE, 0x69, 0xFE, 0x69, 0xFE, 0x69, 0xFE,
    0x69, 0xFE, 0x69, 0xFE, 0x69, 0xFE, 0x69, 0xFE, 0x69, 0xFE, 0x69, 0xFE, 0x69, 0xFE, 0x69, 0xFE, 0x69, 0xFE, 0x69,
    0xFE, 0x69, 0xFE, 0x69, 0xFE, 0x69, 0xFE, 0x69, 0xFE, 0x69, 0xFE, 0x69, 0xFE, 0x69, 0xFE, 0x69, 0xFE, 0x69, 0xFE,
    0x69, 0xFE, 0x69, 0xFE, 0x69, 0xFE, 0x69, 0xFE, 0x69, 0xFE, 0x69, 0xFE, 0x69, 0xFE, 0x69, 0xFE, 0x69, 0xFE, 0x69,
    0xFE, 0x69, 0xFE, 0x89, 0x43, 0x89, 0x43, 0x89, 0x43, 0x89, 0x43, 0x89, 0x43, 0x89, 0x43, 0x89, 0x43, 0x89, 0x43,
    0x89, 0x43, 0x89, 0x43, 0x89, 0x43, 0x89, 0x43, 0x89, 0x43, 0x89, 0x43, 0x89, 0x43, 0x89, 0x43, 0x89, 0x43, 0x89,
    0x43, 0x89, 0x43, 0x89, 0x43, 0x89, 0x43, 0x89, 0x43, 0x89, 0x43, 0x89, 0x43, 0x89, 0x43, 0x89, 0x43, 0x89, 0x43,
    0x89, 0x43, 0x89, 0x43, 0x89, 0x43, 0x89, 0x43, 0x89, 0x43, 0x89, 0x43, 0x89, 0x43, 0x89, 0x43, 0x89, 0x43, 0x89,
    0x43, 0x89, 0x43, 0x89, 0x43, 0x89, 0x43, 0x89, 0x43, 0x89, 0x43, 0x89, 0x43, 0x89, 0x43, 0x89, 0x43, 0x89, 0x43,
    0x69, 0xFE, 0x69, 0xFE, 0x69, 0xFE, 0x69, 0xFE, 0x69, 0xFE, 0x69, 0xFE, 0x69, 0xFE, 0x69, 0xFE, 0x69, 0xFE, 0x69,
    0xFE, 0x69, 0xFE, 0x69, 0xFE, 0x69, 0xFE, 0x69, 0xFE, 0x69, 0xFE, 0x69, 0xFE, 0x69, 0xFE, 0x69, 0xFE, 0x69, 0xFE,
    0x69, 0xFE, 0x69, 0xFE, 0x69, 0xFE, 0x69, 0xFE, 0x69, 0xFE, 0x69, 0xFE, 0x69, 0xFE, 0x69, 0xFE, 0x69, 0xFE, 0x69,
    0xFE, 0x69, 0xFE, 0x69, 0xFE, 0x69, 0xFE, 0x69, 0xFE, 0x69, 0xFE, 0x69, 0xFE, 0x69, 0xFE, 0x69, 0xFE, 0x69, 0xFE,
    0x69, 0xFE, 0x69, 0xFE, 0x69, 0xFE, 0x69, 0xFE, 0x69, 0xFE, 0x69, 0xFE, 0x44, 0xB4, 0x44, 0xB4, 0x44, 0xB4, 0x20,
    0x62, 0x20, 0x62, 0x20, 0x62, 0x20, 0x62, 0x20, 0x62, 0x20, 0x62, 0x20, 0x62, 0x20, 0x62, 0x20, 0x62, 0x20, 0x62,
    0x20, 0x62, 0x20, 0x62, 0x20, 0x62, 0x20, 0x62, 0x20, 0x62, 0x20, 0x62, 0x20, 0x62, 0x20, 0x62, 0x20, 0x62, 0x20,
    0x62, 0x20, 0x62, 0x20, 0x62, 0x20, 0x62, 0x20, 0x62, 0x20, 0x62, 0x20, 0x62, 0x20, 0x62, 0x20, 0x62, 0x20, 0x62,
    0x20, 0x62, 0x20, 0x62, 0x20, 0x62, 0x20, 0x62, 0x20, 0x62, 0x20, 0x62, 0x20, 0x62, 0x20, 0x62, 0x20, 0x62, 0x20,
    0x62, 0x20, 0x62, 0x20, 0x62, 0x20, 0x62, 0x20, 0x62, 0x20, 0x62, 0x20, 0x62, 0x20, 0x62, 0x20, 0x62, 0x20, 0x62,
    0x20, 0x62, 0x20, 0x62, 0x20, 0x62, 0x20, 0x62, 0x20, 0x62, 0x20, 0x62, 0x20, 0x62, 0x20, 0x62, 0x20, 0x62, 0x20,
    0x62, 0x20, 0x62, 0x20, 0x62, 0x20, 0x62, 0x20, 0x62, 0x20, 0x62, 0x20, 0x62, 0x20, 0x62, 0x20, 0x62, 0x20, 0x62,
    0x20, 0x62, 0x20, 0x62, 0x20, 0x62, 0x20, 0x62, 0x20, 0x62, 0x20, 0x62, 0x20, 0x62, 0x20, 0x62, 0x20, 0x62, 0x20,
    0x62, 0x20, 0x62, 0x20, 0x62, 0x20, 0x62, 0x20, 0x62, 0x20, 0x62, 0x20, 0x62, 0x20, 0x62, 0x20, 0x62, 0x20, 0x62,
    0x20, 0x62, 0x20, 0x62, 0x20, 0x62, 0x20, 0x62, 0x20, 0x62, 0x20, 0x62, 0x20, 0x62, 0x20, 0x62, 0x20, 0x62, 0x20,
    0x62, 0x20, 0x62, 0x20, 0x62, 0x20, 0x62, 0x20, 0x62, 0x44, 0xB4, 0x44, 0xB4, 0x44, 0xB4, 0x69, 0xFE, 0x69, 0xFE,
    0x69, 0xFE, 0x69, 0xFE, 0x69, 0xFE, 0x69, 0xFE, 0x69, 0xFE, 0x69, 0xFE, 0x69, 0xFE, 0x69, 0xFE, 0x69, 0xFE, 0x69,
    0xFE, 0x69, 0xFE, 0x69, 0xFE, 0x69, 0xFE, 0x69, 0xFE, 0x69, 0xFE, 0x69, 0xFE, 0x69, 0xFE, 0x69, 0xFE, 0x69, 0xFE,
    0x69, 0xFE, 0x69, 0xFE, 0x69, 0xFE, 0x69, 0xFE, 0x69, 0xFE, 0x69, 0xFE, 0x69, 0xFE, 0x69, 0xFE, 0x69, 0xFE, 0x69,
    0xFE, 0x69, 0xFE, 0x69, 0xFE, 0x69, 0xFE, 0x69, 0xFE, 0x69, 0xFE, 0x69, 0xFE, 0x69, 0xFE, 0x69, 0xFE, 0x69, 0xFE,
    0x69, 0xFE, 0x69, 0xFE, 0x69, 0xFE, 0x69, 0xFE, 0x89, 0x43, 0x89, 0x43, 0x89, 0x43, 0x89, 0x43, 0x89, 0x43, 0x89,
    0x43, 0x89, 0x43, 0x89, 0x43, 0x89, 0x43, 0x89, 0x43, 0x89, 0x43, 0x89, 0x43, 0x89, 0x43, 0x89, 0x43, 0x89, 0x43,
    0x89, 0x43, 0x89, 0x43, 0x89, 0x43, 0x89, 0x43, 0x89, 0x43, 0x89, 0x43, 0x89, 0x43, 0x89, 0x43, 0x89, 0x43, 0x89,
    0x43, 0x89, 0x43, 0x89, 0x43, 0x89, 0x43, 0x89, 0x43, 0x89, 0x43, 0x89, 0x43, 0x89, 0x43, 0x89, 0x43, 0x89, 0x43,
    0x89, 0x43, 0x89, 0x43, 0x89, 0x43, 0x89, 0x43, 0x89, 0x43, 0x89, 0x43, 0x89, 0x43, 0x89, 0x43, 0x89, 0x43, 0x89,
    0x43, 0x89, 0x43, 0x89, 0x43, 0x89, 0x43, 0x89, 0x43, 0x89, 0x43, 0x89, 0x43, 0x69, 0xFE, 0x69, 0xFE, 0x69, 0xFE,
    0x69, 0xFE, 0x69, 0xFE, 0x69, 0xFE, 0x69, 0xFE, 0x69, 0xFE, 0x69, 0xFE, 0x69, 0xFE, 0x69, 0xFE, 0x69, 0xFE, 0x69,
    0xFE, 0x69, 0xFE, 0x69, 0xFE, 0x69, 0xFE, 0x69, 0xFE, 0x69, 0xFE, 0x69, 0xFE, 0x69, 0xFE, 0x69, 0xFE, 0x69, 0xFE,
    0x69, 0xFE, 0x69, 0xFE, 0x69, 0xFE, 0x69, 0xFE, 0x69, 0xFE, 0x69, 0xFE, 0x69, 0xFE, 0x69, 0xFE, 0x69, 0xFE, 0x69,
    0xFE, 0x69, 0xFE, 0x69, 0xFE, 0x69, 0xFE, 0x69, 0xFE, 0x69, 0xFE, 0x69, 0xFE, 0x69, 0xFE, 0x69, 0xFE, 0x69, 0xFE,
    0x69, 0xFE, 0x69, 0xFE, 0x06, 0xCD, 0x06, 0xCD, 0x06, 0xCD, 0x60, 0x72, 0x60, 0x72, 0x60, 0x72, 0x60, 0x72, 0x20,
    0x62, 0x20, 0x62, 0x20, 0x62, 0x20, 0x62, 0x20, 0x62, 0x20, 0x62, 0x20, 0x62, 0x20, 0x62, 0x20, 0x62, 0x20, 0x62,
    0x20, 0x62, 0x20, 0x62, 0x20, 0x62, 0x20, 0x62, 0x20, 0x62, 0x20, 0x62, 0x20, 0x62, 0x20, 0x62, 0x20, 0x62, 0x20,
    0x62, 0x20, 0x62, 0x20, 0x62, 0x20, 0x62, 0x20, 0x62, 0x20, 0x62, 0x20, 0x62, 0x20, 0x62, 0x20, 0x62, 0x20, 0x62,
    0x20, 0x62, 0x20, 0x62, 0x20, 0x62, 0x20, 0x62, 0x20, 0x62, 0x20, 0x62, 0x20, 0x62, 0x20, 0x62, 0x20, 0x62, 0x20,
    0x62, 0x20, 0x62, 0x20, 0x62, 0x20, 0x62, 0x20, 0x62, 0x20, 0x62, 0x20, 0x62, 0x20, 0x62, 0x20, 0x62, 0x20, 0x62,
    0x20, 0x62, 0x20, 0x62, 0x20, 0x62, 0x20, 0x62, 0x20, 0x62, 0x20, 0x62, 0x20, 0x62, 0x20, 0x62, 0x20, 0x62, 0x20,
    0x62, 0x20, 0x62, 0x20, 0x62, 0x20, 0x62, 0x20, 0x62, 0x20, 0x62, 0x20, 0x62, 0x20, 0x62, 0x20, 0x62, 0x20, 0x62,
    0x20, 0x62, 0x20, 0x62, 0x20, 0x62, 0x20, 0x62, 0x20, 0x62, 0x20, 0x62, 0x20, 0x62, 0x20, 0x62, 0x20, 0x62, 0x20,
    0x62, 0x20, 0x62, 0x20, 0x62, 0x20, 0x62, 0x20, 0x62, 0x20, 0x62, 0x20, 0x62, 0x20, 0x62, 0x20, 0x62, 0x20, 0x62,
    0x60, 0x72, 0x60, 0x72, 0x60, 0x72, 0x60, 0x72, 0x06, 0xCD, 0x06, 0xCD, 0x06, 0xCD, 0x69, 0xFE, 0x69, 0xFE, 0x69,
    0xFE, 0x69, 0xFE, 0x69, 0xFE, 0x69, 0xFE, 0x69, 0xFE, 0x69, 0xFE, 0x69, 0xFE, 0x69, 0xFE, 0x69, 0xFE, 0x69, 0xFE,
    0x69, 0xFE, 0x69, 0xFE, 0x69, 0xFE, 0x69, 0xFE, 0x69, 0xFE, 0x69, 0xFE, 0x69, 0xFE, 0x69, 0xFE, 0x69, 0xFE, 0x69,
    0xFE, 0x69, 0xFE, 0x69, 0xFE, 0x69, 0xFE, 0x69, 0xFE, 0x69, 0xFE, 0x69, 0xFE, 0x69, 0xFE, 0x69, 0xFE, 0x69, 0xFE,
    0x69, 0xFE, 0x69, 0xFE, 0x69, 0xFE, 0x69, 0xFE, 0x69, 0xFE, 0x69, 0xFE, 0x69, 0xFE, 0x69, 0xFE, 0x69, 0xFE, 0x69,
    0xFE, 0x69, 0xFE, 0x69, 0xFE, 0x89, 0x43, 0x89, 0x43, 0x89, 0x43, 0x89, 0x43, 0x89, 0x43, 0x89, 0x43, 0x89, 0x43,
    0x89, 0x43, 0x89, 0x43, 0x89, 0x43, 0x89, 0x43, 0x89, 0x43, 0x89, 0x43, 0x89, 0x43, 0x89, 0x43, 0x89, 0x43, 0x89,
    0x43, 0x89, 0x43, 0x89, 0x43, 0x89, 0x43, 0x89, 0x43, 0x89, 0x43, 0x89, 0x43, 0x89, 0x43, 0x89, 0x43, 0x89, 0x43,
    0x89, 0x43, 0x89, 0x43, 0x89, 0x43, 0x89, 0x43, 0x89, 0x43, 0x89, 0x43, 0x89, 0x43, 0x89, 0x43, 0x89, 0x43, 0x89,
    0x43, 0x89, 0x43, 0x89, 0x43, 0x89, 0x43, 0x89, 0x43, 0x89, 0x43, 0x89, 0x43, 0x89, 0x43, 0x89, 0x43, 0x89, 0x43,
    0x89, 0x43, 0x89, 0x43, 0x89, 0x43, 0x89, 0x43, 0x89, 0x43, 0x89, 0x43, 0x89, 0x43, 0x89, 0x43, 0x89, 0x43, 0x69,
    0xFE, 0x69, 0xFE, 0x69, 0xFE, 0x69, 0xFE, 0x69, 0xFE, 0x69, 0xFE, 0x69, 0xFE, 0x69, 0xFE, 0x69, 0xFE, 0x69, 0xFE,
    0x69, 0xFE, 0x69, 0xFE, 0x69, 0xFE, 0x69, 0xFE, 0x69, 0xFE, 0x69, 0xFE, 0x69, 0xFE, 0x69, 0xFE, 0x69, 0xFE, 0x69,
    0xFE, 0x69, 0xFE, 0x69, 0xFE, 0x69, 0xFE, 0x69, 0xFE, 0x69, 0xFE, 0x69, 0xFE, 0x69, 0xFE, 0x69, 0xFE, 0x69, 0xFE,
    0x69, 0xFE, 0x69, 0xFE, 0x69, 0xFE, 0x69, 0xFE, 0x69, 0xFE, 0x69, 0xFE, 0x69, 0xFE, 0x69, 0xFE, 0x69, 0xFE, 0x69,
    0xFE, 0x69, 0xFE, 0x69, 0xFE, 0x69, 0xFE, 0x69, 0xFE, 0x06, 0xCD, 0x06, 0xCD, 0x06, 0xCD, 0x60, 0x72, 0x60, 0x72,
    0x60, 0x72, 0x60, 0x72, 0x20, 0x62, 0x20, 0x62, 0x20, 0x62, 0x20, 0x62, 0x20, 0x62, 0x20, 0x62, 0x20, 0x62, 0x20,
    0x62, 0x20, 0x62, 0x20, 0x62, 0x20, 0x62, 0x20, 0x62, 0x20, 0x62, 0x20, 0x62, 0x20, 0x62, 0x20, 0x62, 0x20, 0x62,
    0x20, 0x62, 0x20, 0x62, 0x20, 0x62, 0x20, 0x62, 0x20, 0x62, 0x20, 0x62, 0x20, 0x62, 0x20, 0x62, 0x20, 0x62, 0x20,
    0x62, 0x20, 0x62, 0x20, 0x62, 0x20, 0x62, 0x20, 0x62, 0x20, 0x62, 0x20, 0x62, 0x20, 0x62, 0x20, 0x62, 0x20, 0x62,
    0x20, 0x62, 0x20, 0x62, 0x20, 0x62, 0x20, 0x62, 0x20, 0x62, 0x20, 0x62, 0x20, 0x62, 0x20, 0x62, 0x20, 0x62, 0x20,
    0x62, 0x20, 0x62, 0x20, 0x62, 0x20, 0x62, 0x20, 0x62, 0x20, 0x62, 0x20, 0x62, 0x20, 0x62, 0x20, 0x62, 0x20, 0x62,
    0x20, 0x62, 0x20, 0x62, 0x20, 0x62, 0x20, 0x62, 0x20, 0x62, 0x20, 0x62, 0x20, 0x62, 0x20, 0x62, 0x20, 0x62, 0x20,
    0x62, 0x20, 0x62, 0x20, 0x62, 0x20, 0x62, 0x20, 0x62, 0x20, 0x62, 0x20, 0x62, 0x20, 0x62, 0x20, 0x62, 0x20, 0x62,
    0x20, 0x62, 0x20, 0x62, 0x20, 0x62, 0x20, 0x62, 0x20, 0x62, 0x20, 0x62, 0x20, 0x62, 0x20, 0x62, 0x20, 0x62, 0x20,
    0x62, 0x20, 0x62, 0x20, 0x62, 0x60, 0x72, 0x60, 0x72, 0x60, 0x72, 0x60, 0x72, 0x06, 0xCD, 0x06, 0xCD, 0x06, 0xCD,
    0x69, 0xFE, 0x69, 0xFE, 0x69, 0xFE, 0x69, 0xFE, 0x69, 0xFE, 0x69, 0xFE, 0x69, 0xFE, 0x69, 0xFE, 0x69, 0xFE, 0x69,
    0xFE, 0x69, 0xFE, 0x69, 0xFE, 0x69, 0xFE, 0x69, 0xFE, 0x69, 0xFE, 0x69, 0xFE, 0x69, 0xFE, 0x69, 0xFE, 0x69, 0xFE,
    0x69, 0xFE, 0x69, 0xFE, 0x69, 0xFE, 0x69, 0xFE, 0x69, 0xFE, 0x69, 0xFE, 0x69, 0xFE, 0x69, 0xFE, 0x69, 0xFE, 0x69,
    0xFE, 0x69, 0xFE, 0x69, 0xFE, 0x69, 0xFE, 0x69, 0xFE, 0x69, 0xFE, 0x69, 0xFE, 0x69, 0xFE, 0x69, 0xFE, 0x69, 0xFE,
    0x69, 0xFE, 0x69, 0xFE, 0x69, 0xFE, 0x69, 0xFE, 0x69, 0xFE, 0x89, 0x43, 0x89, 0x43, 0x89, 0x43, 0x89, 0x43, 0x89,
    0x43, 0x89, 0x43, 0x89, 0x43, 0x89, 0x43, 0x89, 0x43, 0x89, 0x43, 0x89, 0x43, 0x89, 0x43, 0x89, 0x43, 0x89, 0x43,
    0x89, 0x43, 0x89, 0x43, 0x89, 0x43, 0x89, 0x43, 0x89, 0x43, 0x89, 0x43, 0x89, 0x43, 0x89, 0x43, 0x89, 0x43, 0x89,
    0x43, 0x89, 0x43, 0x89, 0x43, 0x89, 0x43, 0x89, 0x43, 0x89, 0x43, 0x89, 0x43, 0x89, 0x43, 0x89, 0x43, 0x89, 0x43,
    0x89, 0x43, 0x89, 0x43, 0x89, 0x43, 0x89, 0x43, 0x89, 0x43, 0x89, 0x43, 0x89, 0x43, 0x89, 0x43, 0x89, 0x43, 0x89,
    0x43, 0x89, 0x43, 0x89, 0x43, 0x89, 0x43, 0x89, 0x43, 0x89, 0x43, 0x89, 0x43, 0x89, 0x43, 0x89, 0x43, 0x89, 0x43,
    0x89, 0x43, 0x89, 0x43, 0x69, 0xFE, 0x69, 0xFE, 0x69, 0xFE, 0x69, 0xFE, 0x69, 0xFE, 0x69, 0xFE, 0x69, 0xFE, 0x69,
    0xFE, 0x69, 0xFE, 0x69, 0xFE, 0x69, 0xFE, 0x69, 0xFE, 0x69, 0xFE, 0x69, 0xFE, 0x69, 0xFE, 0x69, 0xFE, 0x69, 0xFE,
    0x69, 0xFE, 0x69, 0xFE, 0x69, 0xFE, 0x69, 0xFE, 0x69, 0xFE, 0x69, 0xFE, 0x69, 0xFE, 0x69, 0xFE, 0x69, 0xFE, 0x69,
    0xFE, 0x69, 0xFE, 0x69, 0xFE, 0x69, 0xFE, 0x69, 0xFE, 0x69, 0xFE, 0x69, 0xFE, 0x69, 0xFE, 0x69, 0xFE, 0x69, 0xFE,
    0x69, 0xFE, 0x69, 0xFE, 0x69, 0xFE, 0x69, 0xFE, 0x69, 0xFE, 0x69, 0xFE, 0x69, 0xFE, 0x06, 0xCD, 0x06, 0xCD, 0x06,
    0xCD, 0x60, 0x72, 0x60, 0x72, 0x60, 0x72, 0x60, 0x72, 0x20, 0x62, 0x20, 0x62, 0x20, 0x62, 0x20, 0x62, 0x20, 0x62,
    0x20, 0x62, 0x20, 0x62, 0x20, 0x62, 0x20, 0x62, 0x20, 0x62, 0x20, 0x62, 0x20, 0x62, 0x20, 0x62, 0x20, 0x62, 0x20,
    0x62, 0x20, 0x62, 0x20, 0x62, 0x20, 0x62, 0x20, 0x62, 0x20, 0x62, 0x20, 0x62, 0x20, 0x62, 0x20, 0x62, 0x20, 0x62,
    0x20, 0x62, 0x20, 0x62, 0x20, 0x62, 0x20, 0x62, 0x20, 0x62, 0x20, 0x62, 0x20, 0x62, 0x20, 0x62, 0x20, 0x62, 0x20,
    0x62, 0x20, 0x62, 0x20, 0x62, 0x20, 0x62, 0x20, 0x62, 0x20, 0x62, 0x20, 0x62, 0x20, 0x62, 0x20, 0x62, 0x20, 0x62,
    0x20, 0x62, 0x20, 0x62, 0x20, 0x62, 0x20, 0x62, 0x20, 0x62, 0x20, 0x62, 0x20, 0x62, 0x20, 0x62, 0x20, 0x62, 0x20,
    0x62, 0x20, 0x62, 0x20, 0x62, 0x20, 0x62, 0x20, 0x62, 0x20, 0x62, 0x20, 0x62, 0x20, 0x62, 0x20, 0x62, 0x20, 0x62,
    0x20, 0x62, 0x20, 0x62, 0x20, 0x62, 0x20, 0x62, 0x20, 0x62, 0x20, 0x62, 0x20, 0x62, 0x20, 0x62, 0x20, 0x62, 0x20,
    0x62, 0x20, 0x62, 0x20, 0x62, 0x20, 0x62, 0x20, 0x62, 0x20, 0x62, 0x20, 0x62, 0x20, 0x62, 0x20, 0x62, 0x20, 0x62,
    0x20, 0x62, 0x20, 0x62, 0x20, 0x62, 0x20, 0x62, 0x20, 0x62, 0x60, 0x72, 0x60, 0x72, 0x60, 0x72, 0x60, 0x72, 0x06,
    0xCD, 0x06, 0xCD, 0x06, 0xCD, 0x69, 0xFE, 0x69, 0xFE, 0x69, 0xFE, 0x69, 0xFE, 0x69, 0xFE, 0x69, 0xFE, 0x69, 0xFE,
    0x69, 0xFE, 0x69, 0xFE, 0x69, 0xFE, 0x69, 0xFE, 0x69, 0xFE, 0x69, 0xFE, 0x69, 0xFE, 0x69, 0xFE, 0x69, 0xFE, 0x69,
    0xFE, 0x69, 0xFE, 0x69, 0xFE, 0x69, 0xFE, 0x69, 0xFE, 0x69, 0xFE, 0x69, 0xFE, 0x69, 0xFE, 0x69, 0xFE, 0x69, 0xFE,
    0x69, 0xFE, 0x69, 0xFE, 0x69, 0xFE, 0x69, 0xFE, 0x69, 0xFE, 0x69, 0xFE, 0x69, 0xFE, 0x69, 0xFE, 0x69, 0xFE, 0x69,
    0xFE, 0x69, 0xFE, 0x69, 0xFE, 0x69, 0xFE, 0x69, 0xFE, 0x69, 0xFE, 0x69, 0xFE, 0x69, 0xFE, 0x89, 0x43, 0x89, 0x43,
    0x89, 0x43, 0x89, 0x43, 0x89, 0x43, 0x89, 0x43, 0x89, 0x43, 0x89, 0x43, 0x89, 0x43, 0x89, 0x43, 0x89, 0x43, 0x89,
    0x43, 0x89, 0x43, 0x89, 0x43, 0x89, 0x43, 0x89, 0x43, 0x89, 0x43, 0x89, 0x43, 0x89, 0x43, 0x89, 0x43, 0x89, 0x43,
    0x89, 0x43, 0x89, 0x43, 0x89, 0x43, 0x89, 0x43, 0x89, 0x43, 0x89, 0x43, 0x89, 0x43, 0x89, 0x43, 0x89, 0x43, 0x89,
    0x43, 0x89, 0x43, 0x89, 0x43, 0x89, 0x43, 0x89, 0x43, 0x89, 0x43, 0x89, 0x43, 0x89, 0x43, 0x89, 0x43, 0x89, 0x43,
    0x89, 0x43, 0x89, 0x43, 0x89, 0x43, 0x89, 0x43, 0x89, 0x43, 0x89, 0x43, 0x89, 0x43, 0x89, 0x43, 0x89, 0x43, 0x89,
    0x43, 0x89, 0x43, 0x89, 0x43, 0x89, 0x43, 0x89, 0x43, 0x89, 0x43, 0x89, 0x43, 0x89, 0x43, 0x69, 0xFE, 0x69, 0xFE,
    0x69, 0xFE, 0x69, 0xFE, 0x69, 0xFE, 0x69, 0xFE, 0x69, 0xFE, 0x69, 0xFE, 0x69, 0xFE, 0x69, 0xFE, 0x69, 0xFE, 0x69,
    0xFE, 0x69, 0xFE, 0x69, 0xFE, 0x69, 0xFE, 0x69, 0xFE, 0x69, 0xFE, 0x69, 0xFE, 0x69, 0xFE, 0x69, 0xFE, 0x69, 0xFE,
    0x69, 0xFE, 0x69, 0xFE, 0x69, 0xFE, 0x69, 0xFE, 0x69, 0xFE, 0x69, 0xFE, 0x69, 0xFE, 0x69, 0xFE, 0x69, 0xFE, 0x69,
    0xFE, 0x69, 0xFE, 0x69, 0xFE, 0x69, 0xFE, 0x69, 0xFE, 0x69, 0xFE, 0x69, 0xFE, 0x69, 0xFE, 0x69, 0xFE, 0x69, 0xFE,
    0x69, 0xFE, 0x69, 0xFE, 0x69, 0xFE, 0x29, 0xF6, 0x29, 0xF6, 0x29, 0xF6, 0x29, 0xF6, 0x63, 0x93, 0x63, 0x93, 0x63,
    0x93, 0x20, 0x62, 0x20, 0x62, 0x20, 0x62, 0x20, 0x62, 0x20, 0x62, 0x20, 0x62, 0x20, 0x62, 0x20, 0x62, 0x20, 0x62,
    0x20, 0x62, 0x20, 0x62, 0x20, 0x62, 0x20, 0x62, 0x20, 0x62, 0x20, 0x62, 0x20, 0x62, 0x20, 0x62, 0x20, 0x62, 0x20,
    0x62, 0x20, 0x62, 0x20, 0x62, 0x20, 0x62, 0x20, 0x62, 0x20, 0x62, 0x20, 0x62, 0x20, 0x62, 0x20, 0x62, 0x20, 0x62,
    0x20, 0x62, 0x20, 0x62, 0x20, 0x62, 0x20, 0x62, 0x20, 0x62, 0x20, 0x62, 0x20, 0x62, 0x20, 0x62, 0x20, 0x62, 0x20,
    0x62, 0x20, 0x62, 0x20, 0x62, 0x20, 0x62, 0x20, 0x62, 0x20, 0x62, 0x20, 0x62, 0x20, 0x62, 0x20, 0x62, 0x20, 0x62,
    0x20, 0x62, 0x20, 0x62, 0x20, 0x62, 0x20, 0x62, 0x20, 0x62, 0x20, 0x62, 0x20, 0x62, 0x20, 0x62, 0x20, 0x62, 0x20,
    0x62, 0x20, 0x62, 0x20, 0x62, 0x20, 0x62, 0x20, 0x62, 0x20, 0x62, 0x20, 0x62, 0x20, 0x62, 0x20, 0x62, 0x20, 0x62,
    0x20, 0x62, 0x20, 0x62, 0x20, 0x62, 0x20, 0x62, 0x20, 0x62, 0x20, 0x62, 0x20, 0x62, 0x20, 0x62, 0x20, 0x62, 0x20,
    0x62, 0x20, 0x62, 0x20, 0x62, 0x20, 0x62, 0x20, 0x62, 0x63, 0x93, 0x63, 0x93, 0x63, 0x93, 0x29, 0xF6, 0x29, 0xF6,
    0x29, 0xF6, 0x29, 0xF6, 0x69, 0xFE, 0x69, 0xFE, 0x69, 0xFE, 0x69, 0xFE, 0x69, 0xFE, 0x69, 0xFE, 0x69, 0xFE, 0x69,
    0xFE, 0x69, 0xFE, 0x69, 0xFE, 0x69, 0xFE, 0x69, 0xFE, 0x69, 0xFE, 0x69, 0xFE, 0x69, 0xFE, 0x69, 0xFE, 0x69, 0xFE,
    0x69, 0xFE, 0x69, 0xFE, 0x69, 0xFE, 0x69, 0xFE, 0x69, 0xFE, 0x69, 0xFE, 0x69, 0xFE, 0x69, 0xFE, 0x69, 0xFE, 0x69,
    0xFE, 0x69, 0xFE, 0x69, 0xFE, 0x69, 0xFE, 0x69, 0xFE, 0x69, 0xFE, 0x69, 0xFE, 0x69, 0xFE, 0x69, 0xFE, 0x69, 0xFE,
    0x69, 0xFE, 0x69, 0xFE, 0x69, 0xFE, 0x69, 0xFE, 0x69, 0xFE, 0x69, 0xFE, 0x69, 0xFE, 0x89, 0x43, 0x89, 0x43, 0x89,
    0x43, 0x89, 0x43, 0x89, 0x43, 0x89, 0x43, 0x89, 0x43, 0x89, 0x43, 0x89, 0x43, 0x89, 0x43, 0x89, 0x43, 0x89, 0x43,
    0x89, 0x43, 0x89, 0x43, 0x89, 0x43, 0x89, 0x43, 0x89, 0x43, 0x89, 0x43, 0x89, 0x43, 0x89, 0x43, 0x89, 0x43, 0x89,
    0x43, 0x89, 0x43, 0x89, 0x43, 0x89, 0x43, 0x89, 0x43, 0x89, 0x43, 0x89, 0x43, 0x89, 0x43, 0x89, 0x43, 0x89, 0x43,
    0x89, 0x43, 0x89, 0x43, 0x89, 0x43, 0x89, 0x43, 0x89, 0x43, 0x89, 0x43, 0x89, 0x43, 0x89, 0x43, 0x89, 0x43, 0x89,
    0x43, 0x89, 0x43, 0x89, 0x43, 0x89, 0x43, 0x89, 0x43, 0x89, 0x43, 0x89, 0x43, 0x89, 0x43, 0x89, 0x43, 0x89, 0x43,
    0x89, 0x43, 0x89, 0x43, 0x89, 0x43, 0x89, 0x43, 0x89, 0x43, 0x89, 0x43, 0x89, 0x43, 0x89, 0x43, 0x89, 0x43, 0x89,
    0x43, 0x69, 0xFE, 0x69, 0xFE, 0x69, 0xFE, 0x69, 0xFE, 0x69, 0xFE, 0x69, 0xFE, 0x69, 0xFE, 0x69, 0xFE, 0x69, 0xFE,
    0x69, 0xFE, 0x69, 0xFE, 0x69, 0xFE, 0x69, 0xFE, 0x69, 0xFE, 0x69, 0xFE, 0x69, 0xFE, 0x69, 0xFE, 0x69, 0xFE, 0x69,
    0xFE, 0x69, 0xFE, 0x69, 0xFE, 0x69, 0xFE, 0x69, 0xFE, 0x69, 0xFE, 0x69, 0xFE, 0x69, 0xFE, 0x69, 0xFE, 0x69, 0xFE,
    0x69, 0xFE, 0x69, 0xFE, 0x69, 0xFE, 0x69, 0xFE, 0x69, 0xFE, 0x69, 0xFE, 0x69, 0xFE, 0x69, 0xFE, 0x69, 0xFE, 0x69,
    0xFE, 0x69, 0xFE, 0x69, 0xFE, 0x69, 0xFE, 0x69, 0xFE, 0x69, 0xFE, 0x29, 0xF6, 0x29, 0xF6, 0x29, 0xF6, 0x29, 0xF6,
    0x63, 0x93, 0x63, 0x93, 0x63, 0x93, 0x20, 0x62, 0x20, 0x62, 0x20, 0x62, 0x20, 0x62, 0x20, 0x62, 0x20, 0x62, 0x20,
    0x62, 0x20, 0x62, 0x20, 0x62, 0x20, 0x62, 0x20, 0x62, 0x20, 0x62, 0x20, 0x62, 0x20, 0x62, 0x20, 0x62, 0x20, 0x62,
    0x20, 0x62, 0x20, 0x62, 0x20, 0x62, 0x20, 0x62, 0x20, 0x62, 0x20, 0x62, 0x20, 0x62, 0x20, 0x62, 0x20, 0x62, 0x20,
    0x62, 0x20, 0x62, 0x20, 0x62, 0x20, 0x62, 0x20, 0x62, 0x20, 0x62, 0x20, 0x62, 0x20, 0x62, 0x20, 0x62, 0x20, 0x62,
    0x20, 0x62, 0x20, 0x62, 0x20, 0x62, 0x20, 0x62, 0x20, 0x62, 0x20, 0x62, 0x20, 0x62, 0x20, 0x62, 0x20, 0x62, 0x20,
    0x62, 0x20, 0x62, 0x20, 0x62, 0x20, 0x62, 0x20, 0x62, 0x20, 0x62, 0x20, 0x62, 0x20, 0x62, 0x20, 0x62, 0x20, 0x62,
    0x20, 0x62, 0x20, 0x62, 0x20, 0x62, 0x20, 0x62, 0x20, 0x62, 0x20, 0x62, 0x20, 0x62, 0x20, 0x62, 0x20, 0x62, 0x20,
    0x62, 0x20, 0x62, 0x20, 0x62, 0x20, 0x62, 0x20, 0x62, 0x20, 0x62, 0x20, 0x62, 0x20, 0x62, 0x20, 0x62, 0x20, 0x62,
    0x20, 0x62, 0x20, 0x62, 0x20, 0x62, 0x20, 0x62, 0x20, 0x62, 0x20, 0x62, 0x20, 0x62, 0x63, 0x93, 0x63, 0x93, 0x63,
    0x93, 0x29, 0xF6, 0x29, 0xF6, 0x29, 0xF6, 0x29, 0xF6, 0x69, 0xFE, 0x69, 0xFE, 0x69, 0xFE, 0x69, 0xFE, 0x69, 0xFE,
    0x69, 0xFE, 0x69, 0xFE, 0x69, 0xFE, 0x69, 0xFE, 0x69, 0xFE, 0x69, 0xFE, 0x69, 0xFE, 0x69, 0xFE, 0x69, 0xFE, 0x69,
    0xFE, 0x69, 0xFE, 0x69, 0xFE, 0x69, 0xFE, 0x69, 0xFE, 0x69, 0xFE, 0x69, 0xFE, 0x69, 0xFE, 0x69, 0xFE, 0x69, 0xFE,
    0x69, 0xFE, 0x69, 0xFE, 0x69, 0xFE, 0x69, 0xFE, 0x69, 0xFE, 0x69, 0xFE, 0x69, 0xFE, 0x69, 0xFE, 0x69, 0xFE, 0x69,
    0xFE, 0x69, 0xFE, 0x69, 0xFE, 0x69, 0xFE, 0x69, 0xFE, 0x69, 0xFE, 0x69, 0xFE, 0x69, 0xFE, 0x69, 0xFE, 0x69, 0xFE,
    0x89, 0x43, 0x89, 0x43, 0x89, 0x43, 0x89, 0x43, 0x89, 0x43, 0x89, 0x43, 0x89, 0x43, 0x89, 0x43, 0x89, 0x43, 0x89,
    0x43, 0x89, 0x43, 0x89, 0x43, 0x89, 0x43, 0x89, 0x43, 0x89, 0x43, 0x89, 0x43, 0x89, 0x43, 0x89, 0x43, 0x89, 0x43,
    0x89, 0x43, 0x89, 0x43, 0x89, 0x43, 0x89, 0x43, 0x89, 0x43, 0x89, 0x43, 0x89, 0x43, 0x89, 0x43, 0x89, 0x43, 0x89,
    0x43, 0x89, 0x43, 0x89, 0x43, 0x89, 0x43, 0x89, 0x43, 0x89, 0x43, 0x89, 0x43, 0x89, 0x43, 0x89, 0x43, 0x89, 0x43,
    0x89, 0x43, 0x89, 0x43, 0x89, 0x43, 0x89, 0x43, 0x89, 0x43, 0x89, 0x43, 0x89, 0x43, 0x89, 0x43, 0x89, 0x43, 0x89,
    0x43, 0x89, 0x43, 0x89, 0x43, 0x89, 0x43, 0x89, 0x43, 0x89, 0x43, 0x89, 0x43, 0x89, 0x43, 0x89, 0x43, 0x89, 0x43,
    0x89, 0x43, 0x89, 0x43, 0x89, 0x43, 0x69, 0xFE, 0x69, 0xFE, 0x69, 0xFE, 0x69, 0xFE, 0x69, 0xFE, 0x69, 0xFE, 0x69,
    0xFE, 0x69, 0xFE, 0x69, 0xFE, 0x69, 0xFE, 0x69, 0xFE, 0x69, 0xFE, 0x69, 0xFE, 0x69, 0xFE, 0x69, 0xFE, 0x69, 0xFE,
    0x69, 0xFE, 0x69, 0xFE, 0x69, 0xFE, 0x69, 0xFE, 0x69, 0xFE, 0x69, 0xFE, 0x69, 0xFE, 0x69, 0xFE, 0x69, 0xFE, 0x69,
    0xFE, 0x69, 0xFE, 0x69, 0xFE, 0x69, 0xFE, 0x69, 0xFE, 0x69, 0xFE, 0x69, 0xFE, 0x69, 0xFE, 0x69, 0xFE, 0x69, 0xFE,
    0x69, 0xFE, 0x69, 0xFE, 0x69, 0xFE, 0x69, 0xFE, 0x69, 0xFE, 0x69, 0xFE, 0x69, 0xFE, 0x69, 0xFE, 0x29, 0xF6, 0x29,
    0xF6, 0x29, 0xF6, 0x29, 0xF6, 0x63, 0x93, 0x63, 0x93, 0x63, 0x93, 0x20, 0x62, 0x20, 0x62, 0x20, 0x62, 0x20, 0x62,
    0x20, 0x62, 0x20, 0x62, 0x20, 0x62, 0x20, 0x62, 0x20, 0x62, 0x20, 0x62, 0x20, 0x62, 0x20, 0x62, 0x20, 0x62, 0x20,
    0x62, 0x20, 0x62, 0x20, 0x62, 0x20, 0x62, 0x20, 0x62, 0x20, 0x62, 0x20, 0x62, 0x20, 0x62, 0x20, 0x62, 0x20, 0x62,
    0x20, 0x62, 0x20, 0x62, 0x20, 0x62, 0x20, 0x62, 0x20, 0x62, 0x20, 0x62, 0x20, 0x62, 0x20, 0x62, 0x20, 0x62, 0x20,
    0x62, 0x20, 0x62, 0x20, 0x62, 0x20, 0x62, 0x20, 0x62, 0x20, 0x62, 0x20, 0x62, 0x20, 0x62, 0x20, 0x62, 0x20, 0x62,
    0x20, 0x62, 0x20, 0x62, 0x20, 0x62, 0x20, 0x62, 0x20, 0x62, 0x20, 0x62, 0x20, 0x62, 0x20, 0x62, 0x20, 0x62, 0x20,
    0x62, 0x20, 0x62, 0x20, 0x62, 0x20, 0x62, 0x20, 0x62, 0x20, 0x62, 0x20, 0x62, 0x20, 0x62, 0x20, 0x62, 0x20, 0x62,
    0x20, 0x62, 0x20, 0x62, 0x20, 0x62, 0x20, 0x62, 0x20, 0x62, 0x20, 0x62, 0x20, 0x62, 0x20, 0x62, 0x20, 0x62, 0x20,
    0x62, 0x20, 0x62, 0x20, 0x62, 0x20, 0x62, 0x20, 0x62, 0x20, 0x62, 0x20, 0x62, 0x20, 0x62, 0x20, 0x62, 0x20, 0x62,
    0x63, 0x93, 0x63, 0x93, 0x63, 0x93, 0x29, 0xF6, 0x29, 0xF6, 0x29, 0xF6, 0x29, 0xF6, 0x69, 0xFE, 0x69, 0xFE, 0x69,
    0xFE, 0x69, 0xFE, 0x69, 0xFE, 0x69, 0xFE, 0x69, 0xFE, 0x69, 0xFE, 0x69, 0xFE, 0x69, 0xFE, 0x69, 0xFE, 0x69, 0xFE,
    0x69, 0xFE, 0x69, 0xFE, 0x69, 0xFE, 0x69, 0xFE, 0x69, 0xFE, 0x69, 0xFE, 0x69, 0xFE, 0x69, 0xFE, 0x69, 0xFE, 0x69,
    0xFE, 0x69, 0xFE, 0x69, 0xFE, 0x69, 0xFE, 0x69, 0xFE, 0x69, 0xFE, 0x69, 0xFE, 0x69, 0xFE, 0x69, 0xFE, 0x69, 0xFE,
    0x69, 0xFE, 0x69, 0xFE, 0x69, 0xFE, 0x69, 0xFE, 0x69, 0xFE, 0x69, 0xFE, 0x69, 0xFE, 0x69, 0xFE, 0x69, 0xFE, 0x69,
    0xFE, 0x69, 0xFE, 0x69, 0xFE, 0x89, 0x43, 0x89, 0x43, 0x89, 0x43, 0x89, 0x43, 0x89, 0x43, 0x89, 0x43, 0x89, 0x43,
    0x89, 0x43, 0x89, 0x43, 0x89, 0x43, 0x89, 0x43, 0x89, 0x43, 0x89, 0x43, 0x89, 0x43, 0x89, 0x43, 0x89, 0x43, 0x89,
    0x43, 0x89, 0x43, 0x89, 0x43, 0x89, 0x43, 0x89, 0x43, 0x89, 0x43, 0x89, 0x43, 0x89, 0x43, 0x89, 0x43, 0x89, 0x43,
    0x89, 0x43, 0x89, 0x43, 0x89, 0x43, 0x89, 0x43, 0x89, 0x43, 0x89, 0x43, 0x89, 0x43, 0x89, 0x43, 0x89, 0x43, 0x89,
    0x43, 0x89, 0x43, 0x89, 0x43, 0x89, 0x43, 0x89, 0x43, 0x89, 0x43, 0x89, 0x43, 0x89, 0x43, 0x89, 0x43, 0x89, 0x43,
    0x89, 0x43, 0x89, 0x43, 0x89, 0x43, 0x89, 0x43, 0x89, 0x43, 0x89, 0x43, 0x89, 0x43, 0x89, 0x43, 0x89, 0x43, 0x89,
    0x43, 0x89, 0x43, 0x89, 0x43, 0x89, 0x43, 0x89, 0x43, 0x89, 0x43, 0x89, 0x43, 0x89, 0x43, 0x89, 0x43, 0x69, 0xFE,
    0x69, 0xFE, 0x69, 0xFE, 0x69, 0xFE, 0x69, 0xFE, 0x69, 0xFE, 0x69, 0xFE, 0x69, 0xFE, 0x69, 0xFE, 0x69, 0xFE, 0x69,
    0xFE, 0x69, 0xFE, 0x69, 0xFE, 0x69, 0xFE, 0x69, 0xFE, 0x69, 0xFE, 0x69, 0xFE, 0x69, 0xFE, 0x69, 0xFE, 0x69, 0xFE,
    0x69, 0xFE, 0x69, 0xFE, 0x69, 0xFE, 0x69, 0xFE, 0x69, 0xFE, 0x69, 0xFE, 0x69, 0xFE, 0x69, 0xFE, 0x69, 0xFE, 0x69,
    0xFE, 0x69, 0xFE, 0x69, 0xFE, 0x69, 0xFE, 0x69, 0xFE, 0x69, 0xFE, 0x69, 0xFE, 0x69, 0xFE, 0x69, 0xFE, 0x69, 0xFE,
    0x69, 0xFE, 0x69, 0xFE, 0x69, 0xFE, 0x69, 0xFE, 0x69, 0xFE, 0x69, 0xFE, 0x69, 0xFE, 0x69, 0xFE, 0x47, 0xDD, 0x47,
    0xDD, 0x47, 0xDD, 0x22, 0x8B, 0x22, 0x8B, 0x22, 0x8B, 0x22, 0x8B, 0x20, 0x62, 0x20, 0x62, 0x20, 0x62, 0x20, 0x62,
    0x20, 0x62, 0x20, 0x62, 0x20, 0x62, 0x20, 0x62, 0x20, 0x62, 0x20, 0x62, 0x20, 0x62, 0x20, 0x62, 0x20, 0x62, 0x20,
    0x62, 0x20, 0x62, 0x20, 0x62, 0x20, 0x62, 0x20, 0x62, 0x20, 0x62, 0x20, 0x62, 0x20, 0x62, 0x20, 0x62, 0x20, 0x62,
    0x20, 0x62, 0x20, 0x62, 0x20, 0x62, 0x20, 0x62, 0x20, 0x62, 0x20, 0x62, 0x20, 0x62, 0x20, 0x62, 0x20, 0x62, 0x20,
    0x62, 0x20, 0x62, 0x20, 0x62, 0x20, 0x62, 0x20, 0x62, 0x20, 0x62, 0x20, 0x62, 0x20, 0x62, 0x20, 0x62, 0x20, 0x62,
    0x20, 0x62, 0x20, 0x62, 0x20, 0x62, 0x20, 0x62, 0x20, 0x62, 0x20, 0x62, 0x20, 0x62, 0x20, 0x62, 0x20, 0x62, 0x20,
    0x62, 0x20, 0x62, 0x20, 0x62, 0x20, 0x62, 0x20, 0x62, 0x20, 0x62, 0x20, 0x62, 0x20, 0x62, 0x20, 0x62, 0x20, 0x62,
    0x20, 0x62, 0x20, 0x62, 0x20, 0x62, 0x20, 0x62, 0x20, 0x62, 0x22, 0x8B, 0x22, 0x8B, 0x22, 0x8B, 0x22, 0x8B, 0x47,
    0xDD, 0x47, 0xDD, 0x47, 0xDD, 0x69, 0xFE, 0x69, 0xFE, 0x69, 0xFE, 0x69, 0xFE, 0x69, 0xFE, 0x69, 0xFE, 0x69, 0xFE,
    0x69, 0xFE, 0x69, 0xFE, 0x69, 0xFE, 0x69, 0xFE, 0x69, 0xFE, 0x69, 0xFE, 0x69, 0xFE, 0x69, 0xFE, 0x69, 0xFE, 0x69,
    0xFE, 0x69, 0xFE, 0x69, 0xFE, 0x69, 0xFE, 0x69, 0xFE, 0x69, 0xFE, 0x69, 0xFE, 0x69, 0xFE, 0x69, 0xFE, 0x69, 0xFE,
    0x69, 0xFE, 0x69, 0xFE, 0x69, 0xFE, 0x69, 0xFE, 0x69, 0xFE, 0x69, 0xFE, 0x69, 0xFE, 0x69, 0xFE, 0x69, 0xFE, 0x69,
    0xFE, 0x69, 0xFE, 0x69, 0xFE, 0x69, 0xFE, 0x69, 0xFE, 0x69, 0xFE, 0x69, 0xFE, 0x69, 0xFE, 0x69, 0xFE, 0x69, 0xFE,
    0x69, 0xFE, 0x69, 0xFE, 0x89, 0x43, 0x89, 0x43, 0x89, 0x43, 0x89, 0x43, 0x89, 0x43, 0x89, 0x43, 0x89, 0x43, 0x89,
    0x43, 0x89, 0x43, 0x89, 0x43, 0x89, 0x43, 0x89, 0x43, 0x89, 0x43, 0x89, 0x43, 0x89, 0x43, 0x89, 0x43, 0x89, 0x43,
    0x89, 0x43, 0x89, 0x43, 0x89, 0x43, 0x89, 0x43, 0x89, 0x43, 0x89, 0x43, 0x89, 0x43, 0x89, 0x43, 0x89, 0x43, 0x89,
    0x43, 0x89, 0x43, 0x89, 0x43, 0x89, 0x43, 0x89, 0x43, 0x89, 0x43, 0x89, 0x43, 0x89, 0x43, 0x89, 0x43, 0x89, 0x43,
    0x89, 0x43, 0x89, 0x43, 0x89, 0x43, 0x89, 0x43, 0x89, 0x43, 0x89, 0x43, 0x89, 0x43, 0x89, 0x43, 0x89, 0x43, 0x89,
    0x43, 0x89, 0x43, 0x89, 0x43, 0x89, 0x43, 0x89, 0x43, 0x89, 0x43, 0x89, 0x43, 0x89, 0x43, 0x89, 0x43, 0x89, 0x43,
    0x89, 0x43, 0x89, 0x43, 0x89, 0x43, 0x89, 0x43, 0x89, 0x43, 0x89, 0x43, 0x89, 0x43, 0x89, 0x43, 0x89, 0x43, 0x89,
    0x43, 0x89, 0x43, 0x69, 0xFE, 0x69, 0xFE, 0x69, 0xFE, 0x69, 0xFE, 0x69, 0xFE, 0x69, 0xFE, 0x69, 0xFE, 0x69, 0xFE,
    0x69, 0xFE, 0x69, 0xFE, 0x69, 0xFE, 0x69, 0xFE, 0x69, 0xFE, 0x69, 0xFE, 0x69, 0xFE, 0x69, 0xFE, 0x69, 0xFE, 0x69,
    0xFE, 0x69, 0xFE, 0x69, 0xFE, 0x69, 0xFE, 0x69, 0xFE, 0x69, 0xFE, 0x69, 0xFE, 0x69, 0xFE, 0x69, 0xFE, 0x69, 0xFE,
    0x69, 0xFE, 0x69, 0xFE, 0x69, 0xFE, 0x69, 0xFE, 0x69, 0xFE, 0x69, 0xFE, 0x69, 0xFE, 0x69, 0xFE, 0x69, 0xFE, 0x69,
    0xFE, 0x69, 0xFE, 0x69, 0xFE, 0x69, 0xFE, 0x69, 0xFE, 0x69, 0xFE, 0x69, 0xFE, 0x69, 0xFE, 0x69, 0xFE, 0x69, 0xFE,
    0x69, 0xFE, 0x47, 0xDD, 0x47, 0xDD, 0x47, 0xDD, 0x22, 0x8B, 0x22, 0x8B, 0x22, 0x8B, 0x22, 0x8B, 0x20, 0x62, 0x20,
    0x62, 0x20, 0x62, 0x20, 0x62, 0x20, 0x62, 0x20, 0x62, 0x20, 0x62, 0x20, 0x62, 0x20, 0x62, 0x20, 0x62, 0x20, 0x62,
    0x20, 0x62, 0x20, 0x62, 0x20, 0x62, 0x20, 0x62, 0x20, 0x62, 0x20, 0x62, 0x20, 0x62, 0x20, 0x62, 0x20, 0x62, 0x20,
    0x62, 0x20, 0x62, 0x20, 0x62, 0x20, 0x62, 0x20, 0x62, 0x20, 0x62, 0x20, 0x62, 0x20, 0x62, 0x20, 0x62, 0x20, 0x62,
    0x20, 0x62, 0x20, 0x62, 0x20, 0x62, 0x20, 0x62, 0x20, 0x62, 0x20, 0x62, 0x20, 0x62, 0x20, 0x62, 0x20, 0x62, 0x20,
    0x62, 0x20, 0x62, 0x20, 0x62, 0x20, 0x62, 0x20, 0x62, 0x20, 0x62, 0x20, 0x62, 0x20, 0x62, 0x20, 0x62, 0x20, 0x62,
    0x20, 0x62, 0x20, 0x62, 0x20, 0x62, 0x20, 0x62, 0x20, 0x62, 0x20, 0x62, 0x20, 0x62, 0x20, 0x62, 0x20, 0x62, 0x20,
    0x62, 0x20, 0x62, 0x20, 0x62, 0x20, 0x62, 0x20, 0x62, 0x20, 0x62, 0x20, 0x62, 0x20, 0x62, 0x22, 0x8B, 0x22, 0x8B,
    0x22, 0x8B, 0x22, 0x8B, 0x47, 0xDD, 0x47, 0xDD, 0x47, 0xDD, 0x69, 0xFE, 0x69, 0xFE, 0x69, 0xFE, 0x69, 0xFE, 0x69,
    0xFE, 0x69, 0xFE, 0x69, 0xFE, 0x69, 0xFE, 0x69, 0xFE, 0x69, 0xFE, 0x69, 0xFE, 0x69, 0xFE, 0x69, 0xFE, 0x69, 0xFE,
    0x69, 0xFE, 0x69, 0xFE, 0x69, 0xFE, 0x69, 0xFE, 0x69, 0xFE, 0x69, 0xFE, 0x69, 0xFE, 0x69, 0xFE, 0x69, 0xFE, 0x69,
    0xFE, 0x69, 0xFE, 0x69, 0xFE, 0x69, 0xFE, 0x69, 0xFE, 0x69, 0xFE, 0x69, 0xFE, 0x69, 0xFE, 0x69, 0xFE, 0x69, 0xFE,
    0x69, 0xFE, 0x69, 0xFE, 0x69, 0xFE, 0x69, 0xFE, 0x69, 0xFE, 0x69, 0xFE, 0x69, 0xFE, 0x69, 0xFE, 0x69, 0xFE, 0x69,
    0xFE, 0x69, 0xFE, 0x69, 0xFE, 0x69, 0xFE, 0x69, 0xFE, 0x89, 0x43, 0x89, 0x43, 0x89, 0x43, 0x89, 0x43, 0x89, 0x43,
    0x89, 0x43, 0x89, 0x43, 0x89, 0x43, 0x89, 0x43, 0x89, 0x43, 0x89, 0x43, 0x89, 0x43, 0x89, 0x43, 0x89, 0x43, 0x89,
    0x43, 0x89, 0x43, 0x89, 0x43, 0x89, 0x43, 0x89, 0x43, 0x89, 0x43, 0x89, 0x43, 0x89, 0x43, 0x89, 0x43, 0x89, 0x43,
    0x89, 0x43, 0x89, 0x43, 0x89, 0x43, 0x89, 0x43, 0x89, 0x43, 0x89, 0x43, 0x89, 0x43, 0x89, 0x43, 0x89, 0x43, 0x89,
    0x43, 0x89, 0x43, 0x89, 0x43, 0x89, 0x43, 0x89, 0x43, 0x89, 0x43, 0x89, 0x43, 0x89, 0x43, 0x89, 0x43, 0x89, 0x43,
    0x89, 0x43, 0x89, 0x43, 0x89, 0x43, 0x89, 0x43, 0x89, 0x43, 0x89, 0x43, 0x89, 0x43, 0x89, 0x43, 0x89, 0x43, 0x89,
    0x43, 0x89, 0x43, 0x89, 0x43, 0x89, 0x43, 0x89, 0x43, 0x89, 0x43, 0x89, 0x43, 0x89, 0x43, 0x89, 0x43, 0x89, 0x43,
    0x89, 0x43, 0x89, 0x43, 0x89, 0x43, 0x89, 0x43, 0x69, 0xFE, 0x69, 0xFE, 0x69, 0xFE, 0x69, 0xFE, 0x69, 0xFE, 0x69,
    0xFE, 0x69, 0xFE, 0x69, 0xFE, 0x69, 0xFE, 0x69, 0xFE, 0x69, 0xFE, 0x69, 0xFE, 0x69, 0xFE, 0x69, 0xFE, 0x69, 0xFE,
    0x69, 0xFE, 0x69, 0xFE, 0x69, 0xFE, 0x69, 0xFE, 0x69, 0xFE, 0x69, 0xFE, 0x69, 0xFE, 0x69, 0xFE, 0x69, 0xFE, 0x69,
    0xFE, 0x69, 0xFE, 0x69, 0xFE, 0x69, 0xFE, 0x69, 0xFE, 0x69, 0xFE, 0x69, 0xFE, 0x69, 0xFE, 0x69, 0xFE, 0x69, 0xFE,
    0x69, 0xFE, 0x69, 0xFE, 0x69, 0xFE, 0x69, 0xFE, 0x69, 0xFE, 0x69, 0xFE, 0x69, 0xFE, 0x69, 0xFE, 0x69, 0xFE, 0x69,
    0xFE, 0x69, 0xFE, 0x69, 0xFE, 0x69, 0xFE, 0x47, 0xDD, 0x47, 0xDD, 0x47, 0xDD, 0x22, 0x8B, 0x22, 0x8B, 0x22, 0x8B,
    0x22, 0x8B, 0x20, 0x62, 0x20, 0x62, 0x20, 0x62, 0x20, 0x62, 0x20, 0x62, 0x20, 0x62, 0x20, 0x62, 0x20, 0x62, 0x20,
    0x62, 0x20, 0x62, 0x20, 0x62, 0x20, 0x62, 0x20, 0x62, 0x20, 0x62, 0x20, 0x62, 0x20, 0x62, 0x20, 0x62, 0x20, 0x62,
    0x20, 0x62, 0x20, 0x62, 0x20, 0x62, 0x20, 0x62, 0x20, 0x62, 0x20, 0x62, 0x20, 0x62, 0x20, 0x62, 0x20, 0x62, 0x20,
    0x62, 0x20, 0x62, 0x20, 0x62, 0x20, 0x62, 0x20, 0x62, 0x20, 0x62, 0x20, 0x62, 0x20, 0x62, 0x20, 0x62, 0x20, 0x62,
    0x20, 0x62, 0x20, 0x62, 0x20, 0x62, 0x20, 0x62, 0x20, 0x62, 0x20, 0x62, 0x20, 0x62, 0x20, 0x62, 0x20, 0x62, 0x20,
    0x62, 0x20, 0x62, 0x20, 0x62, 0x20, 0x62, 0x20, 0x62, 0x20, 0x62, 0x20, 0x62, 0x20, 0x62, 0x20, 0x62, 0x20, 0x62,
    0x20, 0x62, 0x20, 0x62, 0x20, 0x62, 0x20, 0x62, 0x20, 0x62, 0x20, 0x62, 0x20, 0x62, 0x20, 0x62, 0x20, 0x62, 0x20,
    0x62, 0x22, 0x8B, 0x22, 0x8B, 0x22, 0x8B, 0x22, 0x8B, 0x47, 0xDD, 0x47, 0xDD, 0x47, 0xDD, 0x69, 0xFE, 0x69, 0xFE,
    0x69, 0xFE, 0x69, 0xFE, 0x69, 0xFE, 0x69, 0xFE, 0x69, 0xFE, 0x69, 0xFE, 0x69, 0xFE, 0x69, 0xFE, 0x69, 0xFE, 0x69,
    0xFE, 0x69, 0xFE, 0x69, 0xFE, 0x69, 0xFE, 0x69, 0xFE, 0x69, 0xFE, 0x69, 0xFE, 0x69, 0xFE, 0x69, 0xFE, 0x69, 0xFE,
    0x69, 0xFE, 0x69, 0xFE, 0x69, 0xFE, 0x69, 0xFE, 0x69, 0xFE, 0x69, 0xFE, 0x69, 0xFE, 0x69, 0xFE, 0x69, 0xFE, 0x69,
    0xFE, 0x69, 0xFE, 0x69, 0xFE, 0x69, 0xFE, 0x69, 0xFE, 0x69, 0xFE, 0x69, 0xFE, 0x69, 0xFE, 0x69, 0xFE, 0x69, 0xFE,
    0x69, 0xFE, 0x69, 0xFE, 0x69, 0xFE, 0x69, 0xFE, 0x69, 0xFE, 0x69, 0xFE, 0x69, 0xFE, 0x89, 0x43, 0x89, 0x43, 0x89,
    0x43, 0x89, 0x43, 0x89, 0x43, 0x89, 0x43, 0x89, 0x43, 0x89, 0x43, 0x89, 0x43, 0x89, 0x43, 0x89, 0x43, 0x89, 0x43,
    0x89, 0x43, 0x89, 0x43, 0x89, 0x43, 0x89, 0x43, 0x89, 0x43, 0x89, 0x43, 0x89, 0x43, 0x89, 0x43, 0x89, 0x43, 0x89,
    0x43, 0x89, 0x43, 0x89, 0x43, 0x89, 0x43, 0x89, 0x43, 0x89, 0x43, 0x89, 0x43, 0x89, 0x43, 0x89, 0x43, 0x89, 0x43,
    0x89, 0x43, 0x89, 0x43, 0x89, 0x43, 0x89, 0x43, 0x89, 0x43, 0x89, 0x43, 0x89, 0x43, 0x89, 0x43, 0x89, 0x43, 0x89,
    0x43, 0x89, 0x43, 0x89, 0x43, 0x89, 0x43, 0x89, 0x43, 0x89, 0x43, 0x89, 0x43, 0x89, 0x43, 0x89, 0x43, 0x89, 0x43,
    0x89, 0x43, 0x89, 0x43, 0x89, 0x43, 0x89, 0x43, 0x89, 0x43, 0x89, 0x43, 0x89, 0x43, 0x89, 0x43, 0x89, 0x43, 0x89,
    0x43, 0x89, 0x43, 0x89, 0x43, 0x89, 0x43, 0x89, 0x43, 0x89, 0x43, 0x89, 0x43, 0x69, 0xFE, 0x69, 0xFE, 0x69, 0xFE,
    0x69, 0xFE, 0x69, 0xFE, 0x69, 0xFE, 0x69, 0xFE, 0x69, 0xFE, 0x69, 0xFE, 0x69, 0xFE, 0x69, 0xFE, 0x69, 0xFE, 0x69,
    0xFE, 0x69, 0xFE, 0x69, 0xFE, 0x69, 0xFE, 0x69, 0xFE, 0x69, 0xFE, 0x69, 0xFE, 0x69, 0xFE, 0x69, 0xFE, 0x69, 0xFE,
    0x69, 0xFE, 0x69, 0xFE, 0x69, 0xFE, 0x69, 0xFE, 0x69, 0xFE, 0x69, 0xFE, 0x69, 0xFE, 0x69, 0xFE, 0x69, 0xFE, 0x69,
    0xFE, 0x69, 0xFE, 0x69, 0xFE, 0x69, 0xFE, 0x69, 0xFE, 0x69, 0xFE, 0x69, 0xFE, 0x69, 0xFE, 0x69, 0xFE, 0x69, 0xFE,
    0x69, 0xFE, 0x69, 0xFE, 0x69, 0xFE, 0x69, 0xFE, 0x69, 0xFE, 0x69, 0xFE, 0x47, 0xDD, 0x47, 0xDD, 0x47, 0xDD, 0x22,
    0x8B, 0x22, 0x8B, 0x22, 0x8B, 0x22, 0x8B, 0x20, 0x62, 0x20, 0x62, 0x20, 0x62, 0x20, 0x62, 0x20, 0x62, 0x20, 0x62,
    0x20, 0x62, 0x20, 0x62, 0x20, 0x62, 0x20, 0x62, 0x20, 0x62, 0x20, 0x62, 0x20, 0x62, 0x20, 0x62, 0x20, 0x62, 0x20,
    0x62, 0x20, 0x62, 0x20, 0x62, 0x20, 0x62, 0x20, 0x62, 0x20, 0x62, 0x20, 0x62, 0x20, 0x62, 0x20, 0x62, 0x20, 0x62,
    0x20, 0x62, 0x20, 0x62, 0x20, 0x62, 0x20, 0x62, 0x20, 0x62, 0x20, 0x62, 0x20, 0x62, 0x20, 0x62, 0x20, 0x62, 0x20,
    0x62, 0x20, 0x62, 0x20, 0x62, 0x20, 0x62, 0x20, 0x62, 0x20, 0x62, 0x20, 0x62, 0x20, 0x62, 0x20, 0x62, 0x20, 0x62,
    0x20, 0x62, 0x20, 0x62, 0x20, 0x62, 0x20, 0x62, 0x20, 0x62, 0x20, 0x62, 0x20, 0x62, 0x20, 0x62, 0x20, 0x62, 0x20,
    0x62, 0x20, 0x62, 0x20, 0x62, 0x20, 0x62, 0x20, 0x62, 0x20, 0x62, 0x20, 0x62, 0x20, 0x62, 0x20, 0x62, 0x20, 0x62,
    0x20, 0x62, 0x20, 0x62, 0x20, 0x62, 0x22, 0x8B, 0x22, 0x8B, 0x22, 0x8B, 0x22, 0x8B, 0x47, 0xDD, 0x47, 0xDD, 0x47,
    0xDD, 0x69, 0xFE, 0x69, 0xFE, 0x69, 0xFE, 0x69, 0xFE, 0x69, 0xFE, 0x69, 0xFE, 0x69, 0xFE, 0x69, 0xFE, 0x69, 0xFE,
    0x69, 0xFE, 0x69, 0xFE, 0x69, 0xFE, 0x69, 0xFE, 0x69, 0xFE, 0x69, 0xFE, 0x69, 0xFE, 0x69, 0xFE, 0x69, 0xFE, 0x69,
    0xFE, 0x69, 0xFE, 0x69, 0xFE, 0x69, 0xFE, 0x69, 0xFE, 0x69, 0xFE, 0x69, 0xFE, 0x69, 0xFE, 0x69, 0xFE, 0x69, 0xFE,
    0x69, 0xFE, 0x69, 0xFE, 0x69, 0xFE, 0x69, 0xFE, 0x69, 0xFE, 0x69, 0xFE, 0x69, 0xFE, 0x69, 0xFE, 0x69, 0xFE, 0x69,
    0xFE, 0x69, 0xFE, 0x69, 0xFE, 0x69, 0xFE, 0x69, 0xFE, 0x69, 0xFE, 0x69, 0xFE, 0x69, 0xFE, 0x69, 0xFE, 0x69, 0xFE,
    0x89, 0x43, 0x89, 0x43, 0x89, 0x43, 0x89, 0x43, 0x89, 0x43, 0x89, 0x43, 0x89, 0x43, 0x89, 0x43, 0x89, 0x43, 0x89,
    0x43, 0x89, 0x43, 0x89, 0x43, 0x89, 0x43, 0x89, 0x43, 0x89, 0x43, 0x89, 0x43, 0x89, 0x43, 0x89, 0x43, 0x89, 0x43,
    0x89, 0x43, 0x89, 0x43, 0x89, 0x43, 0x89, 0x43, 0x89, 0x43, 0x89, 0x43, 0x89, 0x43, 0x89, 0x43, 0x89, 0x43, 0x89,
    0x43, 0x89, 0x43, 0x89, 0x43, 0x89, 0x43, 0x89, 0x43, 0x89, 0x43, 0x89, 0x43, 0x89, 0x43, 0x89, 0x43, 0x89, 0x43,
    0x89, 0x43, 0x89, 0x43, 0x89, 0x43, 0x89, 0x43, 0x89, 0x43, 0x89, 0x43, 0x89, 0x43, 0x89, 0x43, 0x89, 0x43, 0x89,
    0x43, 0x89, 0x43, 0x89, 0x43, 0x89, 0x43, 0x89, 0x43, 0x89, 0x43, 0x89, 0x43, 0x89, 0x43, 0x89, 0x43, 0x89, 0x43,
    0x89, 0x43, 0x89, 0x43, 0x89, 0x43, 0x89, 0x43, 0x89, 0x43, 0x89, 0x43, 0x89, 0x43, 0x89, 0x43, 0x89, 0x43, 0x89,
    0x43, 0x89, 0x43, 0x89, 0x43, 0x89, 0x43, 0x69, 0xFE, 0x69, 0xFE, 0x69, 0xFE, 0x69, 0xFE, 0x69, 0xFE, 0x69, 0xFE,
    0x69, 0xFE, 0x69, 0xFE, 0x69, 0xFE, 0x69, 0xFE, 0x69, 0xFE, 0x69, 0xFE, 0x69, 0xFE, 0x69, 0xFE, 0x69, 0xFE, 0x69,
    0xFE, 0x69, 0xFE, 0x69, 0xFE, 0x69, 0xFE, 0x69, 0xFE, 0x69, 0xFE, 0x69, 0xFE, 0x69, 0xFE, 0x69, 0xFE, 0x69, 0xFE,
    0x69, 0xFE, 0x69, 0xFE, 0x69, 0xFE, 0x69, 0xFE, 0x69, 0xFE, 0x69, 0xFE, 0x69, 0xFE, 0x69, 0xFE, 0x69, 0xFE, 0x69,
    0xFE, 0x69, 0xFE, 0x69, 0xFE, 0x69, 0xFE, 0x69, 0xFE, 0x69, 0xFE, 0x69, 0xFE, 0x69, 0xFE, 0x69, 0xFE, 0x69, 0xFE,
    0x69, 0xFE, 0x69, 0xFE, 0x69, 0xFE, 0x69, 0xFE, 0x69, 0xFE, 0x69, 0xFE, 0x87, 0xE5, 0x87, 0xE5, 0x87, 0xE5, 0xC3,
    0x9B, 0xC3, 0x9B, 0xC3, 0x9B, 0x60, 0x72, 0x60, 0x72, 0x60, 0x72, 0x60, 0x72, 0x20, 0x62, 0x20, 0x62, 0x20, 0x62,
    0x20, 0x62, 0x20, 0x62, 0x20, 0x62, 0x20, 0x62, 0x20, 0x62, 0x20, 0x62, 0x20, 0x62, 0x20, 0x62, 0x20, 0x62, 0x20,
    0x62, 0x20, 0x62, 0x20, 0x62, 0x20, 0x62, 0x20, 0x62, 0x20, 0x62, 0x20, 0x62, 0x20, 0x62, 0x20, 0x62, 0x20, 0x62,
    0x20, 0x62, 0x20, 0x62, 0x20, 0x62, 0x20, 0x62, 0x20, 0x62, 0x20, 0x62, 0x20, 0x62, 0x20, 0x62, 0x20, 0x62, 0x20,
    0x62, 0x20, 0x62, 0x20, 0x62, 0x20, 0x62, 0x20, 0x62, 0x20, 0x62, 0x20, 0x62, 0x20, 0x62, 0x20, 0x62, 0x20, 0x62,
    0x20, 0x62, 0x20, 0x62, 0x20, 0x62, 0x20, 0x62, 0x20, 0x62, 0x60, 0x72, 0x60, 0x72, 0x60, 0x72, 0x60, 0x72, 0xC3,
    0x9B, 0xC3, 0x9B, 0xC3, 0x9B, 0x87, 0xE5, 0x87, 0xE5, 0x87, 0xE5, 0x69, 0xFE, 0x69, 0xFE, 0x69, 0xFE, 0x69, 0xFE,
    0x69, 0xFE, 0x69, 0xFE, 0x69, 0xFE, 0x69, 0xFE, 0x69, 0xFE, 0x69, 0xFE, 0x69, 0xFE, 0x69, 0xFE, 0x69, 0xFE, 0x69,
    0xFE, 0x69, 0xFE, 0x69, 0xFE, 0x69, 0xFE, 0x69, 0xFE, 0x69, 0xFE, 0x69, 0xFE, 0x69, 0xFE, 0x69, 0xFE, 0x69, 0xFE,
    0x69, 0xFE, 0x69, 0xFE, 0x69, 0xFE, 0x69, 0xFE, 0x69, 0xFE, 0x69, 0xFE, 0x69, 0xFE, 0x69, 0xFE, 0x69, 0xFE, 0x69,
    0xFE, 0x69, 0xFE, 0x69, 0xFE, 0x69, 0xFE, 0x69, 0xFE, 0x69, 0xFE, 0x69, 0xFE, 0x69, 0xFE, 0x69, 0xFE, 0x69, 0xFE,
    0x69, 0xFE, 0x69, 0xFE, 0x69, 0xFE, 0x69, 0xFE, 0x69, 0xFE, 0x69, 0xFE, 0x69, 0xFE, 0x69, 0xFE, 0x89, 0x43, 0x89,
    0x43, 0x89, 0x43, 0x89, 0x43, 0x89, 0x43, 0x89, 0x43, 0x89, 0x43, 0x89, 0x43, 0x89, 0x43, 0x89, 0x43, 0x89, 0x43,
    0x89, 0x43, 0x89, 0x43, 0x89, 0x43, 0x89, 0x43, 0x89, 0x43, 0x89, 0x43, 0x89, 0x43, 0x89, 0x43, 0x89, 0x43, 0x89,
    0x43, 0x89, 0x43, 0x89, 0x43, 0x89, 0x43, 0x89, 0x43, 0x89, 0x43, 0x89, 0x43, 0x89, 0x43, 0x89, 0x43, 0x89, 0x43,
    0x89, 0x43, 0x89, 0x43, 0x89, 0x43, 0x89, 0x43, 0x89, 0x43, 0x89, 0x43, 0x89, 0x43, 0x89, 0x43, 0x89, 0x43, 0x89,
    0x43, 0x89, 0x43, 0x89, 0x43, 0x89, 0x43, 0x89, 0x43, 0x89, 0x43, 0x89, 0x43, 0x89, 0x43, 0x89, 0x43, 0x89, 0x43,
    0x89, 0x43, 0x89, 0x43, 0x89, 0x43, 0x89, 0x43, 0x89, 0x43, 0x89, 0x43, 0x89, 0x43, 0x89, 0x43, 0x89, 0x43, 0x89,
    0x43, 0x89, 0x43, 0x89, 0x43, 0x89, 0x43, 0x89, 0x43, 0x89, 0x43, 0x89, 0x43, 0x89, 0x43, 0x89, 0x43, 0x89, 0x43,
    0x89, 0x43, 0x89, 0x43, 0x89, 0x43, 0x89, 0x43, 0x89, 0x43, 0x89, 0x43, 0x69, 0xFE, 0x69, 0xFE, 0x69, 0xFE, 0x69,
    0xFE, 0x69, 0xFE, 0x69, 0xFE, 0x69, 0xFE, 0x69, 0xFE, 0x69, 0xFE, 0x69, 0xFE, 0x69, 0xFE, 0x69, 0xFE, 0x69, 0xFE,
    0x69, 0xFE, 0x69, 0xFE, 0x69, 0xFE, 0x69, 0xFE, 0x69, 0xFE, 0x69, 0xFE, 0x69, 0xFE, 0x69, 0xFE, 0x69, 0xFE, 0x69,
    0xFE, 0x69, 0xFE, 0x69, 0xFE, 0x69, 0xFE, 0x69, 0xFE, 0x69, 0xFE, 0x69, 0xFE, 0x69, 0xFE, 0x69, 0xFE, 0x69, 0xFE,
    0x69, 0xFE, 0x69, 0xFE, 0x69, 0xFE, 0x69, 0xFE, 0x69, 0xFE, 0x69, 0xFE, 0x69, 0xFE, 0x69, 0xFE, 0x69, 0xFE, 0x69,
    0xFE, 0x69, 0xFE, 0x69, 0xFE, 0x69, 0xFE, 0x69, 0xFE, 0x69, 0xFE, 0x69, 0xFE, 0x69, 0xFE, 0x69, 0xFE, 0x87, 0xE5,
    0x87, 0xE5, 0x87, 0xE5, 0xC3, 0x9B, 0xC3, 0x9B, 0xC3, 0x9B, 0x60, 0x72, 0x60, 0x72, 0x60, 0x72, 0x60, 0x72, 0x20,
    0x62, 0x20, 0x62, 0x20, 0x62, 0x20, 0x62, 0x20, 0x62, 0x20, 0x62, 0x20, 0x62, 0x20, 0x62, 0x20, 0x62, 0x20, 0x62,
    0x20, 0x62, 0x20, 0x62, 0x20, 0x62, 0x20, 0x62, 0x20, 0x62, 0x20, 0x62, 0x20, 0x62, 0x20, 0x62, 0x20, 0x62, 0x20,
    0x62, 0x20, 0x62, 0x20, 0x62, 0x20, 0x62, 0x20, 0x62, 0x20, 0x62, 0x20, 0x62, 0x20, 0x62, 0x20, 0x62, 0x20, 0x62,
    0x20, 0x62, 0x20, 0x62, 0x20, 0x62, 0x20, 0x62, 0x20, 0x62, 0x20, 0x62, 0x20, 0x62, 0x20, 0x62, 0x20, 0x62, 0x20,
    0x62, 0x20, 0x62, 0x20, 0x62, 0x20, 0x62, 0x20, 0x62, 0x20, 0x62, 0x20, 0x62, 0x20, 0x62, 0x60, 0x72, 0x60, 0x72,
    0x60, 0x72, 0x60, 0x72, 0xC3, 0x9B, 0xC3, 0x9B, 0xC3, 0x9B, 0x87, 0xE5, 0x87, 0xE5, 0x87, 0xE5, 0x69, 0xFE, 0x69,
    0xFE, 0x69, 0xFE, 0x69, 0xFE, 0x69, 0xFE, 0x69, 0xFE, 0x69, 0xFE, 0x69, 0xFE, 0x69, 0xFE, 0x69, 0xFE, 0x69, 0xFE,
    0x69, 0xFE, 0x69, 0xFE, 0x69, 0xFE, 0x69, 0xFE, 0x69, 0xFE, 0x69, 0xFE, 0x69, 0xFE, 0x69, 0xFE, 0x69, 0xFE, 0x69,
    0xFE, 0x69, 0xFE, 0x69, 0xFE, 0x69, 0xFE, 0x69, 0xFE, 0x69, 0xFE, 0x69, 0xFE, 0x69, 0xFE, 0x69, 0xFE, 0x69, 0xFE,
    0x69, 0xFE, 0x69, 0xFE, 0x69, 0xFE, 0x69, 0xFE, 0x69, 0xFE, 0x69, 0xFE, 0x69, 0xFE, 0x69, 0xFE, 0x69, 0xFE, 0x69,
    0xFE, 0x69, 0xFE, 0x69, 0xFE, 0x69, 0xFE, 0x69, 0xFE, 0x69, 0xFE, 0x69, 0xFE, 0x69, 0xFE, 0x69, 0xFE, 0x69, 0xFE,
    0x69, 0xFE, 0x89, 0x43, 0x89, 0x43, 0x89, 0x43, 0x89, 0x43, 0x89, 0x43, 0x89, 0x43, 0x89, 0x43, 0x89, 0x43, 0x89,
    0x43, 0x89, 0x43, 0x89, 0x43, 0x89, 0x43, 0x89, 0x43, 0x89, 0x43, 0x89, 0x43, 0x89, 0x43, 0x89, 0x43, 0x89, 0x43,
    0x89, 0x43, 0x89, 0x43, 0x89, 0x43, 0x89, 0x43, 0x89, 0x43, 0x89, 0x43, 0x89, 0x43, 0x89, 0x43, 0x89, 0x43, 0x89,
    0x43, 0x89, 0x43, 0x89, 0x43, 0x89, 0x43, 0x89, 0x43, 0x89, 0x43, 0x89, 0x43, 0x89, 0x43, 0x89, 0x43, 0x89, 0x43,
    0x89, 0x43, 0x89, 0x43, 0x89, 0x43, 0x89, 0x43, 0x89, 0x43, 0x89, 0x43, 0x89, 0x43, 0x89, 0x43, 0x89, 0x43, 0x89,
    0x43, 0x89, 0x43, 0x89, 0x43, 0x89, 0x43, 0x89, 0x43, 0x89, 0x43, 0x89, 0x43, 0x89, 0x43, 0x89, 0x43, 0x89, 0x43,
    0x89, 0x43, 0x89, 0x43, 0x89, 0x43, 0x89, 0x43, 0x89, 0x43, 0x89, 0x43, 0x89, 0x43, 0x89, 0x43, 0x89, 0x43, 0x89,
    0x43, 0x89, 0x43, 0x89, 0x43, 0x89, 0x43, 0x89, 0x43, 0x89, 0x43, 0x89, 0x43, 0x89, 0x43, 0x89, 0x43, 0x69, 0xFE,
    0x69, 0xFE, 0x69, 0xFE, 0x69, 0xFE, 0x69, 0xFE, 0x69, 0xFE, 0x69, 0xFE, 0x69, 0xFE, 0x69, 0xFE, 0x69, 0xFE, 0x69,
    0xFE, 0x69, 0xFE, 0x69, 0xFE, 0x69, 0xFE, 0x69, 0xFE, 0x69, 0xFE, 0x69, 0xFE, 0x69, 0xFE, 0x69, 0xFE, 0x69, 0xFE,
    0x69, 0xFE, 0x69, 0xFE, 0x69, 0xFE, 0x69, 0xFE, 0x69, 0xFE, 0x69, 0xFE, 0x69, 0xFE, 0x69, 0xFE, 0x69, 0xFE, 0x69,
    0xFE, 0x69, 0xFE, 0x69, 0xFE, 0x69, 0xFE, 0x69, 0xFE, 0x69, 0xFE, 0x69, 0xFE, 0x69, 0xFE, 0x69, 0xFE, 0x69, 0xFE,
    0x69, 0xFE, 0x69, 0xFE, 0x69, 0xFE, 0x69, 0xFE, 0x69, 0xFE, 0x69, 0xFE, 0x69, 0xFE, 0x69, 0xFE, 0x69, 0xFE, 0x69,
    0xFE, 0x69, 0xFE, 0x87, 0xE5, 0x87, 0xE5, 0x87, 0xE5, 0xC3, 0x9B, 0xC3, 0x9B, 0xC3, 0x9B, 0x60, 0x72, 0x60, 0x72,
    0x60, 0x72, 0x60, 0x72, 0x20, 0x62, 0x20, 0x62, 0x20, 0x62, 0x20, 0x62, 0x20, 0x62, 0x20, 0x62, 0x20, 0x62, 0x20,
    0x62, 0x20, 0x62, 0x20, 0x62, 0x20, 0x62, 0x20, 0x62, 0x20, 0x62, 0x20, 0x62, 0x20, 0x62, 0x20, 0x62, 0x20, 0x62,
    0x20, 0x62, 0x20, 0x62, 0x20, 0x62, 0x20, 0x62, 0x20, 0x62, 0x20, 0x62, 0x20, 0x62, 0x20, 0x62, 0x20, 0x62, 0x20,
    0x62, 0x20, 0x62, 0x20, 0x62, 0x20, 0x62, 0x20, 0x62, 0x20, 0x62, 0x20, 0x62, 0x20, 0x62, 0x20, 0x62, 0x20, 0x62,
    0x20, 0x62, 0x20, 0x62, 0x20, 0x62, 0x20, 0x62, 0x20, 0x62, 0x20, 0x62, 0x20, 0x62, 0x20, 0x62, 0x20, 0x62, 0x20,
    0x62, 0x60, 0x72, 0x60, 0x72, 0x60, 0x72, 0x60, 0x72, 0xC3, 0x9B, 0xC3, 0x9B, 0xC3, 0x9B, 0x87, 0xE5, 0x87, 0xE5,
    0x87, 0xE5, 0x69, 0xFE, 0x69, 0xFE, 0x69, 0xFE, 0x69, 0xFE, 0x69, 0xFE, 0x69, 0xFE, 0x69, 0xFE, 0x69, 0xFE, 0x69,
    0xFE, 0x69, 0xFE, 0x69, 0xFE, 0x69, 0xFE, 0x69, 0xFE, 0x69, 0xFE, 0x69, 0xFE, 0x69, 0xFE, 0x69, 0xFE, 0x69, 0xFE,
    0x69, 0xFE, 0x69, 0xFE, 0x69, 0xFE, 0x69, 0xFE, 0x69, 0xFE, 0x69, 0xFE, 0x69, 0xFE, 0x69, 0xFE, 0x69, 0xFE, 0x69,
    0xFE, 0x69, 0xFE, 0x69, 0xFE, 0x69, 0xFE, 0x69, 0xFE, 0x69, 0xFE, 0x69, 0xFE, 0x69, 0xFE, 0x69, 0xFE, 0x69, 0xFE,
    0x69, 0xFE, 0x69, 0xFE, 0x69, 0xFE, 0x69, 0xFE, 0x69, 0xFE, 0x69, 0xFE, 0x69, 0xFE, 0x69, 0xFE, 0x69, 0xFE, 0x69,
    0xFE, 0x69, 0xFE, 0x69, 0xFE, 0x69, 0xFE, 0x89, 0x43, 0x89, 0x43, 0x89, 0x43, 0x89, 0x43, 0x89, 0x43, 0x89, 0x43,
    0x89, 0x43, 0x89, 0x43, 0x89, 0x43, 0x89, 0x43, 0x89, 0x43, 0x89, 0x43, 0x89, 0x43, 0x89, 0x43, 0x89, 0x43, 0x89,
    0x43, 0x89, 0x43, 0x89, 0x43, 0x89, 0x43, 0x89, 0x43, 0x89, 0x43, 0x89, 0x43, 0x89, 0x43, 0x89, 0x43, 0x89, 0x43,
    0x89, 0x43, 0x89, 0x43, 0x89, 0x43, 0x89, 0x43, 0x89, 0x43, 0x89, 0x43, 0x89, 0x43, 0x89, 0x43, 0x89, 0x43, 0x89,
    0x43, 0x89, 0x43, 0x89, 0x43, 0x89, 0x43, 0x89, 0x43, 0x89, 0x43, 0x89, 0x43, 0x89, 0x43, 0x89, 0x43, 0x89, 0x43,
    0x89, 0x43, 0x89, 0x43, 0x89, 0x43, 0x89, 0x43, 0x89, 0x43, 0x89, 0x43, 0x89, 0x43, 0x89, 0x43, 0x89, 0x43, 0x89,
    0x43, 0x89, 0x43, 0x89, 0x43, 0x89, 0x43, 0x89, 0x43, 0x89, 0x43, 0x89, 0x43, 0x89, 0x43, 0x89, 0x43, 0x89, 0x43,
    0x89, 0x43, 0x89, 0x43, 0x89, 0x43, 0x89, 0x43, 0x89, 0x43, 0x89, 0x43, 0x89, 0x43, 0x89, 0x43, 0x89, 0x43, 0x89,
    0x43, 0x89, 0x43, 0x89, 0x43, 0x89, 0x43, 0x89, 0x43, 0x69, 0xFE, 0x69, 0xFE, 0x69, 0xFE, 0x69, 0xFE, 0x69, 0xFE,
    0x69, 0xFE, 0x69, 0xFE, 0x69, 0xFE, 0x69, 0xFE, 0x69, 0xFE, 0x69, 0xFE, 0x69, 0xFE, 0x69, 0xFE, 0x69, 0xFE, 0x69,
    0xFE, 0x69, 0xFE, 0x69, 0xFE, 0x69, 0xFE, 0x69, 0xFE, 0x69, 0xFE, 0x69, 0xFE, 0x69, 0xFE, 0x69, 0xFE, 0x69, 0xFE,
    0x69, 0xFE, 0x69, 0xFE, 0x69, 0xFE, 0x69, 0xFE, 0x69, 0xFE, 0x69, 0xFE, 0x69, 0xFE, 0x69, 0xFE, 0x69, 0xFE, 0x69,
    0xFE, 0x69, 0xFE, 0x69, 0xFE, 0x69, 0xFE, 0x69, 0xFE, 0x69, 0xFE, 0x69, 0xFE, 0x69, 0xFE, 0x69, 0xFE, 0x69, 0xFE,
    0x69, 0xFE, 0x69, 0xFE, 0x69, 0xFE, 0x69, 0xFE, 0x69, 0xFE, 0x69, 0xFE, 0x69, 0xFE, 0x69, 0xFE, 0x69, 0xFE, 0x69,
    0xFE, 0x69, 0xFE, 0x69, 0xFE, 0x69, 0xFE, 0x69, 0xFE, 0x47, 0xDD, 0x47, 0xDD, 0x47, 0xDD, 0x44, 0xB4, 0x44, 0xB4,
    0x44, 0xB4, 0x22, 0x8B, 0x22, 0x8B, 0x22, 0x8B, 0x22, 0x8B, 0xA1, 0x7A, 0xA1, 0x7A, 0xA1, 0x7A, 0x20, 0x62, 0x20,
    0x62, 0x20, 0x62, 0x20, 0x62, 0x20, 0x62, 0x20, 0x62, 0x20, 0x62, 0x20, 0x62, 0x20, 0x62, 0x20, 0x62, 0x20, 0x62,
    0x20, 0x62, 0x20, 0x62, 0x20, 0x62, 0x20, 0x62, 0x20, 0x62, 0x20, 0x62, 0x20, 0x62, 0x20, 0x62, 0x20, 0x62, 0xA1,
    0x7A, 0xA1, 0x7A, 0xA1, 0x7A, 0x22, 0x8B, 0x22, 0x8B, 0x22, 0x8B, 0x22, 0x8B, 0x44, 0xB4, 0x44, 0xB4, 0x44, 0xB4,
    0x47, 0xDD, 0x47, 0xDD, 0x47, 0xDD, 0x69, 0xFE, 0x69, 0xFE, 0x69, 0xFE, 0x69, 0xFE, 0x69, 0xFE, 0x69, 0xFE, 0x69,
    0xFE, 0x69, 0xFE, 0x69, 0xFE, 0x69, 0xFE, 0x69, 0xFE, 0x69, 0xFE, 0x69, 0xFE, 0x69, 0xFE, 0x69, 0xFE, 0x69, 0xFE,
    0x69, 0xFE, 0x69, 0xFE, 0x69, 0xFE, 0x69, 0xFE, 0x69, 0xFE, 0x69, 0xFE, 0x69, 0xFE, 0x69, 0xFE, 0x69, 0xFE, 0x69,
    0xFE, 0x69, 0xFE, 0x69, 0xFE, 0x69, 0xFE, 0x69, 0xFE, 0x69, 0xFE, 0x69, 0xFE, 0x69, 0xFE, 0x69, 0xFE, 0x69, 0xFE,
    0x69, 0xFE, 0x69, 0xFE, 0x69, 0xFE, 0x69, 0xFE, 0x69, 0xFE, 0x69, 0xFE, 0x69, 0xFE, 0x69, 0xFE, 0x69, 0xFE, 0x69,
    0xFE, 0x69, 0xFE, 0x69, 0xFE, 0x69, 0xFE, 0x69, 0xFE, 0x69, 0xFE, 0x69, 0xFE, 0x69, 0xFE, 0x69, 0xFE, 0x69, 0xFE,
    0x69, 0xFE, 0x69, 0xFE, 0x69, 0xFE, 0x89, 0x43, 0x89, 0x43, 0x89, 0x43, 0x89, 0x43, 0x89, 0x43, 0x89, 0x43, 0x89,
    0x43, 0x89, 0x43, 0x89, 0x43, 0x89, 0x43, 0x89, 0x43, 0x89, 0x43, 0x89, 0x43, 0x89, 0x43, 0x89, 0x43, 0x89, 0x43,
    0x89, 0x43, 0x89, 0x43, 0x89, 0x43, 0x89, 0x43, 0x89, 0x43, 0x89, 0x43, 0x89, 0x43, 0x89, 0x43, 0x89, 0x43, 0x89,
    0x43, 0x89, 0x43, 0x89, 0x43, 0x89, 0x43, 0x89, 0x43, 0x89, 0x43, 0x89, 0x43, 0x89, 0x43, 0x89, 0x43, 0x89, 0x43,
    0x89, 0x43, 0x89, 0x43, 0x89, 0x43, 0x89, 0x43, 0x89, 0x43, 0x89, 0x43, 0x89, 0x43, 0x89, 0x43, 0x89, 0x43, 0x89,
    0x43, 0x89, 0x43, 0x89, 0x43, 0x89, 0x43, 0x89, 0x43, 0x89, 0x43, 0x89, 0x43, 0x89, 0x43, 0x89, 0x43, 0x89, 0x43,
    0x89, 0x43, 0x89, 0x43, 0x89, 0x43, 0x89, 0x43, 0x89, 0x43, 0x89, 0x43, 0x89, 0x43, 0x89, 0x43, 0x89, 0x43, 0x89,
    0x43, 0x89, 0x43, 0x89, 0x43, 0x89, 0x43, 0x89, 0x43, 0x89, 0x43, 0x89, 0x43, 0x89, 0x43, 0x89, 0x43, 0x89, 0x43,
    0x89, 0x43, 0x89, 0x43, 0x89, 0x43, 0x89, 0x43, 0x89, 0x43, 0x89, 0x43, 0x89, 0x43, 0x69, 0xFE, 0x69, 0xFE, 0x69,
    0xFE, 0x69, 0xFE, 0x69, 0xFE, 0x69, 0xFE, 0x69, 0xFE, 0x69, 0xFE, 0x69, 0xFE, 0x69, 0xFE, 0x69, 0xFE, 0x69, 0xFE,
    0x69, 0xFE, 0x69, 0xFE, 0x69, 0xFE, 0x69, 0xFE, 0x69, 0xFE, 0x69, 0xFE, 0x69, 0xFE, 0x69, 0xFE, 0x69, 0xFE, 0x69,
    0xFE, 0x69, 0xFE, 0x69, 0xFE, 0x69, 0xFE, 0x69, 0xFE, 0x69, 0xFE, 0x69, 0xFE, 0x69, 0xFE, 0x69, 0xFE, 0x69, 0xFE,
    0x69, 0xFE, 0x69, 0xFE, 0x69, 0xFE, 0x69, 0xFE, 0x69, 0xFE, 0x69, 0xFE, 0x69, 0xFE, 0x69, 0xFE, 0x69, 0xFE, 0x69,
    0xFE, 0x69, 0xFE, 0x69, 0xFE, 0x69, 0xFE, 0x69, 0xFE, 0x69, 0xFE, 0x69, 0xFE, 0x69, 0xFE, 0x69, 0xFE, 0x69, 0xFE,
    0x69, 0xFE, 0x69, 0xFE, 0x69, 0xFE, 0x69, 0xFE, 0x69, 0xFE, 0x69, 0xFE, 0x69, 0xFE, 0x47, 0xDD, 0x47, 0xDD, 0x47,
    0xDD, 0x44, 0xB4, 0x44, 0xB4, 0x44, 0xB4, 0x22, 0x8B, 0x22, 0x8B, 0x22, 0x8B, 0x22, 0x8B, 0xA1, 0x7A, 0xA1, 0x7A,
    0xA1, 0x7A, 0x20, 0x62, 0x20, 0x62, 0x20, 0x62, 0x20, 0x62, 0x20, 0x62, 0x20, 0x62, 0x20, 0x62, 0x20, 0x62, 0x20,
    0x62, 0x20, 0x62, 0x20, 0x62, 0x20, 0x62, 0x20, 0x62, 0x20, 0x62, 0x20, 0x62, 0x20, 0x62, 0x20, 0x62, 0x20, 0x62,
    0x20, 0x62, 0x20, 0x62, 0xA1, 0x7A, 0xA1, 0x7A, 0xA1, 0x7A, 0x22, 0x8B, 0x22, 0x8B, 0x22, 0x8B, 0x22, 0x8B, 0x44,
    0xB4, 0x44, 0xB4, 0x44, 0xB4, 0x47, 0xDD, 0x47, 0xDD, 0x47, 0xDD, 0x69, 0xFE, 0x69, 0xFE, 0x69, 0xFE, 0x69, 0xFE,
    0x69, 0xFE, 0x69, 0xFE, 0x69, 0xFE, 0x69, 0xFE, 0x69, 0xFE, 0x69, 0xFE, 0x69, 0xFE, 0x69, 0xFE, 0x69, 0xFE, 0x69,
    0xFE, 0x69, 0xFE, 0x69, 0xFE, 0x69, 0xFE, 0x69, 0xFE, 0x69, 0xFE, 0x69, 0xFE, 0x69, 0xFE, 0x69, 0xFE, 0x69, 0xFE,
    0x69, 0xFE, 0x69, 0xFE, 0x69, 0xFE, 0x69, 0xFE, 0x69, 0xFE, 0x69, 0xFE, 0x69, 0xFE, 0x69, 0xFE, 0x69, 0xFE, 0x69,
    0xFE, 0x69, 0xFE, 0x69, 0xFE, 0x69, 0xFE, 0x69, 0xFE, 0x69, 0xFE, 0x69, 0xFE, 0x69, 0xFE, 0x69, 0xFE, 0x69, 0xFE,
    0x69, 0xFE, 0x69, 0xFE, 0x69, 0xFE, 0x69, 0xFE, 0x69, 0xFE, 0x69, 0xFE, 0x69, 0xFE, 0x69, 0xFE, 0x69, 0xFE, 0x69,
    0xFE, 0x69, 0xFE, 0x69, 0xFE, 0x69, 0xFE, 0x69, 0xFE, 0x69, 0xFE, 0x89, 0x43, 0x89, 0x43, 0x89, 0x43, 0x89, 0x43,
    0x89, 0x43, 0x89, 0x43, 0x89, 0x43, 0x89, 0x43, 0x89, 0x43, 0x89, 0x43, 0x89, 0x43, 0x89, 0x43, 0x89, 0x43, 0x89,
    0x43, 0x89, 0x43, 0x89, 0x43, 0x89, 0x43, 0x89, 0x43, 0x89, 0x43, 0x89, 0x43, 0x89, 0x43, 0x89, 0x43, 0x89, 0x43,
    0x89, 0x43, 0x89, 0x43, 0x89, 0x43, 0x89, 0x43, 0x89, 0x43, 0x89, 0x43, 0x89, 0x43, 0x89, 0x43, 0x89, 0x43, 0x89,
    0x43, 0x89, 0x43, 0x89, 0x43, 0x89, 0x43, 0x89, 0x43, 0x89, 0x43, 0x89, 0x43, 0x89, 0x43, 0x89, 0x43, 0x89, 0x43,
    0x89, 0x43, 0x89, 0x43, 0x89, 0x43, 0x89, 0x43, 0x89, 0x43, 0x89, 0x43, 0x89, 0x43, 0x89, 0x43, 0x89, 0x43, 0x89,
    0x43, 0x89, 0x43, 0x89, 0x43, 0x89, 0x43, 0x89, 0x43, 0x89, 0x43, 0x89, 0x43, 0x89, 0x43, 0x89, 0x43, 0x89, 0x43,
    0x89, 0x43, 0x89, 0x43, 0x89, 0x43, 0x89, 0x43, 0x89, 0x43, 0x89, 0x43, 0x89, 0x43, 0x89, 0x43, 0x89, 0x43, 0x89,
    0x43, 0x89, 0x43, 0x89, 0x43, 0x89, 0x43, 0x89, 0x43, 0x89, 0x43, 0x89, 0x43, 0x89, 0x43, 0x89, 0x43, 0x89, 0x43,
    0x69, 0xFE, 0x69, 0xFE, 0x69, 0xFE, 0x69, 0xFE, 0x69, 0xFE, 0x69, 0xFE, 0x69, 0xFE, 0x69, 0xFE, 0x69, 0xFE, 0x69,
    0xFE, 0x69, 0xFE, 0x69, 0xFE, 0x69, 0xFE, 0x69, 0xFE, 0x69, 0xFE, 0x69, 0xFE, 0x69, 0xFE, 0x69, 0xFE, 0x69, 0xFE,
    0x69, 0xFE, 0x69, 0xFE, 0x69, 0xFE, 0x69, 0xFE, 0x69, 0xFE, 0x69, 0xFE, 0x69, 0xFE, 0x69, 0xFE, 0x69, 0xFE, 0x69,
    0xFE, 0x69, 0xFE, 0x69, 0xFE, 0x69, 0xFE, 0x69, 0xFE, 0x69, 0xFE, 0x69, 0xFE, 0x69, 0xFE, 0x69, 0xFE, 0x69, 0xFE,
    0x69, 0xFE, 0x69, 0xFE, 0x69, 0xFE, 0x69, 0xFE, 0x69, 0xFE, 0x69, 0xFE, 0x69, 0xFE, 0x69, 0xFE, 0x69, 0xFE, 0x69,
    0xFE, 0x69, 0xFE, 0x69, 0xFE, 0x69, 0xFE, 0x69, 0xFE, 0x69, 0xFE, 0x69, 0xFE, 0x69, 0xFE, 0x69, 0xFE, 0x69, 0xFE,
    0x47, 0xDD, 0x47, 0xDD, 0x47, 0xDD, 0x44, 0xB4, 0x44, 0xB4, 0x44, 0xB4, 0x22, 0x8B, 0x22, 0x8B, 0x22, 0x8B, 0x22,
    0x8B, 0xA1, 0x7A, 0xA1, 0x7A, 0xA1, 0x7A, 0x20, 0x62, 0x20, 0x62, 0x20, 0x62, 0x20, 0x62, 0x20, 0x62, 0x20, 0x62,
    0x20, 0x62, 0x20, 0x62, 0x20, 0x62, 0x20, 0x62, 0x20, 0x62, 0x20, 0x62, 0x20, 0x62, 0x20, 0x62, 0x20, 0x62, 0x20,
    0x62, 0x20, 0x62, 0x20, 0x62, 0x20, 0x62, 0x20, 0x62, 0xA1, 0x7A, 0xA1, 0x7A, 0xA1, 0x7A, 0x22, 0x8B, 0x22, 0x8B,
    0x22, 0x8B, 0x22, 0x8B, 0x44, 0xB4, 0x44, 0xB4, 0x44, 0xB4, 0x47, 0xDD, 0x47, 0xDD, 0x47, 0xDD, 0x69, 0xFE, 0x69,
    0xFE, 0x69, 0xFE, 0x69, 0xFE, 0x69, 0xFE, 0x69, 0xFE, 0x69, 0xFE, 0x69, 0xFE, 0x69, 0xFE, 0x69, 0xFE, 0x69, 0xFE,
    0x69, 0xFE, 0x69, 0xFE, 0x69, 0xFE, 0x69, 0xFE, 0x69, 0xFE, 0x69, 0xFE, 0x69, 0xFE, 0x69, 0xFE, 0x69, 0xFE, 0x69,
    0xFE, 0x69, 0xFE, 0x69, 0xFE, 0x69, 0xFE, 0x69, 0xFE, 0x69, 0xFE, 0x69, 0xFE, 0x69, 0xFE, 0x69, 0xFE, 0x69, 0xFE,
    0x69, 0xFE, 0x69, 0xFE, 0x69, 0xFE, 0x69, 0xFE, 0x69, 0xFE, 0x69, 0xFE, 0x69, 0xFE, 0x69, 0xFE, 0x69, 0xFE, 0x69,
    0xFE, 0x69, 0xFE, 0x69, 0xFE, 0x69, 0xFE, 0x69, 0xFE, 0x69, 0xFE, 0x69, 0xFE, 0x69, 0xFE, 0x69, 0xFE, 0x69, 0xFE,
    0x69, 0xFE, 0x69, 0xFE, 0x69, 0xFE, 0x69, 0xFE, 0x69, 0xFE, 0x69, 0xFE, 0x69, 0xFE, 0x69, 0xFE, 0x89, 0x43, 0x89,
    0x43, 0x89, 0x43, 0x89, 0x43, 0x89, 0x43, 0x89, 0x43, 0x89, 0x43, 0x89, 0x43, 0x89, 0x43, 0x89, 0x43, 0x89, 0x43,
    0x89, 0x43, 0x89, 0x43, 0x89, 0x43, 0x89, 0x43, 0x89, 0x43, 0x89, 0x43, 0x89, 0x43, 0x89, 0x43, 0x89, 0x43, 0x89,
    0x43, 0x89, 0x43, 0x89, 0x43, 0x89, 0x43, 0x89, 0x43, 0x89, 0x43, 0x89, 0x43, 0x89, 0x43, 0x89, 0x43, 0x89, 0x43,
    0x89, 0x43, 0x89, 0x43, 0x89, 0x43, 0x89, 0x43, 0x89, 0x43, 0x89, 0x43, 0x89, 0x43, 0x89, 0x43, 0x89, 0x43, 0x89,
    0x43, 0x89, 0x43, 0x89, 0x43, 0x89, 0x43, 0x89, 0x43, 0x89, 0x43, 0x89, 0x43, 0x89, 0x43, 0x89, 0x43, 0x89, 0x43,
    0x89, 0x43, 0x89, 0x43, 0x89, 0x43, 0x89, 0x43, 0x89, 0x43, 0x89, 0x43, 0x89, 0x43, 0x89, 0x43, 0x89, 0x43, 0x89,
    0x43, 0x89, 0x43, 0x89, 0x43, 0x89, 0x43, 0x89, 0x43, 0x89, 0x43, 0x89, 0x43, 0x89, 0x43, 0x89, 0x43, 0x89, 0x43,
    0x89, 0x43, 0x89, 0x43, 0x89, 0x43, 0x89, 0x43, 0x89, 0x43, 0x89, 0x43, 0x89, 0x43, 0x89, 0x43, 0x89, 0x43, 0x89,
    0x43, 0x89, 0x43, 0x89, 0x43, 0x89, 0x43, 0x89, 0x43, 0x89, 0x43, 0x69, 0xFE, 0x69, 0xFE, 0x69, 0xFE, 0x69, 0xFE,
    0x69, 0xFE, 0x69, 0xFE, 0x69, 0xFE, 0x69, 0xFE, 0x69, 0xFE, 0x69, 0xFE, 0x69, 0xFE, 0x69, 0xFE, 0x69, 0xFE, 0x69,
    0xFE, 0x69, 0xFE, 0x69, 0xFE, 0x69, 0xFE, 0x69, 0xFE, 0x69, 0xFE, 0x69, 0xFE, 0x69, 0xFE, 0x69, 0xFE, 0x69, 0xFE,
    0x69, 0xFE, 0x69, 0xFE, 0x69, 0xFE, 0x69, 0xFE, 0x69, 0xFE, 0x69, 0xFE, 0x69, 0xFE, 0x69, 0xFE, 0x69, 0xFE, 0x69,
    0xFE, 0x69, 0xFE, 0x69, 0xFE, 0x69, 0xFE, 0x69, 0xFE, 0x69, 0xFE, 0x69, 0xFE, 0x69, 0xFE, 0x69, 0xFE, 0x69, 0xFE,
    0x69, 0xFE, 0x69, 0xFE, 0x69, 0xFE, 0x69, 0xFE, 0x69, 0xFE, 0x69, 0xFE, 0x69, 0xFE, 0x69, 0xFE, 0x69, 0xFE, 0x69,
    0xFE, 0x69, 0xFE, 0x69, 0xFE, 0x69, 0xFE, 0x69, 0xFE, 0x69, 0xFE, 0x69, 0xFE, 0x69, 0xFE, 0x69, 0xFE, 0x69, 0xFE,
    0x69, 0xFE, 0x69, 0xFE, 0x69, 0xFE, 0x69, 0xFE, 0x69, 0xFE, 0x69, 0xFE, 0x69, 0xFE, 0x69, 0xFE, 0x69, 0xFE, 0x69,
    0xFE, 0x69, 0xFE, 0x69, 0xFE, 0x69, 0xFE, 0x69, 0xFE, 0x69, 0xFE, 0x69, 0xFE, 0x69, 0xFE, 0x69, 0xFE, 0x69, 0xFE,
    0x69, 0xFE, 0x69, 0xFE, 0x69, 0xFE, 0x69, 0xFE, 0x69, 0xFE, 0x69, 0xFE, 0x69, 0xFE, 0x69, 0xFE, 0x69, 0xFE, 0x69,
    0xFE, 0x69, 0xFE, 0x69, 0xFE, 0x69, 0xFE, 0x69, 0xFE, 0x69, 0xFE, 0x69, 0xFE, 0x69, 0xFE, 0x69, 0xFE, 0x69, 0xFE,
    0x69, 0xFE, 0x69, 0xFE, 0x69, 0xFE, 0x69, 0xFE, 0x69, 0xFE, 0x69, 0xFE, 0x69, 0xFE, 0x69, 0xFE, 0x69, 0xFE, 0x69,
    0xFE, 0x69, 0xFE, 0x69, 0xFE, 0x69, 0xFE, 0x69, 0xFE, 0x69, 0xFE, 0x69, 0xFE, 0x69, 0xFE, 0x69, 0xFE, 0x69, 0xFE,
    0x69, 0xFE, 0x69, 0xFE, 0x69, 0xFE, 0x69, 0xFE, 0x69, 0xFE, 0x69, 0xFE, 0x69, 0xFE, 0x69, 0xFE, 0x69, 0xFE, 0x69,
    0xFE, 0x69, 0xFE, 0x69, 0xFE, 0x69, 0xFE, 0x69, 0xFE, 0x69, 0xFE, 0x69, 0xFE, 0x69, 0xFE, 0x69, 0xFE, 0x69, 0xFE,
    0x69, 0xFE, 0x69, 0xFE, 0x69, 0xFE, 0x69, 0xFE, 0x69, 0xFE, 0x69, 0xFE, 0x69, 0xFE, 0x69, 0xFE, 0x69, 0xFE, 0x69,
    0xFE, 0x69, 0xFE, 0x69, 0xFE, 0x69, 0xFE, 0x69, 0xFE, 0x69, 0xFE, 0x69, 0xFE, 0x69, 0xFE, 0x89, 0x43, 0x89, 0x43,
    0x89, 0x43, 0x89, 0x43, 0x89, 0x43, 0x89, 0x43, 0x89, 0x43, 0x89, 0x43, 0x89, 0x43, 0x89, 0x43, 0x89, 0x43, 0x89,
    0x43, 0x89, 0x43, 0x89, 0x43, 0x89, 0x43, 0x89, 0x43, 0x89, 0x43, 0x89, 0x43, 0x89, 0x43, 0x89, 0x43, 0x89, 0x43,
    0x89, 0x43, 0x89, 0x43, 0x89, 0x43, 0x89, 0x43, 0x89, 0x43, 0x89, 0x43, 0x89, 0x43, 0x89, 0x43, 0x89, 0x43, 0x89,
    0x43, 0x89, 0x43, 0x89, 0x43, 0x89, 0x43, 0x89, 0x43, 0x89, 0x43, 0x89, 0x43, 0x89, 0x43, 0x89, 0x43, 0x89, 0x43,
    0x89, 0x43, 0x89, 0x43, 0x89, 0x43, 0x89, 0x43, 0x89, 0x43, 0x89, 0x43, 0x89, 0x43, 0x89, 0x43, 0x89, 0x43, 0x89,
    0x43, 0x89, 0x43, 0x89, 0x43, 0x89, 0x43, 0x89, 0x43, 0x89, 0x43, 0x89, 0x43, 0x89, 0x43, 0x89, 0x43, 0x89, 0x43,
    0x89, 0x43, 0x89, 0x43, 0x89, 0x43, 0x89, 0x43, 0x89, 0x43, 0x89, 0x43, 0x89, 0x43, 0x89, 0x43, 0x89, 0x43, 0x89,
    0x43, 0x89, 0x43, 0x89, 0x43, 0x89, 0x43, 0x89, 0x43, 0x89, 0x43, 0x89, 0x43, 0x89, 0x43, 0x89, 0x43, 0x89, 0x43,
    0x89, 0x43, 0x89, 0x43, 0x89, 0x43, 0x89, 0x43, 0x89, 0x43, 0x89, 0x43, 0x89, 0x43, 0x89, 0x43, 0x69, 0xFE, 0x69,
    0xFE, 0x69, 0xFE, 0x69, 0xFE, 0x69, 0xFE, 0x69, 0xFE, 0x69, 0xFE, 0x69, 0xFE, 0x69, 0xFE, 0x69, 0xFE, 0x69, 0xFE,
    0x69, 0xFE, 0x69, 0xFE, 0x69, 0xFE, 0x69, 0xFE, 0x69, 0xFE, 0x69, 0xFE, 0x69, 0xFE, 0x69, 0xFE, 0x69, 0xFE, 0x69,
    0xFE, 0x69, 0xFE, 0x69, 0xFE, 0x69, 0xFE, 0x69, 0xFE, 0x69, 0xFE, 0x69, 0xFE, 0x69, 0xFE, 0x69, 0xFE, 0x69, 0xFE,
    0x69, 0xFE, 0x69, 0xFE, 0x69, 0xFE, 0x69, 0xFE, 0x69, 0xFE, 0x69, 0xFE, 0x69, 0xFE, 0x69, 0xFE, 0x69, 0xFE, 0x69,
    0xFE, 0x69, 0xFE, 0x69, 0xFE, 0x69, 0xFE, 0x69, 0xFE, 0x69, 0xFE, 0x69, 0xFE, 0x69, 0xFE, 0x69, 0xFE, 0x69, 0xFE,
    0x69, 0xFE, 0x69, 0xFE, 0x69, 0xFE, 0x69, 0xFE, 0x69, 0xFE, 0x69, 0xFE, 0x69, 0xFE, 0x69, 0xFE, 0x69, 0xFE, 0x69,
    0xFE, 0x69, 0xFE, 0x69, 0xFE, 0x69, 0xFE, 0x69, 0xFE, 0x69, 0xFE, 0x69, 0xFE, 0x69, 0xFE, 0x69, 0xFE, 0x69, 0xFE,
    0x69, 0xFE, 0x69, 0xFE, 0x69, 0xFE, 0x69, 0xFE, 0x69, 0xFE, 0x69, 0xFE, 0x69, 0xFE, 0x69, 0xFE, 0x69, 0xFE, 0x69,
    0xFE, 0x69, 0xFE, 0x69, 0xFE, 0x69, 0xFE, 0x69, 0xFE, 0x69, 0xFE, 0x69, 0xFE, 0x69, 0xFE, 0x69, 0xFE, 0x69, 0xFE,
    0x69, 0xFE, 0x69, 0xFE, 0x69, 0xFE, 0x69, 0xFE, 0x69, 0xFE, 0x69, 0xFE, 0x69, 0xFE, 0x69, 0xFE, 0x69, 0xFE, 0x69,
    0xFE, 0x69, 0xFE, 0x69, 0xFE, 0x69, 0xFE, 0x69, 0xFE, 0x69, 0xFE, 0x69, 0xFE, 0x69, 0xFE, 0x69, 0xFE, 0x69, 0xFE,
    0x69, 0xFE, 0x69, 0xFE, 0x69, 0xFE, 0x69, 0xFE, 0x69, 0xFE, 0x69, 0xFE, 0x69, 0xFE, 0x69, 0xFE, 0x69, 0xFE, 0x69,
    0xFE, 0x69, 0xFE, 0x69, 0xFE, 0x69, 0xFE, 0x69, 0xFE, 0x69, 0xFE, 0x69, 0xFE, 0x69, 0xFE, 0x69, 0xFE, 0x69, 0xFE,
    0x69, 0xFE, 0x69, 0xFE, 0x69, 0xFE, 0x69, 0xFE, 0x69, 0xFE, 0x69, 0xFE, 0x69, 0xFE, 0x69, 0xFE, 0x69, 0xFE, 0x69,
    0xFE, 0x69, 0xFE, 0x69, 0xFE, 0x69, 0xFE, 0x69, 0xFE, 0x69, 0xFE, 0x69, 0xFE, 0x69, 0xFE, 0x69, 0xFE, 0x69, 0xFE,
    0x69, 0xFE, 0x69, 0xFE, 0x69, 0xFE, 0x69, 0xFE, 0x69, 0xFE, 0x69, 0xFE, 0x69, 0xFE, 0x69, 0xFE, 0x69, 0xFE, 0x69,
    0xFE, 0x89, 0x43, 0x89, 0x43, 0x89, 0x43, 0x89, 0x43, 0x89, 0x43, 0x89, 0x43, 0x89, 0x43, 0x89, 0x43, 0x89, 0x43,
    0x89, 0x43, 0x89, 0x43, 0x89, 0x43, 0x89, 0x43, 0x89, 0x43, 0x89, 0x43, 0x89, 0x43, 0x89, 0x43, 0x89, 0x43, 0x89,
    0x43, 0x89, 0x43, 0x89, 0x43, 0x89, 0x43, 0x89, 0x43, 0x89, 0x43, 0x89, 0x43, 0x89, 0x43, 0x89, 0x43, 0x89, 0x43,
    0x89, 0x43, 0x89, 0x43, 0x89, 0x43, 0x89, 0x43, 0x89, 0x43, 0x89, 0x43, 0x89, 0x43, 0x89, 0x43, 0x89, 0x43, 0x89,
    0x43, 0x89, 0x43, 0x89, 0x43, 0x89, 0x43, 0x89, 0x43, 0x89, 0x43, 0x89, 0x43, 0x89, 0x43, 0x89, 0x43, 0x89, 0x43,
    0x89, 0x43, 0x89, 0x43, 0x89, 0x43, 0x89, 0x43, 0x89, 0x43, 0x89, 0x43, 0x89, 0x43, 0x89, 0x43, 0x89, 0x43, 0x89,
    0x43, 0x89, 0x43, 0x89, 0x43, 0x89, 0x43, 0x89, 0x43, 0x89, 0x43, 0x89, 0x43, 0x89, 0x43, 0x89, 0x43, 0x89, 0x43,
    0x89, 0x43, 0x89, 0x43, 0x89, 0x43, 0x89, 0x43, 0x89, 0x43, 0x89, 0x43, 0x89, 0x43, 0x89, 0x43, 0x89, 0x43, 0x89,
    0x43, 0x89, 0x43, 0x89, 0x43, 0x89, 0x43, 0x89, 0x43, 0x89, 0x43, 0x89, 0x43, 0x89, 0x43, 0x89, 0x43, 0x89, 0x43,
    0x89, 0x43, 0x69, 0xFE, 0x69, 0xFE, 0x69, 0xFE, 0x69, 0xFE, 0x69, 0xFE, 0x69, 0xFE, 0x69, 0xFE, 0x69, 0xFE, 0x69,
    0xFE, 0x69, 0xFE, 0x69, 0xFE, 0x69, 0xFE, 0x69, 0xFE, 0x69, 0xFE, 0x69, 0xFE, 0x69, 0xFE, 0x69, 0xFE, 0x69, 0xFE,
    0x69, 0xFE, 0x69, 0xFE, 0x69, 0xFE, 0x69, 0xFE, 0x69, 0xFE, 0x69, 0xFE, 0x69, 0xFE, 0x69, 0xFE, 0x69, 0xFE, 0x69,
    0xFE, 0x69, 0xFE, 0x69, 0xFE, 0x69, 0xFE, 0x69, 0xFE, 0x69, 0xFE, 0x69, 0xFE, 0x69, 0xFE, 0x69, 0xFE, 0x69, 0xFE,
    0x69, 0xFE, 0x69, 0xFE, 0x69, 0xFE, 0x69, 0xFE, 0x69, 0xFE, 0x69, 0xFE, 0x69, 0xFE, 0x69, 0xFE, 0x69, 0xFE, 0x69,
    0xFE, 0x69, 0xFE, 0x69, 0xFE, 0x69, 0xFE, 0x69, 0xFE, 0x69, 0xFE, 0x69, 0xFE, 0x69, 0xFE, 0x69, 0xFE, 0x69, 0xFE,
    0x69, 0xFE, 0x69, 0xFE, 0x69, 0xFE, 0x69, 0xFE, 0x69, 0xFE, 0x69, 0xFE, 0x69, 0xFE, 0x69, 0xFE, 0x69, 0xFE, 0x69,
    0xFE, 0x69, 0xFE, 0x69, 0xFE, 0x69, 0xFE, 0x69, 0xFE, 0x69, 0xFE, 0x69, 0xFE, 0x69, 0xFE, 0x69, 0xFE, 0x69, 0xFE,
    0x69, 0xFE, 0x69, 0xFE, 0x69, 0xFE, 0x69, 0xFE, 0x69, 0xFE, 0x69, 0xFE, 0x69, 0xFE, 0x69, 0xFE, 0x69, 0xFE, 0x69,
    0xFE, 0x69, 0xFE, 0x69, 0xFE, 0x69, 0xFE, 0x69, 0xFE, 0x69, 0xFE, 0x69, 0xFE, 0x69, 0xFE, 0x69, 0xFE, 0x69, 0xFE,
    0x69, 0xFE, 0x69, 0xFE, 0x69, 0xFE, 0x69, 0xFE, 0x69, 0xFE, 0x69, 0xFE, 0x69, 0xFE, 0x69, 0xFE, 0x69, 0xFE, 0x69,
    0xFE, 0x69, 0xFE, 0x69, 0xFE, 0x69, 0xFE, 0x69, 0xFE, 0x69, 0xFE, 0x69, 0xFE, 0x69, 0xFE, 0x69, 0xFE, 0x69, 0xFE,
    0x69, 0xFE, 0x69, 0xFE, 0x69, 0xFE, 0x69, 0xFE, 0x69, 0xFE, 0x69, 0xFE, 0x69, 0xFE, 0x69, 0xFE, 0x69, 0xFE, 0x69,
    0xFE, 0x69, 0xFE, 0x69, 0xFE, 0x69, 0xFE, 0x69, 0xFE, 0x69, 0xFE, 0x69, 0xFE, 0x69, 0xFE, 0x69, 0xFE, 0x69, 0xFE,
    0x69, 0xFE, 0x69, 0xFE, 0x69, 0xFE, 0x69, 0xFE, 0x69, 0xFE, 0x69, 0xFE, 0x69, 0xFE, 0x69, 0xFE, 0x69, 0xFE, 0x69,
    0xFE, 0x69, 0xFE, 0x69, 0xFE, 0x69, 0xFE, 0x69, 0xFE, 0x69, 0xFE, 0x69, 0xFE, 0x69, 0xFE, 0x69, 0xFE, 0x69, 0xFE,
    0x69, 0xFE, 0x69, 0xFE, 0x69, 0xFE, 0x89, 0x43, 0x89, 0x43, 0x89, 0x43, 0x89, 0x43, 0x89, 0x43, 0x89, 0x43, 0x89,
    0x43, 0x89, 0x43, 0x89, 0x43, 0x89, 0x43, 0x89, 0x43, 0x89, 0x43, 0x89, 0x43, 0x89, 0x43, 0x89, 0x43, 0x89, 0x43,
    0x89, 0x43, 0x89, 0x43, 0x89, 0x43, 0x89, 0x43, 0x89, 0x43, 0x89, 0x43, 0x89, 0x43, 0x89, 0x43, 0x89, 0x43, 0x89,
    0x43, 0x89, 0x43, 0x89, 0x43, 0x89, 0x43, 0x89, 0x43, 0x89, 0x43, 0x89, 0x43, 0x89, 0x43, 0x89, 0x43, 0x89, 0x43,
    0x89, 0x43, 0x89, 0x43, 0x89, 0x43, 0x89, 0x43, 0x89, 0x43, 0x89, 0x43, 0x89, 0x43, 0x89, 0x43, 0x89, 0x43, 0x89,
    0x43, 0x89, 0x43, 0x89, 0x43, 0x89, 0x43, 0x89, 0x43, 0x89, 0x43, 0x89, 0x43, 0x89, 0x43, 0x89, 0x43, 0x89, 0x43,
    0x89, 0x43, 0x89, 0x43, 0x89, 0x43, 0x89, 0x43, 0x89, 0x43, 0x89, 0x43, 0x89, 0x43, 0x89, 0x43, 0x89, 0x43, 0x89,
    0x43, 0x89, 0x43, 0x89, 0x43, 0x89, 0x43, 0x89, 0x43, 0x89, 0x43, 0x89, 0x43, 0x89, 0x43, 0x89, 0x43, 0x89, 0x43,
    0x89, 0x43, 0x89, 0x43, 0x89, 0x43, 0x89, 0x43, 0x89, 0x43, 0x89, 0x43, 0x89, 0x43, 0x89, 0x43, 0x89, 0x43, 0x89,
    0x43, 0x89, 0x43, 0x89, 0x43, 0x89, 0x43, 0x69, 0xFE, 0x69, 0xFE, 0x69, 0xFE, 0x69, 0xFE, 0x69, 0xFE, 0x69, 0xFE,
    0x69, 0xFE, 0x69, 0xFE, 0x69, 0xFE, 0x69, 0xFE, 0x69, 0xFE, 0x69, 0xFE, 0x69, 0xFE, 0x69, 0xFE, 0x69, 0xFE, 0x69,
    0xFE, 0x69, 0xFE, 0x69, 0xFE, 0x69, 0xFE, 0x69, 0xFE, 0x69, 0xFE, 0x69, 0xFE, 0x69, 0xFE, 0x69, 0xFE, 0x69, 0xFE,
    0x69, 0xFE, 0x69, 0xFE, 0x69, 0xFE, 0x69, 0xFE, 0x69, 0xFE, 0x69, 0xFE, 0x69, 0xFE, 0x69, 0xFE, 0x69, 0xFE, 0x69,
    0xFE, 0x69, 0xFE, 0x69, 0xFE, 0x69, 0xFE, 0x69, 0xFE, 0x69, 0xFE, 0x69, 0xFE, 0x69, 0xFE, 0x69, 0xFE, 0x69, 0xFE,
    0x69, 0xFE, 0x69, 0xFE, 0x69, 0xFE, 0x69, 0xFE, 0x69, 0xFE, 0x69, 0xFE, 0x69, 0xFE, 0x69, 0xFE, 0x69, 0xFE, 0x69,
    0xFE, 0x69, 0xFE, 0x69, 0xFE, 0x69, 0xFE, 0x69, 0xFE, 0x69, 0xFE, 0x69, 0xFE, 0x69, 0xFE, 0x69, 0xFE, 0x69, 0xFE,
    0x69, 0xFE, 0x69, 0xFE, 0x69, 0xFE, 0x69, 0xFE, 0x69, 0xFE, 0x69, 0xFE, 0x69, 0xFE, 0x69, 0xFE, 0x69, 0xFE, 0x69,
    0xFE, 0x69, 0xFE, 0x69, 0xFE, 0x69, 0xFE, 0x69, 0xFE, 0x69, 0xFE, 0x69, 0xFE, 0x69, 0xFE, 0x69, 0xFE, 0x69, 0xFE,
    0x69, 0xFE, 0x69, 0xFE, 0x69, 0xFE, 0x69, 0xFE, 0x69, 0xFE, 0x69, 0xFE, 0x69, 0xFE, 0x69, 0xFE, 0x69, 0xFE, 0x69,
    0xFE, 0x69, 0xFE, 0x69, 0xFE, 0x69, 0xFE, 0x69, 0xFE, 0x69, 0xFE, 0x69, 0xFE, 0x69, 0xFE, 0x69, 0xFE, 0x69, 0xFE,
    0x69, 0xFE, 0x69, 0xFE, 0x69, 0xFE, 0x69, 0xFE, 0x69, 0xFE, 0x69, 0xFE, 0x69, 0xFE, 0x69, 0xFE, 0x69, 0xFE, 0x69,
    0xFE, 0x69, 0xFE, 0x69, 0xFE, 0x69, 0xFE, 0x69, 0xFE, 0x69, 0xFE, 0x69, 0xFE, 0x69, 0xFE, 0x69, 0xFE, 0x69, 0xFE,
    0x69, 0xFE, 0x69, 0xFE, 0x69, 0xFE, 0x69, 0xFE, 0x69, 0xFE, 0x69, 0xFE, 0x69, 0xFE, 0x69, 0xFE, 0x69, 0xFE, 0x69,
    0xFE, 0x69, 0xFE, 0x69, 0xFE, 0x69, 0xFE, 0x69, 0xFE, 0x69, 0xFE, 0x69, 0xFE, 0x69, 0xFE, 0x69, 0xFE, 0x69, 0xFE,
    0x69, 0xFE, 0x69, 0xFE, 0x69, 0xFE, 0x69, 0xFE, 0x69, 0xFE, 0x69, 0xFE, 0x69, 0xFE, 0x69, 0xFE, 0x69, 0xFE, 0x69,
    0xFE, 0x69, 0xFE, 0x69, 0xFE, 0x69, 0xFE, 0x69, 0xFE, 0x69, 0xFE, 0x89, 0x43, 0x89, 0x43, 0x89, 0x43, 0x89, 0x43,
    0x89, 0x43, 0x89, 0x43, 0x89, 0x43, 0x89, 0x43, 0x89, 0x43, 0x89, 0x43, 0x89, 0x43, 0x89, 0x43, 0x89, 0x43, 0x89,
    0x43, 0x89, 0x43, 0x89, 0x43, 0x89, 0x43, 0x89, 0x43, 0x89, 0x43, 0x89, 0x43, 0x89, 0x43, 0x89, 0x43, 0x89, 0x43,
    0x89, 0x43, 0x89, 0x43, 0x89, 0x43, 0x89, 0x43, 0x89, 0x43, 0x89, 0x43, 0x89, 0x43, 0x89, 0x43, 0x89, 0x43, 0x89,
    0x43, 0x89, 0x43, 0x89, 0x43, 0x89, 0x43, 0x89, 0x43, 0x89, 0x43, 0x89, 0x43, 0x89, 0x43, 0x89, 0x43, 0x89, 0x43,
    0x89, 0x43, 0x89, 0x43, 0x89, 0x43, 0x89, 0x43, 0x89, 0x43, 0x89, 0x43, 0x89, 0x43, 0x89, 0x43, 0x89, 0x43, 0x89,
    0x43, 0x89, 0x43, 0x89, 0x43, 0x89, 0x43, 0x89, 0x43, 0x89, 0x43, 0x89, 0x43, 0x89, 0x43, 0x89, 0x43, 0x89, 0x43,
    0x89, 0x43, 0x89, 0x43, 0x89, 0x43, 0x89, 0x43, 0x89, 0x43, 0x89, 0x43, 0x89, 0x43, 0x89, 0x43, 0x89, 0x43, 0x89,
    0x43, 0x89, 0x43, 0x89, 0x43, 0x89, 0x43, 0x89, 0x43, 0x89, 0x43, 0x89, 0x43, 0x89, 0x43, 0x89, 0x43, 0x89, 0x43,
    0x89, 0x43, 0x89, 0x43, 0x89, 0x43, 0x89, 0x43, 0x89, 0x43, 0x89, 0x43, 0x89, 0x43, 0x89, 0x43, 0x89, 0x43, 0x89,
    0x43, 0x69, 0xFE, 0x69, 0xFE, 0x69, 0xFE, 0x69, 0xFE, 0x69, 0xFE, 0x69, 0xFE, 0x69, 0xFE, 0x69, 0xFE, 0x69, 0xFE,
    0x69, 0xFE, 0x69, 0xFE, 0x69, 0xFE, 0x69, 0xFE, 0x69, 0xFE, 0x69, 0xFE, 0x69, 0xFE, 0x69, 0xFE, 0x69, 0xFE, 0x69,
    0xFE, 0x69, 0xFE, 0x69, 0xFE, 0x69, 0xFE, 0x69, 0xFE, 0x69, 0xFE, 0x69, 0xFE, 0x69, 0xFE, 0x69, 0xFE, 0x69, 0xFE,
    0x69, 0xFE, 0x69, 0xFE, 0x69, 0xFE, 0x69, 0xFE, 0x69, 0xFE, 0x69, 0xFE, 0x69, 0xFE, 0x69, 0xFE, 0x69, 0xFE, 0x69,
    0xFE, 0x69, 0xFE, 0x69, 0xFE, 0x69, 0xFE, 0x69, 0xFE, 0x69, 0xFE, 0x69, 0xFE, 0x69, 0xFE, 0x69, 0xFE, 0x69, 0xFE,
    0x69, 0xFE, 0x69, 0xFE, 0x69, 0xFE, 0x69, 0xFE, 0x69, 0xFE, 0x69, 0xFE, 0x69, 0xFE, 0x69, 0xFE, 0x69, 0xFE, 0x69,
    0xFE, 0x69, 0xFE, 0x69, 0xFE, 0x69, 0xFE, 0x69, 0xFE, 0x69, 0xFE, 0x69, 0xFE, 0x69, 0xFE, 0x69, 0xFE, 0x69, 0xFE,
    0x69, 0xFE, 0x69, 0xFE, 0x69, 0xFE, 0x69, 0xFE, 0x69, 0xFE, 0x69, 0xFE, 0x69, 0xFE, 0x69, 0xFE, 0x69, 0xFE, 0x69,
    0xFE, 0x69, 0xFE, 0x69, 0xFE, 0x69, 0xFE, 0x69, 0xFE, 0x69, 0xFE, 0x69, 0xFE, 0x69, 0xFE, 0x69, 0xFE, 0x69, 0xFE,
    0x69, 0xFE, 0x69, 0xFE, 0x69, 0xFE, 0x69, 0xFE, 0x69, 0xFE, 0x69, 0xFE, 0x69, 0xFE, 0x69, 0xFE, 0x69, 0xFE, 0x69,
    0xFE, 0x69, 0xFE, 0x69, 0xFE, 0x69, 0xFE, 0x69, 0xFE, 0x69, 0xFE, 0x69, 0xFE, 0x69, 0xFE, 0x69, 0xFE, 0x69, 0xFE,
    0x69, 0xFE, 0x69, 0xFE, 0x69, 0xFE, 0x69, 0xFE, 0x69, 0xFE, 0x69, 0xFE, 0x69, 0xFE, 0x69, 0xFE, 0x69, 0xFE, 0x69,
    0xFE, 0x69, 0xFE, 0x69, 0xFE, 0x69, 0xFE, 0x69, 0xFE, 0x69, 0xFE, 0x69, 0xFE, 0x69, 0xFE, 0x69, 0xFE, 0x69, 0xFE,
    0x69, 0xFE, 0x69, 0xFE, 0x69, 0xFE, 0x69, 0xFE, 0x69, 0xFE, 0x69, 0xFE, 0x69, 0xFE, 0x69, 0xFE, 0x69, 0xFE, 0x69,
    0xFE, 0x69, 0xFE, 0x69, 0xFE, 0x69, 0xFE, 0x69, 0xFE, 0x69, 0xFE, 0x69, 0xFE, 0x69, 0xFE, 0x69, 0xFE, 0x69, 0xFE,
    0x69, 0xFE, 0x69, 0xFE, 0x69, 0xFE, 0x69, 0xFE, 0x89, 0x43, 0x89, 0x43, 0x89, 0x43, 0x89, 0x43, 0x89, 0x43, 0x89,
    0x43, 0x89, 0x43, 0x89, 0x43, 0x89, 0x43, 0x89, 0x43, 0x89, 0x43, 0x89, 0x43, 0x89, 0x43, 0x89, 0x43, 0x89, 0x43,
    0x89, 0x43, 0x89, 0x43, 0x89, 0x43, 0x89, 0x43, 0x89, 0x43, 0x89, 0x43, 0x89, 0x43, 0x89, 0x43, 0x89, 0x43, 0x89,
    0x43, 0x89, 0x43, 0x89, 0x43, 0x89, 0x43, 0x89, 0x43, 0x89, 0x43, 0x89, 0x43, 0x89, 0x43, 0x89, 0x43, 0x89, 0x43,
    0x89, 0x43, 0x89, 0x43, 0x89, 0x43, 0x89, 0x43, 0x89, 0x43, 0x89, 0x43, 0x89, 0x43, 0x89, 0x43, 0x89, 0x43, 0x89,
    0x43, 0x89, 0x43, 0x89, 0x43, 0x89, 0x43, 0x89, 0x43, 0x89, 0x43, 0x89, 0x43, 0x89, 0x43, 0x89, 0x43, 0x89, 0x43,
    0x89, 0x43, 0x89, 0x43, 0x89, 0x43, 0x89, 0x43, 0x89, 0x43, 0x89, 0x43, 0x89, 0x43, 0x89, 0x43, 0x89, 0x43, 0x89,
    0x43, 0x89, 0x43, 0x89, 0x43, 0x89, 0x43, 0x89, 0x43, 0x89, 0x43, 0x89, 0x43, 0x89, 0x43, 0x89, 0x43, 0x89, 0x43,
    0x89, 0x43, 0x89, 0x43, 0x89, 0x43, 0x89, 0x43, 0x89, 0x43, 0x89, 0x43, 0x89, 0x43, 0x89, 0x43, 0x89, 0x43, 0x89,
    0x43, 0x89, 0x43, 0x89, 0x43, 0x89, 0x43, 0x89, 0x43, 0x89, 0x43, 0x89, 0x43, 0x89, 0x43, 0x89, 0x43, 0x89, 0x43,
    0x89, 0x43, 0x89, 0x43, 0x89, 0x43, 0x69, 0xFE, 0x69, 0xFE, 0x69, 0xFE, 0x69, 0xFE, 0x69, 0xFE, 0x69, 0xFE, 0x69,
    0xFE, 0x69, 0xFE, 0x69, 0xFE, 0x69, 0xFE, 0x69, 0xFE, 0x69, 0xFE, 0x69, 0xFE, 0x69, 0xFE, 0x69, 0xFE, 0x69, 0xFE,
    0x69, 0xFE, 0x69, 0xFE, 0x69, 0xFE, 0x69, 0xFE, 0x69, 0xFE, 0x69, 0xFE, 0x69, 0xFE, 0x69, 0xFE, 0x69, 0xFE, 0x69,
    0xFE, 0x69, 0xFE, 0x69, 0xFE, 0x69, 0xFE, 0x69, 0xFE, 0x69, 0xFE, 0x69, 0xFE, 0x69, 0xFE, 0x69, 0xFE, 0x69, 0xFE,
    0x69, 0xFE, 0x69, 0xFE, 0x69, 0xFE, 0x69, 0xFE, 0x69, 0xFE, 0x69, 0xFE, 0x69, 0xFE, 0x69, 0xFE, 0x69, 0xFE, 0x69,
    0xFE, 0x69, 0xFE, 0x69, 0xFE, 0x69, 0xFE, 0x69, 0xFE, 0x69, 0xFE, 0x69, 0xFE, 0x69, 0xFE, 0x69, 0xFE, 0x69, 0xFE,
    0x69, 0xFE, 0x69, 0xFE, 0x69, 0xFE, 0x69, 0xFE, 0x69, 0xFE, 0x69, 0xFE, 0x69, 0xFE, 0x69, 0xFE, 0x69, 0xFE, 0x69,
    0xFE, 0x69, 0xFE, 0x69, 0xFE, 0x69, 0xFE, 0x69, 0xFE, 0x69, 0xFE, 0x69, 0xFE, 0x69, 0xFE, 0x69, 0xFE, 0x69, 0xFE,
    0x69, 0xFE, 0x69, 0xFE, 0x69, 0xFE, 0x69, 0xFE, 0x69, 0xFE, 0x69, 0xFE, 0x69, 0xFE, 0x69, 0xFE, 0x69, 0xFE, 0x69,
    0xFE, 0x69, 0xFE, 0x69, 0xFE, 0x69, 0xFE, 0x69, 0xFE, 0x69, 0xFE, 0x69, 0xFE, 0x69, 0xFE, 0x69, 0xFE, 0x69, 0xFE,
    0x69, 0xFE, 0x69, 0xFE, 0x69, 0xFE, 0x69, 0xFE, 0x69, 0xFE, 0x69, 0xFE, 0x69, 0xFE, 0x69, 0xFE, 0x69, 0xFE, 0x69,
    0xFE, 0x69, 0xFE, 0x69, 0xFE, 0x69, 0xFE, 0x69, 0xFE, 0x69, 0xFE, 0x69, 0xFE, 0x69, 0xFE, 0x69, 0xFE, 0x69, 0xFE,
    0x69, 0xFE, 0x69, 0xFE, 0x69, 0xFE, 0x69, 0xFE, 0x69, 0xFE, 0x69, 0xFE, 0x69, 0xFE, 0x69, 0xFE, 0x69, 0xFE, 0x69,
    0xFE, 0x69, 0xFE, 0x69, 0xFE, 0x69, 0xFE, 0x69, 0xFE, 0x69, 0xFE, 0x69, 0xFE, 0x69, 0xFE, 0x69, 0xFE, 0x69, 0xFE,
    0x69, 0xFE, 0x69, 0xFE, 0x69, 0xFE, 0x69, 0xFE, 0x69, 0xFE, 0x69, 0xFE, 0x69, 0xFE, 0x69, 0xFE, 0x69, 0xFE, 0x69,
    0xFE, 0x69, 0xFE, 0x69, 0xFE, 0x69, 0xFE, 0x69, 0xFE, 0x69, 0xFE, 0x69, 0xFE, 0x89, 0x43, 0x89, 0x43, 0x89, 0x43,
    0x89, 0x43, 0x89, 0x43, 0x89, 0x43, 0x89, 0x43, 0x89, 0x43, 0x89, 0x43, 0x89, 0x43, 0x89, 0x43, 0x89, 0x43, 0x89,
    0x43, 0x89, 0x43, 0x89, 0x43, 0x89, 0x43, 0x89, 0x43, 0x89, 0x43, 0x89, 0x43, 0x89, 0x43, 0x89, 0x43, 0x89, 0x43,
    0x89, 0x43, 0x89, 0x43, 0x89, 0x43, 0x89, 0x43, 0x89, 0x43, 0x89, 0x43, 0x89, 0x43, 0x89, 0x43, 0x89, 0x43, 0x89,
    0x43, 0x89, 0x43, 0x89, 0x43, 0x89, 0x43, 0x89, 0x43, 0x89, 0x43, 0x89, 0x43, 0x89, 0x43, 0x89, 0x43, 0x89, 0x43,
    0x89, 0x43, 0x89, 0x43, 0x89, 0x43, 0x89, 0x43, 0x89, 0x43, 0x89, 0x43, 0x89, 0x43, 0x89, 0x43, 0x89, 0x43, 0x89,
    0x43, 0x89, 0x43, 0x89, 0x43, 0x89, 0x43, 0x89, 0x43, 0x89, 0x43, 0x89, 0x43, 0x89, 0x43, 0x89, 0x43, 0x89, 0x43,
    0x89, 0x43, 0x89, 0x43, 0x89, 0x43, 0x89, 0x43, 0x89, 0x43, 0x89, 0x43, 0x89, 0x43, 0x89, 0x43, 0x89, 0x43, 0x89,
    0x43, 0x89, 0x43, 0x89, 0x43, 0x89, 0x43, 0x89, 0x43, 0x89, 0x43, 0x89, 0x43, 0x89, 0x43, 0x89, 0x43, 0x89, 0x43,
    0x89, 0x43, 0x89, 0x43, 0x89, 0x43, 0x89, 0x43, 0x89, 0x43, 0x89, 0x43, 0x89, 0x43, 0x89, 0x43, 0x89, 0x43, 0x89,
    0x43, 0x89, 0x43, 0x89, 0x43, 0x89, 0x43, 0x89, 0x43, 0x89, 0x43, 0x69, 0xFE, 0x69, 0xFE, 0x69, 0xFE, 0x69, 0xFE,
    0x69, 0xFE, 0x69, 0xFE, 0x69, 0xFE, 0x69, 0xFE, 0x69, 0xFE, 0x69, 0xFE, 0x69, 0xFE, 0x69, 0xFE, 0x69, 0xFE, 0x69,
    0xFE, 0x69, 0xFE, 0x69, 0xFE, 0x69, 0xFE, 0x69, 0xFE, 0x69, 0xFE, 0x69, 0xFE, 0x69, 0xFE, 0x69, 0xFE, 0x69, 0xFE,
    0x69, 0xFE, 0x69, 0xFE, 0x69, 0xFE, 0x69, 0xFE, 0x69, 0xFE, 0x69, 0xFE, 0x69, 0xFE, 0x69, 0xFE, 0x69, 0xFE, 0x69,
    0xFE, 0x69, 0xFE, 0x69, 0xFE, 0x69, 0xFE, 0x69, 0xFE, 0x69, 0xFE, 0x69, 0xFE, 0x69, 0xFE, 0x69, 0xFE, 0x69, 0xFE,
    0x69, 0xFE, 0x69, 0xFE, 0x69, 0xFE, 0x69, 0xFE, 0x69, 0xFE, 0x69, 0xFE, 0x69, 0xFE, 0x69, 0xFE, 0x69, 0xFE, 0x69,
    0xFE, 0x69, 0xFE, 0x69, 0xFE, 0x69, 0xFE, 0x69, 0xFE, 0x69, 0xFE, 0x69, 0xFE, 0x69, 0xFE, 0x69, 0xFE, 0x69, 0xFE,
    0x69, 0xFE, 0x69, 0xFE, 0x69, 0xFE, 0x69, 0xFE, 0x69, 0xFE, 0x69, 0xFE, 0x69, 0xFE, 0x69, 0xFE, 0x69, 0xFE, 0x69,
    0xFE, 0x69, 0xFE, 0x69, 0xFE, 0x69, 0xFE, 0x69, 0xFE, 0x69, 0xFE, 0x69, 0xFE, 0x69, 0xFE, 0x69, 0xFE, 0x69, 0xFE,
    0x69, 0xFE, 0x69, 0xFE, 0x69, 0xFE, 0x69, 0xFE, 0x69, 0xFE, 0x69, 0xFE, 0x69, 0xFE, 0x69, 0xFE, 0x69, 0xFE, 0x69,
    0xFE, 0x69, 0xFE, 0x69, 0xFE, 0x69, 0xFE, 0x69, 0xFE, 0x69, 0xFE, 0x69, 0xFE, 0x69, 0xFE, 0x69, 0xFE, 0x69, 0xFE,
    0x69, 0xFE, 0x69, 0xFE, 0x69, 0xFE, 0x69, 0xFE, 0x69, 0xFE, 0x69, 0xFE, 0x69, 0xFE, 0x69, 0xFE, 0x69, 0xFE, 0x69,
    0xFE, 0x69, 0xFE, 0x69, 0xFE, 0x69, 0xFE, 0x69, 0xFE, 0x69, 0xFE, 0x69, 0xFE, 0x69, 0xFE, 0x69, 0xFE, 0x69, 0xFE,
    0x69, 0xFE, 0x69, 0xFE, 0x69, 0xFE, 0x69, 0xFE, 0x69, 0xFE, 0x69, 0xFE, 0x69, 0xFE, 0x69, 0xFE, 0x69, 0xFE, 0x69,
    0xFE, 0x69, 0xFE, 0x69, 0xFE, 0x69, 0xFE, 0x69, 0xFE, 0x69, 0xFE, 0x69, 0xFE, 0x69, 0xFE, 0x69, 0xFE, 0x69, 0xFE,
    0x69, 0xFE, 0x69, 0xFE, 0x69, 0xFE, 0x69, 0xFE, 0x69, 0xFE, 0x69, 0xFE, 0x69, 0xFE, 0x69, 0xFE, 0x69, 0xFE, 0x89,
    0x43, 0x89, 0x43, 0x89, 0x43, 0x89, 0x43, 0x89, 0x43, 0x89, 0x43, 0x89, 0x43, 0x89, 0x43, 0x89, 0x43, 0x89, 0x43,
    0x89, 0x43, 0x89, 0x43, 0x89, 0x43, 0x89, 0x43, 0x89, 0x43, 0x89, 0x43, 0x89, 0x43, 0x89, 0x43, 0x89, 0x43, 0x89,
    0x43, 0x89, 0x43, 0x89, 0x43, 0x89, 0x43, 0x89, 0x43, 0x89, 0x43, 0x89, 0x43, 0x89, 0x43, 0x89, 0x43, 0x89, 0x43,
    0x89, 0x43, 0x89, 0x43, 0x89, 0x43, 0x89, 0x43, 0x89, 0x43, 0x89, 0x43, 0x89, 0x43, 0x89, 0x43, 0x89, 0x43, 0x89,
    0x43, 0x89, 0x43, 0x89, 0x43, 0x89, 0x43, 0x89, 0x43, 0x89, 0x43, 0x89, 0x43, 0x89, 0x43, 0x89, 0x43, 0x89, 0x43,
    0x89, 0x43, 0x89, 0x43, 0x89, 0x43, 0x89, 0x43, 0x89, 0x43, 0x89, 0x43, 0x89, 0x43, 0x89, 0x43, 0x89, 0x43, 0x89,
    0x43, 0x89, 0x43, 0x89, 0x43, 0x89, 0x43, 0x89, 0x43, 0x89, 0x43, 0x89, 0x43, 0x89, 0x43, 0x89, 0x43, 0x89, 0x43,
    0x89, 0x43, 0x89, 0x43, 0x89, 0x43, 0x89, 0x43, 0x89, 0x43, 0x89, 0x43, 0x89, 0x43, 0x89, 0x43, 0x89, 0x43, 0x89,
    0x43, 0x89, 0x43, 0x89, 0x43, 0x89, 0x43, 0x89, 0x43, 0x89, 0x43, 0x89, 0x43, 0x89, 0x43, 0x89, 0x43, 0x89, 0x43,
    0x89, 0x43, 0x89, 0x43, 0x89, 0x43, 0x89, 0x43, 0x89, 0x43, 0x89, 0x43, 0x89, 0x43, 0x89, 0x43, 0x89, 0x43, 0x89,
    0x43, 0x89, 0x43, 0x89, 0x43, 0x89, 0x43, 0x89, 0x43, 0x69, 0xFE, 0x69, 0xFE, 0x69, 0xFE, 0x69, 0xFE, 0x69, 0xFE,
    0x69, 0xFE, 0x69, 0xFE, 0x69, 0xFE, 0x69, 0xFE, 0x69, 0xFE, 0x69, 0xFE, 0x69, 0xFE, 0x69, 0xFE, 0x69, 0xFE, 0x69,
    0xFE, 0x69, 0xFE, 0x69, 0xFE, 0x69, 0xFE, 0x69, 0xFE, 0x69, 0xFE, 0x69, 0xFE, 0x69, 0xFE, 0x69, 0xFE, 0x69, 0xFE,
    0x69, 0xFE, 0x69, 0xFE, 0x69, 0xFE, 0x69, 0xFE, 0x69, 0xFE, 0x69, 0xFE, 0x69, 0xFE, 0x69, 0xFE, 0x69, 0xFE, 0x69,
    0xFE, 0x69, 0xFE, 0x69, 0xFE, 0x69, 0xFE, 0x69, 0xFE, 0x69, 0xFE, 0x69, 0xFE, 0x69, 0xFE, 0x69, 0xFE, 0x69, 0xFE,
    0x69, 0xFE, 0x69, 0xFE, 0x69, 0xFE, 0x69, 0xFE, 0x69, 0xFE, 0x69, 0xFE, 0x69, 0xFE, 0x69, 0xFE, 0x69, 0xFE, 0x69,
    0xFE, 0x69, 0xFE, 0x69, 0xFE, 0x69, 0xFE, 0x69, 0xFE, 0x69, 0xFE, 0x69, 0xFE, 0x69, 0xFE, 0x69, 0xFE, 0x69, 0xFE,
    0x69, 0xFE, 0x69, 0xFE, 0x69, 0xFE, 0x69, 0xFE, 0x69, 0xFE, 0x69, 0xFE, 0x69, 0xFE, 0x69, 0xFE, 0x69, 0xFE, 0x69,
    0xFE, 0x69, 0xFE, 0x69, 0xFE, 0x69, 0xFE, 0x69, 0xFE, 0x69, 0xFE, 0x69, 0xFE, 0x69, 0xFE, 0x69, 0xFE, 0x69, 0xFE,
    0x69, 0xFE, 0x69, 0xFE, 0x69, 0xFE, 0x69, 0xFE, 0x69, 0xFE, 0x69, 0xFE, 0x69, 0xFE, 0x69, 0xFE, 0x69, 0xFE, 0x69,
    0xFE, 0x69, 0xFE, 0x69, 0xFE, 0x69, 0xFE, 0x69, 0xFE, 0x69, 0xFE, 0x69, 0xFE, 0x69, 0xFE, 0x69, 0xFE, 0x69, 0xFE,
    0x69, 0xFE, 0x69, 0xFE, 0x69, 0xFE, 0x69, 0xFE, 0x69, 0xFE, 0x69, 0xFE, 0x69, 0xFE, 0x69, 0xFE, 0x69, 0xFE, 0x69,
    0xFE, 0x69, 0xFE, 0x69, 0xFE, 0x69, 0xFE, 0x69, 0xFE, 0x69, 0xFE, 0x69, 0xFE, 0x69, 0xFE, 0x69, 0xFE, 0x69, 0xFE,
    0x69, 0xFE, 0x69, 0xFE, 0x69, 0xFE, 0x69, 0xFE, 0x69, 0xFE, 0x69, 0xFE, 0x69, 0xFE, 0x69, 0xFE, 0x69, 0xFE, 0x69,
    0xFE, 0x69, 0xFE, 0x69, 0xFE, 0x69, 0xFE, 0x69, 0xFE, 0x69, 0xFE, 0x89, 0x43, 0x89, 0x43, 0x89, 0x43, 0x89, 0x43,
    0x89, 0x43, 0x89, 0x43, 0x89, 0x43, 0x89, 0x43, 0x89, 0x43, 0x89, 0x43, 0x89, 0x43, 0x89, 0x43, 0x89, 0x43, 0x89,
    0x43, 0x89, 0x43, 0x89, 0x43, 0x89, 0x43, 0x89, 0x43, 0x89, 0x43, 0x89, 0x43, 0x89, 0x43, 0x89, 0x43, 0x89, 0x43,
    0x89, 0x43, 0x89, 0x43, 0x89, 0x43, 0x89, 0x43, 0x89, 0x43, 0x89, 0x43, 0x89, 0x43, 0x89, 0x43, 0x89, 0x43, 0x89,
    0x43, 0x89, 0x43, 0x89, 0x43, 0x89, 0x43, 0x89, 0x43, 0x89, 0x43, 0x89, 0x43, 0x89, 0x43, 0x89, 0x43, 0x89, 0x43,
    0x89, 0x43, 0x89, 0x43, 0x89, 0x43, 0x89, 0x43, 0x89, 0x43, 0x89, 0x43, 0x89, 0x43, 0x89, 0x43, 0x89, 0x43, 0x89,
    0x43, 0x89, 0x43, 0x89, 0x43, 0x89, 0x43, 0x89, 0x43, 0x89, 0x43, 0x89, 0x43, 0x89, 0x43, 0x89, 0x43, 0x89, 0x43,
    0x89, 0x43, 0x89, 0x43, 0x89, 0x43, 0x89, 0x43, 0x89, 0x43, 0x89, 0x43, 0x89, 0x43, 0x89, 0x43, 0x89, 0x43, 0x89,
    0x43, 0x89, 0x43, 0x89, 0x43, 0x89, 0x43, 0x89, 0x43, 0x89, 0x43, 0x89, 0x43, 0x89, 0x43, 0x89, 0x43, 0x89, 0x43,
    0x89, 0x43, 0x89, 0x43, 0x89, 0x43, 0x89, 0x43, 0x89, 0x43, 0x89, 0x43, 0x89, 0x43, 0x89, 0x43, 0x89, 0x43, 0x89,
    0x43, 0x89, 0x43, 0x89, 0x43, 0x89, 0x43, 0x89, 0x43, 0x89, 0x43, 0x89, 0x43, 0x89, 0x43, 0x89, 0x43, 0x89, 0x43,
    0x89, 0x43, 0x89, 0x43, 0x89, 0x43, 0x89, 0x43, 0x89, 0x43, 0x89, 0x43, 0x89, 0x43, 0x69, 0xFE, 0x69, 0xFE, 0x69,
    0xFE, 0x69, 0xFE, 0x69, 0xFE, 0x69, 0xFE, 0x69, 0xFE, 0x69, 0xFE, 0x69, 0xFE, 0x69, 0xFE, 0x69, 0xFE, 0x69, 0xFE,
    0x69, 0xFE, 0x69, 0xFE, 0x69, 0xFE, 0x69, 0xFE, 0x69, 0xFE, 0x69, 0xFE, 0x69, 0xFE, 0x69, 0xFE, 0x69, 0xFE, 0x69,
    0xFE, 0x69, 0xFE, 0x69, 0xFE, 0x69, 0xFE, 0x69, 0xFE, 0x69, 0xFE, 0x69, 0xFE, 0x69, 0xFE, 0x69, 0xFE, 0x69, 0xFE,
    0x69, 0xFE, 0x69, 0xFE, 0x69, 0xFE, 0x69, 0xFE, 0x69, 0xFE, 0x69, 0xFE, 0x69, 0xFE, 0x69, 0xFE, 0x69, 0xFE, 0x69,
    0xFE, 0x69, 0xFE, 0x69, 0xFE, 0x69, 0xFE, 0x69, 0xFE, 0x69, 0xFE, 0x69, 0xFE, 0x69, 0xFE, 0x69, 0xFE, 0x69, 0xFE,
    0x69, 0xFE, 0x69, 0xFE, 0x69, 0xFE, 0x69, 0xFE, 0x69, 0xFE, 0x69, 0xFE, 0x69, 0xFE, 0x69, 0xFE, 0x69, 0xFE, 0x69,
    0xFE, 0x69, 0xFE, 0x69, 0xFE, 0x69, 0xFE, 0x69, 0xFE, 0x69, 0xFE, 0x69, 0xFE, 0x69, 0xFE, 0x69, 0xFE, 0x69, 0xFE,
    0x69, 0xFE, 0x69, 0xFE, 0x69, 0xFE, 0x69, 0xFE, 0x69, 0xFE, 0x69, 0xFE, 0x69, 0xFE, 0x69, 0xFE, 0x69, 0xFE, 0x69,
    0xFE, 0x69, 0xFE, 0x69, 0xFE, 0x69, 0xFE, 0x69, 0xFE, 0x69, 0xFE, 0x69, 0xFE, 0x69, 0xFE, 0x69, 0xFE, 0x69, 0xFE,
    0x69, 0xFE, 0x69, 0xFE, 0x69, 0xFE, 0x69, 0xFE, 0x69, 0xFE, 0x69, 0xFE, 0x69, 0xFE, 0x69, 0xFE, 0x69, 0xFE, 0x69,
    0xFE, 0x69, 0xFE, 0x69, 0xFE, 0x69, 0xFE, 0x69, 0xFE, 0x69, 0xFE, 0x69, 0xFE, 0x69, 0xFE, 0x69, 0xFE, 0x69, 0xFE,
    0x69, 0xFE, 0x69, 0xFE, 0x69, 0xFE, 0x69, 0xFE, 0x69, 0xFE, 0x69, 0xFE, 0x69, 0xFE, 0x69, 0xFE, 0x69, 0xFE, 0x69,
    0xFE, 0x69, 0xFE, 0x69, 0xFE, 0x69, 0xFE, 0x69, 0xFE, 0x69, 0xFE, 0x69, 0xFE, 0x69, 0xFE, 0x69, 0xFE, 0x69, 0xFE,
    0x69, 0xFE, 0x69, 0xFE, 0x69, 0xFE, 0x69, 0xFE, 0x69, 0xFE, 0x69, 0xFE, 0x69, 0xFE, 0x69, 0xFE, 0x89, 0x43, 0x89,
    0x43, 0x89, 0x43, 0x89, 0x43, 0x89, 0x43, 0x89, 0x43, 0x89, 0x43, 0x89, 0x43, 0x89, 0x43, 0x89, 0x43, 0x89, 0x43,
    0x89, 0x43, 0x89, 0x43, 0x89, 0x43, 0x89, 0x43, 0x89, 0x43, 0x89, 0x43, 0x89, 0x43, 0x89, 0x43, 0x89, 0x43, 0x89,
    0x43, 0x89, 0x43, 0x89, 0x43, 0x89, 0x43, 0x89, 0x43, 0x89, 0x43, 0x89, 0x43, 0x89, 0x43, 0x89, 0x43, 0x89, 0x43,
    0x89, 0x43, 0x89, 0x43, 0x89, 0x43, 0x89, 0x43, 0x89, 0x43, 0x89, 0x43, 0x89, 0x43, 0x89, 0x43, 0x89, 0x43, 0x89,
    0x43, 0x89, 0x43, 0x89, 0x43, 0x89, 0x43, 0x89, 0x43, 0x89, 0x43, 0x89, 0x43, 0x89, 0x43, 0x89, 0x43, 0x89, 0x43,
    0x89, 0x43, 0x89, 0x43, 0x89, 0x43, 0x89, 0x43, 0x89, 0x43, 0x89, 0x43, 0x89, 0x43, 0x89, 0x43, 0x89, 0x43, 0x89,
    0x43, 0x89, 0x43, 0x89, 0x43, 0x89, 0x43, 0x89, 0x43, 0x89, 0x43, 0x89, 0x43, 0x89, 0x43, 0x89, 0x43, 0x89, 0x43,
    0x89, 0x43, 0x89, 0x43, 0x89, 0x43, 0x89, 0x43, 0x89, 0x43, 0x89, 0x43, 0x89, 0x43, 0x89, 0x43, 0x89, 0x43, 0x89,
    0x43, 0x89, 0x43, 0x89, 0x43, 0x89, 0x43, 0x89, 0x43, 0x89, 0x43, 0x89, 0x43, 0x89, 0x43, 0x89, 0x43, 0x89, 0x43,
    0x89, 0x43, 0x89, 0x43, 0x89, 0x43, 0x89, 0x43, 0x89, 0x43, 0x89, 0x43, 0x89, 0x43, 0x89, 0x43, 0x89, 0x43, 0x89,
    0x43, 0x89, 0x43, 0x89, 0x43, 0x89, 0x43, 0x89, 0x43, 0x89, 0x43, 0x89, 0x43, 0x89, 0x43, 0x89, 0x43, 0x89, 0x43,
    0x69, 0xFE, 0x69, 0xFE, 0x69, 0xFE, 0x69, 0xFE, 0x69, 0xFE, 0x69, 0xFE, 0x69, 0xFE, 0x69, 0xFE, 0x69, 0xFE, 0x69,
    0xFE, 0x69, 0xFE, 0x69, 0xFE, 0x69, 0xFE, 0x69, 0xFE, 0x69, 0xFE, 0x69, 0xFE, 0x69, 0xFE, 0x69, 0xFE, 0x69, 0xFE,
    0x69, 0xFE, 0x69, 0xFE, 0x69, 0xFE, 0x69, 0xFE, 0x69, 0xFE, 0x69, 0xFE, 0x69, 0xFE, 0x69, 0xFE, 0x69, 0xFE, 0x69,
    0xFE, 0x69, 0xFE, 0x69, 0xFE, 0x69, 0xFE, 0x69, 0xFE, 0x69, 0xFE, 0x69, 0xFE, 0x69, 0xFE, 0x69, 0xFE, 0x69, 0xFE,
    0x69, 0xFE, 0x69, 0xFE, 0x69, 0xFE, 0x69, 0xFE, 0x69, 0xFE, 0x69, 0xFE, 0x69, 0xFE, 0x69, 0xFE, 0x69, 0xFE, 0x69,
    0xFE, 0x69, 0xFE, 0x69, 0xFE, 0x69, 0xFE, 0x69, 0xFE, 0x69, 0xFE, 0x69, 0xFE, 0x69, 0xFE, 0x69, 0xFE, 0x69, 0xFE,
    0x69, 0xFE, 0x69, 0xFE, 0x69, 0xFE, 0x69, 0xFE, 0x69, 0xFE, 0x69, 0xFE, 0x69, 0xFE, 0x69, 0xFE, 0x69, 0xFE, 0x69,
    0xFE, 0x69, 0xFE, 0x69, 0xFE, 0x69, 0xFE, 0x69, 0xFE, 0x69, 0xFE, 0x69, 0xFE, 0x69, 0xFE, 0x69, 0xFE, 0x69, 0xFE,
    0x69, 0xFE, 0x69, 0xFE, 0x69, 0xFE, 0x69, 0xFE, 0x69, 0xFE, 0x69, 0xFE, 0x69, 0xFE, 0x69, 0xFE, 0x69, 0xFE, 0x69,
    0xFE, 0x69, 0xFE, 0x69, 0xFE, 0x69, 0xFE, 0x69, 0xFE, 0x69, 0xFE, 0x69, 0xFE, 0x69, 0xFE, 0x69, 0xFE, 0x69, 0xFE,
    0x69, 0xFE, 0x69, 0xFE, 0x69, 0xFE, 0x69, 0xFE, 0x69, 0xFE, 0x69, 0xFE, 0x69, 0xFE, 0x69, 0xFE, 0x69, 0xFE, 0x69,
    0xFE, 0x69, 0xFE, 0x69, 0xFE, 0x69, 0xFE, 0x69, 0xFE, 0x69, 0xFE, 0x69, 0xFE, 0x69, 0xFE, 0x69, 0xFE, 0x69, 0xFE,
    0x69, 0xFE, 0x69, 0xFE, 0x69, 0xFE, 0x69, 0xFE, 0x69, 0xFE, 0x69, 0xFE, 0x69, 0xFE, 0x69, 0xFE, 0x69, 0xFE, 0x69,
    0xFE, 0x69, 0xFE, 0x69, 0xFE, 0x69, 0xFE, 0x69, 0xFE, 0x69, 0xFE, 0x69, 0xFE, 0x69, 0xFE, 0x69, 0xFE, 0x69, 0xFE,
    0x69, 0xFE, 0x89, 0x43, 0x89, 0x43, 0x89, 0x43, 0x89, 0x43, 0x89, 0x43, 0x89, 0x43, 0x89, 0x43, 0x89, 0x43, 0x89,
    0x43, 0x89, 0x43, 0x89, 0x43, 0x89, 0x43, 0x89, 0x43, 0x89, 0x43, 0x89, 0x43, 0x89, 0x43, 0x89, 0x43, 0x89, 0x43,
    0x89, 0x43, 0x89, 0x43, 0x89, 0x43, 0x89, 0x43, 0x89, 0x43, 0x89, 0x43, 0x89, 0x43, 0x89, 0x43, 0x89, 0x43, 0x89,
    0x43, 0x89, 0x43, 0x89, 0x43, 0x89, 0x43, 0x89, 0x43, 0x89, 0x43, 0x89, 0x43, 0x89, 0x43, 0x89, 0x43, 0x89, 0x43,
    0x89, 0x43, 0x89, 0x43, 0x89, 0x43, 0x89, 0x43, 0x89, 0x43, 0x89, 0x43, 0x89, 0x43, 0x89, 0x43, 0x89, 0x43, 0x89,
    0x43, 0x89, 0x43, 0x89, 0x43, 0x89, 0x43, 0x89, 0x43, 0x89, 0x43, 0x89, 0x43, 0x89, 0x43, 0x89, 0x43, 0x89, 0x43,
    0x89, 0x43, 0x89, 0x43, 0x89, 0x43, 0x89, 0x43, 0x89, 0x43, 0x89, 0x43, 0x89, 0x43, 0x89, 0x43, 0x89, 0x43, 0x89,
    0x43, 0x89, 0x43, 0x89, 0x43, 0x89, 0x43, 0x89, 0x43, 0x89, 0x43, 0x89, 0x43, 0x89, 0x43, 0x89, 0x43, 0x89, 0x43,
    0x89, 0x43, 0x89, 0x43, 0x89, 0x43, 0x89, 0x43, 0x89, 0x43, 0x89, 0x43, 0x89, 0x43, 0x89, 0x43, 0x89, 0x43, 0x89,
    0x43, 0x89, 0x43, 0x89, 0x43, 0x89, 0x43, 0x89, 0x43, 0x89, 0x43, 0x89, 0x43, 0x89, 0x43, 0x89, 0x43, 0x89, 0x43,
    0x89, 0x43, 0x89, 0x43, 0x89, 0x43, 0x89, 0x43, 0x89, 0x43, 0x89, 0x43, 0x89, 0x43, 0x89, 0x43, 0x89, 0x43, 0x89,
    0x43, 0x89, 0x43, 0x89, 0x43, 0x89, 0x43, 0x89, 0x43, 0x89, 0x43, 0x89, 0x43, 0x69, 0xFE, 0x69, 0xFE, 0x69, 0xFE,
    0x69, 0xFE, 0x69, 0xFE, 0x69, 0xFE, 0x69, 0xFE, 0x69, 0xFE, 0x69, 0xFE, 0x69, 0xFE, 0x69, 0xFE, 0x69, 0xFE, 0x69,
    0xFE, 0x69, 0xFE, 0x69, 0xFE, 0x69, 0xFE, 0x69, 0xFE, 0x69, 0xFE, 0x69, 0xFE, 0x69, 0xFE, 0x69, 0xFE, 0x69, 0xFE,
    0x69, 0xFE, 0x69, 0xFE, 0x69, 0xFE, 0x69, 0xFE, 0x69, 0xFE, 0x69, 0xFE, 0x69, 0xFE, 0x69, 0xFE, 0x69, 0xFE, 0x69,
    0xFE, 0x69, 0xFE, 0x69, 0xFE, 0x69, 0xFE, 0x69, 0xFE, 0x69, 0xFE, 0x69, 0xFE, 0x69, 0xFE, 0x69, 0xFE, 0x69, 0xFE,
    0x69, 0xFE, 0x69, 0xFE, 0x69, 0xFE, 0x69, 0xFE, 0x69, 0xFE, 0x69, 0xFE, 0x69, 0xFE, 0x69, 0xFE, 0x69, 0xFE, 0x69,
    0xFE, 0x69, 0xFE, 0x69, 0xFE, 0x69, 0xFE, 0x69, 0xFE, 0x69, 0xFE, 0x69, 0xFE, 0x69, 0xFE, 0x69, 0xFE, 0x69, 0xFE,
    0x69, 0xFE, 0x69, 0xFE, 0x69, 0xFE, 0x69, 0xFE, 0x69, 0xFE, 0x69, 0xFE, 0x69, 0xFE, 0x69, 0xFE, 0x69, 0xFE, 0x69,
    0xFE, 0x69, 0xFE, 0x69, 0xFE, 0x69, 0xFE, 0x69, 0xFE, 0x69, 0xFE, 0x69, 0xFE, 0x69, 0xFE, 0x69, 0xFE, 0x69, 0xFE,
    0x69, 0xFE, 0x69, 0xFE, 0x69, 0xFE, 0x69, 0xFE, 0x69, 0xFE, 0x69, 0xFE, 0x69, 0xFE, 0x69, 0xFE, 0x69, 0xFE, 0x69,
    0xFE, 0x69, 0xFE, 0x69, 0xFE, 0x69, 0xFE, 0x69, 0xFE, 0x69, 0xFE, 0x69, 0xFE, 0x69, 0xFE, 0x69, 0xFE, 0x69, 0xFE,
    0x69, 0xFE, 0x69, 0xFE, 0x69, 0xFE, 0x69, 0xFE, 0x69, 0xFE, 0x69, 0xFE, 0x69, 0xFE, 0x69, 0xFE, 0x69, 0xFE, 0x69,
    0xFE, 0x69, 0xFE, 0x69, 0xFE, 0x69, 0xFE, 0x69, 0xFE, 0x69, 0xFE, 0x69, 0xFE, 0x69, 0xFE, 0x69, 0xFE, 0x69, 0xFE,
    0x69, 0xFE, 0x69, 0xFE, 0x69, 0xFE, 0x69, 0xFE, 0x69, 0xFE, 0x69, 0xFE, 0x69, 0xFE, 0x69, 0xFE, 0x69, 0xFE, 0x89,
    0x43, 0x89, 0x43, 0x89, 0x43, 0x89, 0x43, 0x89, 0x43, 0x89, 0x43, 0x89, 0x43, 0x89, 0x43, 0x89, 0x43, 0x89, 0x43,
    0x89, 0x43, 0x89, 0x43, 0x89, 0x43, 0x89, 0x43, 0x89, 0x43, 0x89, 0x43, 0x89, 0x43, 0x89, 0x43, 0x89, 0x43, 0x89,
    0x43, 0x89, 0x43, 0x89, 0x43, 0x89, 0x43, 0x89, 0x43, 0x89, 0x43, 0x89, 0x43, 0x89, 0x43, 0x89, 0x43, 0x89, 0x43,
    0x89, 0x43, 0x89, 0x43, 0x89, 0x43, 0x89, 0x43, 0x89, 0x43, 0x89, 0x43, 0x89, 0x43, 0x89, 0x43, 0x89, 0x43, 0x89,
    0x43, 0x89, 0x43, 0x89, 0x43, 0x89, 0x43, 0x89, 0x43, 0x89, 0x43, 0x89, 0x43, 0x89, 0x43, 0x89, 0x43, 0x89, 0x43,
    0x89, 0x43, 0x89, 0x43, 0x89, 0x43, 0x89, 0x43, 0x89, 0x43, 0x89, 0x43, 0x89, 0x43, 0x89, 0x43, 0x89, 0x43, 0x89,
    0x43, 0x89, 0x43, 0x89, 0x43, 0x89, 0x43, 0x89, 0x43, 0x89, 0x43, 0x89, 0x43, 0x89, 0x43, 0x89, 0x43, 0x89, 0x43,
    0x89, 0x43, 0x89, 0x43, 0x89, 0x43, 0x89, 0x43, 0x89, 0x43, 0x89, 0x43, 0x89, 0x43, 0x89, 0x43, 0x89, 0x43, 0x89,
    0x43, 0x89, 0x43, 0x89, 0x43, 0x89, 0x43, 0x89, 0x43, 0x89, 0x43, 0x89, 0x43, 0x89, 0x43, 0x89, 0x43, 0x89, 0x43,
    0x89, 0x43, 0x89, 0x43, 0x89, 0x43, 0x89, 0x43, 0x89, 0x43, 0x89, 0x43, 0x89, 0x43, 0x89, 0x43, 0x89, 0x43, 0x89,
    0x43, 0x89, 0x43, 0x89, 0x43, 0x89, 0x43, 0x89, 0x43, 0x89, 0x43, 0x89, 0x43, 0x89, 0x43, 0x89, 0x43, 0x89, 0x43,
    0x89, 0x43, 0x89, 0x43, 0x89, 0x43, 0x89, 0x43, 0x89, 0x43, 0x89, 0x43, 0x89, 0x43, 0x89, 0x43, 0x89, 0x43, 0x69,
    0xFE, 0x69, 0xFE, 0x69, 0xFE, 0x69, 0xFE, 0x69, 0xFE, 0x69, 0xFE, 0x69, 0xFE, 0x69, 0xFE, 0x69, 0xFE, 0x69, 0xFE,
    0x69, 0xFE, 0x69, 0xFE, 0x69, 0xFE, 0x69, 0xFE, 0x69, 0xFE, 0x69, 0xFE, 0x69, 0xFE, 0x69, 0xFE, 0x69, 0xFE, 0x69,
    0xFE, 0x69, 0xFE, 0x69, 0xFE, 0x69, 0xFE, 0x69, 0xFE, 0x69, 0xFE, 0x69, 0xFE, 0x69, 0xFE, 0x69, 0xFE, 0x69, 0xFE,
    0x69, 0xFE, 0x69, 0xFE, 0x69, 0xFE, 0x69, 0xFE, 0x69, 0xFE, 0x69, 0xFE, 0x69, 0xFE, 0x69, 0xFE, 0x69, 0xFE, 0x69,
    0xFE, 0x69, 0xFE, 0x69, 0xFE, 0x69, 0xFE, 0x69, 0xFE, 0x69, 0xFE, 0x69, 0xFE, 0x69, 0xFE, 0x69, 0xFE, 0x69, 0xFE,
    0x69, 0xFE, 0x69, 0xFE, 0x69, 0xFE, 0x69, 0xFE, 0x69, 0xFE, 0x69, 0xFE, 0x69, 0xFE, 0x69, 0xFE, 0x69, 0xFE, 0x69,
    0xFE, 0x69, 0xFE, 0x69, 0xFE, 0x69, 0xFE, 0x69, 0xFE, 0x69, 0xFE, 0x69, 0xFE, 0x69, 0xFE, 0x69, 0xFE, 0x69, 0xFE,
    0x69, 0xFE, 0x69, 0xFE, 0x69, 0xFE, 0x69, 0xFE, 0x69, 0xFE, 0x69, 0xFE, 0x69, 0xFE, 0x69, 0xFE, 0x69, 0xFE, 0x69,
    0xFE, 0x69, 0xFE, 0x69, 0xFE, 0x69, 0xFE, 0x69, 0xFE, 0x69, 0xFE, 0x69, 0xFE, 0x69, 0xFE, 0x69, 0xFE, 0x69, 0xFE,
    0x69, 0xFE, 0x69, 0xFE, 0x69, 0xFE, 0x69, 0xFE, 0x69, 0xFE, 0x69, 0xFE, 0x69, 0xFE, 0x69, 0xFE, 0x69, 0xFE, 0x69,
    0xFE, 0x69, 0xFE, 0x69, 0xFE, 0x69, 0xFE, 0x69, 0xFE, 0x69, 0xFE, 0x69, 0xFE, 0x69, 0xFE, 0x69, 0xFE, 0x69, 0xFE,
    0x69, 0xFE, 0x69, 0xFE, 0x69, 0xFE, 0x69, 0xFE, 0x69, 0xFE, 0x69, 0xFE, 0x69, 0xFE, 0x69, 0xFE, 0x69, 0xFE, 0x69,
    0xFE, 0x69, 0xFE, 0x69, 0xFE, 0x69, 0xFE, 0x69, 0xFE, 0x69, 0xFE, 0x69, 0xFE, 0x69, 0xFE, 0x69, 0xFE, 0x69, 0xFE,
    0x69, 0xFE, 0x69, 0xFE, 0x89, 0x43, 0x89, 0x43, 0x89, 0x43, 0x89, 0x43, 0x89, 0x43, 0x89, 0x43, 0x89, 0x43, 0x89,
    0x43, 0x89, 0x43, 0x89, 0x43, 0x89, 0x43, 0x89, 0x43, 0x89, 0x43, 0x89, 0x43, 0x89, 0x43, 0x89, 0x43, 0x89, 0x43,
    0x89, 0x43, 0x89, 0x43, 0x89, 0x43, 0x89, 0x43, 0x89, 0x43, 0x89, 0x43, 0x89, 0x43, 0x89, 0x43, 0x89, 0x43, 0x89,
    0x43, 0x89, 0x43, 0x89, 0x43, 0x89, 0x43, 0x89, 0x43, 0x89, 0x43, 0x89, 0x43, 0x89, 0x43, 0x89, 0x43, 0x89, 0x43,
    0x89, 0x43, 0x89, 0x43, 0x89, 0x43, 0x89, 0x43, 0x89, 0x43, 0x89, 0x43, 0x89, 0x43, 0x89, 0x43, 0x89, 0x43, 0x89,
    0x43, 0x89, 0x43, 0x89, 0x43, 0x89, 0x43, 0x89, 0x43, 0x89, 0x43, 0x89, 0x43, 0x89, 0x43, 0x89, 0x43, 0x89, 0x43,
    0x89, 0x43, 0x89, 0x43, 0x89, 0x43, 0x89, 0x43, 0x89, 0x43, 0x89, 0x43, 0x89, 0x43, 0x89, 0x43, 0x89, 0x43, 0x89,
    0x43, 0x89, 0x43, 0x89, 0x43, 0x89, 0x43, 0x89, 0x43, 0x89, 0x43, 0x89, 0x43, 0x89, 0x43, 0x89, 0x43, 0x89, 0x43,
    0x89, 0x43, 0x89, 0x43, 0x89, 0x43, 0x89, 0x43, 0x89, 0x43, 0x89, 0x43, 0x89, 0x43, 0x89, 0x43, 0x89, 0x43, 0x89,
    0x43, 0x89, 0x43, 0x89, 0x43, 0x89, 0x43, 0x89, 0x43, 0x89, 0x43, 0x89, 0x43, 0x89, 0x43, 0x89, 0x43, 0x89, 0x43,
    0x89, 0x43, 0x89, 0x43, 0x89, 0x43, 0x89, 0x43, 0x89, 0x43, 0x89, 0x43, 0x89, 0x43, 0x89, 0x43, 0x89, 0x43, 0x89,
    0x43, 0x89, 0x43, 0x89, 0x43, 0x89, 0x43, 0x89, 0x43, 0x89, 0x43, 0x89, 0x43, 0x89, 0x43, 0x89, 0x43, 0x89, 0x43,
    0x89, 0x43, 0x89, 0x43, 0x69, 0xFE, 0x69, 0xFE, 0x69, 0xFE, 0x69, 0xFE, 0x69, 0xFE, 0x69, 0xFE, 0x69, 0xFE, 0x69,
    0xFE, 0x69, 0xFE, 0x69, 0xFE, 0x69, 0xFE, 0x69, 0xFE, 0x69, 0xFE, 0x69, 0xFE, 0x69, 0xFE, 0x69, 0xFE, 0x69, 0xFE,
    0x69, 0xFE, 0x69, 0xFE, 0x69, 0xFE, 0x69, 0xFE, 0x69, 0xFE, 0x69, 0xFE, 0x69, 0xFE, 0x69, 0xFE, 0x69, 0xFE, 0x69,
    0xFE, 0x69, 0xFE, 0x69, 0xFE, 0x69, 0xFE, 0x69, 0xFE, 0x69, 0xFE, 0x69, 0xFE, 0x69, 0xFE, 0x69, 0xFE, 0x69, 0xFE,
    0x69, 0xFE, 0x69, 0xFE, 0x69, 0xFE, 0x69, 0xFE, 0x69, 0xFE, 0x69, 0xFE, 0x69, 0xFE, 0x69, 0xFE, 0x69, 0xFE, 0x69,
    0xFE, 0x69, 0xFE, 0x69, 0xFE, 0x69, 0xFE, 0x69, 0xFE, 0x69, 0xFE, 0x69, 0xFE, 0x69, 0xFE, 0x69, 0xFE, 0x69, 0xFE,
    0x69, 0xFE, 0x69, 0xFE, 0x69, 0xFE, 0x69, 0xFE, 0x69, 0xFE, 0x69, 0xFE, 0x69, 0xFE, 0x69, 0xFE, 0x69, 0xFE, 0x69,
    0xFE, 0x69, 0xFE, 0x69, 0xFE, 0x69, 0xFE, 0x69, 0xFE, 0x69, 0xFE, 0x69, 0xFE, 0x69, 0xFE, 0x69, 0xFE, 0x69, 0xFE,
    0x69, 0xFE, 0x69, 0xFE, 0x69, 0xFE, 0x69, 0xFE, 0x69, 0xFE, 0x69, 0xFE, 0x69, 0xFE, 0x69, 0xFE, 0x69, 0xFE, 0x69,
    0xFE, 0x69, 0xFE, 0x69, 0xFE, 0x69, 0xFE, 0x69, 0xFE, 0x69, 0xFE, 0x69, 0xFE, 0x69, 0xFE, 0x69, 0xFE, 0x69, 0xFE,
    0x69, 0xFE, 0x69, 0xFE, 0x69, 0xFE, 0x69, 0xFE, 0x69, 0xFE, 0x69, 0xFE, 0x69, 0xFE, 0x69, 0xFE, 0x69, 0xFE, 0x69,
    0xFE, 0x69, 0xFE, 0x69, 0xFE, 0x69, 0xFE, 0x69, 0xFE, 0x69, 0xFE, 0x69, 0xFE, 0x69, 0xFE, 0x69, 0xFE, 0x69, 0xFE,
    0x69, 0xFE, 0x69, 0xFE, 0x69, 0xFE, 0x69, 0xFE, 0x69, 0xFE, 0x69, 0xFE, 0x69, 0xFE, 0x69, 0xFE, 0x69, 0xFE, 0x69,
    0xFE, 0x69, 0xFE, 0x69, 0xFE, 0x69, 0xFE, 0x69, 0xFE, 0x89, 0x43, 0x89, 0x43, 0x89, 0x43, 0x89, 0x43, 0x89, 0x43,
    0x89, 0x43, 0x89, 0x43, 0x89, 0x43, 0x89, 0x43, 0x89, 0x43, 0x89, 0x43, 0x89, 0x43, 0x89, 0x43, 0x89, 0x43, 0x89,
    0x43, 0x89, 0x43, 0x89, 0x43, 0x89, 0x43, 0x89, 0x43, 0x89, 0x43, 0x89, 0x43, 0x89, 0x43, 0x89, 0x43, 0x89, 0x43,
    0x89, 0x43, 0x89, 0x43, 0x89, 0x43, 0x89, 0x43, 0x89, 0x43, 0x89, 0x43, 0x89, 0x43, 0x89, 0x43, 0x89, 0x43, 0x89,
    0x43, 0x89, 0x43, 0x89, 0x43, 0x89, 0x43, 0x89, 0x43, 0x89, 0x43, 0x89, 0x43, 0x89, 0x43, 0x89, 0x43, 0x89, 0x43,
    0x89, 0x43, 0x89, 0x43, 0x89, 0x43, 0x89, 0x43, 0x89, 0x43, 0x89, 0x43, 0x89, 0x43, 0x89, 0x43, 0x89, 0x43, 0x89,
    0x43, 0x89, 0x43, 0x89, 0x43, 0x89, 0x43, 0x89, 0x43, 0x89, 0x43, 0x89, 0x43, 0x89, 0x43, 0x89, 0x43, 0x89, 0x43,
    0x89, 0x43, 0x89, 0x43, 0x89, 0x43, 0x89, 0x43, 0x89, 0x43, 0x89, 0x43, 0x89, 0x43, 0x89, 0x43, 0x89, 0x43, 0x89,
    0x43, 0x89, 0x43, 0x89, 0x43, 0x89, 0x43, 0x89, 0x43, 0x89, 0x43, 0x89, 0x43, 0x89, 0x43, 0x89, 0x43, 0x89, 0x43,
    0x89, 0x43, 0x89, 0x43, 0x89, 0x43, 0x89, 0x43, 0x89, 0x43, 0x89, 0x43, 0x89, 0x43, 0x89, 0x43, 0x89, 0x43, 0x89,
    0x43, 0x89, 0x43, 0x89, 0x43, 0x89, 0x43, 0x89, 0x43, 0x89, 0x43, 0x89, 0x43, 0x89, 0x43, 0x89, 0x43, 0x89, 0x43,
    0x89, 0x43, 0x89, 0x43, 0x89, 0x43, 0x89, 0x43, 0x89, 0x43, 0x89, 0x43, 0x89, 0x43, 0x89, 0x43, 0x89, 0x43, 0x89,
    0x43, 0x89, 0x43, 0x89, 0x43, 0x89, 0x43, 0x89, 0x43, 0x69, 0xFE, 0x69, 0xFE, 0x69, 0xFE, 0x69, 0xFE, 0x69, 0xFE,
    0x69, 0xFE, 0x69, 0xFE, 0x69, 0xFE, 0x69, 0xFE, 0x69, 0xFE, 0x69, 0xFE, 0x69, 0xFE, 0x69, 0xFE, 0x69, 0xFE, 0x69,
    0xFE, 0x69, 0xFE, 0x69, 0xFE, 0x69, 0xFE, 0x69, 0xFE, 0x69, 0xFE, 0x69, 0xFE, 0x69, 0xFE, 0x69, 0xFE, 0x69, 0xFE,
    0x69, 0xFE, 0x69, 0xFE, 0x69, 0xFE, 0x69, 0xFE, 0x69, 0xFE, 0x69, 0xFE, 0x69, 0xFE, 0x69, 0xFE, 0x69, 0xFE, 0x69,
    0xFE, 0x69, 0xFE, 0x69, 0xFE, 0x69, 0xFE, 0x69, 0xFE, 0x69, 0xFE, 0x69, 0xFE, 0x69, 0xFE, 0x69, 0xFE, 0x69, 0xFE,
    0x69, 0xFE, 0x69, 0xFE, 0x69, 0xFE, 0x69, 0xFE, 0x69, 0xFE, 0x69, 0xFE, 0x69, 0xFE, 0x69, 0xFE, 0x69, 0xFE, 0x69,
    0xFE, 0x69, 0xFE, 0x69, 0xFE, 0x69, 0xFE, 0x69, 0xFE, 0x69, 0xFE, 0x69, 0xFE, 0x69, 0xFE, 0x69, 0xFE, 0x69, 0xFE,
    0x69, 0xFE, 0x69, 0xFE, 0x69, 0xFE, 0x69, 0xFE, 0x69, 0xFE, 0x69, 0xFE, 0x69, 0xFE, 0x69, 0xFE, 0x69, 0xFE, 0x69,
    0xFE, 0x69, 0xFE, 0x69, 0xFE, 0x69, 0xFE, 0x69, 0xFE, 0x69, 0xFE, 0x69, 0xFE, 0x69, 0xFE, 0x69, 0xFE, 0x69, 0xFE,
    0x69, 0xFE, 0x69, 0xFE, 0x69, 0xFE, 0x69, 0xFE, 0x69, 0xFE, 0x69, 0xFE, 0x69, 0xFE, 0x69, 0xFE, 0x69, 0xFE, 0x69,
    0xFE, 0x69, 0xFE, 0x69, 0xFE, 0x69, 0xFE, 0x69, 0xFE, 0x69, 0xFE, 0x69, 0xFE, 0x69, 0xFE, 0x69, 0xFE, 0x69, 0xFE,
    0x69, 0xFE, 0x69, 0xFE, 0x69, 0xFE, 0x69, 0xFE, 0x69, 0xFE, 0x69, 0xFE, 0x69, 0xFE, 0x69, 0xFE, 0x69, 0xFE, 0x69,
    0xFE, 0x69, 0xFE, 0x69, 0xFE, 0x69, 0xFE, 0x69, 0xFE, 0x69, 0xFE, 0x69, 0xFE, 0x69, 0xFE, 0x69, 0xFE, 0x69, 0xFE,
    0x69, 0xFE, 0x69, 0xFE, 0x69, 0xFE, 0x69, 0xFE, 0x69, 0xFE, 0x69, 0xFE, 0x69, 0xFE, 0x89, 0x43, 0x89, 0x43, 0x89,
    0x43, 0x89, 0x43, 0x89, 0x43, 0x89, 0x43, 0x89, 0x43, 0x89, 0x43, 0x89, 0x43, 0x89, 0x43, 0x89, 0x43, 0x89, 0x43,
    0x89, 0x43, 0x89, 0x43, 0x89, 0x43, 0x89, 0x43, 0x89, 0x43, 0x89, 0x43, 0x89, 0x43, 0x89, 0x43, 0x89, 0x43, 0x89,
    0x43, 0x89, 0x43, 0x89, 0x43, 0x89, 0x43, 0x89, 0x43, 0x89, 0x43, 0x89, 0x43, 0x89, 0x43, 0x89, 0x43, 0x89, 0x43,
    0x89, 0x43, 0x89, 0x43, 0x89, 0x43, 0x89, 0x43, 0x89, 0x43, 0x89, 0x43, 0x89, 0x43, 0x89, 0x43, 0x89, 0x43, 0x89,
    0x43, 0x89, 0x43, 0x89, 0x43, 0x89, 0x43, 0x89, 0x43, 0x89, 0x43, 0x89, 0x43, 0x89, 0x43, 0x89, 0x43, 0x89, 0x43,
    0x89, 0x43, 0x89, 0x43, 0x89, 0x43, 0x89, 0x43, 0x89, 0x43, 0x89, 0x43, 0x89, 0x43, 0x89, 0x43, 0x89, 0x43, 0x89,
    0x43, 0x89, 0x43, 0x89, 0x43, 0x89, 0x43, 0x89, 0x43, 0x89, 0x43, 0x89, 0x43, 0x89, 0x43, 0x89, 0x43, 0x89, 0x43,
    0x89, 0x43, 0x89, 0x43, 0x89, 0x43, 0x89, 0x43, 0x89, 0x43, 0x89, 0x43, 0x89, 0x43, 0x89, 0x43, 0x89, 0x43, 0x89,
    0x43, 0x89, 0x43, 0x89, 0x43, 0x89, 0x43, 0x89, 0x43, 0x89, 0x43, 0x89, 0x43, 0x89, 0x43, 0x89, 0x43, 0x89, 0x43,
    0x89, 0x43, 0x89, 0x43, 0x89, 0x43, 0x89, 0x43, 0x89, 0x43, 0x89, 0x43, 0x89, 0x43, 0x89, 0x43, 0x89, 0x43, 0x89,
    0x43, 0x89, 0x43, 0x89, 0x43, 0x89, 0x43, 0x89, 0x43, 0x89, 0x43, 0x89, 0x43, 0x89, 0x43, 0x89, 0x43, 0x89, 0x43,
    0x89, 0x43, 0x89, 0x43, 0x89, 0x43, 0x89, 0x43, 0x89, 0x43, 0x89, 0x43, 0x89, 0x43, 0x89, 0x43, 0x89, 0x43, 0x89,
    0x43, 0x89, 0x43, 0x89, 0x43, 0x89, 0x43, 0x69, 0xFE, 0x69, 0xFE, 0x69, 0xFE, 0x69, 0xFE, 0x69, 0xFE, 0x69, 0xFE,
    0x69, 0xFE, 0x69, 0xFE, 0x69, 0xFE, 0x69, 0xFE, 0x69, 0xFE, 0x69, 0xFE, 0x69, 0xFE, 0x69, 0xFE, 0x69, 0xFE, 0x69,
    0xFE, 0x69, 0xFE, 0x69, 0xFE, 0x69, 0xFE, 0x69, 0xFE, 0x69, 0xFE, 0x69, 0xFE, 0x69, 0xFE, 0x69, 0xFE, 0x69, 0xFE,
    0x69, 0xFE, 0x69, 0xFE, 0x69, 0xFE, 0x69, 0xFE, 0x69, 0xFE, 0x69, 0xFE, 0x69, 0xFE, 0x69, 0xFE, 0x69, 0xFE, 0x69,
    0xFE, 0x69, 0xFE, 0x69, 0xFE, 0x69, 0xFE, 0x69, 0xFE, 0x69, 0xFE, 0x69, 0xFE, 0x69, 0xFE, 0x69, 0xFE, 0x69, 0xFE,
    0x69, 0xFE, 0x69, 0xFE, 0x69, 0xFE, 0x69, 0xFE, 0x69, 0xFE, 0x69, 0xFE, 0x69, 0xFE, 0x69, 0xFE, 0x69, 0xFE, 0x69,
    0xFE, 0x69, 0xFE, 0x69, 0xFE, 0x69, 0xFE, 0x69, 0xFE, 0x69, 0xFE, 0x69, 0xFE, 0x69, 0xFE, 0x69, 0xFE, 0x69, 0xFE,
    0x69, 0xFE, 0x69, 0xFE, 0x69, 0xFE, 0x69, 0xFE, 0x69, 0xFE, 0x69, 0xFE, 0x69, 0xFE, 0x69, 0xFE, 0x69, 0xFE, 0x69,
    0xFE, 0x69, 0xFE, 0x69, 0xFE, 0x69, 0xFE, 0x69, 0xFE, 0x69, 0xFE, 0x69, 0xFE, 0x69, 0xFE, 0x69, 0xFE, 0x69, 0xFE,
    0x69, 0xFE, 0x69, 0xFE, 0x69, 0xFE, 0x69, 0xFE, 0x69, 0xFE, 0x69, 0xFE, 0x69, 0xFE, 0x69, 0xFE, 0x69, 0xFE, 0x69,
    0xFE, 0x69, 0xFE, 0x69, 0xFE, 0x69, 0xFE, 0x69, 0xFE, 0x69, 0xFE, 0x69, 0xFE, 0x69, 0xFE, 0x69, 0xFE, 0x69, 0xFE,
    0x69, 0xFE, 0x69, 0xFE, 0x69, 0xFE, 0x69, 0xFE, 0x69, 0xFE, 0x69, 0xFE, 0x69, 0xFE, 0x69, 0xFE, 0x69, 0xFE, 0x69,
    0xFE, 0x69, 0xFE, 0x69, 0xFE, 0x69, 0xFE, 0x89, 0x43, 0x89, 0x43, 0x89, 0x43, 0x89, 0x43, 0x89, 0x43, 0x89, 0x43,
    0x89, 0x43, 0x89, 0x43, 0x89, 0x43, 0x89, 0x43, 0x89, 0x43, 0x89, 0x43, 0x89, 0x43, 0x89, 0x43, 0x89, 0x43, 0x89,
    0x43, 0x89, 0x43, 0x89, 0x43, 0x89, 0x43, 0x89, 0x43, 0x89, 0x43, 0x89, 0x43, 0x89, 0x43, 0x89, 0x43, 0x89, 0x43,
    0x89, 0x43, 0x89, 0x43, 0x89, 0x43, 0x89, 0x43, 0x89, 0x43, 0x89, 0x43, 0x89, 0x43, 0x89, 0x43, 0x89, 0x43, 0x89,
    0x43, 0x89, 0x43, 0x89, 0x43, 0x89, 0x43, 0x89, 0x43, 0x89, 0x43, 0x89, 0x43, 0x89, 0x43, 0x89, 0x43, 0x89, 0x43,
    0x89, 0x43, 0x89, 0x43, 0x89, 0x43, 0x89, 0x43, 0x89, 0x43, 0x89, 0x43, 0x89, 0x43, 0x89, 0x43, 0x89, 0x43, 0x89,
    0x43, 0x89, 0x43, 0x89, 0x43, 0x89, 0x43, 0x89, 0x43, 0x89, 0x43, 0x89, 0x43, 0x89, 0x43, 0x89, 0x43, 0x89, 0x43,
    0x89, 0x43, 0x89, 0x43, 0x89, 0x43, 0x89, 0x43, 0x89, 0x43, 0x89, 0x43, 0x89, 0x43, 0x89, 0x43, 0x89, 0x43, 0x89,
    0x43, 0x89, 0x43, 0x89, 0x43, 0x89, 0x43, 0x89, 0x43, 0x89, 0x43, 0x89, 0x43, 0x89, 0x43, 0x89, 0x43, 0x89, 0x43,
    0x89, 0x43, 0x89, 0x43, 0x89, 0x43, 0x89, 0x43, 0x89, 0x43, 0x89, 0x43, 0x89, 0x43, 0x89, 0x43, 0x89, 0x43, 0x89,
    0x43, 0x89, 0x43, 0x89, 0x43, 0x89, 0x43, 0x89, 0x43, 0x89, 0x43, 0x89, 0x43, 0x89, 0x43, 0x89, 0x43, 0x89, 0x43,
    0x89, 0x43, 0x89, 0x43, 0x89, 0x43, 0x89, 0x43, 0x89, 0x43, 0x89, 0x43, 0x89, 0x43, 0x89, 0x43, 0x89, 0x43, 0x89,
    0x43, 0x89, 0x43, 0x89, 0x43, 0x89, 0x43, 0x89, 0x43, 0x89, 0x43, 0x89, 0x43, 0x89, 0x43, 0x89, 0x43, 0x89, 0x43,
    0x89, 0x43, 0x89, 0x43, 0x89, 0x43, 0x89, 0x43, 0x89, 0x43, 0x89, 0x43, 0x69, 0xFE, 0x69, 0xFE, 0x69, 0xFE, 0x69,
    0xFE, 0x69, 0xFE, 0x69, 0xFE, 0x69, 0xFE, 0x69, 0xFE, 0x69, 0xFE, 0x69, 0xFE, 0x69, 0xFE, 0x69, 0xFE, 0x69, 0xFE,
    0x69, 0xFE, 0x69, 0xFE, 0x69, 0xFE, 0x69, 0xFE, 0x69, 0xFE, 0x69, 0xFE, 0x69, 0xFE, 0x69, 0xFE, 0x69, 0xFE, 0x69,
    0xFE, 0x69, 0xFE, 0x69, 0xFE, 0x69, 0xFE, 0x69, 0xFE, 0x69, 0xFE, 0x69, 0xFE, 0x69, 0xFE, 0x69, 0xFE, 0x69, 0xFE,
    0x69, 0xFE, 0x69, 0xFE, 0x69, 0xFE, 0x69, 0xFE, 0x69, 0xFE, 0x69, 0xFE, 0x69, 0xFE, 0x69, 0xFE, 0x69, 0xFE, 0x69,
    0xFE, 0x69, 0xFE, 0x69, 0xFE, 0x69, 0xFE, 0x69, 0xFE, 0x69, 0xFE, 0x69, 0xFE, 0x69, 0xFE, 0x69, 0xFE, 0x69, 0xFE,
    0x69, 0xFE, 0x69, 0xFE, 0x69, 0xFE, 0x69, 0xFE, 0x69, 0xFE, 0x69, 0xFE, 0x69, 0xFE, 0x69, 0xFE, 0x69, 0xFE, 0x69,
    0xFE, 0x69, 0xFE, 0x69, 0xFE, 0x69, 0xFE, 0x69, 0xFE, 0x69, 0xFE, 0x69, 0xFE, 0x69, 0xFE, 0x69, 0xFE, 0x69, 0xFE,
    0x69, 0xFE, 0x69, 0xFE, 0x69, 0xFE, 0x69, 0xFE, 0x69, 0xFE, 0x69, 0xFE, 0x69, 0xFE, 0x69, 0xFE, 0x69, 0xFE, 0x69,
    0xFE, 0x69, 0xFE, 0x69, 0xFE, 0x69, 0xFE, 0x69, 0xFE, 0x69, 0xFE, 0x69, 0xFE, 0x69, 0xFE, 0x69, 0xFE, 0x69, 0xFE,
    0x69, 0xFE, 0x69, 0xFE, 0x69, 0xFE, 0x69, 0xFE, 0x69, 0xFE, 0x69, 0xFE, 0x69, 0xFE, 0x69, 0xFE, 0x69, 0xFE, 0x69,
    0xFE, 0x69, 0xFE, 0x69, 0xFE, 0x69, 0xFE, 0x69, 0xFE, 0x69, 0xFE, 0x69, 0xFE, 0x69, 0xFE, 0x69, 0xFE, 0x69, 0xFE,
    0x69, 0xFE, 0x69, 0xFE, 0x69, 0xFE, 0x69, 0xFE, 0x69, 0xFE, 0x69, 0xFE, 0x89, 0x43, 0x89, 0x43, 0x89, 0x43, 0x89,
    0x43, 0x89, 0x43, 0x89, 0x43, 0x89, 0x43, 0x89, 0x43, 0x89, 0x43, 0x89, 0x43, 0x89, 0x43, 0x89, 0x43, 0x89, 0x43,
    0x89, 0x43, 0x89, 0x43, 0x89, 0x43, 0x89, 0x43, 0x89, 0x43, 0x89, 0x43, 0x89, 0x43, 0x89, 0x43, 0x89, 0x43, 0x89,
    0x43, 0x89, 0x43, 0x89, 0x43, 0x89, 0x43, 0x89, 0x43, 0x89, 0x43, 0x89, 0x43, 0x89, 0x43, 0x89, 0x43, 0x89, 0x43,
    0x89, 0x43, 0x89, 0x43, 0x89, 0x43, 0x89, 0x43, 0x89, 0x43, 0x89, 0x43, 0x89, 0x43, 0x89, 0x43, 0x89, 0x43, 0x89,
    0x43, 0x89, 0x43, 0x89, 0x43, 0x89, 0x43, 0x89, 0x43, 0x89, 0x43, 0x89, 0x43, 0x89, 0x43, 0x89, 0x43, 0x89, 0x43,
    0x89, 0x43, 0x89, 0x43, 0x89, 0x43, 0x89, 0x43, 0x89, 0x43, 0x89, 0x43, 0x89, 0x43, 0x89, 0x43, 0x89, 0x43, 0x89,
    0x43, 0x89, 0x43, 0x89, 0x43, 0x89, 0x43, 0x89, 0x43, 0x89, 0x43, 0x89, 0x43, 0x89, 0x43, 0x89, 0x43, 0x89, 0x43,
    0x89, 0x43, 0x89, 0x43, 0x89, 0x43, 0x89, 0x43, 0x89, 0x43, 0x89, 0x43, 0x89, 0x43, 0x89, 0x43, 0x89, 0x43, 0x89,
    0x43, 0x89, 0x43, 0x89, 0x43, 0x89, 0x43, 0x89, 0x43, 0x89, 0x43, 0x89, 0x43, 0x89, 0x43, 0x89, 0x43, 0x89, 0x43,
    0x89, 0x43, 0x89, 0x43, 0x89, 0x43, 0x89, 0x43, 0x89, 0x43, 0x89, 0x43, 0x89, 0x43, 0x89, 0x43, 0x89, 0x43, 0x89,
    0x43, 0x89, 0x43, 0x89, 0x43, 0x89, 0x43, 0x89, 0x43, 0x89, 0x43, 0x89, 0x43, 0x89, 0x43, 0x89, 0x43, 0x89, 0x43,
    0x89, 0x43, 0x89, 0x43, 0x89, 0x43, 0x89, 0x43, 0x89, 0x43, 0x89, 0x43, 0x89, 0x43, 0x89, 0x43, 0x89, 0x43, 0x89,
    0x43, 0x89, 0x43, 0x89, 0x43, 0x89, 0x43, 0x89, 0x43, 0x89, 0x43, 0x89, 0x43, 0x89, 0x43, 0x89, 0x43, 0x69, 0xFE,
    0x69, 0xFE, 0x69, 0xFE, 0x69, 0xFE, 0x69, 0xFE, 0x69, 0xFE, 0x69, 0xFE, 0x69, 0xFE, 0x69, 0xFE, 0x69, 0xFE, 0x69,
    0xFE, 0x69, 0xFE, 0x69, 0xFE, 0x69, 0xFE, 0x69, 0xFE, 0x69, 0xFE, 0x69, 0xFE, 0x69, 0xFE, 0x69, 0xFE, 0x69, 0xFE,
    0x69, 0xFE, 0x69, 0xFE, 0x69, 0xFE, 0x69, 0xFE, 0x69, 0xFE, 0x69, 0xFE, 0x69, 0xFE, 0x69, 0xFE, 0x69, 0xFE, 0x69,
    0xFE, 0x69, 0xFE, 0x69, 0xFE, 0x69, 0xFE, 0x69, 0xFE, 0x69, 0xFE, 0x69, 0xFE, 0x69, 0xFE, 0x69, 0xFE, 0x69, 0xFE,
    0x69, 0xFE, 0x69, 0xFE, 0x69, 0xFE, 0x69, 0xFE, 0x69, 0xFE, 0x69, 0xFE, 0x69, 0xFE, 0x69, 0xFE, 0x69, 0xFE, 0x69,
    0xFE, 0x69, 0xFE, 0x69, 0xFE, 0x69, 0xFE, 0x69, 0xFE, 0x69, 0xFE, 0x69, 0xFE, 0x69, 0xFE, 0x69, 0xFE, 0x69, 0xFE,
    0x69, 0xFE, 0x69, 0xFE, 0x69, 0xFE, 0x69, 0xFE, 0x69, 0xFE, 0x69, 0xFE, 0x69, 0xFE, 0x69, 0xFE, 0x69, 0xFE, 0x69,
    0xFE, 0x69, 0xFE, 0x69, 0xFE, 0x69, 0xFE, 0x69, 0xFE, 0x69, 0xFE, 0x69, 0xFE, 0x69, 0xFE, 0x69, 0xFE, 0x69, 0xFE,
    0x69, 0xFE, 0x69, 0xFE, 0x69, 0xFE, 0x69, 0xFE, 0x69, 0xFE, 0x69, 0xFE, 0x69, 0xFE, 0x69, 0xFE, 0x69, 0xFE, 0x69,
    0xFE, 0x69, 0xFE, 0x69, 0xFE, 0x69, 0xFE, 0x69, 0xFE, 0x69, 0xFE, 0x69, 0xFE, 0x69, 0xFE, 0x69, 0xFE, 0x69, 0xFE,
    0x69, 0xFE, 0x69, 0xFE, 0x69, 0xFE, 0x69, 0xFE, 0x69, 0xFE, 0x69, 0xFE, 0x69, 0xFE, 0x69, 0xFE, 0x69, 0xFE, 0x69,
    0xFE, 0x69, 0xFE, 0x69, 0xFE, 0x69, 0xFE, 0x69, 0xFE, 0x69, 0xFE, 0x69, 0xFE, 0x69, 0xFE, 0x69, 0xFE, 0x89, 0x43,
    0x89, 0x43, 0x89, 0x43, 0x89, 0x43, 0x89, 0x43, 0x89, 0x43, 0x89, 0x43, 0x89, 0x43, 0x89, 0x43, 0x89, 0x43, 0x89,
    0x43, 0x89, 0x43, 0x89, 0x43, 0x89, 0x43, 0x89, 0x43, 0x89, 0x43, 0x89, 0x43, 0x89, 0x43, 0x89, 0x43, 0x89, 0x43,
    0x89, 0x43, 0x89, 0x43, 0x89, 0x43, 0x89, 0x43, 0x89, 0x43, 0x89, 0x43, 0x89, 0x43, 0x89, 0x43, 0x89, 0x43, 0x89,
    0x43, 0x89, 0x43, 0x89, 0x43, 0x89, 0x43, 0x89, 0x43, 0x89, 0x43, 0x89, 0x43, 0x89, 0x43, 0x89, 0x43, 0x89, 0x43,
    0x89, 0x43, 0x89, 0x43, 0x89, 0x43, 0x89, 0x43, 0x89, 0x43, 0x89, 0x43, 0x89, 0x43, 0x89, 0x43, 0x89, 0x43, 0x89,
    0x43, 0x89, 0x43, 0x89, 0x43, 0x89, 0x43, 0x89, 0x43, 0x89, 0x43, 0x89, 0x43, 0x89, 0x43, 0x89, 0x43, 0x89, 0x43,
    0x89, 0x43, 0x89, 0x43, 0x89, 0x43, 0x89, 0x43, 0x89, 0x43, 0x89, 0x43, 0x89, 0x43, 0x89, 0x43, 0x89, 0x43, 0x89,
    0x43, 0x89, 0x43, 0x89, 0x43, 0x89, 0x43, 0x89, 0x43, 0x89, 0x43, 0x89, 0x43, 0x89, 0x43, 0x89, 0x43, 0x89, 0x43,
    0x89, 0x43, 0x89, 0x43, 0x89, 0x43, 0x89, 0x43, 0x89, 0x43, 0x89, 0x43, 0x89, 0x43, 0x89, 0x43, 0x89, 0x43, 0x89,
    0x43, 0x89, 0x43, 0x89, 0x43, 0x89, 0x43, 0x89, 0x43, 0x89, 0x43, 0x89, 0x43, 0x89, 0x43, 0x89, 0x43, 0x89, 0x43,
    0x89, 0x43, 0x89, 0x43, 0x89, 0x43, 0x89, 0x43, 0x89, 0x43, 0x89, 0x43, 0x89, 0x43, 0x89, 0x43, 0x89, 0x43, 0x89,
    0x43, 0x89, 0x43, 0x89, 0x43, 0x89, 0x43, 0x89, 0x43, 0x89, 0x43, 0x89, 0x43, 0x89, 0x43, 0x89, 0x43, 0x89, 0x43,
    0x89, 0x43, 0x89, 0x43, 0x89, 0x43, 0x89, 0x43, 0x89, 0x43, 0x89, 0x43, 0x89, 0x43, 0x89, 0x43, 0x89, 0x43, 0x89,
    0x43, 0x89, 0x43, 0x89, 0x43, 0x89, 0x43, 0x89, 0x43, 0x89, 0x43, 0x89, 0x43, 0x89, 0x43, 0x89, 0x43, 0x69, 0xFE,
    0x69, 0xFE, 0x69, 0xFE, 0x69, 0xFE, 0x69, 0xFE, 0x69, 0xFE, 0x69, 0xFE, 0x69, 0xFE, 0x69, 0xFE, 0x69, 0xFE, 0x69,
    0xFE, 0x69, 0xFE, 0x69, 0xFE, 0x69, 0xFE, 0x69, 0xFE, 0x69, 0xFE, 0x69, 0xFE, 0x69, 0xFE, 0x69, 0xFE, 0x69, 0xFE,
    0x69, 0xFE, 0x69, 0xFE, 0x69, 0xFE, 0x69, 0xFE, 0x69, 0xFE, 0x69, 0xFE, 0x69, 0xFE, 0x69, 0xFE, 0x69, 0xFE, 0x69,
    0xFE, 0x69, 0xFE, 0x69, 0xFE, 0x69, 0xFE, 0x69, 0xFE, 0x69, 0xFE, 0x69, 0xFE, 0x69, 0xFE, 0x69, 0xFE, 0x69, 0xFE,
    0x69, 0xFE, 0x69, 0xFE, 0x69, 0xFE, 0x69, 0xFE, 0x69, 0xFE, 0x69, 0xFE, 0x69, 0xFE, 0x69, 0xFE, 0x69, 0xFE, 0x69,
    0xFE, 0x69, 0xFE, 0x69, 0xFE, 0x69, 0xFE, 0x69, 0xFE, 0x69, 0xFE, 0x69, 0xFE, 0x69, 0xFE, 0x69, 0xFE, 0x69, 0xFE,
    0x69, 0xFE, 0x69, 0xFE, 0x69, 0xFE, 0x69, 0xFE, 0x69, 0xFE, 0x69, 0xFE, 0x69, 0xFE, 0x69, 0xFE, 0x69, 0xFE, 0x69,
    0xFE, 0x69, 0xFE, 0x69, 0xFE, 0x69, 0xFE, 0x69, 0xFE, 0x69, 0xFE, 0x69, 0xFE, 0x69, 0xFE, 0x69, 0xFE, 0x69, 0xFE,
    0x69, 0xFE, 0x69, 0xFE, 0x69, 0xFE, 0x69, 0xFE, 0x69, 0xFE, 0x69, 0xFE, 0x69, 0xFE, 0x69, 0xFE, 0x69, 0xFE, 0x69,
    0xFE, 0x69, 0xFE, 0x69, 0xFE, 0x69, 0xFE, 0x69, 0xFE, 0x69, 0xFE, 0x69, 0xFE, 0x69, 0xFE, 0x69, 0xFE, 0x69, 0xFE,
    0x69, 0xFE, 0x69, 0xFE, 0x69, 0xFE, 0x69, 0xFE, 0x89, 0x43, 0x89, 0x43, 0x89, 0x43, 0x89, 0x43, 0x89, 0x43, 0x89,
    0x43, 0x89, 0x43, 0x89, 0x43, 0x89, 0x43, 0x89, 0x43, 0x89, 0x43, 0x89, 0x43, 0x89, 0x43, 0x89, 0x43, 0x89, 0x43,
    0x89, 0x43, 0x89, 0x43, 0x89, 0x43, 0x89, 0x43, 0x89, 0x43, 0x89, 0x43, 0x89, 0x43, 0x89, 0x43, 0x89, 0x43, 0x89,
    0x43, 0x89, 0x43, 0x89, 0x43, 0x89, 0x43, 0x89, 0x43, 0x89, 0x43, 0x89, 0x43, 0x89, 0x43, 0x89, 0x43, 0x89, 0x43,
    0x89, 0x43, 0x89, 0x43, 0x89, 0x43, 0x89, 0x43, 0x89, 0x43, 0x89, 0x43, 0x89, 0x43, 0x89, 0x43, 0x89, 0x43, 0x89,
    0x43, 0x89, 0x43, 0x89, 0x43, 0x89, 0x43, 0x89, 0x43, 0x89, 0x43, 0x89, 0x43, 0x89, 0x43, 0x89, 0x43, 0x89, 0x43,
    0x89, 0x43, 0x89, 0x43, 0x89, 0x43, 0x89, 0x43, 0x89, 0x43, 0x89, 0x43, 0x89, 0x43, 0x89, 0x43, 0x89, 0x43, 0x89,
    0x43, 0x89, 0x43, 0x89, 0x43, 0x89, 0x43, 0x89, 0x43, 0x89, 0x43, 0x89, 0x43, 0x89, 0x43, 0x89, 0x43, 0x89, 0x43,
    0x89, 0x43, 0x89, 0x43, 0x89, 0x43, 0x89, 0x43, 0x89, 0x43, 0x89, 0x43, 0x89, 0x43, 0x89, 0x43, 0x89, 0x43, 0x89,
    0x43, 0x89, 0x43, 0x89, 0x43, 0x89, 0x43, 0x89, 0x43, 0x89, 0x43, 0x89, 0x43, 0x89, 0x43, 0x89, 0x43, 0x89, 0x43,
    0x89, 0x43, 0x89, 0x43, 0x89, 0x43, 0x89, 0x43, 0x89, 0x43, 0x89, 0x43, 0x89, 0x43, 0x89, 0x43, 0x89, 0x43, 0x89,
    0x43, 0x89, 0x43, 0x89, 0x43, 0x89, 0x43, 0x89, 0x43, 0x89, 0x43, 0x89, 0x43, 0x89, 0x43, 0x89, 0x43, 0x89, 0x43,
    0x89, 0x43, 0x89, 0x43, 0x89, 0x43, 0x89, 0x43, 0x89, 0x43, 0x89, 0x43, 0x89, 0x43, 0x89, 0x43, 0x89, 0x43, 0x89,
    0x43, 0x89, 0x43, 0x89, 0x43, 0x89, 0x43, 0x89, 0x43, 0x89, 0x43, 0x89, 0x43, 0x89, 0x43, 0x89, 0x43, 0x89, 0x43,
    0x89, 0x43, 0x89, 0x43, 0x89, 0x43, 0x89, 0x43, 0x89, 0x43, 0x89, 0x43, 0x89, 0x43, 0x89, 0x43, 0x89, 0x43, 0x89,
    0x43, 0x89, 0x43, 0x69, 0xFE, 0x69, 0xFE, 0x69, 0xFE, 0x69, 0xFE, 0x69, 0xFE, 0x69, 0xFE, 0x69, 0xFE, 0x69, 0xFE,
    0x69, 0xFE, 0x69, 0xFE, 0x69, 0xFE, 0x69, 0xFE, 0x69, 0xFE, 0x69, 0xFE, 0x69, 0xFE, 0x69, 0xFE, 0x69, 0xFE, 0x69,
    0xFE, 0x69, 0xFE, 0x69, 0xFE, 0x69, 0xFE, 0x69, 0xFE, 0x69, 0xFE, 0x69, 0xFE, 0x69, 0xFE, 0x69, 0xFE, 0x69, 0xFE,
    0x69, 0xFE, 0x69, 0xFE, 0x69, 0xFE, 0x69, 0xFE, 0x69, 0xFE, 0x69, 0xFE, 0x69, 0xFE, 0x69, 0xFE, 0x69, 0xFE, 0x69,
    0xFE, 0x69, 0xFE, 0x69, 0xFE, 0x69, 0xFE, 0x69, 0xFE, 0x69, 0xFE, 0x69, 0xFE, 0x69, 0xFE, 0x69, 0xFE, 0x69, 0xFE,
    0x69, 0xFE, 0x69, 0xFE, 0x69, 0xFE, 0x69, 0xFE, 0x69, 0xFE, 0x69, 0xFE, 0x69, 0xFE, 0x69, 0xFE, 0x69, 0xFE, 0x69,
    0xFE, 0x69, 0xFE, 0x69, 0xFE, 0x69, 0xFE, 0x69, 0xFE, 0x69, 0xFE, 0x69, 0xFE, 0x69, 0xFE, 0x69, 0xFE, 0x69, 0xFE,
    0x69, 0xFE, 0x69, 0xFE, 0x69, 0xFE, 0x69, 0xFE, 0x69, 0xFE, 0x69, 0xFE, 0x69, 0xFE, 0x69, 0xFE, 0x69, 0xFE, 0x69,
    0xFE, 0x69, 0xFE, 0x69, 0xFE, 0x69, 0xFE, 0x69, 0xFE, 0x69, 0xFE, 0x69, 0xFE, 0x69, 0xFE, 0x69, 0xFE, 0x69, 0xFE,
    0x69, 0xFE, 0x69, 0xFE, 0x69, 0xFE, 0x69, 0xFE, 0x69, 0xFE, 0x69, 0xFE, 0x69, 0xFE, 0x69, 0xFE, 0x69, 0xFE, 0x69,
    0xFE, 0x69, 0xFE, 0x69, 0xFE, 0x69, 0xFE, 0x69, 0xFE, 0x69, 0xFE, 0x69, 0xFE, 0x89, 0x43, 0x89, 0x43, 0x89, 0x43,
    0x89, 0x43, 0x89, 0x43, 0x89, 0x43, 0x89, 0x43, 0x89, 0x43, 0x89, 0x43, 0x89, 0x43, 0x89, 0x43, 0x89, 0x43, 0x89,
    0x43, 0x89, 0x43, 0x89, 0x43, 0x89, 0x43, 0x89, 0x43, 0x89, 0x43, 0x89, 0x43, 0x89, 0x43, 0x89, 0x43, 0x89, 0x43,
    0x89, 0x43, 0x89, 0x43, 0x89, 0x43, 0x89, 0x43, 0x89, 0x43, 0x89, 0x43, 0x89, 0x43, 0x89, 0x43, 0x89, 0x43, 0x89,
    0x43, 0x89, 0x43, 0x89, 0x43, 0x89, 0x43, 0x89, 0x43, 0x89, 0x43, 0x89, 0x43, 0x89, 0x43, 0x89, 0x43, 0x89, 0x43,
    0x89, 0x43, 0x89, 0x43, 0x89, 0x43, 0x89, 0x43, 0x89, 0x43, 0x89, 0x43, 0x89, 0x43, 0x89, 0x43, 0x89, 0x43, 0x89,
    0x43, 0x89, 0x43, 0x89, 0x43, 0x89, 0x43, 0x89, 0x43, 0x89, 0x43, 0x89, 0x43, 0x89, 0x43, 0x89, 0x43, 0x89, 0x43,
    0x89, 0x43, 0x89, 0x43, 0x89, 0x43, 0x89, 0x43, 0x89, 0x43, 0x89, 0x43, 0x89, 0x43, 0x89, 0x43, 0x89, 0x43, 0x89,
    0x43, 0x89, 0x43, 0x89, 0x43, 0x89, 0x43, 0x89, 0x43, 0x89, 0x43, 0x89, 0x43, 0x89, 0x43, 0x89, 0x43, 0x89, 0x43,
    0x89, 0x43, 0x89, 0x43, 0x89, 0x43, 0x89, 0x43, 0x89, 0x43, 0x89, 0x43, 0x89, 0x43, 0x89, 0x43, 0x89, 0x43, 0x89,
    0x43, 0x89, 0x43, 0x89, 0x43, 0x89, 0x43, 0x89, 0x43, 0x89, 0x43, 0x89, 0x43, 0x89, 0x43, 0x89, 0x43, 0x89, 0x43,
    0x89, 0x43, 0x89, 0x43, 0x89, 0x43, 0x89, 0x43, 0x89, 0x43, 0x89, 0x43, 0x89, 0x43, 0x89, 0x43, 0x89, 0x43, 0x89,
    0x43, 0x89, 0x43, 0x89, 0x43, 0x89, 0x43, 0x89, 0x43, 0x89, 0x43, 0x89, 0x43, 0x89, 0x43, 0x89, 0x43, 0x89, 0x43,
    0x89, 0x43, 0x89, 0x43, 0x89, 0x43, 0x89, 0x43, 0x89, 0x43, 0x89, 0x43, 0x89, 0x43, 0x89, 0x43, 0x89, 0x43, 0x89,
    0x43, 0x89, 0x43, 0x89, 0x43, 0x89, 0x43, 0x89, 0x43, 0x89, 0x43, 0x89, 0x43, 0x89, 0x43, 0x89, 0x43, 0x89, 0x43,
    0x89, 0x43, 0x89, 0x43, 0x89, 0x43, 0x89, 0x43, 0x69, 0xFE, 0x69, 0xFE, 0x69, 0xFE, 0x69, 0xFE, 0x69, 0xFE, 0x69,
    0xFE, 0x69, 0xFE, 0x69, 0xFE, 0x69, 0xFE, 0x69, 0xFE, 0x69, 0xFE, 0x69, 0xFE, 0x69, 0xFE, 0x69, 0xFE, 0x69, 0xFE,
    0x69, 0xFE, 0x69, 0xFE, 0x69, 0xFE, 0x69, 0xFE, 0x69, 0xFE, 0x69, 0xFE, 0x69, 0xFE, 0x69, 0xFE, 0x69, 0xFE, 0x69,
    0xFE, 0x69, 0xFE, 0x69, 0xFE, 0x69, 0xFE, 0x69, 0xFE, 0x69, 0xFE, 0x69, 0xFE, 0x69, 0xFE, 0x69, 0xFE, 0x69, 0xFE,
    0x69, 0xFE, 0x69, 0xFE, 0x69, 0xFE, 0x69, 0xFE, 0x69, 0xFE, 0x69, 0xFE, 0x69, 0xFE, 0x69, 0xFE, 0x69, 0xFE, 0x69,
    0xFE, 0x69, 0xFE, 0x69, 0xFE, 0x69, 0xFE, 0x69, 0xFE, 0x69, 0xFE, 0x69, 0xFE, 0x69, 0xFE, 0x69, 0xFE, 0x69, 0xFE,
    0x69, 0xFE, 0x69, 0xFE, 0x69, 0xFE, 0x69, 0xFE, 0x69, 0xFE, 0x69, 0xFE, 0x69, 0xFE, 0x69, 0xFE, 0x69, 0xFE, 0x69,
    0xFE, 0x69, 0xFE, 0x69, 0xFE, 0x69, 0xFE, 0x69, 0xFE, 0x69, 0xFE, 0x69, 0xFE, 0x69, 0xFE, 0x69, 0xFE, 0x69, 0xFE,
    0x69, 0xFE, 0x69, 0xFE, 0x69, 0xFE, 0x69, 0xFE, 0x69, 0xFE, 0x69, 0xFE, 0x69, 0xFE, 0x69, 0xFE, 0x69, 0xFE, 0x69,
    0xFE, 0x69, 0xFE, 0x69, 0xFE, 0x69, 0xFE, 0x69, 0xFE, 0x69, 0xFE, 0x69, 0xFE, 0x69, 0xFE, 0x69, 0xFE, 0x69, 0xFE,
    0x69, 0xFE, 0x69, 0xFE, 0x69, 0xFE, 0x69, 0xFE, 0x69, 0xFE, 0x69, 0xFE, 0x69, 0xFE, 0x69, 0xFE, 0x69, 0xFE, 0x89,
    0x43, 0x89, 0x43, 0x89, 0x43, 0x89, 0x43, 0x89, 0x43, 0x89, 0x43, 0x89, 0x43, 0x89, 0x43, 0x89, 0x43, 0x89, 0x43,
    0x89, 0x43, 0x89, 0x43, 0x89, 0x43, 0x89, 0x43, 0x89, 0x43, 0x89, 0x43, 0x89, 0x43, 0x89, 0x43, 0x89, 0x43, 0x89,
    0x43, 0x89, 0x43, 0x89, 0x43, 0x89, 0x43, 0x89, 0x43, 0x89, 0x43, 0x89, 0x43, 0x89, 0x43, 0x89, 0x43, 0x89, 0x43,
    0x89, 0x43, 0x89, 0x43, 0x89, 0x43, 0x89, 0x43, 0x89, 0x43, 0x89, 0x43, 0x89, 0x43, 0x89, 0x43, 0x89, 0x43, 0x89,
    0x43, 0x89, 0x43, 0x89, 0x43, 0x89, 0x43, 0x89, 0x43, 0x89, 0x43, 0x89, 0x43, 0x89, 0x43, 0x89, 0x43, 0x89, 0x43,
    0x89, 0x43, 0x89, 0x43, 0x89, 0x43, 0x89, 0x43, 0x89, 0x43, 0x89, 0x43, 0x89, 0x43, 0x89, 0x43, 0x89, 0x43, 0x89,
    0x43, 0x89, 0x43, 0x89, 0x43, 0x89, 0x43, 0x89, 0x43, 0x89, 0x43, 0x89, 0x43, 0x89, 0x43, 0x89, 0x43, 0x89, 0x43,
    0x89, 0x43, 0x89, 0x43, 0x89, 0x43, 0x89, 0x43, 0x89, 0x43, 0x89, 0x43, 0x89, 0x43, 0x89, 0x43, 0x89, 0x43, 0x89,
    0x43, 0x89, 0x43, 0x89, 0x43, 0x89, 0x43, 0x89, 0x43, 0x89, 0x43, 0x89, 0x43, 0x89, 0x43, 0x89, 0x43, 0x89, 0x43,
    0x89, 0x43, 0x89, 0x43, 0x89, 0x43, 0x89, 0x43, 0x89, 0x43, 0x89, 0x43, 0x89, 0x43, 0x89, 0x43, 0x89, 0x43, 0x89,
    0x43, 0x89, 0x43, 0x89, 0x43, 0x89, 0x43, 0x89, 0x43, 0x89, 0x43, 0x89, 0x43, 0x89, 0x43, 0x89, 0x43, 0x89, 0x43,
    0x89, 0x43, 0x89, 0x43, 0x89, 0x43, 0x89, 0x43, 0x89, 0x43, 0x89, 0x43, 0x89, 0x43, 0x89, 0x43, 0x89, 0x43, 0x89,
    0x43, 0x89, 0x43, 0x89, 0x43, 0x89, 0x43, 0x89, 0x43, 0x89, 0x43, 0x89, 0x43, 0x89, 0x43, 0x89, 0x43, 0x89, 0x43,
    0x89, 0x43, 0x89, 0x43, 0x89, 0x43, 0x89, 0x43, 0x89, 0x43, 0x89, 0x43, 0x89, 0x43, 0x89, 0x43, 0x89, 0x43, 0x89,
    0x43, 0x89, 0x43, 0x89, 0x43, 0x89, 0x43, 0x89, 0x43, 0x89, 0x43, 0x89, 0x43, 0x89, 0x43, 0x89, 0x43, 0x89, 0x43,
    0x89, 0x43, 0x89, 0x43, 0x89, 0x43, 0x89, 0x43, 0x89, 0x43, 0x89, 0x43, 0x89, 0x43, 0x69, 0xFE, 0x69, 0xFE, 0x69,
    0xFE, 0x69, 0xFE, 0x69, 0xFE, 0x69, 0xFE, 0x69, 0xFE, 0x69, 0xFE, 0x69, 0xFE, 0x69, 0xFE, 0x69, 0xFE, 0x69, 0xFE,
    0x69, 0xFE, 0x69, 0xFE, 0x69, 0xFE, 0x69, 0xFE, 0x69, 0xFE, 0x69, 0xFE, 0x69, 0xFE, 0x69, 0xFE, 0x69, 0xFE, 0x69,
    0xFE, 0x69, 0xFE, 0x69, 0xFE, 0x69, 0xFE, 0x69, 0xFE, 0x69, 0xFE, 0x69, 0xFE, 0x69, 0xFE, 0x69, 0xFE, 0x69, 0xFE,
    0x69, 0xFE, 0x69, 0xFE, 0x69, 0xFE, 0x69, 0xFE, 0x69, 0xFE, 0x69, 0xFE, 0x69, 0xFE, 0x69, 0xFE, 0x69, 0xFE, 0x69,
    0xFE, 0x69, 0xFE, 0x69, 0xFE, 0x69, 0xFE, 0x69, 0xFE, 0x69, 0xFE, 0x69, 0xFE, 0x69, 0xFE, 0x69, 0xFE, 0x69, 0xFE,
    0x69, 0xFE, 0x69, 0xFE, 0x69, 0xFE, 0x69, 0xFE, 0x69, 0xFE, 0x69, 0xFE, 0x69, 0xFE, 0x69, 0xFE, 0x69, 0xFE, 0x69,
    0xFE, 0x69, 0xFE, 0x69, 0xFE, 0x69, 0xFE, 0x69, 0xFE, 0x69, 0xFE, 0x69, 0xFE, 0x69, 0xFE, 0x69, 0xFE, 0x69, 0xFE,
    0x69, 0xFE, 0x69, 0xFE, 0x69, 0xFE, 0x69, 0xFE, 0x69, 0xFE, 0x69, 0xFE, 0x69, 0xFE, 0x69, 0xFE, 0x69, 0xFE, 0x69,
    0xFE, 0x69, 0xFE, 0x89, 0x43, 0x89, 0x43, 0x89, 0x43, 0x89, 0x43, 0x89, 0x43, 0x89, 0x43, 0x89, 0x43, 0x89, 0x43,
    0x89, 0x43, 0x89, 0x43, 0x89, 0x43, 0x89, 0x43, 0x89, 0x43, 0x89, 0x43, 0x89, 0x43, 0x89, 0x43, 0x89, 0x43, 0x89,
    0x43, 0x89, 0x43, 0x89, 0x43, 0x89, 0x43, 0x89, 0x43, 0x89, 0x43, 0x89, 0x43, 0x89, 0x43, 0x89, 0x43, 0x89, 0x43,
    0x89, 0x43, 0x89, 0x43, 0x89, 0x43, 0x89, 0x43, 0x89, 0x43, 0x89, 0x43, 0x89, 0x43, 0x89, 0x43, 0x89, 0x43, 0x89,
    0x43, 0x89, 0x43, 0x89, 0x43, 0x89, 0x43, 0x89, 0x43, 0x89, 0x43, 0x89, 0x43, 0x89, 0x43, 0x89, 0x43, 0x89, 0x43,
    0x89, 0x43, 0x89, 0x43, 0x89, 0x43, 0x89, 0x43, 0x89, 0x43, 0x89, 0x43, 0x89, 0x43, 0x89, 0x43, 0x89, 0x43, 0x89,
    0x43, 0x89, 0x43, 0x89, 0x43, 0x89, 0x43, 0x89, 0x43, 0x89, 0x43, 0x89, 0x43, 0x89, 0x43, 0x89, 0x43, 0x89, 0x43,
    0x89, 0x43, 0x89, 0x43, 0x89, 0x43, 0x89, 0x43, 0x89, 0x43, 0x89, 0x43, 0x89, 0x43, 0x89, 0x43, 0x89, 0x43, 0x89,
    0x43, 0x89, 0x43, 0x89, 0x43, 0x89, 0x43, 0x89, 0x43, 0x89, 0x43, 0x89, 0x43, 0x89, 0x43, 0x89, 0x43, 0x89, 0x43,
    0x89, 0x43, 0x89, 0x43, 0x89, 0x43, 0x89, 0x43, 0x89, 0x43, 0x89, 0x43, 0x89, 0x43, 0x89, 0x43, 0x89, 0x43, 0x89,
    0x43, 0x89, 0x43, 0x89, 0x43, 0x89, 0x43, 0x89, 0x43, 0x89, 0x43, 0x89, 0x43, 0x89, 0x43, 0x89, 0x43, 0x89, 0x43,
    0x89, 0x43, 0x89, 0x43, 0x89, 0x43, 0x89, 0x43, 0x89, 0x43, 0x89, 0x43, 0x89, 0x43, 0x89, 0x43, 0x89, 0x43, 0x89,
    0x43, 0x89, 0x43, 0x89, 0x43, 0x89, 0x43, 0x89, 0x43, 0x89, 0x43, 0x89, 0x43, 0x89, 0x43, 0x89, 0x43, 0x89, 0x43,
    0x89, 0x43, 0x89, 0x43, 0x89, 0x43, 0x89, 0x43, 0x89, 0x43, 0x89, 0x43, 0x89, 0x43, 0x89, 0x43, 0x89, 0x43, 0x89,
    0x43, 0x89, 0x43, 0x89, 0x43, 0x89, 0x43, 0x89, 0x43, 0x89, 0x43, 0x89, 0x43, 0x89, 0x43, 0x89, 0x43, 0x89, 0x43,
    0x89, 0x43, 0x89, 0x43, 0x89, 0x43, 0x89, 0x43, 0x89, 0x43, 0x89, 0x43, 0x89, 0x43, 0x89, 0x43, 0x89, 0x43, 0x89,
    0x43, 0x89, 0x43, 0x89, 0x43, 0x89, 0x43, 0x89, 0x43, 0x89, 0x43, 0x89, 0x43, 0x89, 0x43, 0x89, 0x43, 0x89, 0x43,
    0x69, 0xFE, 0x69, 0xFE, 0x69, 0xFE, 0x69, 0xFE, 0x69, 0xFE, 0x69, 0xFE, 0x69, 0xFE, 0x69, 0xFE, 0x69, 0xFE, 0x69,
    0xFE, 0x69, 0xFE, 0x69, 0xFE, 0x69, 0xFE, 0x69, 0xFE, 0x69, 0xFE, 0x69, 0xFE, 0x69, 0xFE, 0x69, 0xFE, 0x69, 0xFE,
    0x69, 0xFE, 0x69, 0xFE, 0x69, 0xFE, 0x69, 0xFE, 0x69, 0xFE, 0x69, 0xFE, 0x69, 0xFE, 0x69, 0xFE, 0x69, 0xFE, 0x69,
    0xFE, 0x69, 0xFE, 0x69, 0xFE, 0x69, 0xFE, 0x69, 0xFE, 0x69, 0xFE, 0x69, 0xFE, 0x69, 0xFE, 0x69, 0xFE, 0x69, 0xFE,
    0x69, 0xFE, 0x69, 0xFE, 0x69, 0xFE, 0x69, 0xFE, 0x69, 0xFE, 0x69, 0xFE, 0x69, 0xFE, 0x69, 0xFE, 0x69, 0xFE, 0x69,
    0xFE, 0x69, 0xFE, 0x69, 0xFE, 0x69, 0xFE, 0x69, 0xFE, 0x69, 0xFE, 0x69, 0xFE, 0x69, 0xFE, 0x69, 0xFE, 0x69, 0xFE,
    0x69, 0xFE, 0x69, 0xFE, 0x69, 0xFE, 0x69, 0xFE, 0x69, 0xFE, 0x69, 0xFE, 0x69, 0xFE, 0x69, 0xFE, 0x69, 0xFE, 0x69,
    0xFE, 0x69, 0xFE, 0x69, 0xFE, 0x69, 0xFE, 0x69, 0xFE, 0x69, 0xFE, 0x69, 0xFE, 0x69, 0xFE, 0x69, 0xFE, 0x69, 0xFE,
    0x69, 0xFE, 0x69, 0xFE, 0x69, 0xFE, 0x69, 0xFE, 0x89, 0x43, 0x89, 0x43, 0x89, 0x43, 0x89, 0x43, 0x89, 0x43, 0x89,
    0x43, 0x89, 0x43, 0x89, 0x43, 0x89, 0x43, 0x89, 0x43, 0x89, 0x43, 0x89, 0x43, 0x89, 0x43, 0x89, 0x43, 0x89, 0x43,
    0x89, 0x43, 0x89, 0x43, 0x89, 0x43, 0x89, 0x43, 0x89, 0x43, 0x89, 0x43, 0x89, 0x43, 0x89, 0x43, 0x89, 0x43, 0x89,
    0x43, 0x89, 0x43, 0x89, 0x43, 0x89, 0x43, 0x89, 0x43, 0x89, 0x43, 0x89, 0x43, 0x89, 0x43, 0x89, 0x43, 0x89, 0x43,
    0x89, 0x43, 0x89, 0x43, 0x89, 0x43, 0x89, 0x43, 0x89, 0x43, 0x89, 0x43, 0x89, 0x43, 0x89, 0x43, 0x89, 0x43, 0x89,
    0x43, 0x89, 0x43, 0x89, 0x43, 0x89, 0x43, 0x89, 0x43, 0x89, 0x43, 0x89, 0x43, 0x89, 0x43, 0x89, 0x43, 0x89, 0x43,
    0x89, 0x43, 0x89, 0x43, 0x89, 0x43, 0x89, 0x43, 0x89, 0x43, 0x89, 0x43, 0x89, 0x43, 0x89, 0x43, 0x89, 0x43, 0x89,
    0x43, 0x89, 0x43, 0x89, 0x43, 0x89, 0x43, 0x89, 0x43, 0x89, 0x43, 0x89, 0x43, 0x89, 0x43, 0x89, 0x43, 0x89, 0x43,
    0x89, 0x43, 0x89, 0x43, 0x89, 0x43, 0x89, 0x43, 0x89, 0x43, 0x89, 0x43, 0x89, 0x43, 0x89, 0x43, 0x89, 0x43, 0x89,
    0x43, 0x89, 0x43, 0x89, 0x43, 0x89, 0x43, 0x89, 0x43, 0x89, 0x43, 0x89, 0x43, 0x89, 0x43, 0x89, 0x43, 0x89, 0x43,
    0x89, 0x43, 0x89, 0x43, 0x89, 0x43, 0x89, 0x43, 0x89, 0x43, 0x89, 0x43, 0x89, 0x43, 0x89, 0x43, 0x89, 0x43, 0x89,
    0x43, 0x89, 0x43, 0x89, 0x43, 0x89, 0x43, 0x89, 0x43, 0x89, 0x43, 0x89, 0x43, 0x89, 0x43, 0x89, 0x43, 0x89, 0x43,
    0x89, 0x43, 0x89, 0x43, 0x89, 0x43, 0x89, 0x43, 0x89, 0x43, 0x89, 0x43, 0x89, 0x43, 0x89, 0x43, 0x89, 0x43, 0x89,
    0x43, 0x89, 0x43, 0x89, 0x43, 0x89, 0x43, 0x89, 0x43, 0x89, 0x43, 0x89, 0x43, 0x89, 0x43, 0x89, 0x43, 0x89, 0x43,
    0x89, 0x43, 0x89, 0x43, 0x89, 0x43, 0x89, 0x43, 0x89, 0x43, 0x89, 0x43, 0x89, 0x43, 0x89, 0x43, 0x89, 0x43, 0x89,
    0x43, 0x89, 0x43, 0x89, 0x43, 0x89, 0x43, 0x89, 0x43, 0x89, 0x43, 0x89, 0x43, 0x89, 0x43, 0x89, 0x43, 0x89, 0x43,
    0x89, 0x43, 0x89, 0x43, 0x89, 0x43, 0x89, 0x43, 0x89, 0x43, 0x89, 0x43, 0x89, 0x43, 0x89, 0x43, 0x89, 0x43, 0x89,
    0x43, 0x89, 0x43, 0x89, 0x43, 0x69, 0xFE, 0x69, 0xFE, 0x69, 0xFE, 0x69, 0xFE, 0x69, 0xFE, 0x69, 0xFE, 0x69, 0xFE,
    0x69, 0xFE, 0x69, 0xFE, 0x69, 0xFE, 0x69, 0xFE, 0x69, 0xFE, 0x69, 0xFE, 0x69, 0xFE, 0x69, 0xFE, 0x69, 0xFE, 0x69,
    0xFE, 0x69, 0xFE, 0x69, 0xFE, 0x69, 0xFE, 0x69, 0xFE, 0x69, 0xFE, 0x69, 0xFE, 0x69, 0xFE, 0x69, 0xFE, 0x69, 0xFE,
    0x69, 0xFE, 0x69, 0xFE, 0x69, 0xFE, 0x69, 0xFE, 0x69, 0xFE, 0x69, 0xFE, 0x69, 0xFE, 0x69, 0xFE, 0x69, 0xFE, 0x69,
    0xFE, 0x69, 0xFE, 0x69, 0xFE, 0x69, 0xFE, 0x69, 0xFE, 0x69, 0xFE, 0x69, 0xFE, 0x69, 0xFE, 0x69, 0xFE, 0x69, 0xFE,
    0x69, 0xFE, 0x69, 0xFE, 0x69, 0xFE, 0x69, 0xFE, 0x69, 0xFE, 0x69, 0xFE, 0x69, 0xFE, 0x69, 0xFE, 0x69, 0xFE, 0x69,
    0xFE, 0x69, 0xFE, 0x69, 0xFE, 0x69, 0xFE, 0x69, 0xFE, 0x69, 0xFE, 0x69, 0xFE, 0x69, 0xFE, 0x69, 0xFE, 0x69, 0xFE,
    0x69, 0xFE, 0x69, 0xFE, 0x69, 0xFE, 0x69, 0xFE, 0x69, 0xFE, 0x69, 0xFE, 0x69, 0xFE, 0x69, 0xFE, 0x69, 0xFE, 0x69,
    0xFE, 0x69, 0xFE, 0x69, 0xFE, 0x69, 0xFE, 0x69, 0xFE, 0x69, 0xFE, 0x69, 0xFE, 0x89, 0x43, 0x89, 0x43, 0x89, 0x43,
    0x89, 0x43, 0x89, 0x43, 0x89, 0x43, 0x89, 0x43, 0x89, 0x43, 0x89, 0x43, 0x89, 0x43, 0x89, 0x43, 0x89, 0x43, 0x89,
    0x43, 0x89, 0x43, 0x89, 0x43, 0x89, 0x43, 0x89, 0x43, 0x89, 0x43, 0x89, 0x43, 0x89, 0x43, 0x89, 0x43, 0x89, 0x43,
    0x89, 0x43, 0x89, 0x43, 0x89, 0x43, 0x89, 0x43, 0x89, 0x43, 0x89, 0x43, 0x89, 0x43, 0x89, 0x43, 0x89, 0x43, 0x89,
    0x43, 0x89, 0x43, 0x89, 0x43, 0x89, 0x43, 0x89, 0x43, 0x89, 0x43, 0x89, 0x43, 0x89, 0x43, 0x89, 0x43, 0x89, 0x43,
    0x89, 0x43, 0x89, 0x43, 0x89, 0x43, 0x89, 0x43, 0x89, 0x43, 0x89, 0x43, 0x89, 0x43, 0x89, 0x43, 0x89, 0x43, 0x89,
    0x43, 0x89, 0x43, 0x89, 0x43, 0x89, 0x43, 0x89, 0x43, 0x89, 0x43, 0x89, 0x43, 0x89, 0x43, 0x89, 0x43, 0x89, 0x43,
    0x89, 0x43, 0x89, 0x43, 0x89, 0x43, 0x89, 0x43, 0x89, 0x43, 0x89, 0x43, 0x89, 0x43, 0x89, 0x43, 0x89, 0x43, 0x89,
    0x43, 0x89, 0x43, 0x89, 0x43, 0x89, 0x43, 0x89, 0x43, 0x89, 0x43, 0x89, 0x43, 0x89, 0x43, 0x89, 0x43, 0x89, 0x43,
    0x89, 0x43, 0x89, 0x43, 0x89, 0x43, 0x89, 0x43, 0x89, 0x43, 0x89, 0x43, 0x89, 0x43, 0x89, 0x43, 0x89, 0x43, 0x89,
    0x43, 0x89, 0x43, 0x89, 0x43, 0x89, 0x43, 0x89, 0x43, 0x89, 0x43, 0x89, 0x43, 0x89, 0x43, 0x89, 0x43, 0x89, 0x43,
    0x89, 0x43, 0x89, 0x43, 0x89, 0x43, 0x89, 0x43, 0x89, 0x43, 0x89, 0x43, 0x89, 0x43, 0x89, 0x43, 0x89, 0x43, 0x89,
    0x43, 0x89, 0x43, 0x89, 0x43, 0x89, 0x43, 0x89, 0x43, 0x89, 0x43, 0x89, 0x43, 0x89, 0x43, 0x89, 0x43, 0x89, 0x43,
    0x89, 0x43, 0x89, 0x43, 0x89, 0x43, 0x89, 0x43, 0x89, 0x43, 0x89, 0x43, 0x89, 0x43, 0x89, 0x43, 0x89, 0x43, 0x89,
    0x43, 0x89, 0x43, 0x89, 0x43, 0x89, 0x43, 0x89, 0x43, 0x89, 0x43, 0x89, 0x43, 0x89, 0x43, 0x89, 0x43, 0x89, 0x43,
    0x89, 0x43, 0x89, 0x43, 0x89, 0x43, 0x89, 0x43, 0x89, 0x43, 0x89, 0x43, 0x89, 0x43, 0x89, 0x43, 0x89, 0x43, 0x89,
    0x43, 0x89, 0x43, 0x89, 0x43, 0x89, 0x43, 0x89, 0x43, 0x89, 0x43, 0x89, 0x43, 0x89, 0x43, 0x89, 0x43, 0x89, 0x43,
    0x89, 0x43, 0x89, 0x43, 0x89, 0x43, 0x89, 0x43, 0x89, 0x43, 0x69, 0xFE, 0x69, 0xFE, 0x69, 0xFE, 0x69, 0xFE, 0x69,
    0xFE, 0x69, 0xFE, 0x69, 0xFE, 0x69, 0xFE, 0x69, 0xFE, 0x69, 0xFE, 0x69, 0xFE, 0x69, 0xFE, 0x69, 0xFE, 0x69, 0xFE,
    0x69, 0xFE, 0x69, 0xFE, 0x69, 0xFE, 0x69, 0xFE, 0x69, 0xFE, 0x69, 0xFE, 0x69, 0xFE, 0x69, 0xFE, 0x69, 0xFE, 0x69,
    0xFE, 0x69, 0xFE, 0x69, 0xFE, 0x69, 0xFE, 0x69, 0xFE, 0x69, 0xFE, 0x69, 0xFE, 0x69, 0xFE, 0x69, 0xFE, 0x69, 0xFE,
    0x69, 0xFE, 0x69, 0xFE, 0x69, 0xFE, 0x69, 0xFE, 0x69, 0xFE, 0x69, 0xFE, 0x69, 0xFE, 0x69, 0xFE, 0x69, 0xFE, 0x69,
    0xFE, 0x69, 0xFE, 0x69, 0xFE, 0x69, 0xFE, 0x69, 0xFE, 0x69, 0xFE, 0x69, 0xFE, 0x69, 0xFE, 0x69, 0xFE, 0x69, 0xFE,
    0x69, 0xFE, 0x69, 0xFE, 0x69, 0xFE, 0x69, 0xFE, 0x69, 0xFE, 0x69, 0xFE, 0x69, 0xFE, 0x69, 0xFE, 0x69, 0xFE, 0x69,
    0xFE, 0x69, 0xFE, 0x69, 0xFE, 0x69, 0xFE, 0x69, 0xFE, 0x69, 0xFE, 0x69, 0xFE, 0x69, 0xFE, 0x69, 0xFE, 0x69, 0xFE,
    0x69, 0xFE, 0x69, 0xFE, 0x69, 0xFE, 0x69, 0xFE, 0x69, 0xFE, 0x69, 0xFE, 0x69, 0xFE, 0x69, 0xFE, 0x69, 0xFE, 0x89,
    0x43, 0x89, 0x43, 0x89, 0x43, 0x89, 0x43, 0x89, 0x43, 0x89, 0x43, 0x89, 0x43, 0x89, 0x43, 0x89, 0x43, 0x89, 0x43,
    0x89, 0x43, 0x89, 0x43, 0x89, 0x43, 0x89, 0x43, 0x89, 0x43, 0x89, 0x43, 0x89, 0x43, 0x89, 0x43, 0x89, 0x43, 0x89,
    0x43, 0x89, 0x43, 0x89, 0x43, 0x89, 0x43, 0x89, 0x43, 0x89, 0x43, 0x89, 0x43, 0x89, 0x43, 0x89, 0x43, 0x89, 0x43,
    0x89, 0x43, 0x89, 0x43, 0x89, 0x43, 0x89, 0x43, 0x89, 0x43, 0x89, 0x43, 0x89, 0x43, 0x89, 0x43, 0x89, 0x43, 0x89,
    0x43, 0x89, 0x43, 0x89, 0x43, 0x89, 0x43, 0x89, 0x43, 0x89, 0x43, 0x89, 0x43, 0x89, 0x43, 0x89, 0x43, 0x89, 0x43,
    0x89, 0x43, 0x89, 0x43, 0x89, 0x43, 0x89, 0x43, 0x89, 0x43, 0x89, 0x43, 0x89, 0x43, 0x89, 0x43, 0x89, 0x43, 0x89,
    0x43, 0x89, 0x43, 0x89, 0x43, 0x89, 0x43, 0x89, 0x43, 0x89, 0x43, 0x89, 0x43, 0x89, 0x43, 0x89, 0x43, 0x89, 0x43,
    0x89, 0x43, 0x89, 0x43, 0x89, 0x43, 0x89, 0x43, 0x89, 0x43, 0x89, 0x43, 0x89, 0x43, 0x89, 0x43, 0x89, 0x43, 0x89,
    0x43, 0x89, 0x43, 0x89, 0x43, 0x89, 0x43, 0x89, 0x43, 0x89, 0x43, 0x89, 0x43, 0x89, 0x43, 0x89, 0x43, 0x89, 0x43,
    0x89, 0x43, 0x89, 0x43, 0x89, 0x43, 0x89, 0x43, 0x89, 0x43, 0x89, 0x43, 0x89, 0x43, 0x89, 0x43, 0x89, 0x43, 0x89,
    0x43, 0x89, 0x43, 0x89, 0x43, 0x89, 0x43, 0x89, 0x43, 0x89, 0x43, 0x89, 0x43, 0x89, 0x43, 0x89, 0x43, 0x89, 0x43,
    0x89, 0x43, 0x89, 0x43, 0x89, 0x43, 0x89, 0x43, 0x89, 0x43, 0x89, 0x43, 0x89, 0x43, 0x89, 0x43, 0x89, 0x43, 0x89,
    0x43, 0x89, 0x43, 0x89, 0x43, 0x89, 0x43, 0x89, 0x43, 0x89, 0x43, 0x89, 0x43, 0x89, 0x43, 0x89, 0x43, 0x89, 0x43,
    0x89, 0x43, 0x89, 0x43, 0x89, 0x43, 0x89, 0x43, 0x89, 0x43, 0x89, 0x43, 0x89, 0x43, 0x89, 0x43, 0x89, 0x43, 0x89,
    0x43, 0x89, 0x43, 0x89, 0x43, 0x89, 0x43, 0x89, 0x43, 0x89, 0x43, 0x89, 0x43, 0x89, 0x43, 0x89, 0x43, 0x89, 0x43,
    0x89, 0x43, 0x89, 0x43, 0x89, 0x43, 0x89, 0x43, 0x89, 0x43, 0x89, 0x43, 0x89, 0x43, 0x89, 0x43, 0x89, 0x43, 0x89,
    0x43, 0x89, 0x43, 0x89, 0x43, 0x89, 0x43, 0x89, 0x43, 0x89, 0x43, 0x89, 0x43, 0x89, 0x43, 0x89, 0x43, 0x89, 0x43,
    0x89, 0x43, 0x89, 0x43, 0x89, 0x43, 0x89, 0x43, 0x89, 0x43, 0x89, 0x43, 0x89, 0x43, 0x89, 0x43, 0x69, 0xFE, 0x69,
    0xFE, 0x69, 0xFE, 0x69, 0xFE, 0x69, 0xFE, 0x69, 0xFE, 0x69, 0xFE, 0x69, 0xFE, 0x69, 0xFE, 0x69, 0xFE, 0x69, 0xFE,
    0x69, 0xFE, 0x69, 0xFE, 0x69, 0xFE, 0x69, 0xFE, 0x69, 0xFE, 0x69, 0xFE, 0x69, 0xFE, 0x69, 0xFE, 0x69, 0xFE, 0x69,
    0xFE, 0x69, 0xFE, 0x69, 0xFE, 0x69, 0xFE, 0x69, 0xFE, 0x69, 0xFE, 0x69, 0xFE, 0x69, 0xFE, 0x69, 0xFE, 0x69, 0xFE,
    0x69, 0xFE, 0x69, 0xFE, 0x69, 0xFE, 0x69, 0xFE, 0x69, 0xFE, 0x69, 0xFE, 0x69, 0xFE, 0x69, 0xFE, 0x69, 0xFE, 0x69,
    0xFE, 0x69, 0xFE, 0x69, 0xFE, 0x69, 0xFE, 0x69, 0xFE, 0x69, 0xFE, 0x69, 0xFE, 0x69, 0xFE, 0x69, 0xFE, 0x69, 0xFE,
    0x69, 0xFE, 0x69, 0xFE, 0x69, 0xFE, 0x69, 0xFE, 0x69, 0xFE, 0x69, 0xFE, 0x69, 0xFE, 0x69, 0xFE, 0x69, 0xFE, 0x69,
    0xFE, 0x69, 0xFE, 0x89, 0x43, 0x89, 0x43, 0x89, 0x43, 0x89, 0x43, 0x89, 0x43, 0x89, 0x43, 0x89, 0x43, 0x89, 0x43,
    0x89, 0x43, 0x89, 0x43, 0x89, 0x43, 0x89, 0x43, 0x89, 0x43, 0x89, 0x43, 0x89, 0x43, 0x89, 0x43, 0x89, 0x43, 0x89,
    0x43, 0x89, 0x43, 0x89, 0x43, 0x89, 0x43, 0x89, 0x43, 0x89, 0x43, 0x89, 0x43, 0x89, 0x43, 0x89, 0x43, 0x89, 0x43,
    0x89, 0x43, 0x89, 0x43, 0x89, 0x43, 0x89, 0x43, 0x89, 0x43, 0x89, 0x43, 0x89, 0x43, 0x89, 0x43, 0x89, 0x43, 0x89,
    0x43, 0x89, 0x43, 0x89, 0x43, 0x89, 0x43, 0x89, 0x43, 0x89, 0x43, 0x89, 0x43, 0x89, 0x43, 0x89, 0x43, 0x89, 0x43,
    0x89, 0x43, 0x89, 0x43, 0x89, 0x43, 0x89, 0x43, 0x89, 0x43, 0x89, 0x43, 0x89, 0x43, 0x89, 0x43, 0x89, 0x43, 0x89,
    0x43, 0x89, 0x43, 0x89, 0x43, 0x89, 0x43, 0x89, 0x43, 0x89, 0x43, 0x89, 0x43, 0x89, 0x43, 0x89, 0x43, 0x89, 0x43,
    0x89, 0x43, 0x89, 0x43, 0x89, 0x43, 0x89, 0x43, 0x89, 0x43, 0x89, 0x43, 0x89, 0x43, 0x89, 0x43, 0x89, 0x43, 0x89,
    0x43, 0x89, 0x43, 0x89, 0x43, 0x89, 0x43, 0x89, 0x43, 0x89, 0x43, 0x89, 0x43, 0x89, 0x43, 0x89, 0x43, 0x89, 0x43,
    0x89, 0x43, 0x89, 0x43, 0x89, 0x43, 0x89, 0x43, 0x89, 0x43, 0x89, 0x43, 0x89, 0x43, 0x89, 0x43, 0x89, 0x43, 0x89,
    0x43, 0x89, 0x43, 0x89, 0x43, 0x89, 0x43, 0x89, 0x43, 0x89, 0x43, 0x89, 0x43, 0x89, 0x43, 0x89, 0x43, 0x89, 0x43,
    0x89, 0x43, 0x89, 0x43, 0x89, 0x43, 0x89, 0x43, 0x89, 0x43, 0x89, 0x43, 0x89, 0x43, 0x89, 0x43, 0x89, 0x43, 0x89,
    0x43, 0x89, 0x43, 0x89, 0x43, 0x89, 0x43, 0x89, 0x43, 0x89, 0x43, 0x89, 0x43, 0x89, 0x43, 0x89, 0x43, 0x89, 0x43,
    0x89, 0x43, 0x89, 0x43, 0x89, 0x43, 0x89, 0x43, 0x89, 0x43, 0x89, 0x43, 0x89, 0x43, 0x89, 0x43, 0x89, 0x43, 0x89,
    0x43, 0x89, 0x43, 0x89, 0x43, 0x89, 0x43, 0x89, 0x43, 0x89, 0x43, 0x89, 0x43, 0x89, 0x43, 0x89, 0x43, 0x89, 0x43,
    0x89, 0x43, 0x89, 0x43, 0x89, 0x43, 0x89, 0x43, 0x89, 0x43, 0x89, 0x43, 0x89, 0x43, 0x89, 0x43, 0x89, 0x43, 0x89,
    0x43, 0x89, 0x43, 0x89, 0x43, 0x89, 0x43, 0x89, 0x43, 0x89, 0x43, 0x89, 0x43, 0x89, 0x43, 0x89, 0x43, 0x89, 0x43,
    0x89, 0x43, 0x89, 0x43, 0x89, 0x43, 0x89, 0x43, 0x89, 0x43, 0x89, 0x43, 0x89, 0x43, 0x89, 0x43, 0x89, 0x43, 0x89,
    0x43, 0x89, 0x43, 0x89, 0x43, 0x89, 0x43, 0x89, 0x43, 0x89, 0x43, 0x89, 0x43, 0x89, 0x43, 0x89, 0x43, 0x89, 0x43,
    0x89, 0x43, 0x69, 0xFE, 0x69, 0xFE, 0x69, 0xFE, 0x69, 0xFE, 0x69, 0xFE, 0x69, 0xFE, 0x69, 0xFE, 0x69, 0xFE, 0x69,
    0xFE, 0x69, 0xFE, 0x69, 0xFE, 0x69, 0xFE, 0x69, 0xFE, 0x69, 0xFE, 0x69, 0xFE, 0x69, 0xFE, 0x69, 0xFE, 0x69, 0xFE,
    0x69, 0xFE, 0x69, 0xFE, 0x69, 0xFE, 0x69, 0xFE, 0x69, 0xFE, 0x69, 0xFE, 0x69, 0xFE, 0x69, 0xFE, 0x69, 0xFE, 0x69,
    0xFE, 0x69, 0xFE, 0x69, 0xFE, 0x69, 0xFE, 0x69, 0xFE, 0x69, 0xFE, 0x69, 0xFE, 0x69, 0xFE, 0x69, 0xFE, 0x69, 0xFE,
    0x69, 0xFE, 0x69, 0xFE, 0x69, 0xFE, 0x69, 0xFE, 0x69, 0xFE, 0x69, 0xFE, 0x69, 0xFE, 0x69, 0xFE, 0x69, 0xFE, 0x69,
    0xFE, 0x69, 0xFE, 0x69, 0xFE, 0x69, 0xFE, 0x69, 0xFE, 0x69, 0xFE, 0x69, 0xFE, 0x69, 0xFE, 0x69, 0xFE, 0x69, 0xFE,
    0x69, 0xFE, 0x69, 0xFE, 0x69, 0xFE, 0x69, 0xFE, 0x89, 0x43, 0x89, 0x43, 0x89, 0x43, 0x89, 0x43, 0x89, 0x43, 0x89,
    0x43, 0x89, 0x43, 0x89, 0x43, 0x89, 0x43, 0x89, 0x43, 0x89, 0x43, 0x89, 0x43, 0x89, 0x43, 0x89, 0x43, 0x89, 0x43,
    0x89, 0x43, 0x89, 0x43, 0x89, 0x43, 0x89, 0x43, 0x89, 0x43, 0x89, 0x43, 0x89, 0x43, 0x89, 0x43, 0x89, 0x43, 0x89,
    0x43, 0x89, 0x43, 0x89, 0x43, 0x89, 0x43, 0x89, 0x43, 0x89, 0x43, 0x89, 0x43, 0x89, 0x43, 0x89, 0x43, 0x89, 0x43,
    0x89, 0x43, 0x89, 0x43, 0x89, 0x43, 0x89, 0x43, 0x89, 0x43, 0x89, 0x43, 0x89, 0x43, 0x89, 0x43, 0x89, 0x43, 0x89,
    0x43, 0x89, 0x43, 0x89, 0x43, 0x89, 0x43, 0x89, 0x43, 0x89, 0x43, 0x89, 0x43, 0x89, 0x43, 0x89, 0x43, 0x89, 0x43,
    0x89, 0x43, 0x89, 0x43, 0x89, 0x43, 0x89, 0x43, 0x89, 0x43, 0x89, 0x43, 0x89, 0x43, 0x89, 0x43, 0x89, 0x43, 0x89,
    0x43, 0x89, 0x43, 0x89, 0x43, 0x89, 0x43, 0x89, 0x43, 0x89, 0x43, 0x89, 0x43, 0x89, 0x43, 0x89, 0x43, 0x89, 0x43,
    0x89, 0x43, 0x89, 0x43, 0x89, 0x43, 0x89, 0x43, 0x89, 0x43, 0x89, 0x43, 0x89, 0x43, 0x89, 0x43, 0x89, 0x43, 0x89,
    0x43, 0x89, 0x43, 0x89, 0x43, 0x89, 0x43, 0x89, 0x43, 0x89, 0x43, 0x89, 0x43, 0x89, 0x43, 0x89, 0x43, 0x89, 0x43,
    0x89, 0x43, 0x89, 0x43, 0x89, 0x43, 0x89, 0x43, 0x89, 0x43, 0x89, 0x43, 0x89, 0x43, 0x89, 0x43, 0x89, 0x43, 0x89,
    0x43, 0x89, 0x43, 0x89, 0x43, 0x89, 0x43, 0x89, 0x43, 0x89, 0x43, 0x89, 0x43, 0x89, 0x43, 0x89, 0x43, 0x89, 0x43,
    0x89, 0x43, 0x89, 0x43, 0x89, 0x43, 0x89, 0x43, 0x89, 0x43, 0x89, 0x43, 0x89, 0x43, 0x89, 0x43, 0x89, 0x43, 0x89,
    0x43, 0x89, 0x43, 0x89, 0x43, 0x89, 0x43, 0x89, 0x43, 0x89, 0x43, 0x89, 0x43, 0x89, 0x43, 0x89, 0x43, 0x89, 0x43,
    0x89, 0x43, 0x89, 0x43, 0x89, 0x43, 0x89, 0x43, 0x89, 0x43, 0x89, 0x43, 0x89, 0x43, 0x89, 0x43, 0x89, 0x43, 0x89,
    0x43, 0x89, 0x43, 0x89, 0x43, 0x89, 0x43, 0x89, 0x43, 0x89, 0x43, 0x89, 0x43, 0x89, 0x43, 0x89, 0x43, 0x89, 0x43,
    0x89, 0x43, 0x89, 0x43, 0x89, 0x43, 0x89, 0x43, 0x89, 0x43, 0x89, 0x43, 0x89, 0x43, 0x89, 0x43, 0x89, 0x43, 0x89,
    0x43, 0x89, 0x43, 0x89, 0x43, 0x89, 0x43, 0x89, 0x43, 0x89, 0x43, 0x89, 0x43, 0x89, 0x43, 0x89, 0x43, 0x89, 0x43,
    0x89, 0x43, 0x89, 0x43, 0x89, 0x43, 0x89, 0x43, 0x89, 0x43, 0x89, 0x43, 0x89, 0x43, 0x89, 0x43, 0x89, 0x43, 0x89,
    0x43, 0x89, 0x43, 0x89, 0x43, 0x89, 0x43, 0x69, 0xFE, 0x69, 0xFE, 0x69, 0xFE, 0x69, 0xFE, 0x69, 0xFE, 0x69, 0xFE,
    0x69, 0xFE, 0x69, 0xFE, 0x69, 0xFE, 0x69, 0xFE, 0x69, 0xFE, 0x69, 0xFE, 0x69, 0xFE, 0x69, 0xFE, 0x69, 0xFE, 0x69,
    0xFE, 0x69, 0xFE, 0x69, 0xFE, 0x69, 0xFE, 0x69, 0xFE, 0x69, 0xFE, 0x69, 0xFE, 0x69, 0xFE, 0x69, 0xFE, 0x69, 0xFE,
    0x69, 0xFE, 0x69, 0xFE, 0x69, 0xFE, 0x69, 0xFE, 0x69, 0xFE, 0x69, 0xFE, 0x69, 0xFE, 0x69, 0xFE, 0x69, 0xFE, 0x69,
    0xFE, 0x69, 0xFE, 0x69, 0xFE, 0x69, 0xFE, 0x69, 0xFE, 0x69, 0xFE, 0x69, 0xFE, 0x69, 0xFE, 0x69, 0xFE, 0x69, 0xFE,
    0x69, 0xFE, 0x69, 0xFE, 0x69, 0xFE, 0x69, 0xFE, 0x69, 0xFE, 0x69, 0xFE, 0x69, 0xFE, 0x69, 0xFE, 0x69, 0xFE, 0x69,
    0xFE, 0x69, 0xFE, 0x69, 0xFE, 0x69, 0xFE, 0x69, 0xFE, 0x69, 0xFE, 0x69, 0xFE, 0x89, 0x43, 0x89, 0x43, 0x89, 0x43,
    0x89, 0x43, 0x89, 0x43, 0x89, 0x43, 0x89, 0x43, 0x89, 0x43, 0x89, 0x43, 0x89, 0x43, 0x89, 0x43, 0x89, 0x43, 0x89,
    0x43, 0x89, 0x43, 0x89, 0x43, 0x89, 0x43, 0x89, 0x43, 0x89, 0x43, 0x89, 0x43, 0x89, 0x43, 0x89, 0x43, 0x89, 0x43,
    0x89, 0x43, 0x89, 0x43, 0x89, 0x43, 0x89, 0x43, 0x89, 0x43, 0x89, 0x43, 0x89, 0x43, 0x89, 0x43, 0x89, 0x43, 0x89,
    0x43, 0x89, 0x43, 0x89, 0x43, 0x89, 0x43, 0x89, 0x43, 0x89, 0x43, 0x89, 0x43, 0x89, 0x43, 0x89, 0x43, 0x89, 0x43,
    0x89, 0x43, 0x89, 0x43, 0x89, 0x43, 0x89, 0x43, 0x89, 0x43, 0x89, 0x43, 0x89, 0x43, 0x89, 0x43, 0x89, 0x43, 0x89,
    0x43, 0x89, 0x43, 0x89, 0x43, 0x89, 0x43, 0x89, 0x43, 0x89, 0x43, 0x89, 0x43, 0x89, 0x43, 0x89, 0x43, 0x89, 0x43,
    0x89, 0x43, 0x89, 0x43, 0x89, 0x43, 0x89, 0x43, 0x89, 0x43, 0x89, 0x43, 0x89, 0x43, 0x89, 0x43, 0x89, 0x43, 0x89,
    0x43, 0x89, 0x43, 0x89, 0x43, 0x89, 0x43, 0x89, 0x43, 0x89, 0x43, 0x89, 0x43, 0x89, 0x43, 0x89, 0x43, 0x89, 0x43,
    0x89, 0x43, 0x89, 0x43, 0x89, 0x43, 0x89, 0x43, 0x89, 0x43, 0x89, 0x43, 0x89, 0x43, 0x89, 0x43, 0x89, 0x43, 0x89,
    0x43, 0x89, 0x43,
};

const brick_image_asset_t brick_sweat_smile_240 = { 240, 240,    BRICK_IMAGE_FORMAT_RGB565_LE,
                                                    2,   115200, brick_sweat_smile_240_data };
